Workbook

Sheet 1.0SASA
A1: List of District and Taluka in Gujarat state
A2: Sr. No. | B2: District | C2: Sr. No. | D2: Taluka | E2: Gross Crop Area 2016-17 (in Hectares) | F2: Gross Crop Area 2017-18 (in Hectares) | G2: Gross Crop Area 2018-19 (in Hectares)
A3: 1 | B3: Kachchh | C3: 1 | D3: Lakhapat | E3: 22682 | F3: 21032 | G3: 21032
C4: 2 | D4: Rapar | E4: 174644 | F4: 194934 | G4: 67656
C5: 3 | D5: Bhachau | E5: 111111 | F5: 127520 | G5: 102044
C6: 4 | D6: Anjar | E6: 82467 | F6: 78802 | G6: 58328
C7: 5 | D7: Bhuj | E7: 103270 | F7: 93569 | G7: 78272
C8: 6 | D8: Nakhatrana | E8: 69524 | F8: 67528 | G8: 55626
C9: 7 | D9: Abdasa | E9: 114126 | F9: 106646 | G9: 27093
C10: 8 | D10: Mandvi | E10: 79264 | F10: 72705 | G10: 61584
C11: 9 | D11: Mundra | E11: 45111 | F11: 41931 | G11: 21175
C12: 10 | D12: Gandhidham | E12: 3192 | F12: 4719 | G12: 1200
A13: District Total Area | E13: =SUM(E3:E12) -> 805391 | F13: =SUM(F3:F12) -> 809386 | G13: =SUM(G3:G12) -> 494010
A14: 2 | B14: Banaskantha | C14: 1 | D14: Vav | E14: 85996 | F14: 101664 | G14: 62788
C15: 2 | D15: Tharad | E15: 198431 | F15: 193187 | G15: 175991
C16: 3 | D16: Dhanera | E16: 112226 | F16: 126084 | G16: 128484
C17: 4 | D17: Dantiwada | E17: 58340 | F17: 61342 | G17: 52275
C18: 5 | D18: Amirgadh | E18: 30996 | F18: 28814 | G18: 27693
C19: 6 | D19: Danta | E19: 42911 | F19: 38253 | G19: 32466
C20: 7 | D20: Vadgam | E20: 51422 | F20: 59894 | G20: 53928
C21: 8 | D21: Palanpur | E21: 112634 | F21: 125217 | G21: 109607
C22: 9 | D22: Deesa | E22: 181334 | F22: 187821 | G22: 211026
C23: 10 | D23: Deodar | E23: 74672 | F23: 75007 | G23: 79771
C24: 11 | D24: Bhabhar | E24: 65649 | F24: 59263 | G24: 64844
C25: 12 | D25: Kankrej | E25: 127213 | F25: 114719 | G25: 122477
C26: 13 | D26: Lakhani | E26: 89591 | F26: 75129 | G26: 97119
C27: 14 | D27: Suigam | E27: 47156 | F27: 32114 | G27: 22367
A28: District Total Area | E28: =SUM(E14:E27) -> 1278571 | F28: =SUM(F14:F27) -> 1278508 | G28: =SUM(G14:G27) -> 1240836
A29: 3 | B29: Patan | C29: 1 | D29: Santalpur | E29: 89989 | F29: 103445 | G29: 102847
C30: 2 | D30: Radhanpur | E30: 55949 | F30: 63649 | G30: 32721
C31: 3 | D31: Sidhpur | E31: 41623 | F31: 43927 | G31: 42008
C32: 4 | D32: Patan | E32: 50103 | F32: 50696 | G32: 53311
C33: 5 | D33: Harij | E33: 48218 | F33: 48699 | G33: 41028
C34: 6 | D34: Sami | E34: 64529 | F34: 81583 | G34: 49014
C35: 7 | D35: Chanasma | E35: 46377 | F35: 45408 | G35: 44738
C36: 8 | D36: Shankheshwar | E36: 52884 | F36: 52166 | G36: 50204
C37: 9 | D37: Saraswati | E37: 55764 | F37: 54291 | G37: 55462
A38: District Total Area | E38: =SUM(E29:E37) -> 505436 | F38: =SUM(F29:F37) -> 543864 | G38: =SUM(G29:G37) -> 471333
A39: 4 | B39: Mehsana | C39: 1 | D39: Satlasana | E39: 37097 | F39: 35983 | G39: 31655
C40: 2 | D40: Kheralu | E40: 44208 | F40: 46829 | G40: 45145
C41: 3 | D41: Unjha | E41: 30004 | F41: 27151 | G41: 26818
C42: 4 | D42: Visnagar | E42: 57535 | F42: 53782 | G42: 57932
C43: 5 | D43: Vadnagar | E43: 48915 | F43: 45623 | G43: 40353
C44: 6 | D44: Vijapur | E44: 56164 | F44: 61989 | G44: 55532
C45: 7 | D45: Mahesana | E45: 82552 | F45: 78682 | G45: 75551
C46: 8 | D46: Becharaji | E46: 55879 | F46: 52170 | G46: 43973
C47: 9 | D47: Kadi | E47: 84597 | F47: 87273 | G47: 74422
C48: 10 | D48: Jotana | E48: 28388 | F48: 28112 | G48: 21437
A49: District Total Area | E49: =SUM(E39:E48) -> 525339 | F49: =SUM(F39:F48) -> 517594 | G49: =SUM(G39:G48) -> 472818
A50: 5 | B50: Sabarkantha | C50: 1 | D50: Khedbrahma | E50: 35305 | F50: 36599 | G50: 34911
C51: 2 | D51: Vijaynagar | E51: 21734 | F51: 20425 | G51: 22149
C52: 3 | D52: Vadali | E52: 35756 | F52: 38408 | G52: 39018
C53: 4 | D53: Idar | E53: 84769 | F53: 87626 | G53: 84719
C54: 5 | D54: Himatnagar | E54: 87094 | F54: 88608 | G54: 91249
C55: 6 | D55: Prantij | E55: 41208 | F55: 47114 | G55: 43211
C56: 7 | D56: Talod | E56: 30896 | F56: 41301 | G56: 41609
C57: 8 | D57: Poshina | E57: 21847 | F57: 13501 | G57: 13013
A58: District Total Area | E58: =SUM(E50:E57) -> 358609 | F58: =SUM(F50:F57) -> 373582 | G58: =SUM(G50:G57) -> 369879
A59: 6 | B59: Arvalli | C59: 1 | D59: Bhiloda | E59: 43937 | F59: 48916 | G59: 47663
C60: 2 | D60: Meghraj | E60: 54914 | F60: 53554 | G60: 51698
C61: 3 | D61: Modasa | E61: 64147 | F61: 62352 | G61: 65391
C62: 4 | D62: Dhansura | E62: 42800 | F62: 42698 | G62: 41581
C63: 5 | D63: Malpur | E63: 41955 | F63: 42290 | G63: 37240
C64: 6 | D64: Bayad | E64: 79590 | F64: 75986 | G64: 64072
A65: District Total Area | E65: =SUM(E59:E64) -> 327343 | F65: =SUM(F59:F64) -> 325796 | G65: =SUM(G59:G64) -> 307645
A66: 7 | B66: Gandhinagar | C66: 1 | D66: Kalol | E66: 57524 | F66: 53086 | G66: 54390
C67: 2 | D67: Mansa | E67: 56003 | F67: 58650 | G67: 52556
C68: 3 | D68: Gandhinagar | E68: 68585 | F68: 62003 | G68: 64538
C69: 4 | D69: Dehgam | E69: 62058 | F69: 74707 | G69: 70195
A70: District Total Area | E70: =SUM(E66:E69) -> 244170 | F70: =SUM(F66:F69) -> 248446 | G70: =SUM(G66:G69) -> 241679
A71: 8 | B71: Ahmedabad | C71: 1 | D71: Mandal | E71: 48144 | F71: 46951 | G71: 51208
C72: 2 | D72: Detroj-Rampura | E72: 38514 | F72: 34672 | G72: 35901
C73: 3 | D73: Viramgam | E73: 88033 | F73: 83683 | G73: 91866
C74: 4 | D74: Sanand | E74: 94770 | F74: 84250 | G74: 76213
C75: 5 | D75: Ahmadabad-City | E75: 0 | F75: 0 | G75: 0
C76: 6 | D76: Daskroi | E76: 62820 | F76: 69363 | G76: 55418
C77: 7 | D77: Dholka | E77: 103733 | F77: 119122 | G77: 115699
C78: 8 | D78: Bavla | E78: 70812 | F78: 73302 | G78: 67149
C79: 9 | D79: Dhandhuka | E79: 62703 | F79: 88821 | G79: 74328
C80: 10 | D80: Dholera | E80: 61572 | F80: 69402 | G80: 73145
A81: District Total Area | E81: =SUM(E71:E80) -> 631101 | F81: =SUM(F71:F80) -> 669566 | G81: =SUM(G71:G80) -> 640927
A82: 9 | B82: Surendranagar | C82: 1 | D82: Dhrangadhra | E82: 173282 | F82: 161596 | G82: 159700
C83: 2 | D83: Dasada | E83: 135107 | F83: 108097 | G83: 137249
C84: 3 | D84: Lakhtar | E84: 81611 | F84: 71978 | G84: 68629
C85: 4 | D85: Wadhwan | E85: 71045 | F85: 66639 | G85: 65576
C86: 5 | D86: Muli | E86: 62921 | F86: 76311 | G86: 87551
C87: 6 | D87: Chotila | E87: 47658 | F87: 55718 | G87: 48058
C88: 7 | D88: Sayla | E88: 47512 | F88: 56396 | G88: 55655
C89: 8 | D89: Chuda | E89: 48352 | F89: 48210 | G89: 49845
C90: 9 | D90: Limbdi | E90: 94903 | F90: 91988 | G90: 89725
C91: 10 | D91: Thangadh | E91: 15801 | F91: 18763 | G91: 16513
A92: District Total Area | E92: =SUM(E82:E91) -> 778192 | F92: =SUM(F82:F91) -> 755696 | G92: =SUM(G82:G91) -> 778501
A93: 10 | B93: Morbi | C93: 1 | D93: Morbi | E93: 103051 | F93: 105842 | G93: 105728
C94: 2 | D94: Maliya | E94: 53396 | F94: 61178 | G94: 53500
C95: 3 | D95: Tankara | E95: 45662 | F95: 47914 | G95: 45768
C96: 4 | D96: Wankaner | E96: 61117 | F96: 62668 | G96: 69590
C97: 5 | D97: Halvad | E97: 123005 | F97: 139247 | G97: 122948
A98: District Total Area | E98: =SUM(E93:E97) -> 386231 | F98: =SUM(F93:F97) -> 416849 | G98: =SUM(G93:G97) -> 397534
A99: 11 | B99: Rajkot | C99: 1 | D99: Rajkot | E99: 65454 | F99: 85912 | G99: 66093
C100: 2 | D100: Paddhari | E100: 41207 | F100: 58746 | G100: 43021
...

Sheet 1.0WS
A1: WORKING SHEET OF PLAN OF WORK UNDER ICS SCHEME FOR THE CROP AREA ENUMERATION 1.0
A2: STATE: GUJARAT | K2: YEAR: 2026-27
A3: REGION | B3: SRO | C3: DISTT. | D3: Stratum | E3: TEHSIL | F3: AREA IN HECTARE | I3: AVG | J3: PLAN | K3: ADJ
F4: 2016-17 | G4: 2017-18 | H4: 2018-19
A5: AHMEDABAD | B5: S.Nagar | C5: Kutch | D5: 1 | E5: Abdasa | F5: 114126 | G5: 106646 | H5: 27093 | I5: =IF(AND(F5="NA",G5="NA",H5="NA"),0,ROUND(AVERAGE(F5:H5),0)) -> 82622 | J5: =ROUND(I5*340/I$299,2) -> 2.2 | K5: =IF(J5>=2,ROUND(J5,0),IF(J5>1.1,2,"")) -> 2
D6: 2 | E6: Lakhapat | F6: 22682 | G6: 21032 | H6: 21032 | I6: =IF(AND(F6="NA",G6="NA",H6="NA"),0,ROUND(AVERAGE(F6:H6),0)) -> 21582 | J6: =ROUND(I6*340/I$299,2) -> 0.57 | K6: =IF(J6>=2,ROUND(J6,0),IF(J6>1.1,2,""))
E7: Nakhatrana | F7: 69524 | G7: 67528 | H7: 55626 | I7: =IF(AND(F7="NA",G7="NA",H7="NA"),0,ROUND(AVERAGE(F7:H7),0)) -> 64226 | J7: =ROUND(I7*340/I$299,2) -> 1.71 | K7: =IF(J7>=2,ROUND(J7,0),IF(J7>1.1,2,"")) -> 2
D8: 3 | E8: Bhuj | F8: 103270 | G8: 93569 | H8: 78272 | I8: =IF(AND(F8="NA",G8="NA",H8="NA"),0,ROUND(AVERAGE(F8:H8),0)) -> 91704 | J8: =ROUND(I8*340/I$299,2) -> 2.44 | K8: =IF(J8>=2,ROUND(J8,0),IF(J8>1.1,2,"")) -> 2
D9: 4 | E9: Mundra | F9: 45111 | G9: 41931 | H9: 21175 | I9: =IF(AND(F9="NA",G9="NA",H9="NA"),0,ROUND(AVERAGE(F9:H9),0)) -> 36072 | J9: =ROUND(I9*340/I$299,2) -> 0.96 | K9: =IF(J9>=2,ROUND(J9,0),IF(J9>1.1,2,""))
E10: Mandvi | F10: 79264 | G10: 72705 | H10: 61584 | I10: =IF(AND(F10="NA",G10="NA",H10="NA"),0,ROUND(AVERAGE(F10:H10),0)) -> 71184 | J10: =ROUND(I10*340/I$299,2) -> 1.9 | K10: =IF(J10>=2,ROUND(J10,0),IF(J10>1.1,2,"")) -> 2
D11: 5 | E11: Anjar | F11: 82467 | G11: 78802 | H11: 58328 | I11: =IF(AND(F11="NA",G11="NA",H11="NA"),0,ROUND(AVERAGE(F11:H11),0)) -> 73199 | J11: =ROUND(I11*340/I$299,2) -> 1.95 | K11: =IF(J11>=2,ROUND(J11,0),IF(J11>1.1,2,"")) -> 2
D12: 6 | E12: Gandhidham | F12: 3192 | G12: 4719 | H12: 1200 | I12: =IF(AND(F12="NA",G12="NA",H12="NA"),0,ROUND(AVERAGE(F12:H12),0)) -> 3037 | J12: =ROUND(I12*340/I$299,2) -> 0.08 | K12: =IF(J12>=2,ROUND(J12,0),IF(J12>1.1,2,""))
E13: Bhachau | F13: 111111 | G13: 127520 | H13: 102044 | I13: =IF(AND(F13="NA",G13="NA",H13="NA"),0,ROUND(AVERAGE(F13:H13),0)) -> 113558 | J13: =ROUND(I13*340/I$299,2) -> 3.03 | K13: =IF(J13>=2,ROUND(J13,0),IF(J13>1.1,2,"")) -> 3
D14: 7 | E14: Rapar | F14: 174644 | G14: 194934 | H14: 67656 | I14: =IF(AND(F14="NA",G14="NA",H14="NA"),0,ROUND(AVERAGE(F14:H14),0)) -> 145745 | J14: =ROUND(I14*340/I$299,2) -> 3.88 | K14: =IF(J14>=2,ROUND(J14,0),IF(J14>1.1,2,"")) -> 4
E15: DISTRICT TOTAL | F15: =SUM(F5:F14) -> 805391 | G15: =SUM(G5:G14) -> 809386 | H15: =SUM(H5:H14) -> 494010 | I15: =SUM(I5:I14) -> 702929 | J15: =SUM(J5:J14) -> 18.72 | K15: =SUM(K5:K14) -> 17
C16: S.Nagar | D16: 1 | E16: Dhrangadhra | F16: 173282 | G16: 161596 | H16: 159700 | I16: =IF(AND(F16="NA",G16="NA",H16="NA"),0,ROUND(AVERAGE(F16:H16),0)) -> 164859 | J16: =ROUND(I16*340/I$299,2) -> 4.39 | K16: 3
D17: 2 | E17: Dasada | F17: 135107 | G17: 108097 | H17: 137249 | I17: =IF(AND(F17="NA",G17="NA",H17="NA"),0,ROUND(AVERAGE(F17:H17),0)) -> 126818 | J17: =ROUND(I17*340/I$299,2) -> 3.38 | K17: =IF(J17>=2,ROUND(J17,0),IF(J17>1.1,2,"")) -> 3
D18: 3 | E18: Lakhtar | F18: 81611 | G18: 71978 | H18: 68629 | I18: =IF(AND(F18="NA",G18="NA",H18="NA"),0,ROUND(AVERAGE(F18:H18),0)) -> 74073 | J18: =ROUND(I18*340/I$299,2) -> 1.97 | K18: =IF(J18>=2,ROUND(J18,0),IF(J18>1.1,2,"")) -> 2
D19: 4 | E19: Wadhwan | F19: 71045 | G19: 66639 | H19: 65576 | I19: =IF(AND(F19="NA",G19="NA",H19="NA"),0,ROUND(AVERAGE(F19:H19),0)) -> 67753 | J19: =ROUND(I19*340/I$299,2) -> 1.8 | K19: =IF(J19>=2,ROUND(J19,0),IF(J19>1.1,2,"")) -> 2
D20: 5 | E20: Limbdi | F20: 94903 | G20: 91988 | H20: 89725 | I20: =IF(AND(F20="NA",G20="NA",H20="NA"),0,ROUND(AVERAGE(F20:H20),0)) -> 92205 | J20: =ROUND(I20*340/I$299,2) -> 2.46 | K20: =IF(J20>=2,ROUND(J20,0),IF(J20>1.1,2,"")) -> 2
D21: 6 | E21: Muli | F21: 62921 | G21: 76311 | H21: 87551 | I21: =IF(AND(F21="NA",G21="NA",H21="NA"),0,ROUND(AVERAGE(F21:H21),0)) -> 75594 | J21: =ROUND(I21*340/I$299,2) -> 2.01 | K21: =IF(J21>=2,ROUND(J21,0),IF(J21>1.1,2,"")) -> 2
D22: 7 | E22: Sayla | F22: 47512 | G22: 56396 | H22: 55655 | I22: =IF(AND(F22="NA",G22="NA",H22="NA"),0,ROUND(AVERAGE(F22:H22),0)) -> 53188 | J22: =ROUND(I22*340/I$299,2) -> 1.42 | K22: =IF(J22>=2,ROUND(J22,0),IF(J22>1.1,2,"")) -> 2
D23: 8 | E23: Chotila | F23: 47658 | G23: 55718 | H23: 48058 | I23: =IF(AND(F23="NA",G23="NA",H23="NA"),0,ROUND(AVERAGE(F23:H23),0)) -> 50478 | J23: =ROUND(I23*340/I$299,2) -> 1.34 | K23: =IF(J23>=2,ROUND(J23,0),IF(J23>1.1,2,"")) -> 2
D24: 9 | E24: Chuda | F24: 48352 | G24: 48210 | H24: 49845 | I24: =IF(AND(F24="NA",G24="NA",H24="NA"),0,ROUND(AVERAGE(F24:H24),0)) -> 48802 | J24: =ROUND(I24*340/I$299,2) -> 1.3 | K24: =IF(J24>=2,ROUND(J24,0),IF(J24>1.1,2,"")) -> 2
E25: Thangadh | F25: 15801 | G25: 18763 | H25: 16513 | I25: =IF(AND(F25="NA",G25="NA",H25="NA"),0,ROUND(AVERAGE(F25:H25),0)) -> 17026 | J25: =ROUND(I25*340/I$299,2) -> 0.45 | K25: =IF(J25>=2,ROUND(J25,0),IF(J25>1.1,2,""))
E26: DISTRICT TOTAL | F26: =SUM(F16:F25) -> 778192 | G26: =SUM(G16:G25) -> 755696 | H26: =SUM(H16:H25) -> 778501 | I26: =SUM(I16:I25) -> 770796 | J26: =SUM(J16:J25) -> 20.52 | K26: =SUM(K16:K25) -> 20
E27: SRO TOTAL | F27: =SUM(F15,F26) -> 1583583 | G27: =SUM(G15,G26) -> 1565082 | H27: =SUM(H15,H26) -> 1272511 | I27: =SUM(I15,I26) -> 1473725 | J27: =SUM(J15,J26) -> 39.24 | K27: =SUM(K15,K26) -> 37
B28: Ahmedabad | C28: Gandhinagar | D28: 1 | E28: Mansa | F28: 56003 | G28: 58650 | H28: 52556 | I28: =IF(AND(F28="NA",G28="NA",H28="NA"),0,ROUND(AVERAGE(F28:H28),0)) -> 55736 | J28: =ROUND(I28*340/I$299,2) -> 1.48 | K28: =IF(J28>=2,ROUND(J28,0),IF(J28>1.1,2,"")) -> 2
D29: 2 | E29: Gandhinagar | F29: 68585 | G29: 62003 | H29: 64538 | I29: =IF(AND(F29="NA",G29="NA",H29="NA"),0,ROUND(AVERAGE(F29:H29),0)) -> 65042 | J29: =ROUND(I29*340/I$299,2) -> 1.73 | K29: =IF(J29>=2,ROUND(J29,0),IF(J29>1.1,2,"")) -> 2
D30: 3 | E30: Dehgam | F30: 62058 | G30: 74707 | H30: 70195 | I30: =IF(AND(F30="NA",G30="NA",H30="NA"),0,ROUND(AVERAGE(F30:H30),0)) -> 68987 | J30: =ROUND(I30*340/I$299,2) -> 1.84 | K30: =IF(J30>=2,ROUND(J30,0),IF(J30>1.1,2,"")) -> 2
D31: 4 | E31: Kalol | F31: 57524 | G31: 53086 | H31: 54390 | I31: =IF(AND(F31="NA",G31="NA",H31="NA"),0,ROUND(AVERAGE(F31:H31),0)) -> 55000 | J31: =ROUND(I31*340/I$299,2) -> 1.47 | K31: =IF(J31>=2,ROUND(J31,0),IF(J31>1.1,2,"")) -> 2
E32: DISTRICT TOTAL | F32: =SUM(F28:F31) -> 244170 | G32: =SUM(G28:G31) -> 248446 | H32: =SUM(H28:H31) -> 241679 | I32: =SUM(I28:I31) -> 244765 | J32: =SUM(J28:J31) -> 6.52 | K32: =SUM(K28:K31) -> 8
C33: Ahmedabad | D33: 1 | E33: Mandal | F33: 48144 | G33: 46951 | H33: 51208 | I33: =IF(AND(F33="NA",G33="NA",H33="NA"),0,ROUND(AVERAGE(F33:H33),0)) -> 48768 | J33: =ROUND(I33*340/I$299,2) -> 1.3 | K33: =IF(J33>=2,ROUND(J33,0),IF(J33>1.1,2,"")) -> 2
E34: Detroj-Rampura | F34: 38514 | G34: 34672 | H34: 35901 | I34: =IF(AND(F34="NA",G34="NA",H34="NA"),0,ROUND(AVERAGE(F34:H34),0)) -> 36362 | J34: =ROUND(I34*340/I$299,2) -> 0.97 | K34: =IF(J34>=2,ROUND(J34,0),IF(J34>1.1,2,""))
D35: 2 | E35: Viramgam | F35: 88033 | G35: 83683 | H35: 91866 | I35: =IF(AND(F35="NA",G35="NA",H35="NA"),0,ROUND(AVERAGE(F35:H35),0)) -> 87861 | J35: =ROUND(I35*340/I$299,2) -> 2.34 | K35: =IF(J35>=2,ROUND(J35,0),IF(J35>1.1,2,"")) -> 2
D36: 3 | E36: Sanand | F36: 94770 | G36: 84250 | H36: 76213 | I36: =IF(AND(F36="NA",G36="NA",H36="NA"),0,ROUND(AVERAGE(F36:H36),0)) -> 85078 | J36: =ROUND(I36*340/I$299,2) -> 2.27 | K36: =IF(J36>=2,ROUND(J36,0),IF(J36>1.1,2,"")) -> 2
D37: 4 | E37: Bavla | F37: 70812 | G37: 73302 | H37: 67149 | I37: =IF(AND(F37="NA",G37="NA",H37="NA"),0,ROUND(AVERAGE(F37:H37),0)) -> 70421 | J37: =ROUND(I37*340/I$299,2) -> 1.88 | K37: =IF(J37>=2,ROUND(J37,0),IF(J37>1.1,2,"")) -> 2
D38: 5 | E38: Daskroi | F38: 62820 | G38: 69363 | H38: 55418 | I38: =IF(AND(F38="NA",G38="NA",H38="NA"),0,ROUND(AVERAGE(F38:H38),0)) -> 62534 | J38: =ROUND(I38*340/I$299,2) -> 1.67 | K38: =IF(J38>=2,ROUND(J38,0),IF(J38>1.1,2,"")) -> 2
D39: 6 | E39: Dholka | F39: 103733 | G39: 119122 | H39: 115699 | I39: =IF(AND(F39="NA",G39="NA",H39="NA"),0,ROUND(AVERAGE(F39:H39),0)) -> 112851 | J39: =ROUND(I39*340/I$299,2) -> 3.01 | K39: 2
D40: 7 | E40: Dhandhuka | F40: 62703 | G40: 88821 | H40: 74328 | I40: =IF(AND(F40="NA",G40="NA",H40="NA"),0,ROUND(AVERAGE(F40:H40),0)) -> 75284 | J40: =ROUND(I40*340/I$299,2) -> 2.01 | K40: =IF(J40>=2,ROUND(J40,0),IF(J40>1.1,2,"")) -> 2
D41: 8 | E41: Dholera | F41: 61572 | G41: 69402 | H41: 73145 | I41: =IF(AND(F41="NA",G41="NA",H41="NA"),0,ROUND(AVERAGE(F41:H41),0)) -> 68040 | J41: =ROUND(I41*340/I$299,2) -> 1.81 | K41: =IF(J41>=2,ROUND(J41,0),IF(J41>1.1,2,"")) -> 2
E42: DISTRICT TOTAL | F42: =SUM(F33:F41) -> 631101 | G42: =SUM(G33:G41) -> 669566 | H42: =SUM(H33:H41) -> 640927 | I42: =SUM(I33:I41) -> 647199 | J42: =SUM(J33:J41) -> 17.26 | K42: =SUM(K33:K41) -> 16
E43: SRO TOTAL | F43: =SUM(F32,F42) -> 875271 | G43: =SUM(G32,G42) -> 918012 | H43: =SUM(H32,H42) -> 882606 | I43: =SUM(I32,I42) -> 891964 | J43: =SUM(J32,J42) -> 23.78 | K43: =SUM(K32,K42) -> 24
B44: Rajkot | C44: Rajkot | D44: 1 | E44: Rajkot | F44: 65454 | G44: 85912 | H44: 66093 | I44: =IF(AND(F44="NA",G44="NA",H44="NA"),0,ROUND(AVERAGE(F44:H44),0)) -> 72486 | J44: =ROUND(I44*340/I$299,2) -> 1.93 | K44: =IF(J44>=2,ROUND(J44,0),IF(J44>1.1,2,"")) -> 2
D45: 2 | E45: Paddhari | F45: 41207 | G45: 58746 | H45: 43021 | I45: =IF(AND(F45="NA",G45="NA",H45="NA"),0,ROUND(AVERAGE(F45:H45),0)) -> 47658 | J45: =ROUND(I45*340/I$299,2) -> 1.27 | K45: =IF(J45>=2,ROUND(J45,0),IF(J45>1.1,2,"")) -> 2
E46: Lodhika | F46: 26740 | G46: 26371 | H46: 24925 | I46: =IF(AND(F46="NA",G46="NA",H46="NA"),0,ROUND(AVERAGE(F46:H46),0)) -> 26012 | J46: =ROUND(I46*340/I$299,2) -> 0.69 | K46: =IF(J46>=2,ROUND(J46,0),IF(J46>1.1,2,""))
D47: 3 | E47: Kotda sangani | F47: 35870 | G47: 39745 | H47: 33186 | I47: =IF(AND(F47="NA",G47="NA",H47="NA"),0,ROUND(AVERAGE(F47:H47),0)) -> 36267 | J47: =ROUND(I47*340/I$299,2) -> 0.97 | K47: =IF(J47>=2,ROUND(J47,0),IF(J47>1.1,2,""))
E48: Jasdan | F48: 64094 | G48: 80766 | H48: 64751 | I48: =IF(AND(F48="NA",G48="NA",H48="NA"),0,ROUND(AVERAGE(F48:H48),0)) -> 69870 | J48: =ROUND(I48*340/I$299,2) -> 1.86 | K48: =IF(J48>=2,ROUND(J48,0),IF(J48>1.1,2,"")) -> 2
D49: 4 | E49: Gondal | F49: 94420 | G49: 105428 | H49: 96212 | I49: =IF(AND(F49="NA",G49="NA",H49="NA"),0,ROUND(AVERAGE(F49:H49),0)) -> 98687 | J49: =ROUND(I49*340/I$299,2) -> 2.63 | K49: 2
D50: 5 | E50: Jetpur | F50: 54709 | G50: 60241 | H50: 53293 | I50: =IF(AND(F50="NA",G50="NA",H50="NA"),0,ROUND(AVERAGE(F50:H50),0)) -> 56081 | J50: =ROUND(I50*340/I$299,2) -> 1.49 | K50: =IF(J50>=2,ROUND(J50,0),IF(J50>1.1,2,"")) -> 2
D51: 6 | E51: Dhoraji | F51: 45395 | G51: 49195 | H51: 46216 | I51: =IF(AND(F51="NA",G51="NA",H51="NA"),0,ROUND(AVERAGE(F51:H51),0)) -> 46935 | J51: =ROUND(I51*340/I$299,2) -> 1.25 | K51: =IF(J51>=2,ROUND(J51,0),IF(J51>1.1,2,"")) -> 2
D52: 7 | E52: Jamkandorna | F52: 42892 | G52: 45831 | H52: 43042 | I52: =IF(AND(F52="NA",G52="NA",H52="NA"),0,ROUND(AVERAGE(F52:H52),0)) -> 43922 | J52: =ROUND(I52*340/I$299,2) -> 1.17 | K52: =IF(J52>=2,ROUND(J52,0),IF(J52>1.1,2,"")) -> 2
E53: Vinchhiya | F53: 35328 | G53: 34669 | H53: 34068 | I53: =IF(AND(F53="NA",G53="NA",H53="NA"),0,ROUND(AVERAGE(F53:H53),0)) -> 34688 | J53: =ROUND(I53*340/I$299,2) -> 0.92 | K53: =IF(J53>=2,ROUND(J53,0),IF(J53>1.1,2,""))
D54: 8 | E54: Upleta | F54: 71593 | G54: 67564 | H54: 61042 | I54: =IF(AND(F54="NA",G54="NA",H54="NA"),0,ROUND(AVERAGE(F54:H54),0)) -> 66733 | J54: =ROUND(I54*340/I$299,2) -> 1.78 | K54: =IF(J54>=2,ROUND(J54,0),IF(J54>1.1,2,"")) -> 2
E55: DISTRICT TOTAL | F55: =SUM(F44:F54) -> 577702 | G55: =SUM(G44:G54) -> 654468 | H55: =SUM(H44:H54) -> 565849 | I55: =SUM(I44:I54) -> 599339 | J55: =SUM(J44:J54) -> 15.96 | K55: =SUM(K44:K54) -> 16
C56: Morbi | D56: 1 | E56: Morbi | F56: 103051 | G56: 105842 | H56: 105728 | I56: =IF(AND(F56="NA",G56="NA",H56="NA"),0,ROUND(AVERAGE(F56:H56),0)) -> 104874 | J56: =ROUND(I56*340/I$299,2) -> 2.79 | K56: 2
D57: 2 | E57: Maliya | F57: 53396 | G57: 61178 | H57: 53500 | I57: =IF(AND(F57="NA",G57="NA",H57="NA"),0,ROUND(AVERAGE(F57:H57),0)) -> 56025 | J57: =ROUND(I57*340/I$299,2) -> 1.49 | K57: =IF(J57>=2,ROUND(J57,0),IF(J57>1.1,2,"")) -> 2
D58: 3 | E58: Tankara | F58: 45662 | G58: 47914 | H58: 45768 | I58: =IF(AND(F58="NA",G58="NA",H58="NA"),0,ROUND(AVERAGE(F58:H58),0)) -> 46448 | J58: =ROUND(I58*340/I$299,2) -> 1.24 | K58: =IF(J58>=2,ROUND(J58,0),IF(J58>1.1,2,"")) -> 2
D59: 4 | E59: Wankaner | F59: 61117 | G59: 62668 | H59: 69590 | I59: =IF(AND(F59="NA",G59="NA",H59="NA"),0,ROUND(AVERAGE(F59:H59),0)) -> 64458 | J59: =ROUND(I59*340/I$299,2) -> 1.72 | K59: =IF(J59>=2,ROUND(J59,0),IF(J59>1.1,2,"")) -> 2
D60: 5 | E60: Halvad | F60: 123005 | G60: 139247 | H60: 122948 | I60: =IF(AND(F60="NA",G60="NA",H60="NA"),0,ROUND(AVERAGE(F60:H60),0)) -> 128400 | J60: =ROUND(I60*340/I$299,2) -> 3.42 | K60: =IF(J60>=2,ROUND(J60,0),IF(J60>1.1,2,"")) -> 3
E61: DISTRICT TOTAL | F61: =SUM(F56:F60) -> 386231 | G61: =SUM(G56:G60) -> 416849 | H61: =SUM(H56:H60) -> 397534 | I61: =SUM(I56:I60) -> 400205 | J61: =SUM(J56:J60) -> 10.66 | K61: =SUM(K56:K60) -> 11
C62: Junagadh | D62: 1 | E62: Manavadar | F62: 64809 | G62: 59835 | H62: 54154 | I62: =IF(AND(F62="NA",G62="NA",H62="NA"),0,ROUND(AVERAGE(F62:H62),0)) -> 59599 | J62: =ROUND(I62*340/I$299,2) -> 1.59 | K62: =IF(J62>=2,ROUND(J62,0),IF(J62>1.1,2,"")) -> 2
D63: 2 | E63: Vanthali | F63: 45845 | G63: 45121 | H63: 41289 | I63: =IF(AND(F63="NA",G63="NA",H63="NA"),0,ROUND(AVERAGE(F63:H63),0)) -> 44085 | J63: =ROUND(I63*340/I$299,2) -> 1.17
E64: Junagadh + City | F64: 41768 | G64: 46314 | H64: 45272 | I64: =IF(AND(F64="NA",G64="NA",H64="NA"),0,ROUND(AVERAGE(F64:H64),0)) -> 44451 | J64: =ROUND(I64*340/I$299,2) -> 1.18 | K64: =IF(J64>=2,ROUND(J64,0),IF(J64>1.1,2,"")) -> 2
D65: 3 | E65: Bhesan | F65: 35605 | G65: 37077 | H65: 37573 | I65: =IF(AND(F65="NA",G65="NA",H65="NA"),0,ROUND(AVERAGE(F65:H65),0)) -> 36752 | J65: =ROUND(I65*340/I$299,2) -> 0.98 | K65: =IF(J65>=2,ROUND(J65,0),IF(J65>1.1,2,""))
E66: Visavadar | F66: 64570 | G66: 62506 | H66: 79805 | I66: =IF(AND(F66="NA",G66="NA",H66="NA"),0,ROUND(AVERAGE(F66:H66),0)) -> 68960 | J66: =ROUND(I66*340/I$299,2) -> 1.84 | K66: =IF(J66>=2,ROUND(J66,0),IF(J66>1.1,2,"")) -> 2
D67: 4 | E67: Mendarda | F67: 56552 | G67: 53996 | H67: 32546 | I67: =IF(AND(F67="NA",G67="NA",H67="NA"),0,ROUND(AVERAGE(F67:H67),0)) -> 47698 | J67: =ROUND(I67*340/I$299,2) -> 1.27 | K67: =IF(J67>=2,ROUND(J67,0),IF(J67>1.1,2,"")) -> 2
D68: 5 | E68: Keshod | F68: 78454 | G68: 76186 | H68: 64725 | I68: =IF(AND(F68="NA",G68="NA",H68="NA"),0,ROUND(AVERAGE(F68:H68),0)) -> 73122 | J68: =ROUND(I68*340/I$299,2) -> 1.95 | K68: =IF(J68>=2,ROUND(J68,0),IF(J68>1.1,2,"")) -> 2
D69: 6 | E69: Mangrol | F69: 59618 | G69: 62744 | H69: 60212 | I69: =IF(AND(F69="NA",G69="NA",H69="NA"),0,ROUND(AVERAGE(F69:H69),0)) -> 60858 | J69: =ROUND(I69*340/I$299,2) -> 1.62 | K69: =IF(J69>=2,ROUND(J69,0),IF(J69>1.1,2,"")) -> 2
D70: 7 | E70: Malia | F70: 70180 | G70: 71222 | H70: 63235 | I70: =IF(AND(F70="NA",G70="NA",H70="NA"),0,ROUND(AVERAGE(F70:H70),0)) -> 68212 | J70: =ROUND(I70*340/I$299,2) -> 1.82 | K70: =IF(J70>=2,ROUND(J70,0),IF(J70>1.1,2,"")) -> 2
E71: DISTRICT TOTAL | F71: =SUM(F62:F70) -> 517401 | G71: =SUM(G62:G70) -> 515001 | H71: =SUM(H62:H70) -> 478811 | I71: =SUM(I62:I70) -> 503737 | J71: =SUM(J62:J70) -> 13.42 | K71: =SUM(K62:K70) -> 14
C72: Gir Somnath | D72: 1 | E72: Talala | F72: 41680 | G72: 46728 | H72: 43075 | I72: =IF(AND(F72="NA",G72="NA",H72="NA"),0,ROUND(AVERAGE(F72:H72),0)) -> 43828 | J72: =ROUND(I72*340/I$299,2) -> 1.17
E73: Veraval | F73: 42495 | G73: 54080 | H73: 47082 | I73: =IF(AND(F73="NA",G73="NA",H73="NA"),0,ROUND(AVERAGE(F73:H73),0)) -> 47886 | J73: =ROUND(I73*340/I$299,2) -> 1.28 | K73: =IF(J73>=2,ROUND(J73,0),IF(J73>1.1,2,"")) -> 2
E74: Sutrapada | F74: 40864 | G74: 43814 | H74: 40140 | I74: =IF(AND(F74="NA",G74="NA",H74="NA"),0,ROUND(AVERAGE(F74:H74),0)) -> 41606 | J74: =ROUND(I74*340/I$299,2) -> 1.11
D75: 2 | E75: Kodinar | F75: 70424 | G75: 63917 | H75: 51335 | I75: =IF(AND(F75="NA",G75="NA",H75="NA"),0,ROUND(AVERAGE(F75:H75),0)) -> 61892 | J75: =ROUND(I75*340/I$299,2) -> 1.65 | K75: =IF(J75>=2,ROUND(J75,0),IF(J75>1.1,2,"")) -> 2
D76: 3 | E76: Una | F76: 66497 | G76: 55714 | H76: 49213 | I76: =IF(AND(F76="NA",G76="NA",H76="NA"),0,ROUND(AVERAGE(F76:H76),0)) -> 57141 | J76: =ROUND(I76*340/I$299,2) -> 1.52 | K76: =IF(J76>=2,ROUND(J76,0),IF(J76>1.1,2,"")) -> 2
D77: 4 | E77: Girgadhada | F77: 57491 | G77: 64515 | H77: 47763 | I77: =IF(AND(F77="NA",G77="NA",H77="NA"),0,ROUND(AVERAGE(F77:H77),0)) -> 56590 | J77: =ROUND(I77*340/I$299,2) -> 1.51 | K77: =IF(J77>=2,ROUND(J77,0),IF(J77>1.1,2,"")) -> 2
E78: DISTRICT TOTAL | F78: =SUM(F72:F77) -> 319451 | G78: =SUM(G72:G77) -> 328768 | H78: =SUM(H72:H77) -> 278608 | I78: =SUM(I72:I77) -> 308943 | J78: =SUM(J72:J77) -> 8.24 | K78: =SUM(K72:K77) -> 8
E79: SRO TOTAL | F79: =SUM(F55,F61,F71,F78) -> 1800785 | G79: =SUM(G55,G61,G71,G78) -> 1915086 | H79: =SUM(H55,H61,H71,H78) -> 1720802 | I79: =SUM(I55,I61,I71,I78) -> 1812224 | J79: =SUM(J55,J61,J71,J78) -> 48.28 | K79: =SUM(K55,K61,K71,K78) -> 49
B80: Jamnagar | C80: Jamnagar | D80: 1 | E80: Jodia | F80: 55230 | G80: 52909 | H80: 37018 | I80: =IF(AND(F80="NA",G80="NA",H80="NA"),0,ROUND(AVERAGE(F80:H80),0)) -> 48386 | J80: =ROUND(I80*340/I$299,2) -> 1.29 | K80: =IF(J80>=2,ROUND(J80,0),IF(J80>1.1,2,"")) -> 2
E81: Dhrol | F81: 43275 | G81: 41887 | H81: 40313 | I81: =IF(AND(F81="NA",G81="NA",H81="NA"),0,ROUND(AVERAGE(F81:H81),0)) -> 41825 | J81: =ROUND(I81*340/I$299,2) -> 1.11
D82: 2 | E82: Jamnagar | F82: 86140 | G82: 77031 | H82: 76413 | I82: =IF(AND(F82="NA",G82="NA",H82="NA"),0,ROUND(AVERAGE(F82:H82),0)) -> 79861 | J82: =ROUND(I82*340/I$299,2) -> 2.13 | K82: =IF(J82>=2,ROUND(J82,0),IF(J82>1.1,2,"")) -> 2
D83: 3 | E83: Kalawad | F83: 90206 | G83: 86430 | H83: 86114 | I83: =IF(AND(F83="NA",G83="NA",H83="NA"),0,ROUND(AVERAGE(F83:H83),0)) -> 87583 | J83: =ROUND(I83*340/I$299,2) -> 2.33 | K83: =IF(J83>=2,ROUND(J83,0),IF(J83>1.1,2,"")) -> 2
D84: 4 | E84: Jamjodhpur | F84: 69768 | G84: 67544 | H84: 57303 | I84: =IF(AND(F84="NA",G84="NA",H84="NA"),0,ROUND(AVERAGE(F84:H84),0)) -> 64872 | J84: =ROUND(I84*340/I$299,2) -> 1.73 | K84: =IF(J84>=2,ROUND(J84,0),IF(J84>1.1,2,"")) -> 2
D85: 5 | E85: Lalpur | F85: 66415 | G85: 63810 | H85: 61149 | I85: =IF(AND(F85="NA",G85="NA",H85="NA"),0,ROUND(AVERAGE(F85:H85),0)) -> 63791 | J85: =ROUND(I85*340/I$299,2) -> 1.7 | K85: =IF(J85>=2,ROUND(J85,0),IF(J85>1.1,2,"")) -> 2
E86: DISTRICT TOTAL | F86: =SUM(F80:F85) -> 411034 | G86: =SUM(G80:G85) -> 389611 | H86: =SUM(H80:H85) -> 358310 | I86: =SUM(I80:I85) -> 386318 | J86: =SUM(J80:J85) -> 10.29 | K86: =SUM(K80:K85) -> 10
C87: Devbhumi Dwarka | D87: 1 | E87: Okhamandal | F87: 31898 | G87: 34398 | H87: 31374 | I87: =IF(AND(F87="NA",G87="NA",H87="NA"),0,ROUND(AVERAGE(F87:H87),0)) -> 32557 | J87: =ROUND(I87*340/I$299,2) -> 0.87 | K87: =IF(J87>=2,ROUND(J87,0),IF(J87>1.1,2,""))
E88: Khambhalia | F88: 69172 | G88: 77865 | H88: 73716 | I88: =IF(AND(F88="NA",G88="NA",H88="NA"),0,ROUND(AVERAGE(F88:H88),0)) -> 73584 | J88: =ROUND(I88*340/I$299,2) -> 1.96 | K88: =IF(J88>=2,ROUND(J88,0),IF(J88>1.1,2,"")) -> 2
D89: 2 | E89: Kalyanpur | F89: 90042 | G89: 112375 | H89: 85302 | I89: =IF(AND(F89="NA",G89="NA",H89="NA"),0,ROUND(AVERAGE(F89:H89),0)) -> 95906 | J89: =ROUND(I89*340/I$299,2) -> 2.55 | K89: =IF(J89>=2,ROUND(J89,0),IF(J89>1.1,2,"")) -> 3
D90: 3 | E90: Bhanvad | F90: 44024 | G90: 49388 | H90: 42721 | I90: =IF(AND(F90="NA",G90="NA",H90="NA"),0,ROUND(AVERAGE(F90:H90),0)) -> 45378 | J90: =ROUND(I90*340/I$299,2) -> 1.21 | K90: =IF(J90>=2,ROUND(J90,0),IF(J90>1.1,2,"")) -> 2
E91: DISTRICT TOTAL | F91: =SUM(F87:F90) -> 235136 | G91: =SUM(G87:G90) -> 274026 | H91: =SUM(H87:H90) -> 233113 | I91: =SUM(I87:I90) -> 247425 | J91: =SUM(J87:J90) -> 6.59 | K91: =SUM(K87:K90) -> 7
C92: Porbandar | D92: 1 | E92: Ranavav | F92: 31298 | G92: 37137 | H92: 27823 | I92: =IF(AND(F92="NA",G92="NA",H92="NA"),0,ROUND(AVERAGE(F92:H92),0)) -> 32086 | J92: =ROUND(I92*340/I$299,2) -> 0.85 | K92: =IF(J92>=2,ROUND(J92,0),IF(J92>1.1,2,""))
E93: Kutiyana | F93: 48701 | G93: 49205 | H93: 46930 | I93: =IF(AND(F93="NA",G93="NA",H93="NA"),0,ROUND(AVERAGE(F93:H93),0)) -> 48279 | J93: =ROUND(I93*340/I$299,2) -> 1.29 | K93: =IF(J93>=2,ROUND(J93,0),IF(J93>1.1,2,"")) -> 2
D94: 2 | E94: Porbandar | F94: 107145 | G94: 116693 | H94: 69665 | I94: =IF(AND(F94="NA",G94="NA",H94="NA"),0,ROUND(AVERAGE(F94:H94),0)) -> 97834 | J94: =ROUND(I94*340/I$299,2) -> 2.61 | K94: =IF(J94>=2,ROUND(J94,0),IF(J94>1.1,2,"")) -> 3
E95: DISTRICT TOTAL | F95: =SUM(F92:F94) -> 187144 | G95: =SUM(G92:G94) -> 203035 | H95: =SUM(H92:H94) -> 144418 | I95: =SUM(I92:I94) -> 178199 | J95: =SUM(J92:J94) -> 4.75 | K95: =SUM(K92:K94) -> 5
E96: SRO TOTAL | F96: =SUM(F86,F91,F95) -> 833314 | G96: =SUM(G86,G91,G95) -> 866672 | H96: =SUM(H86,H91,H95) -> 735841 | I96: =SUM(I86,I91,I95) -> 811942 | J96: =SUM(J86,J91,J95) -> 21.63 | K96: =SUM(K86,K91,K95) -> 22
B97: Bhavnagar | C97: Amreli | D97: 1 | E97: Kunkavav | F97: 50186 | G97: 48471 | H97: 48985 | I97: =IF(AND(F97="NA",G97="NA",H97="NA"),0,ROUND(AVERAGE(F97:H97),0)) -> 49214 | J97: =ROUND(I97*340/I$299,2) -> 1.31 | K97: =IF(J97>=2,ROUND(J97,0),IF(J97>1.1,2,"")) -> 2
D98: 2 | E98: Babra | F98: 61432 | G98: 61050 | H98: 58272 | I98: =IF(AND(F98="NA",G98="NA",H98="NA"),0,ROUND(AVERAGE(F98:H98),0)) -> 60251 | J98: =ROUND(I98*340/I$299,2) -> 1.6 | K98: =IF(J98>=2,ROUND(J98,0),IF(J98>1.1,2,"")) -> 2
D99: 3 | E99: Lathi | F99: 56023 | G99: 51067 | H99: 53528 | I99: =IF(AND(F99="NA",G99="NA",H99="NA"),0,ROUND(AVERAGE(F99:H99),0)) -> 53539 | J99: =ROUND(I99*340/I$299,2) -> 1.43 | K99: =IF(J99>=2,ROUND(J99,0),IF(J99>1.1,2,"")) -> 2
E100: Liliya | F100: 32878 | G100: 31004 | H100: 34126 | I100: =IF(AND(F100="NA",G100="NA",H100="NA"),0,ROUND(AVERAGE(F100:H100),0)) -> 32669 | J100: =ROUND(I100*340/I$299,2) -> 0.87 | K100: =IF(J100>=2,ROUND(J100,0),IF(J100>1.1,2,""))
...

Sheet 1.0WP
A1: Plan of Work for undertaking Sample Check on Area Enumeration (A.S.1.0) and Aggregation of area (A.S.1.1) under ICS scheme
A3: ='1.0WS'!A2 -> STATE: GUJARAT | D3: Season : Kharif, Rabi & Summer | G3: ='1.0WS'!K2 -> YEAR: 2026-27
A5: Region | B5: SRO | C5: District | D5: District Code | E5: Stratum | F5: Tehsil | G5: No. of Vill. | H5: No. of Sample Villages for each season
H6: Central | I6: State*
A7: Ahmedabad | B7: S.Nagar | C7: Kutch | D7: 01 | E7: =IF('1.0WS'!D5="","",'1.0WS'!D5) -> 1 | F7: ='1.0WS'!E5 -> Abdasa | G7: =IF('1.0WS'!K5="","",'1.0WS'!K5) -> 2
E8: =IF('1.0WS'!D6="","",'1.0WS'!D6) -> 2 | F8: ='1.0WS'!E6 -> Lakhapat | G8: =IF('1.0WS'!K6="","",'1.0WS'!K6)
E9: =IF('1.0WS'!D7="","",'1.0WS'!D7) | F9: ='1.0WS'!E7 -> Nakhatrana | G9: =IF('1.0WS'!K7="","",'1.0WS'!K7) -> 2
E10: =IF('1.0WS'!D8="","",'1.0WS'!D8) -> 3 | F10: ='1.0WS'!E8 -> Bhuj | G10: =IF('1.0WS'!K8="","",'1.0WS'!K8) -> 2
E11: =IF('1.0WS'!D9="","",'1.0WS'!D9) -> 4 | F11: ='1.0WS'!E9 -> Mundra | G11: =IF('1.0WS'!K9="","",'1.0WS'!K9)
E12: =IF('1.0WS'!D10="","",'1.0WS'!D10) | F12: ='1.0WS'!E10 -> Mandvi | G12: =IF('1.0WS'!K10="","",'1.0WS'!K10) -> 2
E13: =IF('1.0WS'!D11="","",'1.0WS'!D11) -> 5 | F13: ='1.0WS'!E11 -> Anjar | G13: =IF('1.0WS'!K11="","",'1.0WS'!K11) -> 2
E14: =IF('1.0WS'!D12="","",'1.0WS'!D12) -> 6 | F14: ='1.0WS'!E12 -> Gandhidham | G14: =IF('1.0WS'!K12="","",'1.0WS'!K12)
E15: =IF('1.0WS'!D13="","",'1.0WS'!D13) | F15: ='1.0WS'!E13 -> Bhachau | G15: =IF('1.0WS'!K13="","",'1.0WS'!K13) -> 3
E16: =IF('1.0WS'!D14="","",'1.0WS'!D14) -> 7 | F16: ='1.0WS'!E14 -> Rapar | G16: =IF('1.0WS'!K14="","",'1.0WS'!K14) -> 4
E17: DISTRICT TOTAL | H17: =SUM(H7:H16) -> 0 | I17: =SUM(I7:I16) -> 0
C18: S.Nagar | D18: 08 | E18: =IF('1.0WS'!D16="","",'1.0WS'!D16) -> 1 | F18: ='1.0WS'!E16 -> Dhrangadhra | G18: =IF('1.0WS'!K16="","",'1.0WS'!K16) -> 3
E19: =IF('1.0WS'!D17="","",'1.0WS'!D17) -> 2 | F19: ='1.0WS'!E17 -> Dasada | G19: =IF('1.0WS'!K17="","",'1.0WS'!K17) -> 3
E20: =IF('1.0WS'!D18="","",'1.0WS'!D18) -> 3 | F20: ='1.0WS'!E18 -> Lakhtar | G20: =IF('1.0WS'!K18="","",'1.0WS'!K18) -> 2
E21: =IF('1.0WS'!D19="","",'1.0WS'!D19) -> 4 | F21: ='1.0WS'!E19 -> Wadhwan | G21: =IF('1.0WS'!K19="","",'1.0WS'!K19) -> 2
E22: =IF('1.0WS'!D20="","",'1.0WS'!D20) -> 5 | F22: ='1.0WS'!E20 -> Limbdi | G22: =IF('1.0WS'!K20="","",'1.0WS'!K20) -> 2
E23: =IF('1.0WS'!D21="","",'1.0WS'!D21) -> 6 | F23: ='1.0WS'!E21 -> Muli | G23: =IF('1.0WS'!K21="","",'1.0WS'!K21) -> 2
E24: =IF('1.0WS'!D22="","",'1.0WS'!D22) -> 7 | F24: ='1.0WS'!E22 -> Sayla | G24: =IF('1.0WS'!K22="","",'1.0WS'!K22) -> 2
E25: =IF('1.0WS'!D23="","",'1.0WS'!D23) -> 8 | F25: ='1.0WS'!E23 -> Chotila | G25: =IF('1.0WS'!K23="","",'1.0WS'!K23) -> 2
E26: =IF('1.0WS'!D24="","",'1.0WS'!D24) -> 9 | F26: ='1.0WS'!E24 -> Chuda | G26: =IF('1.0WS'!K24="","",'1.0WS'!K24) -> 2
E27: =IF('1.0WS'!D25="","",'1.0WS'!D25) | F27: ='1.0WS'!E25 -> Thangadh | G27: =IF('1.0WS'!K25="","",'1.0WS'!K25)
E28: DISTRICT TOTAL | H28: =SUM(H18:H27) -> 0 | I28: =SUM(I18:I27) -> 0
C29: SRO TOTAL | H29: =SUM(H17,H28) -> 0 | I29: =SUM(I17,I28) -> 0
B30: Ahmedabad | C30: Gandhinagar | D30: 06 | E30: =IF('1.0WS'!D28="","",'1.0WS'!D28) -> 1 | F30: ='1.0WS'!E28 -> Mansa | G30: =IF('1.0WS'!K28="","",'1.0WS'!K28) -> 2
E31: =IF('1.0WS'!D29="","",'1.0WS'!D29) -> 2 | F31: ='1.0WS'!E29 -> Gandhinagar | G31: =IF('1.0WS'!K29="","",'1.0WS'!K29) -> 2
E32: =IF('1.0WS'!D30="","",'1.0WS'!D30) -> 3 | F32: ='1.0WS'!E30 -> Dehgam | G32: =IF('1.0WS'!K30="","",'1.0WS'!K30) -> 2
E33: =IF('1.0WS'!D31="","",'1.0WS'!D31) -> 4 | F33: ='1.0WS'!E31 -> Kalol | G33: =IF('1.0WS'!K31="","",'1.0WS'!K31) -> 2
E34: DISTRICT TOTAL | H34: =SUM(H30:H33) -> 0 | I34: =SUM(I30:I33) -> 0
C35: Ahmedabad | D35: 07 | E35: =IF('1.0WS'!D33="","",'1.0WS'!D33) -> 1 | F35: ='1.0WS'!E33 -> Mandal | G35: =IF('1.0WS'!K33="","",'1.0WS'!K33) -> 2
E36: =IF('1.0WS'!D34="","",'1.0WS'!D34) | F36: ='1.0WS'!E34 -> Detroj-Rampura | G36: =IF('1.0WS'!K34="","",'1.0WS'!K34)
E37: =IF('1.0WS'!D35="","",'1.0WS'!D35) -> 2 | F37: ='1.0WS'!E35 -> Viramgam | G37: =IF('1.0WS'!K35="","",'1.0WS'!K35) -> 2
E38: =IF('1.0WS'!D36="","",'1.0WS'!D36) -> 3 | F38: ='1.0WS'!E36 -> Sanand | G38: =IF('1.0WS'!K36="","",'1.0WS'!K36) -> 2
E39: =IF('1.0WS'!D37="","",'1.0WS'!D37) -> 4 | F39: ='1.0WS'!E37 -> Bavla | G39: =IF('1.0WS'!K37="","",'1.0WS'!K37) -> 2
E40: =IF('1.0WS'!D38="","",'1.0WS'!D38) -> 5 | F40: ='1.0WS'!E38 -> Daskroi | G40: =IF('1.0WS'!K38="","",'1.0WS'!K38) -> 2
E41: =IF('1.0WS'!D39="","",'1.0WS'!D39) -> 6 | F41: ='1.0WS'!E39 -> Dholka | G41: =IF('1.0WS'!K39="","",'1.0WS'!K39) -> 2
E42: =IF('1.0WS'!D40="","",'1.0WS'!D40) -> 7 | F42: ='1.0WS'!E40 -> Dhandhuka | G42: =IF('1.0WS'!K40="","",'1.0WS'!K40) -> 2
E43: =IF('1.0WS'!D41="","",'1.0WS'!D41) -> 8 | F43: ='1.0WS'!E41 -> Dholera | G43: =IF('1.0WS'!K41="","",'1.0WS'!K41) -> 2
E44: DISTRICT TOTAL | H44: =SUM(H35:H43) -> 0 | I44: =SUM(I35:I43) -> 0
C45: SRO TOTAL | H45: =SUM(H34,H44) -> 0 | I45: =SUM(I34,I44) -> 0
B46: Rajkot | C46: Rajkot | D46: 09 | E46: =IF('1.0WS'!D44="","",'1.0WS'!D44) -> 1 | F46: ='1.0WS'!E44 -> Rajkot | G46: =IF('1.0WS'!K44="","",'1.0WS'!K44) -> 2
E47: =IF('1.0WS'!D45="","",'1.0WS'!D45) -> 2 | F47: ='1.0WS'!E45 -> Paddhari | G47: =IF('1.0WS'!K45="","",'1.0WS'!K45) -> 2
E48: =IF('1.0WS'!D46="","",'1.0WS'!D46) | F48: ='1.0WS'!E46 -> Lodhika | G48: =IF('1.0WS'!K46="","",'1.0WS'!K46)
E49: =IF('1.0WS'!D47="","",'1.0WS'!D47) -> 3 | F49: ='1.0WS'!E47 -> Kotda sangani | G49: =IF('1.0WS'!K47="","",'1.0WS'!K47)
E50: =IF('1.0WS'!D48="","",'1.0WS'!D48) | F50: ='1.0WS'!E48 -> Jasdan | G50: =IF('1.0WS'!K48="","",'1.0WS'!K48) -> 2
E51: =IF('1.0WS'!D49="","",'1.0WS'!D49) -> 4 | F51: ='1.0WS'!E49 -> Gondal | G51: =IF('1.0WS'!K49="","",'1.0WS'!K49) -> 2
E52: =IF('1.0WS'!D50="","",'1.0WS'!D50) -> 5 | F52: ='1.0WS'!E50 -> Jetpur | G52: =IF('1.0WS'!K50="","",'1.0WS'!K50) -> 2
E53: =IF('1.0WS'!D51="","",'1.0WS'!D51) -> 6 | F53: ='1.0WS'!E51 -> Dhoraji | G53: =IF('1.0WS'!K51="","",'1.0WS'!K51) -> 2
E54: =IF('1.0WS'!D52="","",'1.0WS'!D52) -> 7 | F54: ='1.0WS'!E52 -> Jamkandorna | G54: =IF('1.0WS'!K52="","",'1.0WS'!K52) -> 2
E55: =IF('1.0WS'!D53="","",'1.0WS'!D53) | F55: ='1.0WS'!E53 -> Vinchhiya | G55: =IF('1.0WS'!K53="","",'1.0WS'!K53)
E56: =IF('1.0WS'!D54="","",'1.0WS'!D54) -> 8 | F56: ='1.0WS'!E54 -> Upleta | G56: =IF('1.0WS'!K54="","",'1.0WS'!K54) -> 2
E57: DISTRICT TOTAL | H57: =SUM(H46:H56) -> 0 | I57: =SUM(I46:I56) -> 0
C58: Morbi | D58: 33 | E58: =IF('1.0WS'!D56="","",'1.0WS'!D56) -> 1 | F58: ='1.0WS'!E56 -> Morbi | G58: =IF('1.0WS'!K56="","",'1.0WS'!K56) -> 2
E59: =IF('1.0WS'!D57="","",'1.0WS'!D57) -> 2 | F59: ='1.0WS'!E57 -> Maliya | G59: =IF('1.0WS'!K57="","",'1.0WS'!K57) -> 2
E60: =IF('1.0WS'!D58="","",'1.0WS'!D58) -> 3 | F60: ='1.0WS'!E58 -> Tankara | G60: =IF('1.0WS'!K58="","",'1.0WS'!K58) -> 2
E61: =IF('1.0WS'!D59="","",'1.0WS'!D59) -> 4 | F61: ='1.0WS'!E59 -> Wankaner | G61: =IF('1.0WS'!K59="","",'1.0WS'!K59) -> 2
E62: =IF('1.0WS'!D60="","",'1.0WS'!D60) -> 5 | F62: ='1.0WS'!E60 -> Halvad | G62: =IF('1.0WS'!K60="","",'1.0WS'!K60) -> 3
E63: DISTRICT TOTAL | H63: =SUM(H58:H62) -> 0 | I63: =SUM(I58:I62) -> 0
A64: Ahmedabad | B64: Rajkot | C64: Junagadh | D64: 12 | E64: =IF('1.0WS'!D62="","",'1.0WS'!D62) -> 1 | F64: ='1.0WS'!E62 -> Manavadar | G64: =IF('1.0WS'!K62="","",'1.0WS'!K62) -> 2
E65: =IF('1.0WS'!D63="","",'1.0WS'!D63) -> 2 | F65: ='1.0WS'!E63 -> Vanthali | G65: =IF('1.0WS'!K63="","",'1.0WS'!K63)
E66: =IF('1.0WS'!D64="","",'1.0WS'!D64) | F66: ='1.0WS'!E64 -> Junagadh + City | G66: =IF('1.0WS'!K64="","",'1.0WS'!K64) -> 2
E67: =IF('1.0WS'!D65="","",'1.0WS'!D65) -> 3 | F67: ='1.0WS'!E65 -> Bhesan | G67: =IF('1.0WS'!K65="","",'1.0WS'!K65)
E68: =IF('1.0WS'!D66="","",'1.0WS'!D66) | F68: ='1.0WS'!E66 -> Visavadar | G68: =IF('1.0WS'!K66="","",'1.0WS'!K66) -> 2
E69: =IF('1.0WS'!D67="","",'1.0WS'!D67) -> 4 | F69: ='1.0WS'!E67 -> Mendarda | G69: =IF('1.0WS'!K67="","",'1.0WS'!K67) -> 2
E70: =IF('1.0WS'!D68="","",'1.0WS'!D68) -> 5 | F70: ='1.0WS'!E68 -> Keshod | G70: =IF('1.0WS'!K68="","",'1.0WS'!K68) -> 2
E71: =IF('1.0WS'!D69="","",'1.0WS'!D69) -> 6 | F71: ='1.0WS'!E69 -> Mangrol | G71: =IF('1.0WS'!K69="","",'1.0WS'!K69) -> 2
E72: =IF('1.0WS'!D70="","",'1.0WS'!D70) -> 7 | F72: ='1.0WS'!E70 -> Malia | G72: =IF('1.0WS'!K70="","",'1.0WS'!K70) -> 2
E73: DISTRICT TOTAL | H73: =SUM(H64:H72) -> 0 | I73: =SUM(I64:I72) -> 0
C74: Gir Somnath | D74: 31 | E74: =IF('1.0WS'!D72="","",'1.0WS'!D72) -> 1 | F74: ='1.0WS'!E72 -> Talala | G74: =IF('1.0WS'!K72="","",'1.0WS'!K72)
E75: =IF('1.0WS'!D73="","",'1.0WS'!D73) | F75: ='1.0WS'!E73 -> Veraval | G75: =IF('1.0WS'!K73="","",'1.0WS'!K73) -> 2
E76: =IF('1.0WS'!D74="","",'1.0WS'!D74) | F76: ='1.0WS'!E74 -> Sutrapada | G76: =IF('1.0WS'!K74="","",'1.0WS'!K74)
E77: =IF('1.0WS'!D75="","",'1.0WS'!D75) -> 2 | F77: ='1.0WS'!E75 -> Kodinar | G77: =IF('1.0WS'!K75="","",'1.0WS'!K75) -> 2
E78: =IF('1.0WS'!D76="","",'1.0WS'!D76) -> 3 | F78: ='1.0WS'!E76 -> Una | G78: =IF('1.0WS'!K76="","",'1.0WS'!K76) -> 2
E79: =IF('1.0WS'!D77="","",'1.0WS'!D77) -> 4 | F79: ='1.0WS'!E77 -> Girgadhada | G79: =IF('1.0WS'!K77="","",'1.0WS'!K77) -> 2
E80: DISTRICT TOTAL | H80: =SUM(H74:H79) -> 0 | I80: =SUM(I74:I79) -> 0
C81: SRO TOTAL | H81: =SUM(H57,H63,H73,H80) -> 0 | I81: =SUM(I57,I63,I73,I80) -> 0
B82: Jamnagar | C82: Jamnagar | D82: 10 | E82: =IF('1.0WS'!D80="","",'1.0WS'!D80) -> 1 | F82: ='1.0WS'!E80 -> Jodia | G82: =IF('1.0WS'!K80="","",'1.0WS'!K80) -> 2
E83: =IF('1.0WS'!D81="","",'1.0WS'!D81) | F83: ='1.0WS'!E81 -> Dhrol | G83: =IF('1.0WS'!K81="","",'1.0WS'!K81)
E84: =IF('1.0WS'!D82="","",'1.0WS'!D82) -> 2 | F84: ='1.0WS'!E82 -> Jamnagar | G84: =IF('1.0WS'!K82="","",'1.0WS'!K82) -> 2
E85: =IF('1.0WS'!D83="","",'1.0WS'!D83) -> 3 | F85: ='1.0WS'!E83 -> Kalawad | G85: =IF('1.0WS'!K83="","",'1.0WS'!K83) -> 2
E86: =IF('1.0WS'!D84="","",'1.0WS'!D84) -> 4 | F86: ='1.0WS'!E84 -> Jamjodhpur | G86: =IF('1.0WS'!K84="","",'1.0WS'!K84) -> 2
E87: =IF('1.0WS'!D85="","",'1.0WS'!D85) -> 5 | F87: ='1.0WS'!E85 -> Lalpur | G87: =IF('1.0WS'!K85="","",'1.0WS'!K85) -> 2
E88: DISTRICT TOTAL | H88: =SUM(H82:H87) -> 0 | I88: =SUM(I82:I87) -> 0
C89: Devbhumi Dwarka | D89: 30 | E89: =IF('1.0WS'!D87="","",'1.0WS'!D87) -> 1 | F89: ='1.0WS'!E87 -> Okhamandal | G89: =IF('1.0WS'!K87="","",'1.0WS'!K87)
E90: =IF('1.0WS'!D88="","",'1.0WS'!D88) | F90: ='1.0WS'!E88 -> Khambhalia | G90: =IF('1.0WS'!K88="","",'1.0WS'!K88) -> 2
E91: =IF('1.0WS'!D89="","",'1.0WS'!D89) -> 2 | F91: ='1.0WS'!E89 -> Kalyanpur | G91: =IF('1.0WS'!K89="","",'1.0WS'!K89) -> 3
E92: =IF('1.0WS'!D90="","",'1.0WS'!D90) -> 3 | F92: ='1.0WS'!E90 -> Bhanvad | G92: =IF('1.0WS'!K90="","",'1.0WS'!K90) -> 2
E93: DISTRICT TOTAL | H93: =SUM(H89:H92) -> 0 | I93: =SUM(I89:I92) -> 0
C94: Porbandar | D94: 11 | E94: =IF('1.0WS'!D92="","",'1.0WS'!D92) -> 1 | F94: ='1.0WS'!E92 -> Ranavav | G94: =IF('1.0WS'!K92="","",'1.0WS'!K92)
E95: =IF('1.0WS'!D93="","",'1.0WS'!D93) | F95: ='1.0WS'!E93 -> Kutiyana | G95: =IF('1.0WS'!K93="","",'1.0WS'!K93) -> 2
E96: =IF('1.0WS'!D94="","",'1.0WS'!D94) -> 2 | F96: ='1.0WS'!E94 -> Porbandar | G96: =IF('1.0WS'!K94="","",'1.0WS'!K94) -> 3
E97: DISTRICT TOTAL | H97: =SUM(H94:H96) -> 0 | I97: =SUM(I94:I96) -> 0
C98: SRO TOTAL | H98: =SUM(H88,H93,H97) -> 0 | I98: =SUM(I88,I93,I97) -> 0
B99: Bhavnagar | C99: Amreli | D99: 13 | E99: =IF('1.0WS'!D97="","",'1.0WS'!D97) -> 1 | F99: ='1.0WS'!E97 -> Kunkavav | G99: =IF('1.0WS'!K97="","",'1.0WS'!K97) -> 2
E100: =IF('1.0WS'!D98="","",'1.0WS'!D98) -> 2 | F100: ='1.0WS'!E98 -> Babra | G100: =IF('1.0WS'!K98="","",'1.0WS'!K98) -> 2
E101: =IF('1.0WS'!D99="","",'1.0WS'!D99) -> 3 | F101: ='1.0WS'!E99 -> Lathi | G101: =IF('1.0WS'!K99="","",'1.0WS'!K99) -> 2
E102: =IF('1.0WS'!D100="","",'1.0WS'!D100) | F102: ='1.0WS'!E100 -> Liliya | G102: =IF('1.0WS'!K100="","",'1.0WS'!K100)
...

Sheet 1.0WP (P)
A1: Plan of Work for undertaking Sample Check on Area Enumeration (A.S.1.0) and Aggregation of area (A.S.1.1) under ICS scheme
A4: STATE: GUJARAT | D4: Season : Kharif, Rabi & Summer | G4: YEAR: 2022-23
A6: Region | B6: SRO | C6: District | D6: District Code | E6: Stratum | F6: Tehsil | G6: No. of Vill. | H6: No. of Sample Villages for each season
H7: Central | I7: State*
A8: Ahmedabad | B8: S.Nagar | C8: Kutch | D8: 01 | E8: 1 | F8: Abdasa | G8: 2 | H8: =G8 -> 2 | I8: =H8 -> 2
E9: 2 | F9: Lakhapat | H9: =SUM(G9:G10) -> 2 | I9: =H9 -> 2
F10: Nakhatrana | G10: 2
E11: 3 | F11: Bhuj | G11: 2 | H11: =G11 -> 2 | I11: =H11 -> 2
E12: 4 | F12: Mundra | H12: =SUM(G12:G13) -> 2 | I12: =H12 -> 2
F13: Mandvi | G13: 2
E14: 5 | F14: Anjar | G14: 2 | H14: =G14 -> 2 | I14: =H14 -> 2
E15: 6 | F15: Gandhidham | H15: =SUM(G15:G16) -> 3 | I15: =H15 -> 3
F16: Bhachau | G16: 3
E17: 7 | F17: Rapar | G17: 4 | H17: =G17 -> 4 | I17: =H17 -> 4
E18: DISTRICT TOTAL | G18: =SUM(G8:G17) -> 17 | H18: =SUM(H8:H17) -> 17 | I18: =SUM(I8:I17) -> 17
C19: S.Nagar | D19: 08 | E19: 1 | F19: Dhrangadhra | G19: 3 | H19: =G19 -> 3 | I19: =H19 -> 3
E20: 2 | F20: Dasada | G20: 3 | H20: =G20 -> 3 | I20: =H20 -> 3
E21: 3 | F21: Lakhtar | G21: 2 | H21: =G21 -> 2 | I21: =H21 -> 2
E22: 4 | F22: Wadhwan | G22: 2 | H22: =G22 -> 2 | I22: =H22 -> 2
E23: 5 | F23: Limbdi | G23: 2 | H23: =G23 -> 2 | I23: =H23 -> 2
E24: 6 | F24: Muli | G24: 2 | H24: =G24 -> 2 | I24: =H24 -> 2
E25: 7 | F25: Sayla | G25: 2 | H25: =G25 -> 2 | I25: =H25 -> 2
E26: 8 | F26: Chotila | G26: 2 | H26: =G26 -> 2 | I26: =H26 -> 2
E27: 9 | F27: Chuda | G27: 2 | H27: =SUM(G27:G28) -> 2 | I27: =H27 -> 2
F28: Thangadh
E29: DISTRICT TOTAL | G29: =SUM(G19:G28) -> 20 | H29: =SUM(H19:H28) -> 20 | I29: =SUM(I19:I28) -> 20
C30: SRO TOTAL | G30: =SUM(G18,G29) -> 37 | H30: =SUM(H18,H29) -> 37 | I30: =SUM(I18,I29) -> 37
B31: Ahmedabad | C31: Gandhinagar | D31: 06 | E31: 1 | F31: Mansa | G31: 2 | H31: =G31 -> 2 | I31: =H31 -> 2
E32: 2 | F32: Gandhinagar | G32: 2 | H32: =G32 -> 2 | I32: =H32 -> 2
E33: 3 | F33: Dehgam | G33: 2 | H33: =G33 -> 2 | I33: =H33 -> 2
E34: 4 | F34: Kalol | G34: 2 | H34: =G34 -> 2 | I34: =H34 -> 2
E35: DISTRICT TOTAL | G35: =SUM(G31:G34) -> 8 | H35: =SUM(H31:H34) -> 8 | I35: =SUM(I31:I34) -> 8
C36: Ahmedabad | D36: 07 | E36: 1 | F36: Mandal | G36: 2 | H36: =SUM(G36:G37) -> 2 | I36: =H36 -> 2
F37: Detroj-Rampura
E38: 2 | F38: Viramgam | G38: 2 | H38: =G38 -> 2 | I38: =H38 -> 2
E39: 3 | F39: Sanand | G39: 2 | H39: =G39 -> 2 | I39: =H39 -> 2
E40: 4 | F40: Bavla | G40: 2 | H40: =G40 -> 2 | I40: =H40 -> 2
E41: 5 | F41: Daskroi | G41: 2 | H41: =G41 -> 2 | I41: =H41 -> 2
E42: 6 | F42: Dholka | G42: 2 | H42: =G42 -> 2 | I42: =H42 -> 2
E43: 7 | F43: Dhandhuka | G43: 2 | H43: =G43 -> 2 | I43: =H43 -> 2
E44: 8 | F44: Dholera | G44: 2 | H44: =G44 -> 2 | I44: =H44 -> 2
E45: DISTRICT TOTAL | G45: =SUM(G36:G44) -> 16 | H45: =SUM(H36:H44) -> 16 | I45: =SUM(I36:I44) -> 16
C46: SRO TOTAL | G46: =SUM(G35,G45) -> 24 | H46: =SUM(H35,H45) -> 24 | I46: =SUM(I35,I45) -> 24
B47: Rajkot | C47: Rajkot | D47: 09 | E47: 1 | F47: Rajkot | G47: 2 | H47: =G47 -> 2 | I47: =H47 -> 2
E48: 2 | F48: Paddhari | G48: 2 | H48: =SUM(G48:G49) -> 2 | I48: =H48 -> 2
F49: Lodhika
E50: 3 | F50: Kotda sangani | H50: =SUM(G50:G51) -> 2 | I50: =H50 -> 2
F51: Jasdan | G51: 2
E52: 4 | F52: Gondal | G52: 2 | H52: =G52 -> 2 | I52: =H52 -> 2
E53: 5 | F53: Jetpur | G53: 2 | H53: =G53 -> 2 | I53: =H53 -> 2
E54: 6 | F54: Dhoraji | G54: 2 | H54: =G54 -> 2 | I54: =H54 -> 2
E55: 7 | F55: Jamkandorna | G55: 2 | H55: =SUM(G55:G56) -> 2 | I55: =H55 -> 2
F56: Vinchhiya
E57: 8 | F57: Upleta | G57: 2 | H57: =G57 -> 2 | I57: =H57 -> 2
E58: DISTRICT TOTAL | G58: =SUM(G47:G57) -> 16 | H58: =SUM(H47:H57) -> 16 | I58: =SUM(I47:I57) -> 16
C59: Morbi | D59: 33 | E59: 1 | F59: Morbi | G59: 2 | H59: =G59 -> 2 | I59: =H59 -> 2
E60: 2 | F60: Maliya | G60: 2 | H60: =G60 -> 2 | I60: =H60 -> 2
E61: 3 | F61: Tankara | G61: 2 | H61: =G61 -> 2 | I61: =H61 -> 2
E62: 4 | F62: Wankaner | G62: 2 | H62: =G62 -> 2 | I62: =H62 -> 2
E63: 5 | F63: Halvad | G63: 3 | H63: =G63 -> 3 | I63: =H63 -> 3
E64: DISTRICT TOTAL | G64: =SUM(G59:G63) -> 11 | H64: =SUM(H59:H63) -> 11 | I64: =SUM(I59:I63) -> 11
A65: Ahmedabad | B65: Rajkot | C65: Junagadh | D65: 12 | E65: 1 | F65: Manavadar | G65: 2 | H65: =G65 -> 2 | I65: =H65 -> 2
E66: 2 | F66: Vanthali | H66: =SUM(G66:G67) -> 2 | I66: =H66 -> 2
F67: Junagadh + City | G67: 2
E68: 3 | F68: Bhesan | H68: =SUM(G68:G69) -> 2 | I68: =H68 -> 2
F69: Visavadar | G69: 2
E70: 4 | F70: Mendarda | G70: 2 | H70: =G70 -> 2 | I70: =H70 -> 2
E71: 5 | F71: Keshod | G71: 2 | H71: =G71 -> 2 | I71: =H71 -> 2
E72: 6 | F72: Mangrol | G72: 2 | H72: =G72 -> 2 | I72: =H72 -> 2
E73: 7 | F73: Malia | G73: 2 | H73: =G73 -> 2 | I73: =H73 -> 2
E74: DISTRICT TOTAL | G74: =SUM(G65:G73) -> 14 | H74: =SUM(H65:H73) -> 14 | I74: =SUM(I65:I73) -> 14
C75: Gir Somnath | D75: 31 | E75: 1 | F75: Talala | H75: =SUM(G75:G77) -> 2 | I75: =H75 -> 2
F76: Veraval | G76: 2
F77: Sutrapada
E78: 2 | F78: Kodinar | G78: 2 | H78: =G78 -> 2 | I78: =H78 -> 2
E79: 3 | F79: Una | G79: 2 | H79: =G79 -> 2 | I79: =H79 -> 2
E80: 4 | F80: Girgadhada | G80: 2 | H80: =G80 -> 2 | I80: =H80 -> 2
E81: DISTRICT TOTAL | G81: =SUM(G75:G80) -> 8 | H81: =SUM(H75:H80) -> 8 | I81: =SUM(I75:I80) -> 8
C82: SRO TOTAL | G82: =SUM(G58,G64,G74,G81) -> 49 | H82: =SUM(H58,H64,H74,H81) -> 49 | I82: =SUM(I58,I64,I74,I81) -> 49
B83: Jamnagar | C83: Jamnagar | D83: 10 | E83: 1 | F83: Jodia | G83: 2 | H83: =SUM(G83:G84) -> 2 | I83: =H83 -> 2
F84: Dhrol
E85: 2 | F85: Jamnagar | G85: 2 | H85: =G85 -> 2 | I85: =H85 -> 2
E86: 3 | F86: Kalawad | G86: 2 | H86: =G86 -> 2 | I86: =H86 -> 2
E87: 4 | F87: Jamjodhpur | G87: 2 | H87: =G87 -> 2 | I87: =H87 -> 2
E88: 5 | F88: Lalpur | G88: 2 | H88: =G88 -> 2 | I88: =H88 -> 2
E89: DISTRICT TOTAL | G89: =SUM(G83:G88) -> 10 | H89: =SUM(H83:H88) -> 10 | I89: =SUM(I83:I88) -> 10
C90: Devbhumi Dwarka | D90: 30 | E90: 1 | F90: Okhamandal | H90: =SUM(G90:G91) -> 2 | I90: =H90 -> 2
F91: Khambhalia | G91: 2
E92: 2 | F92: Kalyanpur | G92: 3 | H92: =G92 -> 3 | I92: =H92 -> 3
E93: 3 | F93: Bhanvad | G93: 2 | H93: =G93 -> 2 | I93: =H93 -> 2
E94: DISTRICT TOTAL | G94: =SUM(G90:G93) -> 7 | H94: =SUM(H90:H93) -> 7 | I94: =SUM(I90:I93) -> 7
C95: Porbandar | D95: 11 | E95: 1 | F95: Ranavav | H95: =SUM(G95:G96) -> 2 | I95: =H95 -> 2
F96: Kutiyana | G96: 2
E97: 2 | F97: Porbandar | G97: 3 | H97: =G97 -> 3 | I97: =H97 -> 3
E98: DISTRICT TOTAL | G98: =SUM(G95:G97) -> 5 | H98: =SUM(H95:H97) -> 5 | I98: =SUM(I95:I97) -> 5
C99: SRO TOTAL | G99: =SUM(G89,G94,G98) -> 22 | H99: =SUM(H89,H94,H98) -> 22 | I99: =SUM(I89,I94,I98) -> 22
B100: Bhavnagar | C100: Amreli | D100: 13 | E100: 1 | F100: Kunkavav | G100: 2 | H100: =G100 -> 2 | I100: =H100 -> 2
E101: 2 | F101: Babra | G101: 2 | H101: =G101 -> 2 | I101: =H101 -> 2
E102: 3 | F102: Lathi | G102: 2 | H102: =SUM(G102:G103) -> 2 | I102: =H102 -> 2
F103: Liliya
...

Sheet 2.0SASA
A1: District | B1: Kharif Groundnut | C1: Maize | D1: Cotton (Irri) | E1: Cotton (Unirri) | F1: Castor | G1: Sesamum | H1: Tur | I1: Kh. Bajara | J1: Paddy (Irri) | K1: Paddy (Unirri) | L1: Kh. Juwar | M1: Ragi | N1: Soyabean | O1: Kh. Tobacco | Q1: Wheat I | R1: Wheat UI | S1: Rabi Jowar | T1: Rabi Maize | U1: Gram | V1: Rapeseed& Mustard | W1: Sugarcane | X1: Isabgul | Y1: Cumin | Z1: Fennel | AA1: Tobacco | AB1: Potato | AC1: Summer Groundnut | AD1: Summer Bajara | AE1: Summer Paddy | AF1: Summer Sesamum
A2: Kachchh | B2: 90 | C2: 0 | D2: 90 | E2: 20 | F2: 90 | G2: 90 | H2: 0 | I2: 30 | J2: 0 | K2: 0 | L2: 0 | M2: 0 | N2: 0 | O2: 0 | Q2: 90 | R2: 0 | S2: 0 | T2: 0 | U2: 0 | V2: 90 | W2: 0 | X2: 50 | Y2: 30 | Z2: 30 | AA2: 0 | AB2: 0 | AC2: 20 | AD2: 40 | AE2: 0 | AF2: 10
A3: Banaskantha | B3: 120 | C3: 30 | D3: 60 | E3: 0 | F3: 140 | G3: 0 | H3: 0 | I3: 80 | J3: 0 | K3: 0 | L3: 10 | M3: 0 | N3: 0 | O3: 0 | Q3: 140 | R3: 0 | S3: 0 | T3: 0 | U3: 0 | V3: 120 | W3: 0 | X3: 30 | Y3: 60 | Z3: 20 | AA3: 40 | AB3: 90 | AC3: 60 | AD3: 140 | AE3: 0 | AF3: 0
A4: Patan | B4: 10 | C4: 0 | D4: 70 | E4: 20 | F4: 90 | G4: 10 | H4: 0 | I4: 40 | J4: 0 | K4: 0 | L4: 0 | M4: 0 | N4: 0 | O4: 0 | Q4: 90 | R4: 0 | S4: 0 | T4: 0 | U4: 50 | V4: 80 | W4: 0 | X4: 30 | Y4: 40 | Z4: 30 | AA4: 40 | AB4: 10 | AC4: 0 | AD4: 40 | AE4: 0 | AF4: 0
A5: Mahesana | B5: 40 | C5: 0 | D5: 100 | E5: 0 | F5: 100 | G5: 10 | H5: 0 | I5: 20 | J5: 10 | K5: 0 | L5: 0 | M5: 0 | N5: 0 | O5: 0 | Q5: 100 | R5: 0 | S5: 0 | T5: 0 | U5: 10 | V5: 90 | W5: 0 | X5: 0 | Y5: 0 | Z5: 20 | AA5: 60 | AB5: 10 | AC5: 10 | AD5: 70 | AE5: 0 | AF5: 0
A6: Sabarkantha | B6: 60 | C6: 40 | D6: 70 | E6: 0 | F6: 60 | G6: 0 | H6: 40 | I6: 0 | J6: 10 | K6: 10 | L6: 0 | M6: 0 | N6: 50 | O6: 0 | Q6: 80 | R6: 0 | S6: 0 | T6: 10 | U6: 50 | V6: 20 | W6: 0 | X6: 0 | Y6: 0 | Z6: 20 | AA6: 30 | AB6: 60 | AC6: 10 | AD6: 20 | AE6: 0 | AF6: 0
A7: Arvalli | B7: 60 | C7: 60 | D7: 50 | E7: 0 | F7: 50 | G7: 0 | H7: 30 | I7: 10 | J7: 10 | K7: 0 | L7: 0 | M7: 0 | N7: 60 | O7: 0 | Q7: 60 | R7: 0 | S7: 0 | T7: 50 | U7: 60 | V7: 20 | W7: 0 | X7: 0 | Y7: 0 | Z7: 10 | AA7: 10 | AB7: 30 | AC7: 0 | AD7: 20 | AE7: 0 | AF7: 0
A8: Gandhinagar | B8: 30 | C8: 0 | D8: 40 | E8: 0 | F8: 40 | G8: 0 | H8: 0 | I8: 10 | J8: 30 | K8: 0 | L8: 0 | M8: 0 | N8: 0 | O8: 0 | Q8: 40 | R8: 0 | S8: 0 | T8: 0 | U8: 10 | V8: 30 | W8: 0 | X8: 0 | Y8: 0 | Z8: 10 | AA8: 10 | AB8: 30 | AC8: 0 | AD8: 30 | AE8: 0 | AF8: 0
A9: Ahmedabad | B9: 0 | C9: 0 | D9: 40 | E9: 60 | F9: 60 | G9: 0 | H9: 20 | I9: 0 | J9: 52 | K9: 0 | L9: 0 | M9: 0 | N9: 0 | O9: 0 | Q9: 90 | R9: 35 | S9: 0 | T9: 0 | U9: 60 | V9: 40 | W9: 0 | X9: 10 | Y9: 50 | Z9: 0 | AA9: 0 | AB9: 0 | AC9: 0 | AD9: 10 | AE9: 40 | AF9: 10
A10: Surendranagar | B10: 60 | C10: 0 | D10: 100 | E10: 60 | F10: 70 | G10: 60 | H10: 10 | I10: 10 | J10: 10 | K10: 10 | L10: 0 | M10: 0 | N10: 0 | O10: 0 | Q10: 100 | R10: 10 | S10: 0 | T10: 0 | U10: 90 | V10: 40 | W10: 0 | X10: 10 | Y10: 100 | Z10: 60 | AA10: 0 | AB10: 0 | AC10: 0 | AD10: 0 | AE10: 0 | AF10: 60
A11: Morbi | B11: 50 | C11: 0 | D11: 50 | E11: 30 | F11: 30 | G11: 30 | H11: 10 | I11: 0 | J11: 0 | K11: 0 | L11: 0 | M11: 0 | N11: 10 | O11: 0 | Q11: 50 | R11: 0 | S11: 0 | T11: 0 | U11: 50 | V11: 20 | W11: 0 | X11: 0 | Y11: 50 | Z11: 30 | AA11: 0 | AB11: 0 | AC11: 10 | AD11: 10 | AE11: 0 | AF11: 30
A12: Rajkot | B12: 110 | C12: 0 | D12: 110 | E12: 0 | F12: 20 | G12: 0 | H12: 20 | I12: 0 | J12: 0 | K12: 0 | L12: 0 | M12: 0 | N12: 50 | O12: 0 | Q12: 110 | R12: 0 | S12: 0 | T12: 0 | U12: 110 | V12: 0 | W12: 0 | X12: 0 | Y12: 90 | Z12: 0 | AA12: 0 | AB12: 0 | AC12: 0 | AD12: 0 | AE12: 0 | AF12: 50
A13: Jamnagar | B13: 60 | C13: 0 | D13: 60 | E13: 0 | F13: 30 | G13: 10 | H13: 20 | I13: 0 | J13: 0 | K13: 0 | L13: 0 | M13: 0 | N13: 10 | O13: 0 | Q13: 60 | R13: 0 | S13: 0 | T13: 0 | U13: 60 | V13: 30 | W13: 0 | X13: 0 | Y13: 60 | Z13: 0 | AA13: 0 | AB13: 0 | AC13: 10 | AD13: 0 | AE13: 0 | AF13: 50
... A34: Tapi | B34: 10 | C34: 10 | D34: 20 | E34: 20 | F34: 0 | G34: 0 | H34: 50 | I34: 0 | J34: 50 | K34: 40 | L34: 30 | M34: 0 | N34: 40 | O34: 0 | Q34: 20 | R34: 0 | S34: 10 | T34: 0 | U34: 40 | V34: 0 | W34: 70 | X34: 0 | Y34: 0 | Z34: 0 | AA34: 0 | AB34: 0 | AC34: 20 | AD34: 0 | AE34: 10 | AF34: 0
A35: Grand Total

Sheet 2.0WS(S)
A1: ="WORKING SHEET FOR A1SCHEDULE 2.0 OF GUJARAT BASED ON CES DATA 2024-25" -> WORKING SHEET FOR A1SCHEDULE 2.0 OF GUJARAT BASED ON CES DATA 2024-25
B2: KHARIF | AF2: RABI | AO2: SUMMER
B3: MAIZE | E3: GR NUT | H3: Paddy(I) | K3: Paddy(UI) | N3: SEASMUM | Q3: BAJRA | T3: CASTOR | W3: TUR | Z3: COTTON(I) | AC3: COTTON(UI) | AF3: R & MUSTARD | AI3: GRAM | AL3: WHEAT(I) | AO3: BAJRA
A4: District | B4: CES | C4: ICS | D4: ADJ. | E4: CES | F4: ICS | G4: ADJ. | H4: CES | I4: ICS | J4: ADJ. | K4: CES | L4: ICS | M4: ADJ. | N4: CES | O4: ICS | P4: ADJ. | Q4: CES | R4: ICS | S4: ADJ. | T4: CES | U4: ICS | V4: ADJ. | W4: CES | X4: ICS | Y4: ADJ. | Z4: CES | AA4: ICS | AB4: ADJ. | AC4: CES | AD4: ICS | AE4: ADJ. | AF4: CES | AG4: ICS | AH4: ADJ. | AI4: CES | AJ4: ICS | AK4: ADJ. | AL4: CES | AM4: ICS | AN4: ADJ. | AO4: CES | AP4: ICS | AQ4: ADJ.
A5: Kachchh | B5: =_xlfn.XLOOKUP(A5,'2.0SASA'!$A:$A,'2.0SASA'!$C:$C,"",0) -> 0 | C5: =B5*C$50/B$50 -> 0 | D5: =IF(C5>4,ROUND(C5/2,0)*2,IF(C5>2.2,4,0)) -> 0 | E5: =_xlfn.XLOOKUP(A5,'2.0SASA'!$A:$A,'2.0SASA'!$B:$B,"",0) -> 90 | F5: =E5*F$50/E$50 -> 9 | G5: =IF(F5>4,ROUND(F5/2,0)*2,IF(F5>2.2,4,0)) -> 10 | H5: =_xlfn.XLOOKUP(A5,'2.0SASA'!$A:$A,'2.0SASA'!$J:$J,"",0) -> 0 | I5: =H5*I$50/H$50 -> 0 | J5: =IF(I5>4,ROUND(I5/2,0)*2,IF(I5>2,4,0)) -> 0 | K5: =_xlfn.XLOOKUP(A5,'2.0SASA'!$A:$A,'2.0SASA'!$K:$K,"",0) -> 0 | L5: =K5*L$50/K$50 -> 0 | M5: =IF(L5>4,ROUND(L5/2,0)*2,IF(L5>2.2,4,0)) -> 0 | N5: =_xlfn.XLOOKUP(A5,'2.0SASA'!$A:$A,'2.0SASA'!$G:$G,"",0) -> 90 | O5: =N5*O$50/N$50 -> 12 | P5: 14 | Q5: =_xlfn.XLOOKUP(A5,'2.0SASA'!$A:$A,'2.0SASA'!$I:$I,"",0) -> 30 | R5: =Q5*R$50/Q$50 -> 3.4285714 | S5: =IF(R5>4,ROUND(R5/2,0)*2,IF(R5>2.2,4,0)) -> 4 | T5: =_xlfn.XLOOKUP(A5,'2.0SASA'!$A:$A,'2.0SASA'!$F:$F,"",0) -> 90 | U5: =T5*U$50/T$50 -> 9 | V5: 8 | W5: =_xlfn.XLOOKUP(A5,'2.0SASA'!$A:$A,'2.0SASA'!$H:$H,"",0) -> 0 | X5: =W5*X$50/W$50 -> 0 | Y5: =IF(X5>4,ROUND(X5/2,0)*2,IF(X5>2.2,4,0)) -> 0 | Z5: =_xlfn.XLOOKUP(A5,'2.0SASA'!$A:$A,'2.0SASA'!$D:$D,"",0) -> 90 | AA5: =Z5*AA$50/Z$50 -> 8.7272727 | AB5: =IF(AA5>4,ROUND(AA5/2,0)*2,IF(AA5>2.2,4,0)) -> 8 | AC5: =_xlfn.XLOOKUP(A5,'2.0SASA'!$A:$A,'2.0SASA'!$E:$E,"",0) -> 20 | AD5: =AC5*AD$50/AC$50 -> 1.9354839 | AE5: =IF(AD5>4,ROUND(AD5/2,0)*2,IF(AD5>2.2,4,0)) -> 0 | AF5: =_xlfn.XLOOKUP(A5,'2.0SASA'!$A:$A,'2.0SASA'!$V:$V,"",0) -> 90 | AG5: =AF5*AG$50/AF$50 -> 6 | AH5: 6 | AI5: =_xlfn.XLOOKUP(A5,'2.0SASA'!$A:$A,'2.0SASA'!$U:$U,"",0) -> 0 | AJ5: =AI5*AJ$50/AI$50 -> 0 | AK5: =IF(AJ5>4,ROUND(AJ5/2,0)*2,IF(AJ5>2,4,0)) -> 0 | AL5: =_xlfn.XLOOKUP(A5,'2.0SASA'!$A:$A,'2.0SASA'!$Q:$Q,"",0) -> 90 | AM5: =AL5*AM$50/AL$50 -> 4.3478261 | AN5: =IF(AM5>4,ROUND(AM5/2,0)*2,IF(AM5>2.2,4,0)) -> 4 | AO5: =_xlfn.XLOOKUP(A5,'2.0SASA'!$A:$A,'2.0SASA'!$AD:$AD,"",0) -> 40 | AP5: =AO5*AP$50/AO$50 -> 2.0779221 | AQ5: 4
A6: Surendranagar | B6: =_xlfn.XLOOKUP(A6,'2.0SASA'!$A:$A,'2.0SASA'!$C:$C,"",0) -> 0 | C6: =B6*C$50/B$50 -> 0 | D6: =IF(C6>4,ROUND(C6/2,0)*2,IF(C6>2.2,4,0)) -> 0 | E6: =_xlfn.XLOOKUP(A6,'2.0SASA'!$A:$A,'2.0SASA'!$B:$B,"",0) -> 60 | F6: =E6*F$50/E$50 -> 6 | G6: =IF(F6>4,ROUND(F6/2,0)*2,IF(F6>2.2,4,0)) -> 6 | H6: =_xlfn.XLOOKUP(A6,'2.0SASA'!$A:$A,'2.0SASA'!$J:$J,"",0) -> 10 | I6: =H6*I$50/H$50 -> 0.91743119 | J6: =IF(I6>4,ROUND(I6/2,0)*2,IF(I6>2,4,0)) -> 0 | K6: =_xlfn.XLOOKUP(A6,'2.0SASA'!$A:$A,'2.0SASA'!$K:$K,"",0) -> 10 | L6: =K6*L$50/K$50 -> 1.025641 | M6: =IF(L6>4,ROUND(L6/2,0)*2,IF(L6>2.2,4,0)) -> 0 | N6: =_xlfn.XLOOKUP(A6,'2.0SASA'!$A:$A,'2.0SASA'!$G:$G,"",0) -> 60 | O6: =N6*O$50/N$50 -> 8 | P6: 10 | Q6: =_xlfn.XLOOKUP(A6,'2.0SASA'!$A:$A,'2.0SASA'!$I:$I,"",0) -> 10 | R6: =Q6*R$50/Q$50 -> 1.1428571 | S6: =IF(R6>4,ROUND(R6/2,0)*2,IF(R6>2.2,4,0)) -> 0 | T6: =_xlfn.XLOOKUP(A6,'2.0SASA'!$A:$A,'2.0SASA'!$F:$F,"",0) -> 70 | U6: =T6*U$50/T$50 -> 7 | V6: =IF(U6>4,ROUND(U6/2,0)*2,IF(U6>2.2,4,0)) -> 8 | W6: =_xlfn.XLOOKUP(A6,'2.0SASA'!$A:$A,'2.0SASA'!$H:$H,"",0) -> 10 | X6: =W6*X$50/W$50 -> 0.875 | Y6: =IF(X6>4,ROUND(X6/2,0)*2,IF(X6>2.2,4,0)) -> 0 | Z6: =_xlfn.XLOOKUP(A6,'2.0SASA'!$A:$A,'2.0SASA'!$D:$D,"",0) -> 100 | AA6: =Z6*AA$50/Z$50 -> 9.6969697 | AB6: =IF(AA6>4,ROUND(AA6/2,0)*2,IF(AA6>2.2,4,0)) -> 10 | AC6: =_xlfn.XLOOKUP(A6,'2.0SASA'!$A:$A,'2.0SASA'!$E:$E,"",0) -> 60 | AD6: =AC6*AD$50/AC$50 -> 5.8064516 | AE6: =IF(AD6>4,ROUND(AD6/2,0)*2,IF(AD6>2.2,4,0)) -> 6 | AF6: =_xlfn.XLOOKUP(A6,'2.0SASA'!$A:$A,'2.0SASA'!$V:$V,"",0) -> 40 | AG6: =AF6*AG$50/AF$50 -> 2.6666667 | AH6: =IF(AG6>4,ROUND(AG6/2,0)*2,IF(AG6>2.2,4,0)) -> 4 | AI6: =_xlfn.XLOOKUP(A6,'2.0SASA'!$A:$A,'2.0SASA'!$U:$U,"",0) -> 90 | AJ6: =AI6*AJ$50/AI$50 -> 4.0601504 | AK6: =IF(AJ6>4,ROUND(AJ6/2,0)*2,IF(AJ6>2,4,0)) -> 4 | AL6: =_xlfn.XLOOKUP(A6,'2.0SASA'!$A:$A,'2.0SASA'!$Q:$Q,"",0) -> 100 | AM6: =AL6*AM$50/AL$50 -> 4.8309179 | AN6: 6 | AO6: =_xlfn.XLOOKUP(A6,'2.0SASA'!$A:$A,'2.0SASA'!$AD:$AD,"",0) -> 0 | AP6: =AO6*AP$50/AO$50 -> 0 | AQ6: =IF(AP6>4,ROUND(AP6/2,0)*2,IF(AP6>2.2,4,0)) -> 0
A7: SRO S.NAGAR TOTAL | B7: =SUM(B5:B6) -> 0 | C7: =SUM(C5:C6) -> 0 | D7: =SUM(D5:D6) -> 0 | E7: =SUM(E5:E6) -> 150 | F7: =SUM(F5:F6) -> 15 | G7: =SUM(G5:G6) -> 16 | H7: =SUM(H5:H6) -> 10 | I7: =SUM(I5:I6) -> 0.91743119 | ... AQ7: =SUM(AQ5:AQ6) -> 4
A8: Gandhinagar | B8: =_xlfn.XLOOKUP(A8,'2.0SASA'!$A:$A,'2.0SASA'!$C:$C,"",0) -> 0 | C8: =B8*C$50/B$50 -> 0 | D8: =IF(C8>4,ROUND(C8/2,0)*2,IF(C8>2.2,4,0)) -> 0 | E8: =_xlfn.XLOOKUP(A8,'2.0SASA'!$A:$A,'2.0SASA'!$B:$B,"",0) -> 30 | F8: =E8*F$50/E$50 -> 3 | G8: =IF(F8>4,ROUND(F8/2,0)*2,IF(F8>2.2,4,0)) -> 4 | H8: =_xlfn.XLOOKUP(A8,'2.0SASA'!$A:$A,'2.0SASA'!$J:$J,"",0) -> 30 | I8: =H8*I$50/H$50 -> 2.7522936 | J8: =IF(I8>4,ROUND(I8/2,0)*2,IF(I8>2,4,0)) -> 4 | K8: =_xlfn.XLOOKUP(A8,'2.0SASA'!$A:$A,'2.0SASA'!$K:$K,"",0) -> 0 | L8: =K8*L$50/K$50 -> 0 | M8: =IF(L8>4,ROUND(L8/2,0)*2,IF(L8>2.2,4,0)) -> 0 | N8: =_xlfn.XLOOKUP(A8,'2.0SASA'!$A:$A,'2.0SASA'!$G:$G,"",0) -> 0 | O8: =N8*O$50/N$50 -> 0 | P8: =IF(O8>4,ROUND(O8/2,0)*2,IF(O8>2.2,4,0)) -> 0 | Q8: =_xlfn.XLOOKUP(A8,'2.0SASA'!$A:$A,'2.0SASA'!$I:$I,"",0) -> 10 | R8: =Q8*R$50/Q$50 -> 1.1428571 | S8: =IF(R8>4,ROUND(R8/2,0)*2,IF(R8>2.2,4,0)) -> 0 | T8: =_xlfn.XLOOKUP(A8,'2.0SASA'!$A:$A,'2.0SASA'!$F:$F,"",0) -> 40 | U8: =T8*U$50/T$50 -> 4 | V8: =IF(U8>4,ROUND(U8/2,0)*2,IF(U8>2.2,4,0)) -> 4 | W8: =_xlfn.XLOOKUP(A8,'2.0SASA'!$A:$A,'2.0SASA'!$H:$H,"",0) -> 0 | X8: =W8*X$50/W$50 -> 0 | Y8: =IF(X8>4,ROUND(X8/2,0)*2,IF(X8>2.2,4,0)) -> 0 | Z8: =_xlfn.XLOOKUP(A8,'2.0SASA'!$A:$A,'2.0SASA'!$D:$D,"",0) -> 40 | AA8: =Z8*AA$50/Z$50 -> 3.8787879 | AB8: =IF(AA8>4,ROUND(AA8/2,0)*2,IF(AA8>2.2,4,0)) -> 4 | AC8: =_xlfn.XLOOKUP(A8,'2.0SASA'!$A:$A,'2.0SASA'!$E:$E,"",0) -> 0 | AD8: =AC8*AD$50/AC$50 -> 0 | AE8: =IF(AD8>4,ROUND(AD8/2,0)*2,IF(AD8>2.2,4,0)) -> 0 | AF8: =_xlfn.XLOOKUP(A8,'2.0SASA'!$A:$A,'2.0SASA'!$V:$V,"",0) -> 30 | AG8: =AF8*AG$50/AF$50 -> 2 | AH8: 4 | AI8: =_xlfn.XLOOKUP(A8,'2.0SASA'!$A:$A,'2.0SASA'!$U:$U,"",0) -> 10 | AJ8: =AI8*AJ$50/AI$50 -> 0.45112782 | AK8: =IF(AJ8>4,ROUND(AJ8/2,0)*2,IF(AJ8>2,4,0)) -> 0 | AL8: =_xlfn.XLOOKUP(A8,'2.0SASA'!$A:$A,'2.0SASA'!$Q:$Q,"",0) -> 40 | AM8: =AL8*AM$50/AL$50 -> 1.9323671 | AN8: =IF(AM8>4,ROUND(AM8/2,0)*2,IF(AM8>2.2,4,0)) -> 0 | AO8: =_xlfn.XLOOKUP(A8,'2.0SASA'!$A:$A,'2.0SASA'!$AD:$AD,"",0) -> 30 | AP8: =AO8*AP$50/AO$50 -> 1.5584416 | AQ8: =IF(AP8>4,ROUND(AP8/2,0)*2,IF(AP8>2.2,4,0)) -> 0
A9: Ahmedabad | B9: =_xlfn.XLOOKUP(A9,'2.0SASA'!$A:$A,'2.0SASA'!$C:$C,"",0) -> 0 | C9: =B9*C$50/B$50 -> 0 | D9: =IF(C9>4,ROUND(C9/2,0)*2,IF(C9>2.2,4,0)) -> 0 | E9: =_xlfn.XLOOKUP(A9,'2.0SASA'!$A:$A,'2.0SASA'!$B:$B,"",0) -> 0 | F9: =E9*F$50/E$50 -> 0 | G9: =IF(F9>4,ROUND(F9/2,0)*2,IF(F9>2.2,4,0)) -> 0 | H9: =_xlfn.XLOOKUP(A9,'2.0SASA'!$A:$A,'2.0SASA'!$J:$J,"",0) -> 52 | I9: =H9*I$50/H$50 -> 4.7706422 | J9: =IF(I9>4,ROUND(I9/2,0)*2,IF(I9>2,4,0)) -> 4 | K9: =_xlfn.XLOOKUP(A9,'2.0SASA'!$A:$A,'2.0SASA'!$K:$K,"",0) -> 0 | L9: =K9*L$50/K$50 -> 0 | M9: =IF(L9>4,ROUND(L9/2,0)*2,IF(L9>2.2,4,0)) -> 0 | N9: =_xlfn.XLOOKUP(A9,'2.0SASA'!$A:$A,'2.0SASA'!$G:$G,"",0) -> 0 | O9: =N9*O$50/N$50 -> 0 | P9: =IF(O9>4,ROUND(O9/2,0)*2,IF(O9>2.2,4,0)) -> 0 | Q9: =_xlfn.XLOOKUP(A9,'2.0SASA'!$A:$A,'2.0SASA'!$I:$I,"",0) -> 0 | R9: =Q9*R$50/Q$50 -> 0 | S9: =IF(R9>4,ROUND(R9/2,0)*2,IF(R9>2.2,4,0)) -> 0 | T9: =_xlfn.XLOOKUP(A9,'2.0SASA'!$A:$A,'2.0SASA'!$F:$F,"",0) -> 60 | U9: =T9*U$50/T$50 -> 6 | V9: =IF(U9>4,ROUND(U9/2,0)*2,IF(U9>2.2,4,0)) -> 6 | W9: =_xlfn.XLOOKUP(A9,'2.0SASA'!$A:$A,'2.0SASA'!$H:$H,"",0) -> 20 | X9: =W9*X$50/W$50 -> 1.75 | Y9: =IF(X9>4,ROUND(X9/2,0)*2,IF(X9>2.2,4,0)) -> 0 | Z9: =_xlfn.XLOOKUP(A9,'2.0SASA'!$A:$A,'2.0SASA'!$D:$D,"",0) -> 40 | AA9: =Z9*AA$50/Z$50 -> 3.8787879 | AB9: =IF(AA9>4,ROUND(AA9/2,0)*2,IF(AA9>2.2,4,0)) -> 4 | AC9: =_xlfn.XLOOKUP(A9,'2.0SASA'!$A:$A,'2.0SASA'!$E:$E,"",0) -> 60 | AD9: =AC9*AD$50/AC$50 -> 5.8064516 | AE9: =IF(AD9>4,ROUND(AD9/2,0)*2,IF(AD9>2.2,4,0)) -> 6 | AF9: =_xlfn.XLOOKUP(A9,'2.0SASA'!$A:$A,'2.0SASA'!$V:$V,"",0) -> 40 | AG9: =AF9*AG$50/AF$50 -> 2.6666667 | AH9: =IF(AG9>4,ROUND(AG9/2,0)*2,IF(AG9>2.2,4,0)) -> 4 | AI9: =_xlfn.XLOOKUP(A9,'2.0SASA'!$A:$A,'2.0SASA'!$U:$U,"",0) -> 60 | AJ9: =AI9*AJ$50/AI$50 -> 2.7067669 | AK9: =IF(AJ9>4,ROUND(AJ9/2,0)*2,IF(AJ9>2,4,0)) -> 4 | AL9: =_xlfn.XLOOKUP(A9,'2.0SASA'!$A:$A,'2.0SASA'!$Q:$Q,"",0) -> 90 | AM9: =AL9*AM$50/AL$50 -> 4.3478261 | AN9: =IF(AM9>4,ROUND(AM9/2,0)*2,IF(AM9>2.2,4,0)) -> 4 | AO9: =_xlfn.XLOOKUP(A9,'2.0SASA'!$A:$A,'2.0SASA'!$AD:$AD,"",0) -> 10 | AP9: =AO9*AP$50/AO$50 -> 0.51948052 | AQ9: =IF(AP9>4,ROUND(AP9/2,0)*2,IF(AP9>2.2,4,0)) -> 0
A10: SRO AHEMDABAD TOTAL | B10: =SUM(B8:B9) -> 0 | C10: =SUM(C8:C9) -> 0 | D10: =SUM(D8:D9) -> 0 | E10: =SUM(E8:E9) -> 30 | F10: =SUM(F8:F9) -> 3 | G10: =SUM(G8:G9) -> 4 | H10: =SUM(H8:H9) -> 82 | I10: =SUM(I8:I9) -> 7.5229358 | ... AQ10: =SUM(AQ8:AQ9) -> 0
A11: Rajkot | B11: =_xlfn.XLOOKUP(A11,'2.0SASA'!$A:$A,'2.0SASA'!$C:$C,"",0) -> 0 | C11: =B11*C$50/B$50 -> 0 | D11: =IF(C11>4,ROUND(C11/2,0)*2,IF(C11>2.2,4,0)) -> 0 | E11: =_xlfn.XLOOKUP(A11,'2.0SASA'!$A:$A,'2.0SASA'!$B:$B,"",0) -> 110 | F11: =E11*F$50/E$50 -> 11 | G11: 10 | H11: =_xlfn.XLOOKUP(A11,'2.0SASA'!$A:$A,'2.0SASA'!$J:$J,"",0) -> 0 | I11: =H11*I$50/H$50 -> 0 | J11: =IF(I11>4,ROUND(I11/2,0)*2,IF(I11>2,4,0)) -> 0 | K11: =_xlfn.XLOOKUP(A11,'2.0SASA'!$A:$A,'2.0SASA'!$K:$K,"",0) -> 0 | L11: =K11*L$50/K$50 -> 0 | M11: =IF(L11>4,ROUND(L11/2,0)*2,IF(L11>2.2,4,0)) -> 0 | N11: =_xlfn.XLOOKUP(A11,'2.0SASA'!$A:$A,'2.0SASA'!$G:$G,"",0) -> 0 | O11: =N11*O$50/N$50 -> 0 | P11: =IF(O11>4,ROUND(O11/2,0)*2,IF(O11>2.2,4,0)) -> 0 | Q11: =_xlfn.XLOOKUP(A11,'2.0SASA'!$A:$A,'2.0SASA'!$I:$I,"",0) -> 0 | R11: =Q11*R$50/Q$50 -> 0 | S11: =IF(R11>4,ROUND(R11/2,0)*2,IF(R11>2.2,4,0)) -> 0 | T11: =_xlfn.XLOOKUP(A11,'2.0SASA'!$A:$A,'2.0SASA'!$F:$F,"",0) -> 20 | U11: =T11*U$50/T$50 -> 2 | V11: =IF(U11>4,ROUND(U11/2,0)*2,IF(U11>2.2,4,0)) -> 0 | W11: =_xlfn.XLOOKUP(A11,'2.0SASA'!$A:$A,'2.0SASA'!$H:$H,"",0) -> 20 | X11: =W11*X$50/W$50 -> 1.75 | Y11: =IF(X11>4,ROUND(X11/2,0)*2,IF(X11>2.2,4,0)) -> 0 | Z11: =_xlfn.XLOOKUP(A11,'2.0SASA'!$A:$A,'2.0SASA'!$D:$D,"",0) -> 110 | AA11: =Z11*AA$50/Z$50 -> 10.666667 | AB11: =IF(AA11>4,ROUND(AA11/2,0)*2,IF(AA11>2.2,4,0)) -> 10 | AC11: =_xlfn.XLOOKUP(A11,'2.0SASA'!$A:$A,'2.0SASA'!$E:$E,"",0) -> 0 | AD11: =AC11*AD$50/AC$50 -> 0 | AE11: =IF(AD11>4,ROUND(AD11/2,0)*2,IF(AD11>2.2,4,0)) -> 0 | AF11: =_xlfn.XLOOKUP(A11,'2.0SASA'!$A:$A,'2.0SASA'!$V:$V,"",0) -> 0 | AG11: =AF11*AG$50/AF$50 -> 0 | AH11: =IF(AG11>4,ROUND(AG11/2,0)*2,IF(AG11>2.2,4,0)) -> 0 | AI11: =_xlfn.XLOOKUP(A11,'2.0SASA'!$A:$A,'2.0SASA'!$U:$U,"",0) -> 110 | AJ11: =AI11*AJ$50/AI$50 -> 4.962406 | AK11: 6 | AL11: =_xlfn.XLOOKUP(A11,'2.0SASA'!$A:$A,'2.0SASA'!$Q:$Q,"",0) -> 110 | AM11: =AL11*AM$50/AL$50 -> 5.3140097 | AN11: =IF(AM11>4,ROUND(AM11/2,0)*2,IF(AM11>2.2,4,0)) -> 6 | AO11: =_xlfn.XLOOKUP(A11,'2.0SASA'!$A:$A,'2.0SASA'!$AD:$AD,"",0) -> 0 | AP11: =AO11*AP$50/AO$50 -> 0 | AQ11: =IF(AP11>4,ROUND(AP11/2,0)*2,IF(AP11>2.2,4,0)) -> 0
A12: Morbi | B12: =_xlfn.XLOOKUP(A12,'2.0SASA'!$A:$A,'2.0SASA'!$C:$C,"",0) -> 0 | C12: =B12*C$50/B$50 -> 0 | D12: =IF(C12>4,ROUND(C12/2,0)*2,IF(C12>2.2,4,0)) -> 0 | E12: =_xlfn.XLOOKUP(A12,'2.0SASA'!$A:$A,'2.0SASA'!$B:$B,"",0) -> 50 | F12: =E12*F$50/E$50 -> 5 | G12: =IF(F12>4,ROUND(F12/2,0)*2,IF(F12>2.2,4,0)) -> 6 | H12: =_xlfn.XLOOKUP(A12,'2.0SASA'!$A:$A,'2.0SASA'!$J:$J,"",0) -> 0 | I12: =H12*I$50/H$50 -> 0 | J12: =IF(I12>4,ROUND(I12/2,0)*2,IF(I12>2,4,0)) -> 0 | K12: =_xlfn.XLOOKUP(A12,'2.0SASA'!$A:$A,'2.0SASA'!$K:$K,"",0) -> 0 | L12: =K12*L$50/K$50 -> 0 | M12: =IF(L12>4,ROUND(L12/2,0)*2,IF(L12>2.2,4,0)) -> 0 | N12: =_xlfn.XLOOKUP(A12,'2.0SASA'!$A:$A,'2.0SASA'!$G:$G,"",0) -> 30 | O12: =N12*O$50/N$50 -> 4 | P12: =IF(O12>4,ROUND(O12/2,0)*2,IF(O12>2.2,4,0)) -> 4 | Q12: =_xlfn.XLOOKUP(A12,'2.0SASA'!$A:$A,'2.0SASA'!$I:$I,"",0) -> 0 | R12: =Q12*R$50/Q$50 -> 0 | S12: =IF(R12>4,ROUND(R12/2,0)*2,IF(R12>2.2,4,0)) -> 0 | T12: =_xlfn.XLOOKUP(A12,'2.0SASA'!$A:$A,'2.0SASA'!$F:$F,"",0) -> 30 | U12: =T12*U$50/T$50 -> 3 | V12: =IF(U12>4,ROUND(U12/2,0)*2,IF(U12>2.2,4,0)) -> 4 | W12: =_xlfn.XLOOKUP(A12,'2.0SASA'!$A:$A,'2.0SASA'!$H:$H,"",0) -> 10 | X12: =W12*X$50/W$50 -> 0.875 | Y12: =IF(X12>4,ROUND(X12/2,0)*2,IF(X12>2.2,4,0)) -> 0 | Z12: =_xlfn.XLOOKUP(A12,'2.0SASA'!$A:$A,'2.0SASA'!$D:$D,"",0) -> 50 | AA12: =Z12*AA$50/Z$50 -> 4.8484848 | AB12: =IF(AA12>4,ROUND(AA12/2,0)*2,IF(AA12>2.2,4,0)) -> 4 | AC12: =_xlfn.XLOOKUP(A12,'2.0SASA'!$A:$A,'2.0SASA'!$E:$E,"",0) -> 30 | AD12: =AC12*AD$50/AC$50 -> 2.9032258 | AE12: =IF(AD12>4,ROUND(AD12/2,0)*2,IF(AD12>2.2,4,0)) -> 4 | AF12: =_xlfn.XLOOKUP(A12,'2.0SASA'!$A:$A,'2.0SASA'!$V:$V,"",0) -> 20 | AG12: =AF12*AG$50/AF$50 -> 1.3333333 | AH12: =IF(AG12>4,ROUND(AG12/2,0)*2,IF(AG12>2.2,4,0)) -> 0 | AI12: =_xlfn.XLOOKUP(A12,'2.0SASA'!$A:$A,'2.0SASA'!$U:$U,"",0) -> 50 | AJ12: =AI12*AJ$50/AI$50 -> 2.2556391 | AK12: =IF(AJ12>4,ROUND(AJ12/2,0)*2,IF(AJ12>2,4,0)) -> 4 | AL12: =_xlfn.XLOOKUP(A12,'2.0SASA'!$A:$A,'2.0SASA'!$Q:$Q,"",0) -> 50 | AM12: =AL12*AM$50/AL$50 -> 2.4154589 | AN12: =IF(AM12>4,ROUND(AM12/2,0)*2,IF(AM12>2.2,4,0)) -> 4 | AO12: =_xlfn.XLOOKUP(A12,'2.0SASA'!$A:$A,'2.0SASA'!$AD:$AD,"",0) -> 10 | AP12: =AO12*AP$50/AO$50 -> 0.51948052 | AQ12: =IF(AP12>4,ROUND(AP12/2,0)*2,IF(AP12>2.2,4,0)) -> 0
A13: Junagadh | B13: =_xlfn.XLOOKUP(A13,'2.0SASA'!$A:$A,'2.0SASA'!$C:$C,"",0) -> 0 | C13: =B13*C$50/B$50 -> 0 | D13: =IF(C13>4,ROUND(C13/2,0)*2,IF(C13>2.2,4,0)) -> 0 | E13: =_xlfn.XLOOKUP(A13,'2.0SASA'!$A:$A,'2.0SASA'!$B:$B,"",0) -> 90 | F13: =E13*F$50/E$50 -> 9 | G13: =IF(F13>4,ROUND(F13/2,0)*2,IF(F13>2.2,4,0)) -> 10 | H13: =_xlfn.XLOOKUP(A13,'2.0SASA'!$A:$A,'2.0SASA'!$J:$J,"",0) -> 0 | I13: =H13*I$50/H$50 -> 0 | J13: =IF(I13>4,ROUND(I13/2,0)*2,IF(I13>2,4,0)) -> 0 | K13: =_xlfn.XLOOKUP(A13,'2.0SASA'!$A:$A,'2.0SASA'!$K:$K,"",0) -> 0 | L13: =K13*L$50/K$50 -> 0 | M13: =IF(L13>4,ROUND(L13/2,0)*2,IF(L13>2.2,4,0)) -> 0 | N13: =_xlfn.XLOOKUP(A13,'2.0SASA'!$A:$A,'2.0SASA'!$G:$G,"",0) -> 0 | O13: =N13*O$50/N$50 -> 0 | P13: =IF(O13>4,ROUND(O13/2,0)*2,IF(O13>2.2,4,0)) -> 0 | Q13: =_xlfn.XLOOKUP(A13,'2.0SASA'!$A:$A,'2.0SASA'!$I:$I,"",0) -> 0 | R13: =Q13*R$50/Q$50 -> 0 | S13: =IF(R13>4,ROUND(R13/2,0)*2,IF(R13>2.2,4,0)) -> 0 | T13: =_xlfn.XLOOKUP(A13,'2.0SASA'!$A:$A,'2.0SASA'!$F:$F,"",0) -> 0 | U13: =T13*U$50/T$50 -> 0 | V13: =IF(U13>4,ROUND(U13/2,0)*2,IF(U13>2.2,4,0)) -> 0 | W13: =_xlfn.XLOOKUP(A13,'2.0SASA'!$A:$A,'2.0SASA'!$H:$H,"",0) -> 60 | X13: =W13*X$50/W$50 -> 5.25 | Y13: =IF(X13>4,ROUND(X13/2,0)*2,IF(X13>2.2,4,0)) -> 6 | Z13: =_xlfn.XLOOKUP(A13,'2.0SASA'!$A:$A,'2.0SASA'!$D:$D,"",0) -> 50 | AA13: =Z13*AA$50/Z$50 -> 4.8484848 | AB13: =IF(AA13>4,ROUND(AA13/2,0)*2,IF(AA13>2.2,4,0)) -> 4 | AC13: =_xlfn.XLOOKUP(A13,'2.0SASA'!$A:$A,'2.0SASA'!$E:$E,"",0) -> 0 | AD13: =AC13*AD$50/AC$50 -> 0 | AE13: =IF(AD13>4,ROUND(AD13/2,0)*2,IF(AD13>2.2,4,0)) -> 0 | AF13: =_xlfn.XLOOKUP(A13,'2.0SASA'!$A:$A,'2.0SASA'!$V:$V,"",0) -> 0 | AG13: =AF13*AG$50/AF$50 -> 0 | AH13: =IF(AG13>4,ROUND(AG13/2,0)*2,IF(AG13>2.2,4,0)) -> 0 | AI13: =_xlfn.XLOOKUP(A13,'2.0SASA'!$A:$A,'2.0SASA'!$U:$U,"",0) -> 90 | AJ13: =AI13*AJ$50/AI$50 -> 4.0601504 | AK13: =IF(AJ13>4,ROUND(AJ13/2,0)*2,IF(AJ13>2,4,0)) -> 4 | AL13: =_xlfn.XLOOKUP(A13,'2.0SASA'!$A:$A,'2.0SASA'!$Q:$Q,"",0) -> 90 | AM13: =AL13*AM$50/AL$50 -> 4.3478261 | AN13: =IF(AM13>4,ROUND(AM13/2,0)*2,IF(AM13>2.2,4,0)) -> 4 | AO13: =_xlfn.XLOOKUP(A13,'2.0SASA'!$A:$A,'2.0SASA'!$AD:$AD,"",0) -> 10 | AP13: =AO13*AP$50/AO$50 -> 0.51948052 | AQ13: =IF(AP13>4,ROUND(AP13/2,0)*2,IF(AP13>2.2,4,0)) -> 0
A14: Gir Somnath | B14: =_xlfn.XLOOKUP(A14,'2.0SASA'!$A:$A,'2.0SASA'!$C:$C,"",0) -> 0 | C14: =B14*C$50/B$50 -> 0 | D14: =IF(C14>4,ROUND(C14/2,0)*2,IF(C14>2.2,4,0)) -> 0 | E14: =_xlfn.XLOOKUP(A14,'2.0SASA'!$A:$A,'2.0SASA'!$B:$B,"",0) -> 60 | F14: =E14*F$50/E$50 -> 6 | G14: =IF(F14>4,ROUND(F14/2,0)*2,IF(F14>2.2,4,0)) -> 6 | H14: =_xlfn.XLOOKUP(A14,'2.0SASA'!$A:$A,'2.0SASA'!$J:$J,"",0) -> 0 | I14: =H14*I$50/H$50 -> 0 | J14: =IF(I14>4,ROUND(I14/2,0)*2,IF(I14>2,4,0)) -> 0 | K14: =_xlfn.XLOOKUP(A14,'2.0SASA'!$A:$A,'2.0SASA'!$K:$K,"",0) -> 0 | L14: =K14*L$50/K$50 -> 0 | M14: =IF(L14>4,ROUND(L14/2,0)*2,IF(L14>2.2,4,0)) -> 0 | N14: =_xlfn.XLOOKUP(A14,'2.0SASA'!$A:$A,'2.0SASA'!$G:$G,"",0) -> 0 | O14: =N14*O$50/N$50 -> 0 | P14: =IF(O14>4,ROUND(O14/2,0)*2,IF(O14>2.2,4,0)) -> 0 | Q14: =_xlfn.XLOOKUP(A14,'2.0SASA'!$A:$A,'2.0SASA'!$I:$I,"",0) -> 20 | R14: =Q14*R$50/Q$50 -> 2.2857143 | S14: =IF(R14>4,ROUND(R14/2,0)*2,IF(R14>2.2,4,0)) -> 4 | T14: =_xlfn.XLOOKUP(A14,'2.0SASA'!$A:$A,'2.0SASA'!$F:$F,"",0) -> 0 | U14: =T14*U$50/T$50 -> 0 | V14: =IF(U14>4,ROUND(U14/2,0)*2,IF(U14>2.2,4,0)) -> 0 | W14: =_xlfn.XLOOKUP(A14,'2.0SASA'!$A:$A,'2.0SASA'!$H:$H,"",0) -> 10 | X14: =W14*X$50/W$50 -> 0.875 | Y14: =IF(X14>4,ROUND(X14/2,0)*2,IF(X14>2.2,4,0)) -> 0 | Z14: =_xlfn.XLOOKUP(A14,'2.0SASA'!$A:$A,'2.0SASA'!$D:$D,"",0) -> 30 | AA14: =Z14*AA$50/Z$50 -> 2.9090909 | AB14: =IF(AA14>4,ROUND(AA14/2,0)*2,IF(AA14>2.2,4,0)) -> 4 | AC14: =_xlfn.XLOOKUP(A14,'2.0SASA'!$A:$A,'2.0SASA'!$E:$E,"",0) -> 0 | AD14: =AC14*AD$50/AC$50 -> 0 | AE14: =IF(AD14>4,ROUND(AD14/2,0)*2,IF(AD14>2.2,4,0)) -> 0 | AF14: =_xlfn.XLOOKUP(A14,'2.0SASA'!$A:$A,'2.0SASA'!$V:$V,"",0) -> 0 | AG14: =AF14*AG$50/AF$50 -> 0 | AH14: =IF(AG14>4,ROUND(AG14/2,0)*2,IF(AG14>2.2,4,0)) -> 0 | AI14: =_xlfn.XLOOKUP(A14,'2.0SASA'!$A:$A,'2.0SASA'!$U:$U,"",0) -> 60 | AJ14: =AI14*AJ$50/AI$50 -> 2.7067669 | AK14: =IF(AJ14>4,ROUND(AJ14/2,0)*2,IF(AJ14>2,4,0)) -> 4 | AL14: =_xlfn.XLOOKUP(A14,'2.0SASA'!$A:$A,'2.0SASA'!$Q:$Q,"",0) -> 60 | AM14: =AL14*AM$50/AL$50 -> 2.8985507 | AN14: =IF(AM14>4,ROUND(AM14/2,0)*2,IF(AM14>2.2,4,0)) -> 4 | AO14: =_xlfn.XLOOKUP(A14,'2.0SASA'!$A:$A,'2.0SASA'!$AD:$AD,"",0) -> 50 | AP14: =AO14*AP$50/AO$50 -> 2.5974026 | AQ14: =IF(AP14>4,ROUND(AP14/2,0)*2,IF(AP14>2.2,4,0)) -> 4
A15: SRO RAJKOT TOTAL | B15: =SUM(B11:B14) -> 0 | C15: =SUM(C11:C14) -> 0 | D15: =SUM(D11:D14) -> 0 | E15: =SUM(E11:E14) -> 310 | F15: =SUM(F11:F14) -> 31 | G15: =SUM(G11:G14) -> 32 | H15: =SUM(H11:H14) -> 0 | I15: =SUM(I11:I14) -> 0 | ... AQ15: =SUM(AQ11:AQ14) -> 4
A16: Jamnagar | B16: =_xlfn.XLOOKUP(A16,'2.0SASA'!$A:$A,'2.0SASA'!$C:$C,"",0) -> 0 | C16: =B16*C$50/B$50 -> 0 | D16: =IF(C16>4,ROUND(C16/2,0)*2,IF(C16>2.2,4,0)) -> 0 | E16: =_xlfn.XLOOKUP(A16,'2.0SASA'!$A:$A,'2.0SASA'!$B:$B,"",0) -> 60 | F16: =E16*F$50/E$50 -> 6 | G16: =IF(F16>4,ROUND(F16/2,0)*2,IF(F16>2.2,4,0)) -> 6 | H16: =_xlfn.XLOOKUP(A16,'2.0SASA'!$A:$A,'2.0SASA'!$J:$J,"",0) -> 0 | I16: =H16*I$50/H$50 -> 0 | J16: =IF(I16>4,ROUND(I16/2,0)*2,IF(I16>2,4,0)) -> 0 | K16: =_xlfn.XLOOKUP(A16,'2.0SASA'!$A:$A,'2.0SASA'!$K:$K,"",0) -> 0 | L16: =K16*L$50/K$50 -> 0 | M16: =IF(L16>4,ROUND(L16/2,0)*2,IF(L16>2.2,4,0)) -> 0 | N16: =_xlfn.XLOOKUP(A16,'2.0SASA'!$A:$A,'2.0SASA'!$G:$G,"",0) -> 10 | O16: =N16*O$50/N$50 -> 1.3333333 | P16: =IF(O16>4,ROUND(O16/2,0)*2,IF(O16>2.2,4,0)) -> 0 | Q16: =_xlfn.XLOOKUP(A16,'2.0SASA'!$A:$A,'2.0SASA'!$I:$I,"",0) -> 0 | R16: =Q16*R$50/Q$50 -> 0 | S16: =IF(R16>4,ROUND(R16/2,0)*2,IF(R16>2.2,4,0)) -> 0 | T16: =_xlfn.XLOOKUP(A16,'2.0SASA'!$A:$A,'2.0SASA'!$F:$F,"",0) -> 30 | U16: =T16*U$50/T$50 -> 3 | V16: =IF(U16>4,ROUND(U16/2,0)*2,IF(U16>2.2,4,0)) -> 4 | W16: =_xlfn.XLOOKUP(A16,'2.0SASA'!$A:$A,'2.0SASA'!$H:$H,"",0) -> 20 | X16: =W16*X$50/W$50 -> 1.75 | Y16: =IF(X16>4,ROUND(X16/2,0)*2,IF(X16>2.2,4,0)) -> 0 | Z16: =_xlfn.XLOOKUP(A16,'2.0SASA'!$A:$A,'2.0SASA'!$D:$D,"",0) -> 60 | AA16: =Z16*AA$50/Z$50 -> 5.8181818 | AB16: =IF(AA16>4,ROUND(AA16/2,0)*2,IF(AA16>2.2,4,0)) -> 6 | AC16: =_xlfn.XLOOKUP(A16,'2.0SASA'!$A:$A,'2.0SASA'!$E:$E,"",0) -> 0 | AD16: =AC16*AD$50/AC$50 -> 0 | AE16: =IF(AD16>4,ROUND(AD16/2,0)*2,IF(AD16>2.2,4,0)) -> 0 | AF16: =_xlfn.XLOOKUP(A16,'2.0SASA'!$A:$A,'2.0SASA'!$V:$V,"",0) -> 30 | AG16: =AF16*AG$50/AF$50 -> 2 | AH16: =IF(AG16>4,ROUND(AG16/2,0)*2,IF(AG16>2.2,4,0)) -> 0 | AI16: =_xlfn.XLOOKUP(A16,'2.0SASA'!$A:$A,'2.0SASA'!$U:$U,"",0) -> 60 | AJ16: =AI16*AJ$50/AI$50 -> 2.7067669 | AK16: =IF(AJ16>4,ROUND(AJ16/2,0)*2,IF(AJ16>2,4,0)) -> 4 | AL16: =_xlfn.XLOOKUP(A16,'2.0SASA'!$A:$A,'2.0SASA'!$Q:$Q,"",0) -> 60 | AM16: =AL16*AM$50/AL$50 -> 2.8985507 | AN16: =IF(AM16>4,ROUND(AM16/2,0)*2,IF(AM16>2.2,4,0)) -> 4 | AO16: =_xlfn.XLOOKUP(A16,'2.0SASA'!$A:$A,'2.0SASA'!$AD:$AD,"",0) -> 0 | AP16: =AO16*AP$50/AO$50 -> 0 | AQ16: =IF(AP16>4,ROUND(AP16/2,0)*2,IF(AP16>2.2,4,0)) -> 0
A17: Devbhumi Dwarka | B17: =_xlfn.XLOOKUP(A17,'2.0SASA'!$A:$A,'2.0SASA'!$C:$C,"",0) -> 0 | C17: =B17*C$50/B$50 -> 0 | D17: =IF(C17>4,ROUND(C17/2,0)*2,IF(C17>2.2,4,0)) -> 0 | E17: =_xlfn.XLOOKUP(A17,'2.0SASA'!$A:$A,'2.0SASA'!$B:$B,"",0) -> 50 | F17: =E17*F$50/E$50 -> 5 | G17: 4 | H17: =_xlfn.XLOOKUP(A17,'2.0SASA'!$A:$A,'2.0SASA'!$J:$J,"",0) -> 0 | I17: =H17*I$50/H$50 -> 0 | J17: =IF(I17>4,ROUND(I17/2,0)*2,IF(I17>2,4,0)) -> 0 | K17: =_xlfn.XLOOKUP(A17,'2.0SASA'!$A:$A,'2.0SASA'!$K:$K,"",0) -> 0 | L17: =K17*L$50/K$50 -> 0 | M17: =IF(L17>4,ROUND(L17/2,0)*2,IF(L17>2.2,4,0)) -> 0 | N17: =_xlfn.XLOOKUP(A17,'2.0SASA'!$A:$A,'2.0SASA'!$G:$G,"",0) -> 10 | O17: =N17*O$50/N$50 -> 1.3333333 | P17: =IF(O17>4,ROUND(O17/2,0)*2,IF(O17>2.2,4,0)) -> 0 | Q17: =_xlfn.XLOOKUP(A17,'2.0SASA'!$A:$A,'2.0SASA'!$I:$I,"",0) -> 0 | R17: =Q17*R$50/Q$50 -> 0 | S17: =IF(R17>4,ROUND(R17/2,0)*2,IF(R17>2.2,4,0)) -> 0 | T17: =_xlfn.XLOOKUP(A17,'2.0SASA'!$A:$A,'2.0SASA'!$F:$F,"",0) -> 0 | U17: =T17*U$50/T$50 -> 0 | V17: =IF(U17>4,ROUND(U17/2,0)*2,IF(U17>2.2,4,0)) -> 0 | W17: =_xlfn.XLOOKUP(A17,'2.0SASA'!$A:$A,'2.0SASA'!$H:$H,"",0) -> 0 | X17: =W17*X$50/W$50 -> 0 | Y17: =IF(X17>4,ROUND(X17/2,0)*2,IF(X17>2.2,4,0)) -> 0 | Z17: =_xlfn.XLOOKUP(A17,'2.0SASA'!$A:$A,'2.0SASA'!$D:$D,"",0) -> 30 | AA17: =Z17*AA$50/Z$50 -> 2.9090909 | AB17: =IF(AA17>4,ROUND(AA17/2,0)*2,IF(AA17>2.2,4,0)) -> 4 | AC17: =_xlfn.XLOOKUP(A17,'2.0SASA'!$A:$A,'2.0SASA'!$E:$E,"",0) -> 0 | AD17: =AC17*AD$50/AC$50 -> 0 | AE17: =IF(AD17>4,ROUND(AD17/2,0)*2,IF(AD17>2.2,4,0)) -> 0 | AF17: =_xlfn.XLOOKUP(A17,'2.0SASA'!$A:$A,'2.0SASA'!$V:$V,"",0) -> 10 | AG17: =AF17*AG$50/AF$50 -> 0.66666667 | AH17: =IF(AG17>4,ROUND(AG17/2,0)*2,IF(AG17>2.2,4,0)) -> 0 | AI17: =_xlfn.XLOOKUP(A17,'2.0SASA'!$A:$A,'2.0SASA'!$U:$U,"",0) -> 40 | AJ17: =AI17*AJ$50/AI$50 -> 1.8045113 | AK17: 0 | AL17: =_xlfn.XLOOKUP(A17,'2.0SASA'!$A:$A,'2.0SASA'!$Q:$Q,"",0) -> 30 | AM17: =AL17*AM$50/AL$50 -> 1.4492754 | AN17: =IF(AM17>4,ROUND(AM17/2,0)*2,IF(AM17>2.2,4,0)) -> 0 | AO17: =_xlfn.XLOOKUP(A17,'2.0SASA'!$A:$A,'2.0SASA'!$AD:$AD,"",0) -> 0 | AP17: =AO17*AP$50/AO$50 -> 0 | AQ17: =IF(AP17>4,ROUND(AP17/2,0)*2,IF(AP17>2.2,4,0)) -> 0
A18: Porbandar | B18: =_xlfn.XLOOKUP(A18,'2.0SASA'!$A:$A,'2.0SASA'!$C:$C,"",0) -> 0 | C18: =B18*C$50/B$50 -> 0 | D18: =IF(C18>4,ROUND(C18/2,0)*2,IF(C18>2.2,4,0)) -> 0 | E18: =_xlfn.XLOOKUP(A18,'2.0SASA'!$A:$A,'2.0SASA'!$B:$B,"",0) -> 30 | F18: =E18*F$50/E$50 -> 3 | G18: =IF(F18>4,ROUND(F18/2,0)*2,IF(F18>2.2,4,0)) -> 4 | H18: =_xlfn.XLOOKUP(A18,'2.0SASA'!$A:$A,'2.0SASA'!$J:$J,"",0) -> 0 | I18: =H18*I$50/H$50 -> 0 | J18: =IF(I18>4,ROUND(I18/2,0)*2,IF(I18>2,4,0)) -> 0 | K18: =_xlfn.XLOOKUP(A18,'2.0SASA'!$A:$A,'2.0SASA'!$K:$K,"",0) -> 0 | L18: =K18*L$50/K$50 -> 0 | M18: =IF(L18>4,ROUND(L18/2,0)*2,IF(L18>2.2,4,0)) -> 0 | N18: =_xlfn.XLOOKUP(A18,'2.0SASA'!$A:$A,'2.0SASA'!$G:$G,"",0) -> 0 | O18: =N18*O$50/N$50 -> 0 | P18: =IF(O18>4,ROUND(O18/2,0)*2,IF(O18>2.2,4,0)) -> 0 | Q18: =_xlfn.XLOOKUP(A18,'2.0SASA'!$A:$A,'2.0SASA'!$I:$I,"",0) -> 0 | R18: =Q18*R$50/Q$50 -> 0 | S18: =IF(R18>4,ROUND(R18/2,0)*2,IF(R18>2.2,4,0)) -> 0 | T18: =_xlfn.XLOOKUP(A18,'2.0SASA'!$A:$A,'2.0SASA'!$F:$F,"",0) -> 0 | U18: =T18*U$50/T$50 -> 0 | V18: =IF(U18>4,ROUND(U18/2,0)*2,IF(U18>2.2,4,0)) -> 0 | W18: =_xlfn.XLOOKUP(A18,'2.0SASA'!$A:$A,'2.0SASA'!$H:$H,"",0) -> 0 | X18: =W18*X$50/W$50 -> 0 | Y18: =IF(X18>4,ROUND(X18/2,0)*2,IF(X18>2.2,4,0)) -> 0 | Z18: =_xlfn.XLOOKUP(A18,'2.0SASA'!$A:$A,'2.0SASA'!$D:$D,"",0) -> 10 | AA18: =Z18*AA$50/Z$50 -> 0.96969697 | AB18: =IF(AA18>4,ROUND(AA18/2,0)*2,IF(AA18>2.2,4,0)) -> 0 | AC18: =_xlfn.XLOOKUP(A18,'2.0SASA'!$A:$A,'2.0SASA'!$E:$E,"",0) -> 10 | AD18: =AC18*AD$50/AC$50 -> 0.96774194 | AE18: =IF(AD18>4,ROUND(AD18/2,0)*2,IF(AD18>2.2,4,0)) -> 0 | AF18: =_xlfn.XLOOKUP(A18,'2.0SASA'!$A:$A,'2.0SASA'!$V:$V,"",0) -> 0 | AG18: =AF18*AG$50/AF$50 -> 0 | AH18: =IF(AG18>4,ROUND(AG18/2,0)*2,IF(AG18>2.2,4,0)) -> 0 | AI18: =_xlfn.XLOOKUP(A18,'2.0SASA'!$A:$A,'2.0SASA'!$U:$U,"",0) -> 30 | AJ18: =AI18*AJ$50/AI$50 -> 1.3533835 | AK18: =IF(AJ18>4,ROUND(AJ18/2,0)*2,IF(AJ18>2,4,0)) -> 0 | AL18: =_xlfn.XLOOKUP(A18,'2.0SASA'!$A:$A,'2.0SASA'!$Q:$Q,"",0) -> 30 | AM18: =AL18*AM$50/AL$50 -> 1.4492754 | AN18: =IF(AM18>4,ROUND(AM18/2,0)*2,IF(AM18>2.2,4,0)) -> 0 | AO18: =_xlfn.XLOOKUP(A18,'2.0SASA'!$A:$A,'2.0SASA'!$AD:$AD,"",0) -> 0 | AP18: =AO18*AP$50/AO$50 -> 0 | AQ18: =IF(AP18>4,ROUND(AP18/2,0)*2,IF(AP18>2.2,4,0)) -> 0
A19: SRO JAMNAGAR TOTAL | B19: =SUM(B16:B18) -> 0 | C19: =SUM(C16:C18) -> 0 | D19: =SUM(D16:D18) -> 0 | E19: =SUM(E16:E18) -> 140 | F19: =SUM(F16:F18) -> 14 | G19: =SUM(G16:G18) -> 14 | H19: =SUM(H16:H18) -> 0 | I19: =SUM(I16:I18) -> 0 | ... AQ19: =SUM(AQ16:AQ18) -> 0
A20: Amreli | B20: =_xlfn.XLOOKUP(A20,'2.0SASA'!$A:$A,'2.0SASA'!$C:$C,"",0) -> 0 | C20: =B20*C$50/B$50 -> 0 | D20: =IF(C20>4,ROUND(C20/2,0)*2,IF(C20>2.2,4,0)) -> 0 | E20: =_xlfn.XLOOKUP(A20,'2.0SASA'!$A:$A,'2.0SASA'!$B:$B,"",0) -> 110 | F20: =E20*F$50/E$50 -> 11 | G20: 10 | H20: =_xlfn.XLOOKUP(A20,'2.0SASA'!$A:$A,'2.0SASA'!$J:$J,"",0) -> 0 | I20: =H20*I$50/H$50 -> 0 | J20: =IF(I20>4,ROUND(I20/2,0)*2,IF(I20>2,4,0)) -> 0 | K20: =_xlfn.XLOOKUP(A20,'2.0SASA'!$A:$A,'2.0SASA'!$K:$K,"",0) -> 0 | L20: =K20*L$50/K$50 -> 0 | M20: =IF(L20>4,ROUND(L20/2,0)*2,IF(L20>2.2,4,0)) -> 0 | N20: =_xlfn.XLOOKUP(A20,'2.0SASA'!$A:$A,'2.0SASA'!$G:$G,"",0) -> 30 | O20: =N20*O$50/N$50 -> 4 | P20: =IF(O20>4,ROUND(O20/2,0)*2,IF(O20>2.2,4,0)) -> 4 | Q20: =_xlfn.XLOOKUP(A20,'2.0SASA'!$A:$A,'2.0SASA'!$I:$I,"",0) -> 10 | R20: =Q20*R$50/Q$50 -> 1.1428571 | S20: =IF(R20>4,ROUND(R20/2,0)*2,IF(R20>2.2,4,0)) -> 0 | T20: =_xlfn.XLOOKUP(A20,'2.0SASA'!$A:$A,'2.0SASA'!$F:$F,"",0) -> 0 | U20: =T20*U$50/T$50 -> 0 | V20: =IF(U20>4,ROUND(U20/2,0)*2,IF(U20>2.2,4,0)) -> 0 | W20: =_xlfn.XLOOKUP(A20,'2.0SASA'!$A:$A,'2.0SASA'!$H:$H,"",0) -> 10 | X20: =W20*X$50/W$50 -> 0.875 | Y20: =IF(X20>4,ROUND(X20/2,0)*2,IF(X20>2.2,4,0)) -> 0 | Z20: =_xlfn.XLOOKUP(A20,'2.0SASA'!$A:$A,'2.0SASA'!$D:$D,"",0) -> 110 | AA20: =Z20*AA$50/Z$50 -> 10.666667 | AB20: 12 | AC20: =_xlfn.XLOOKUP(A20,'2.0SASA'!$A:$A,'2.0SASA'!$E:$E,"",0) -> 110 | AD20: =AC20*AD$50/AC$50 -> 10.645161 | AE20: 14 | AF20: =_xlfn.XLOOKUP(A20,'2.0SASA'!$A:$A,'2.0SASA'!$V:$V,"",0) -> 0 | AG20: =AF20*AG$50/AF$50 -> 0 | AH20: =IF(AG20>4,ROUND(AG20/2,0)*2,IF(AG20>2.2,4,0)) -> 0 | AI20: =_xlfn.XLOOKUP(A20,'2.0SASA'!$A:$A,'2.0SASA'!$U:$U,"",0) -> 110 | AJ20: =AI20*AJ$50/AI$50 -> 4.962406 | AK20: 8 | AL20: =_xlfn.XLOOKUP(A20,'2.0SASA'!$A:$A,'2.0SASA'!$Q:$Q,"",0) -> 110 | AM20: =AL20*AM$50/AL$50 -> 5.3140097 | AN20: =IF(AM20>4,ROUND(AM20/2,0)*2,IF(AM20>2.2,4,0)) -> 6 | AO20: =_xlfn.XLOOKUP(A20,'2.0SASA'!$A:$A,'2.0SASA'!$AD:$AD,"",0) -> 40 | AP20: =AO20*AP$50/AO$50 -> 2.0779221 | AQ20: 4
A21: Bhavnagar | B21: =_xlfn.XLOOKUP(A21,'2.0SASA'!$A:$A,'2.0SASA'!$C:$C,"",0) -> 0 | C21: =B21*C$50/B$50 -> 0 | D21: =IF(C21>4,ROUND(C21/2,0)*2,IF(C21>2.2,4,0)) -> 0 | E21: =_xlfn.XLOOKUP(A21,'2.0SASA'!$A:$A,'2.0SASA'!$B:$B,"",0) -> 80 | F21: =E21*F$50/E$50 -> 8 | G21: =IF(F21>4,ROUND(F21/2,0)*2,IF(F21>2.2,4,0)) -> 8 | H21: =_xlfn.XLOOKUP(A21,'2.0SASA'!$A:$A,'2.0SASA'!$J:$J,"",0) -> 0 | I21: =H21*I$50/H$50 -> 0 | J21: =IF(I21>4,ROUND(I21/2,0)*2,IF(I21>2,4,0)) -> 0 | K21: =_xlfn.XLOOKUP(A21,'2.0SASA'!$A:$A,'2.0SASA'!$K:$K,"",0) -> 0 | L21: =K21*L$50/K$50 -> 0 | M21: =IF(L21>4,ROUND(L21/2,0)*2,IF(L21>2.2,4,0)) -> 0 | N21: =_xlfn.XLOOKUP(A21,'2.0SASA'!$A:$A,'2.0SASA'!$G:$G,"",0) -> 20 | O21: =N21*O$50/N$50 -> 2.6666667 | P21: =IF(O21>4,ROUND(O21/2,0)*2,IF(O21>2.2,4,0)) -> 4 | Q21: =_xlfn.XLOOKUP(A21,'2.0SASA'!$A:$A,'2.0SASA'!$I:$I,"",0) -> 70 | R21: =Q21*R$50/Q$50 -> 8 | S21: =IF(R21>4,ROUND(R21/2,0)*2,IF(R21>2.2,4,0)) -> 8 | T21: =_xlfn.XLOOKUP(A21,'2.0SASA'!$A:$A,'2.0SASA'!$F:$F,"",0) -> 0 | U21: =T21*U$50/T$50 -> 0 | V21: =IF(U21>4,ROUND(U21/2,0)*2,IF(U21>2.2,4,0)) -> 0 | W21: =_xlfn.XLOOKUP(A21,'2.0SASA'!$A:$A,'2.0SASA'!$H:$H,"",0) -> 0 | X21: =W21*X$50/W$50 -> 0 | Y21: =IF(X21>4,ROUND(X21/2,0)*2,IF(X21>2.2,4,0)) -> 0 | Z21: =_xlfn.XLOOKUP(A21,'2.0SASA'!$A:$A,'2.0SASA'!$D:$D,"",0) -> 100 | AA21: =Z21*AA$50/Z$50 -> 9.6969697 | AB21: =IF(AA21>4,ROUND(AA21/2,0)*2,IF(AA21>2.2,4,0)) -> 10 | AC21: =_xlfn.XLOOKUP(A21,'2.0SASA'!$A:$A,'2.0SASA'!$E:$E,"",0) -> 80 | AD21: =AC21*AD$50/AC$50 -> 7.7419355 | AE21: 10 | AF21: =_xlfn.XLOOKUP(A21,'2.0SASA'!$A:$A,'2.0SASA'!$V:$V,"",0) -> 0 | AG21: =AF21*AG$50/AF$50 -> 0 | AH21: =IF(AG21>4,ROUND(AG21/2,0)*2,IF(AG21>2.2,4,0)) -> 0 | AI21: =_xlfn.XLOOKUP(A21,'2.0SASA'!$A:$A,'2.0SASA'!$U:$U,"",0) -> 100 | AJ21: =AI21*AJ$50/AI$50 -> 4.5112782 | AK21: 6 | AL21: =_xlfn.XLOOKUP(A21,'2.0SASA'!$A:$A,'2.0SASA'!$Q:$Q,"",0) -> 100 | AM21: =AL21*AM$50/AL$50 -> 4.8309179 | AN21: 6 | AO21: =_xlfn.XLOOKUP(A21,'2.0SASA'!$A:$A,'2.0SASA'!$AD:$AD,"",0) -> 30 | AP21: =AO21*AP$50/AO$50 -> 1.5584416 | AQ21: =IF(AP21>4,ROUND(AP21/2,0)*2,IF(AP21>2.2,4,0)) -> 0
A22: Botad | B22: =_xlfn.XLOOKUP(A22,'2.0SASA'!$A:$A,'2.0SASA'!$C:$C,"",0) -> 0 | C22: =B22*C$50/B$50 -> 0 | D22: =IF(C22>4,ROUND(C22/2,0)*2,IF(C22>2.2,4,0)) -> 0 | E22: =_xlfn.XLOOKUP(A22,'2.0SASA'!$A:$A,'2.0SASA'!$B:$B,"",0) -> 30 | F22: =E22*F$50/E$50 -> 3 | G22: =IF(F22>4,ROUND(F22/2,0)*2,IF(F22>2.2,4,0)) -> 4 | H22: =_xlfn.XLOOKUP(A22,'2.0SASA'!$A:$A,'2.0SASA'!$J:$J,"",0) -> 0 | I22: =H22*I$50/H$50 -> 0 | J22: =IF(I22>4,ROUND(I22/2,0)*2,IF(I22>2,4,0)) -> 0 | K22: =_xlfn.XLOOKUP(A22,'2.0SASA'!$A:$A,'2.0SASA'!$K:$K,"",0) -> 0 | L22: =K22*L$50/K$50 -> 0 | M22: =IF(L22>4,ROUND(L22/2,0)*2,IF(L22>2.2,4,0)) -> 0 | N22: =_xlfn.XLOOKUP(A22,'2.0SASA'!$A:$A,'2.0SASA'!$G:$G,"",0) -> 30 | O22: =N22*O$50/N$50 -> 4 | P22: =IF(O22>4,ROUND(O22/2,0)*2,IF(O22>2.2,4,0)) -> 4 | Q22: =_xlfn.XLOOKUP(A22,'2.0SASA'!$A:$A,'2.0SASA'!$I:$I,"",0) -> 0 | R22: =Q22*R$50/Q$50 -> 0 | S22: =IF(R22>4,ROUND(R22/2,0)*2,IF(R22>2.2,4,0)) -> 0 | T22: =_xlfn.XLOOKUP(A22,'2.0SASA'!$A:$A,'2.0SASA'!$F:$F,"",0) -> 0 | U22: =T22*U$50/T$50 -> 0 | V22: =IF(U22>4,ROUND(U22/2,0)*2,IF(U22>2.2,4,0)) -> 0 | W22: =_xlfn.XLOOKUP(A22,'2.0SASA'!$A:$A,'2.0SASA'!$H:$H,"",0) -> 0 | X22: =W22*X$50/W$50 -> 0 | Y22: =IF(X22>4,ROUND(X22/2,0)*2,IF(X22>2.2,4,0)) -> 0 | Z22: =_xlfn.XLOOKUP(A22,'2.0SASA'!$A:$A,'2.0SASA'!$D:$D,"",0) -> 40 | AA22: =Z22*AA$50/Z$50 -> 3.8787879 | AB22: =IF(AA22>4,ROUND(AA22/2,0)*2,IF(AA22>2.2,4,0)) -> 4 | AC22: =_xlfn.XLOOKUP(A22,'2.0SASA'!$A:$A,'2.0SASA'!$E:$E,"",0) -> 10 | AD22: =AC22*AD$50/AC$50 -> 0.96774194 | AE22: =IF(AD22>4,ROUND(AD22/2,0)*2,IF(AD22>2.2,4,0)) -> 0 | AF22: =_xlfn.XLOOKUP(A22,'2.0SASA'!$A:$A,'2.0SASA'!$V:$V,"",0) -> 0 | AG22: =AF22*AG$50/AF$50 -> 0 | AH22: =IF(AG22>4,ROUND(AG22/2,0)*2,IF(AG22>2.2,4,0)) -> 0 | AI22: =_xlfn.XLOOKUP(A22,'2.0SASA'!$A:$A,'2.0SASA'!$U:$U,"",0) -> 40 | AJ22: =AI22*AJ$50/AI$50 -> 1.8045113 | AK22: =IF(AJ22>4,ROUND(AJ22/2,0)*2,IF(AJ22>2,4,0)) -> 0 | AL22: =_xlfn.XLOOKUP(A22,'2.0SASA'!$A:$A,'2.0SASA'!$Q:$Q,"",0) -> 40 | AM22: =AL22*AM$50/AL$50 -> 1.9323671 | AN22: =IF(AM22>4,ROUND(AM22/2,0)*2,IF(AM22>2.2,4,0)) -> 0 | AO22: =_xlfn.XLOOKUP(A22,'2.0SASA'!$A:$A,'2.0SASA'!$AD:$AD,"",0) -> 0 | AP22: =AO22*AP$50/AO$50 -> 0 | AQ22: =IF(AP22>4,ROUND(AP22/2,0)*2,IF(AP22>2.2,4,0)) -> 0
A23: SRO BHAVNAGAR TOTAL | B23: =SUM(B20:B22) -> 0 | C23: =SUM(C20:C22) -> 0 | D23: =SUM(D20:D22) -> 0 | E23: =SUM(E20:E22) -> 220 | F23: =SUM(F20:F22) -> 22 | G23: =SUM(G20:G22) -> 22 | H23: =SUM(H20:H22) -> 0 | I23: =SUM(I20:I22) -> 0 | ... AQ23: =SUM(AQ20:AQ22) -> 4
A24: RO AHMEDABAD TOTAL | B24: =SUM(B7,B10,B15,B19,B23) -> 0 | C24: =SUM(C7,C10,C15,C19,C23) -> 0 | D24: =SUM(D7,D10,D15,D19,D23) -> 0 | E24: =SUM(E7,E10,E15,E19,E23) -> 850 | F24: =SUM(F7,F10,F15,F19,F23) -> 85 | G24: =SUM(G7,G10,G15,G19,G23) -> 88 | H24: =SUM(H7,H10,H15,H19,H23) -> 92 | I24: =SUM(I7,I10,I15,I19,I23) -> 8.440367 | ... AQ24: =SUM(AQ7,AQ10,AQ15,AQ19,AQ23) -> 12
A25: Banaskantha | B25: =_xlfn.XLOOKUP(A25,'2.0SASA'!$A:$A,'2.0SASA'!$C:$C,"",0) -> 30 | C25: =B25*C$50/B$50 -> 2.7713626 | D25: =IF(C25>4,ROUND(C25/2,0)*2,IF(C25>2.2,4,0)) -> 4 | E25: =_xlfn.XLOOKUP(A25,'2.0SASA'!$A:$A,'2.0SASA'!$B:$B,"",0) -> 120 | F25: =E25*F$50/E$50 -> 12 | G25: =IF(F25>4,ROUND(F25/2,0)*2,IF(F25>2.2,4,0)) -> 12 | H25: =_xlfn.XLOOKUP(A25,'2.0SASA'!$A:$A,'2.0SASA'!$J:$J,"",0) -> 0 | I25: =H25*I$50/H$50 -> 0 | J25: =IF(I25>4,ROUND(I25/2,0)*2,IF(I25>2,4,0)) -> 0 | K25: =_xlfn.XLOOKUP(A25,'2.0SASA'!$A:$A,'2.0SASA'!$K:$K,"",0) -> 0 | L25: =K25*L$50/K$50 -> 0 | M25: =IF(L25>4,ROUND(L25/2,0)*2,IF(L25>2.2,4,0)) -> 0 | N25: =_xlfn.XLOOKUP(A25,'2.0SASA'!$A:$A,'2.0SASA'!$G:$G,"",0) -> 0 | O25: =N25*O$50/N$50 -> 0 | P25: =IF(O25>4,ROUND(O25/2,0)*2,IF(O25>2.2,4,0)) -> 0 | Q25: =_xlfn.XLOOKUP(A25,'2.0SASA'!$A:$A,'2.0SASA'!$I:$I,"",0) -> 80 | R25: =Q25*R$50/Q$50 -> 9.1428571 | S25: 8 | T25: =_xlfn.XLOOKUP(A25,'2.0SASA'!$A:$A,'2.0SASA'!$F:$F,"",0) -> 140 | U25: =T25*U$50/T$50 -> 14 | V25: =IF(U25>4,ROUND(U25/2,0)*2,IF(U25>2.2,4,0)) -> 14 | W25: =_xlfn.XLOOKUP(A25,'2.0SASA'!$A:$A,'2.0SASA'!$H:$H,"",0) -> 0 | X25: =W25*X$50/W$50 -> 0 | Y25: =IF(X25>4,ROUND(X25/2,0)*2,IF(X25>2.2,4,0)) -> 0 | Z25: =_xlfn.XLOOKUP(A25,'2.0SASA'!$A:$A,'2.0SASA'!$D:$D,"",0) -> 60 | AA25: =Z25*AA$50/Z$50 -> 5.8181818 | AB25: =IF(AA25>4,ROUND(AA25/2,0)*2,IF(AA25>2.2,4,0)) -> 6 | AC25: =_xlfn.XLOOKUP(A25,'2.0SASA'!$A:$A,'2.0SASA'!$E:$E,"",0) -> 0 | AD25: =AC25*AD$50/AC$50 -> 0 | AE25: =IF(AD25>4,ROUND(AD25/2,0)*2,IF(AD25>2.2,4,0)) -> 0 | AF25: =_xlfn.XLOOKUP(A25,'2.0SASA'!$A:$A,'2.0SASA'!$V:$V,"",0) -> 120 | AG25: =AF25*AG$50/AF$50 -> 8 | AH25: 10 | AI25: =_xlfn.XLOOKUP(A25,'2.0SASA'!$A:$A,'2.0SASA'!$U:$U,"",0) -> 0 | AJ25: =AI25*AJ$50/AI$50 -> 0 | AK25: =IF(AJ25>4,ROUND(AJ25/2,0)*2,IF(AJ25>2,4,0)) -> 0 | AL25: =_xlfn.XLOOKUP(A25,'2.0SASA'!$A:$A,'2.0SASA'!$Q:$Q,"",0) -> 140 | AM25: =AL25*AM$50/AL$50 -> 6.763285 | AN25: 8 | AO25: =_xlfn.XLOOKUP(A25,'2.0SASA'!$A:$A,'2.0SASA'!$AD:$AD,"",0) -> 140 | AP25: =AO25*AP$50/AO$50 -> 7.2727273 | AQ25: 10
A26: Patan | B26: =_xlfn.XLOOKUP(A26,'2.0SASA'!$A:$A,'2.0SASA'!$C:$C,"",0) -> 0 | C26: =B26*C$50/B$50 -> 0 | D26: =IF(C26>4,ROUND(C26/2,0)*2,IF(C26>2.2,4,0)) -> 0 | E26: =_xlfn.XLOOKUP(A26,'2.0SASA'!$A:$A,'2.0SASA'!$B:$B,"",0) -> 10 | F26: =E26*F$50/E$50 -> 1 | G26: =IF(F26>4,ROUND(F26/2,0)*2,IF(F26>2.2,4,0)) -> 0 | H26: =_xlfn.XLOOKUP(A26,'2.0SASA'!$A:$A,'2.0SASA'!$J:$J,"",0) -> 0 | I26: =H26*I$50/H$50 -> 0 | J26: =IF(I26>4,ROUND(I26/2,0)*2,IF(I26>2,4,0)) -> 0 | K26: =_xlfn.XLOOKUP(A26,'2.0SASA'!$A:$A,'2.0SASA'!$K:$K,"",0) -> 0 | L26: =K26*L$50/K$50 -> 0 | M26: =IF(L26>4,ROUND(L26/2,0)*2,IF(L26>2.2,4,0)) -> 0 | N26: =_xlfn.XLOOKUP(A26,'2.0SASA'!$A:$A,'2.0SASA'!$G:$G,"",0) -> 10 | O26: =N26*O$50/N$50 -> 1.3333333 | P26: =IF(O26>4,ROUND(O26/2,0)*2,IF(O26>2.2,4,0)) -> 0 | Q26: =_xlfn.XLOOKUP(A26,'2.0SASA'!$A:$A,'2.0SASA'!$I:$I,"",0) -> 40 | R26: =Q26*R$50/Q$50 -> 4.5714286 | S26: =IF(R26>4,ROUND(R26/2,0)*2,IF(R26>2.2,4,0)) -> 4 | T26: =_xlfn.XLOOKUP(A26,'2.0SASA'!$A:$A,'2.0SASA'!$F:$F,"",0) -> 90 | U26: =T26*U$50/T$50 -> 9 | V26: =IF(U26>4,ROUND(U26/2,0)*2,IF(U26>2.2,4,0)) -> 10 | W26: =_xlfn.XLOOKUP(A26,'2.0SASA'!$A:$A,'2.0SASA'!$H:$H,"",0) -> 0 | X26: =W26*X$50/W$50 -> 0 | Y26: =IF(X26>4,ROUND(X26/2,0)*2,IF(X26>2.2,4,0)) -> 0 | Z26: =_xlfn.XLOOKUP(A26,'2.0SASA'!$A:$A,'2.0SASA'!$D:$D,"",0) -> 70 | AA26: =Z26*AA$50/Z$50 -> 6.7878788 | AB26: =IF(AA26>4,ROUND(AA26/2,0)*2,IF(AA26>2.2,4,0)) -> 6 | AC26: =_xlfn.XLOOKUP(A26,'2.0SASA'!$A:$A,'2.0SASA'!$E:$E,"",0) -> 20 | AD26: =AC26*AD$50/AC$50 -> 1.9354839 | AE26: =IF(AD26>4,ROUND(AD26/2,0)*2,IF(AD26>2.2,4,0)) -> 0 | AF26: =_xlfn.XLOOKUP(A26,'2.0SASA'!$A:$A,'2.0SASA'!$V:$V,"",0) -> 80 | AG26: =AF26*AG$50/AF$50 -> 5.3333333 | AH26: =IF(AG26>4,ROUND(AG26/2,0)*2,IF(AG26>2.2,4,0)) -> 6 | AI26: =_xlfn.XLOOKUP(A26,'2.0SASA'!$A:$A,'2.0SASA'!$U:$U,"",0) -> 50 | AJ26: =AI26*AJ$50/AI$50 -> 2.2556391 | AK26: =IF(AJ26>4,ROUND(AJ26/2,0)*2,IF(AJ26>2,4,0)) -> 4 | AL26: =_xlfn.XLOOKUP(A26,'2.0SASA'!$A:$A,'2.0SASA'!$Q:$Q,"",0) -> 90 | AM26: =AL26*AM$50/AL$50 -> 4.3478261 | AN26: =IF(AM26>4,ROUND(AM26/2,0)*2,IF(AM26>2.2,4,0)) -> 4 | AO26: =_xlfn.XLOOKUP(A26,'2.0SASA'!$A:$A,'2.0SASA'!$AD:$AD,"",0) -> 40 | AP26: =AO26*AP$50/AO$50 -> 2.0779221 | AQ26: =IF(AP26>4,ROUND(AP26/2,0)*2,IF(AP26>2.2,4,0)) -> 0
A27: Mahesana | B27: =_xlfn.XLOOKUP(A27,'2.0SASA'!$A:$A,'2.0SASA'!$C:$C,"",0) -> 0 | C27: =B27*C$50/B$50 -> 0 | D27: =IF(C27>4,ROUND(C27/2,0)*2,IF(C27>2.2,4,0)) -> 0 | E27: =_xlfn.XLOOKUP(A27,'2.0SASA'!$A:$A,'2.0SASA'!$B:$B,"",0) -> 40 | F27: =E27*F$50/E$50 -> 4 | G27: =IF(F27>4,ROUND(F27/2,0)*2,IF(F27>2.2,4,0)) -> 4 | H27: =_xlfn.XLOOKUP(A27,'2.0SASA'!$A:$A,'2.0SASA'!$J:$J,"",0) -> 10 | I27: =H27*I$50/H$50 -> 0.91743119 | J27: =IF(I27>4,ROUND(I27/2,0)*2,IF(I27>2,4,0)) -> 0 | K27: =_xlfn.XLOOKUP(A27,'2.0SASA'!$A:$A,'2.0SASA'!$K:$K,"",0) -> 0 | L27: =K27*L$50/K$50 -> 0 | M27: =IF(L27>4,ROUND(L27/2,0)*2,IF(L27>2.2,4,0)) -> 0 | N27: =_xlfn.XLOOKUP(A27,'2.0SASA'!$A:$A,'2.0SASA'!$G:$G,"",0) -> 10 | O27: =N27*O$50/N$50 -> 1.3333333 | P27: =IF(O27>4,ROUND(O27/2,0)*2,IF(O27>2.2,4,0)) -> 0 | Q27: =_xlfn.XLOOKUP(A27,'2.0SASA'!$A:$A,'2.0SASA'!$I:$I,"",0) -> 20 | R27: =Q27*R$50/Q$50 -> 2.2857143 | S27: =IF(R27>4,ROUND(R27/2,0)*2,IF(R27>2.2,4,0)) -> 4 | T27: =_xlfn.XLOOKUP(A27,'2.0SASA'!$A:$A,'2.0SASA'!$F:$F,"",0) -> 100 | U27: =T27*U$50/T$50 -> 10 | V27: =IF(U27>4,ROUND(U27/2,0)*2,IF(U27>2.2,4,0)) -> 10 | W27: =_xlfn.XLOOKUP(A27,'2.0SASA'!$A:$A,'2.0SASA'!$H:$H,"",0) -> 0 | X27: =W27*X$50/W$50 -> 0 | Y27: =IF(X27>4,ROUND(X27/2,0)*2,IF(X27>2.2,4,0)) -> 0 | Z27: =_xlfn.XLOOKUP(A27,'2.0SASA'!$A:$A,'2.0SASA'!$D:$D,"",0) -> 100 | AA27: =Z27*AA$50/Z$50 -> 9.6969697 | AB27: =IF(AA27>4,ROUND(AA27/2,0)*2,IF(AA27>2.2,4,0)) -> 10 | AC27: =_xlfn.XLOOKUP(A27,'2.0SASA'!$A:$A,'2.0SASA'!$E:$E,"",0) -> 0 | AD27: =AC27*AD$50/AC$50 -> 0 | AE27: =IF(AD27>4,ROUND(AD27/2,0)*2,IF(AD27>2.2,4,0)) -> 0 | AF27: =_xlfn.XLOOKUP(A27,'2.0SASA'!$A:$A,'2.0SASA'!$V:$V,"",0) -> 90 | AG27: =AF27*AG$50/AF$50 -> 6 | AH27: =IF(AG27>4,ROUND(AG27/2,0)*2,IF(AG27>2.2,4,0)) -> 6 | AI27: =_xlfn.XLOOKUP(A27,'2.0SASA'!$A:$A,'2.0SASA'!$U:$U,"",0) -> 10 | AJ27: =AI27*AJ$50/AI$50 -> 0.45112782 | AK27: =IF(AJ27>4,ROUND(AJ27/2,0)*2,IF(AJ27>2,4,0)) -> 0 | AL27: =_xlfn.XLOOKUP(A27,'2.0SASA'!$A:$A,'2.0SASA'!$Q:$Q,"",0) -> 100 | AM27: =AL27*AM$50/AL$50 -> 4.8309179 | AN27: =IF(AM27>4,ROUND(AM27/2,0)*2,IF(AM27>2.2,4,0)) -> 4 | AO27: =_xlfn.XLOOKUP(A27,'2.0SASA'!$A:$A,'2.0SASA'!$AD:$AD,"",0) -> 70 | AP27: =AO27*AP$50/AO$50 -> 3.6363636 | AQ27: =IF(AP27>4,ROUND(AP27/2,0)*2,IF(AP27>2.2,4,0)) -> 4
A28: SRO MEHSANA TOTAL | B28: =SUM(B25:B27) -> 30 | C28: =SUM(C25:C27) -> 2.7713626 | D28: =SUM(D25:D27) -> 4 | E28: =SUM(E25:E27) -> 170 | F28: =SUM(F25:F27) -> 17 | G28: =SUM(G25:G27) -> 16 | H28: =SUM(H25:H27) -> 10 | I28: =SUM(I25:I27) -> 0.91743119 | ... AQ28: =SUM(AQ25:AQ27) -> 14
A29: Sabarkantha | B29: =_xlfn.XLOOKUP(A29,'2.0SASA'!$A:$A,'2.0SASA'!$C:$C,"",0) -> 40 | C29: =B29*C$50/B$50 -> 3.6951501 | D29: =IF(C29>4,ROUND(C29/2,0)*2,IF(C29>2.2,4,0)) -> 4 | E29: =_xlfn.XLOOKUP(A29,'2.0SASA'!$A:$A,'2.0SASA'!$B:$B,"",0) -> 60 | F29: =E29*F$50/E$50 -> 6 | G29: =IF(F29>4,ROUND(F29/2,0)*2,IF(F29>2.2,4,0)) -> 6 | H29: =_xlfn.XLOOKUP(A29,'2.0SASA'!$A:$A,'2.0SASA'!$J:$J,"",0) -> 10 | I29: =H29*I$50/H$50 -> 0.91743119 | J29: =IF(I29>4,ROUND(I29/2,0)*2,IF(I29>2,4,0)) -> 0 | K29: =_xlfn.XLOOKUP(A29,'2.0SASA'!$A:$A,'2.0SASA'!$K:$K,"",0) -> 10 | L29: =K29*L$50/K$50 -> 1.025641 | M29: =IF(L29>4,ROUND(L29/2,0)*2,IF(L29>2.2,4,0)) -> 0 | N29: =_xlfn.XLOOKUP(A29,'2.0SASA'!$A:$A,'2.0SASA'!$G:$G,"",0) -> 0 | O29: =N29*O$50/N$50 -> 0 | P29: =IF(O29>4,ROUND(O29/2,0)*2,IF(O29>2.2,4,0)) -> 0 | Q29: =_xlfn.XLOOKUP(A29,'2.0SASA'!$A:$A,'2.0SASA'!$I:$I,"",0) -> 0 | R29: =Q29*R$50/Q$50 -> 0 | S29: =IF(R29>4,ROUND(R29/2,0)*2,IF(R29>2.2,4,0)) -> 0 | T29: =_xlfn.XLOOKUP(A29,'2.0SASA'!$A:$A,'2.0SASA'!$F:$F,"",0) -> 60 | U29: =T29*U$50/T$50 -> 6 | V29: =IF(U29>4,ROUND(U29/2,0)*2,IF(U29>2.2,4,0)) -> 6 | W29: =_xlfn.XLOOKUP(A29,'2.0SASA'!$A:$A,'2.0SASA'!$H:$H,"",0) -> 40 | X29: =W29*X$50/W$50 -> 3.5 | Y29: =IF(X29>4,ROUND(X29/2,0)*2,IF(X29>2.2,4,0)) -> 4 | Z29: =_xlfn.XLOOKUP(A29,'2.0SASA'!$A:$A,'2.0SASA'!$D:$D,"",0) -> 70 | AA29: =Z29*AA$50/Z$50 -> 6.7878788 | AB29: 8 | AC29: =_xlfn.XLOOKUP(A29,'2.0SASA'!$A:$A,'2.0SASA'!$E:$E,"",0) -> 0 | AD29: =AC29*AD$50/AC$50 -> 0 | AE29: =IF(AD29>4,ROUND(AD29/2,0)*2,IF(AD29>2.2,4,0)) -> 0 | AF29: =_xlfn.XLOOKUP(A29,'2.0SASA'!$A:$A,'2.0SASA'!$V:$V,"",0) -> 20 | AG29: =AF29*AG$50/AF$50 -> 1.3333333 | AH29: =IF(AG29>4,ROUND(AG29/2,0)*2,IF(AG29>2.2,4,0)) -> 0 | AI29: =_xlfn.XLOOKUP(A29,'2.0SASA'!$A:$A,'2.0SASA'!$U:$U,"",0) -> 50 | AJ29: =AI29*AJ$50/AI$50 -> 2.2556391 | AK29: =IF(AJ29>4,ROUND(AJ29/2,0)*2,IF(AJ29>2,4,0)) -> 4 | AL29: =_xlfn.XLOOKUP(A29,'2.0SASA'!$A:$A,'2.0SASA'!$Q:$Q,"",0) -> 80 | AM29: =AL29*AM$50/AL$50 -> 3.8647343 | AN29: =IF(AM29>4,ROUND(AM29/2,0)*2,IF(AM29>2.2,4,0)) -> 4 | AO29: =_xlfn.XLOOKUP(A29,'2.0SASA'!$A:$A,'2.0SASA'!$AD:$AD,"",0) -> 20 | AP29: =AO29*AP$50/AO$50 -> 1.038961 | AQ29: =IF(AP29>4,ROUND(AP29/2,0)*2,IF(AP29>2.2,4,0)) -> 0
A30: Arvalli | B30: =_xlfn.XLOOKUP(A30,'2.0SASA'!$A:$A,'2.0SASA'!$C:$C,"",0) -> 60 | C30: =B30*C$50/B$50 -> 5.5427252 | D30: =IF(C30>4,ROUND(C30/2,0)*2,IF(C30>2.2,4,0)) -> 6 | E30: =_xlfn.XLOOKUP(A30,'2.0SASA'!$A:$A,'2.0SASA'!$B:$B,"",0) -> 60 | F30: =E30*F$50/E$50 -> 6 | G30: =IF(F30>4,ROUND(F30/2,0)*2,IF(F30>2.2,4,0)) -> 6 | H30: =_xlfn.XLOOKUP(A30,'2.0SASA'!$A:$A,'2.0SASA'!$J:$J,"",0) -> 10 | I30: =H30*I$50/H$50 -> 0.91743119 | J30: =IF(I30>4,ROUND(I30/2,0)*2,IF(I30>2,4,0)) -> 0 | K30: =_xlfn.XLOOKUP(A30,'2.0SASA'!$A:$A,'2.0SASA'!$K:$K,"",0) -> 0 | L30: =K30*L$50/K$50 -> 0 | M30: =IF(L30>4,ROUND(L30/2,0)*2,IF(L30>2.2,4,0)) -> 0 | N30: =_xlfn.XLOOKUP(A30,'2.0SASA'!$A:$A,'2.0SASA'!$G:$G,"",0) -> 0 | O30: =N30*O$50/N$50 -> 0 | P30: =IF(O30>4,ROUND(O30/2,0)*2,IF(O30>2.2,4,0)) -> 0 | Q30: =_xlfn.XLOOKUP(A30,'2.0SASA'!$A:$A,'2.0SASA'!$I:$I,"",0) -> 10 | R30: =Q30*R$50/Q$50 -> 1.1428571 | S30: =IF(R30>4,ROUND(R30/2,0)*2,IF(R30>2.2,4,0)) -> 0 | T30: =_xlfn.XLOOKUP(A30,'2.0SASA'!$A:$A,'2.0SASA'!$F:$F,"",0) -> 50 | U30: =T30*U$50/T$50 -> 5 | V30: =IF(U30>4,ROUND(U30/2,0)*2,IF(U30>2.2,4,0)) -> 6 | W30: =_xlfn.XLOOKUP(A30,'2.0SASA'!$A:$A,'2.0SASA'!$H:$H,"",0) -> 30 | X30: =W30*X$50/W$50 -> 2.625 | Y30: =IF(X30>4,ROUND(X30/2,0)*2,IF(X30>2.2,4,0)) -> 4 | Z30: =_xlfn.XLOOKUP(A30,'2.0SASA'!$A:$A,'2.0SASA'!$D:$D,"",0) -> 50 | AA30: =Z30*AA$50/Z$50 -> 4.8484848 | AB30: =IF(AA30>4,ROUND(AA30/2,0)*2,IF(AA30>2.2,4,0)) -> 4 | AC30: =_xlfn.XLOOKUP(A30,'2.0SASA'!$A:$A,'2.0SASA'!$E:$E,"",0) -> 0 | AD30: =AC30*AD$50/AC$50 -> 0 | AE30: =IF(AD30>4,ROUND(AD30/2,0)*2,IF(AD30>2.2,4,0)) -> 0 | AF30: =_xlfn.XLOOKUP(A30,'2.0SASA'!$A:$A,'2.0SASA'!$V:$V,"",0) -> 20 | AG30: =AF30*AG$50/AF$50 -> 1.3333333 | AH30: =IF(AG30>4,ROUND(AG30/2,0)*2,IF(AG30>2.2,4,0)) -> 0 | AI30: =_xlfn.XLOOKUP(A30,'2.0SASA'!$A:$A,'2.0SASA'!$U:$U,"",0) -> 60 | AJ30: =AI30*AJ$50/AI$50 -> 2.7067669 | AK30: =IF(AJ30>4,ROUND(AJ30/2,0)*2,IF(AJ30>2,4,0)) -> 4 | AL30: =_xlfn.XLOOKUP(A30,'2.0SASA'!$A:$A,'2.0SASA'!$Q:$Q,"",0) -> 60 | AM30: =AL30*AM$50/AL$50 -> 2.8985507 | AN30: =IF(AM30>4,ROUND(AM30/2,0)*2,IF(AM30>2.2,4,0)) -> 4 | AO30: =_xlfn.XLOOKUP(A30,'2.0SASA'!$A:$A,'2.0SASA'!$AD:$AD,"",0) -> 20 | AP30: =AO30*AP$50/AO$50 -> 1.038961 | AQ30: =IF(AP30>4,ROUND(AP30/2,0)*2,IF(AP30>2.2,4,0)) -> 0
A31: Anand | B31: =_xlfn.XLOOKUP(A31,'2.0SASA'!$A:$A,'2.0SASA'!$C:$C,"",0) -> 0 | C31: =B31*C$50/B$50 -> 0 | D31: =IF(C31>4,ROUND(C31/2,0)*2,IF(C31>2.2,4,0)) -> 0 | E31: =_xlfn.XLOOKUP(A31,'2.0SASA'!$A:$A,'2.0SASA'!$B:$B,"",0) -> 0 | F31: =E31*F$50/E$50 -> 0 | G31: =IF(F31>4,ROUND(F31/2,0)*2,IF(F31>2.2,4,0)) -> 0 | H31: =_xlfn.XLOOKUP(A31,'2.0SASA'!$A:$A,'2.0SASA'!$J:$J,"",0) -> 80 | I31: =H31*I$50/H$50 -> 7.3394495 | J31: =IF(I31>4,ROUND(I31/2,0)*2,IF(I31>2,4,0)) -> 8 | K31: =_xlfn.XLOOKUP(A31,'2.0SASA'!$A:$A,'2.0SASA'!$K:$K,"",0) -> 0 | L31: =K31*L$50/K$50 -> 0 | M31: =IF(L31>4,ROUND(L31/2,0)*2,IF(L31>2.2,4,0)) -> 0 | N31: =_xlfn.XLOOKUP(A31,'2.0SASA'!$A:$A,'2.0SASA'!$G:$G,"",0) -> 0 | O31: =N31*O$50/N$50 -> 0 | P31: =IF(O31>4,ROUND(O31/2,0)*2,IF(O31>2.2,4,0)) -> 0 | Q31: =_xlfn.XLOOKUP(A31,'2.0SASA'!$A:$A,'2.0SASA'!$I:$I,"",0) -> 30 | R31: =Q31*R$50/Q$50 -> 3.4285714 | S31: =IF(R31>4,ROUND(R31/2,0)*2,IF(R31>2.2,4,0)) -> 4 | T31: =_xlfn.XLOOKUP(A31,'2.0SASA'!$A:$A,'2.0SASA'!$F:$F,"",0) -> 0 | U31: =T31*U$50/T$50 -> 0 | V31: =IF(U31>4,ROUND(U31/2,0)*2,IF(U31>2.2,4,0)) -> 0 | W31: =_xlfn.XLOOKUP(A31,'2.0SASA'!$A:$A,'2.0SASA'!$H:$H,"",0) -> 0 | X31: =W31*X$50/W$50 -> 0 | Y31: =IF(X31>4,ROUND(X31/2,0)*2,IF(X31>2.2,4,0)) -> 0 | Z31: =_xlfn.XLOOKUP(A31,'2.0SASA'!$A:$A,'2.0SASA'!$D:$D,"",0) -> 10 | AA31: =Z31*AA$50/Z$50 -> 0.96969697 | AB31: =IF(AA31>4,ROUND(AA31/2,0)*2,IF(AA31>2.2,4,0)) -> 0 | AC31: =_xlfn.XLOOKUP(A31,'2.0SASA'!$A:$A,'2.0SASA'!$E:$E,"",0) -> 0 | AD31: =AC31*AD$50/AC$50 -> 0 | AE31: =IF(AD31>4,ROUND(AD31/2,0)*2,IF(AD31>2.2,4,0)) -> 0 | AF31: =_xlfn.XLOOKUP(A31,'2.0SASA'!$A:$A,'2.0SASA'!$V:$V,"",0) -> 0 | AG31: =AF31*AG$50/AF$50 -> 0 | AH31: =IF(AG31>4,ROUND(AG31/2,0)*2,IF(AG31>2.2,4,0)) -> 0 | AI31: =_xlfn.XLOOKUP(A31,'2.0SASA'!$A:$A,'2.0SASA'!$U:$U,"",0) -> 20 | AJ31: =AI31*AJ$50/AI$50 -> 0.90225564 | AK31: =IF(AJ31>4,ROUND(AJ31/2,0)*2,IF(AJ31>2,4,0)) -> 0 | AL31: =_xlfn.XLOOKUP(A31,'2.0SASA'!$A:$A,'2.0SASA'!$Q:$Q,"",0) -> 70 | AM31: =AL31*AM$50/AL$50 -> 3.3816425 | AN31: =IF(AM31>4,ROUND(AM31/2,0)*2,IF(AM31>2.2,4,0)) -> 4 | AO31: =_xlfn.XLOOKUP(A31,'2.0SASA'!$A:$A,'2.0SASA'!$AD:$AD,"",0) -> 70 | AP31: =AO31*AP$50/AO$50 -> 3.6363636 | AQ31: =IF(AP31>4,ROUND(AP31/2,0)*2,IF(AP31>2.2,4,0)) -> 4
A32: Kheda | B32: =_xlfn.XLOOKUP(A32,'2.0SASA'!$A:$A,'2.0SASA'!$C:$C,"",0) -> 0 | C32: =B32*C$50/B$50 -> 0 | D32: =IF(C32>4,ROUND(C32/2,0)*2,IF(C32>2.2,4,0)) -> 0 | E32: =_xlfn.XLOOKUP(A32,'2.0SASA'!$A:$A,'2.0SASA'!$B:$B,"",0) -> 10 | F32: =E32*F$50/E$50 -> 1 | G32: =IF(F32>4,ROUND(F32/2,0)*2,IF(F32>2.2,4,0)) -> 0 | H32: =_xlfn.XLOOKUP(A32,'2.0SASA'!$A:$A,'2.0SASA'!$J:$J,"",0) -> 100 | I32: =H32*I$50/H$50 -> 9.1743119 | J32: =IF(I32>4,ROUND(I32/2,0)*2,IF(I32>2,4,0)) -> 10 | K32: =_xlfn.XLOOKUP(A32,'2.0SASA'!$A:$A,'2.0SASA'!$K:$K,"",0) -> 0 | L32: =K32*L$50/K$50 -> 0 | M32: =IF(L32>4,ROUND(L32/2,0)*2,IF(L32>2.2,4,0)) -> 0 | N32: =_xlfn.XLOOKUP(A32,'2.0SASA'!$A:$A,'2.0SASA'!$G:$G,"",0) -> 0 | O32: =N32*O$50/N$50 -> 0 | P32: =IF(O32>4,ROUND(O32/2,0)*2,IF(O32>2.2,4,0)) -> 0 | Q32: =_xlfn.XLOOKUP(A32,'2.0SASA'!$A:$A,'2.0SASA'!$I:$I,"",0) -> 20 | R32: =Q32*R$50/Q$50 -> 2.2857143 | S32: =IF(R32>4,ROUND(R32/2,0)*2,IF(R32>2.2,4,0)) -> 4 | T32: =_xlfn.XLOOKUP(A32,'2.0SASA'!$A:$A,'2.0SASA'!$F:$F,"",0) -> 40 | U32: =T32*U$50/T$50 -> 4 | V32: =IF(U32>4,ROUND(U32/2,0)*2,IF(U32>2.2,4,0)) -> 4 | W32: =_xlfn.XLOOKUP(A32,'2.0SASA'!$A:$A,'2.0SASA'!$H:$H,"",0) -> 0 | X32: =W32*X$50/W$50 -> 0 | Y32: =IF(X32>4,ROUND(X32/2,0)*2,IF(X32>2.2,4,0)) -> 0 | Z32: =_xlfn.XLOOKUP(A32,'2.0SASA'!$A:$A,'2.0SASA'!$D:$D,"",0) -> 30 | AA32: =Z32*AA$50/Z$50 -> 2.9090909 | AB32: =IF(AA32>4,ROUND(AA32/2,0)*2,IF(AA32>2.2,4,0)) -> 4 | AC32: =_xlfn.XLOOKUP(A32,'2.0SASA'!$A:$A,'2.0SASA'!$E:$E,"",0) -> 0 | AD32: =AC32*AD$50/AC$50 -> 0 | AE32: =IF(AD32>4,ROUND(AD32/2,0)*2,IF(AD32>2.2,4,0)) -> 0 | AF32: =_xlfn.XLOOKUP(A32,'2.0SASA'!$A:$A,'2.0SASA'!$V:$V,"",0) -> 10 | AG32: =AF32*AG$50/AF$50 -> 0.66666667 | AH32: =IF(AG32>4,ROUND(AG32/2,0)*2,IF(AG32>2.2,4,0)) -> 0 | AI32: =_xlfn.XLOOKUP(A32,'2.0SASA'!$A:$A,'2.0SASA'!$U:$U,"",0) -> 10 | AJ32: =AI32*AJ$50/AI$50 -> 0.45112782 | AK32: =IF(AJ32>4,ROUND(AJ32/2,0)*2,IF(AJ32>2,4,0)) -> 0 | AL32: =_xlfn.XLOOKUP(A32,'2.0SASA'!$A:$A,'2.0SASA'!$Q:$Q,"",0) -> 100 | AM32: =AL32*AM$50/AL$50 -> 4.8309179 | AN32: =IF(AM32>4,ROUND(AM32/2,0)*2,IF(AM32>2.2,4,0)) -> 4 | AO32: =_xlfn.XLOOKUP(A32,'2.0SASA'!$A:$A,'2.0SASA'!$AD:$AD,"",0) -> 90 | AP32: =AO32*AP$50/AO$50 -> 4.6753247 | AQ32: 6
A33: SRO NADIAD TOTAL | B33: =SUM(B29:B32) -> 100 | C33: =SUM(C29:C32) -> 9.2378753 | D33: =SUM(D29:D32) -> 10 | E33: =SUM(E29:E32) -> 130 | F33: =SUM(F29:F32) -> 13 | G33: =SUM(G29:G32) -> 12 | H33: =SUM(H29:H32) -> 200 | I33: =SUM(I29:I32) -> 18.348624 | ... AQ33: =SUM(AQ29:AQ32) -> 10
A34: Panchmahal | B34: =_xlfn.XLOOKUP(A34,'2.0SASA'!$A:$A,'2.0SASA'!$C:$C,"",0) -> 60 | C34: =B34*C$50/B$50 -> 5.5427252 | D34: =IF(C34>4,ROUND(C34/2,0)*2,IF(C34>2.2,4,0)) -> 6 | E34: =_xlfn.XLOOKUP(A34,'2.0SASA'!$A:$A,'2.0SASA'!$B:$B,"",0) -> 0 | F34: =E34*F$50/E$50 -> 0 | G34: =IF(F34>4,ROUND(F34/2,0)*2,IF(F34>2.2,4,0)) -> 0 | H34: =_xlfn.XLOOKUP(A34,'2.0SASA'!$A:$A,'2.0SASA'!$J:$J,"",0) -> 60 | I34: =H34*I$50/H$50 -> 5.5045872 | J34: =IF(I34>4,ROUND(I34/2,0)*2,IF(I34>2,4,0)) -> 6 | K34: =_xlfn.XLOOKUP(A34,'2.0SASA'!$A:$A,'2.0SASA'!$K:$K,"",0) -> 60 | L34: =K34*L$50/K$50 -> 6.1538462 | M34: =IF(L34>4,ROUND(L34/2,0)*2,IF(L34>2.2,4,0)) -> 6 | N34: =_xlfn.XLOOKUP(A34,'2.0SASA'!$A:$A,'2.0SASA'!$G:$G,"",0) -> 0 | O34: =N34*O$50/N$50 -> 0 | P34: =IF(O34>4,ROUND(O34/2,0)*2,IF(O34>2.2,4,0)) -> 0 | Q34: =_xlfn.XLOOKUP(A34,'2.0SASA'!$A:$A,'2.0SASA'!$I:$I,"",0) -> 0 | R34: =Q34*R$50/Q$50 -> 0 | S34: =IF(R34>4,ROUND(R34/2,0)*2,IF(R34>2.2,4,0)) -> 0 | T34: =_xlfn.XLOOKUP(A34,'2.0SASA'!$A:$A,'2.0SASA'!$F:$F,"",0) -> 30 | U34: =T34*U$50/T$50 -> 3 | V34: =IF(U34>4,ROUND(U34/2,0)*2,IF(U34>2.2,4,0)) -> 4 | W34: =_xlfn.XLOOKUP(A34,'2.0SASA'!$A:$A,'2.0SASA'!$H:$H,"",0) -> 60 | X34: =W34*X$50/W$50 -> 5.25 | Y34: =IF(X34>4,ROUND(X34/2,0)*2,IF(X34>2.2,4,0)) -> 6 | Z34: =_xlfn.XLOOKUP(A34,'2.0SASA'!$A:$A,'2.0SASA'!$D:$D,"",0) -> 50 | AA34: =Z34*AA$50/Z$50 -> 4.8484848 | AB34: 6 | AC34: =_xlfn.XLOOKUP(A34,'2.0SASA'!$A:$A,'2.0SASA'!$E:$E,"",0) -> 10 | AD34: =AC34*AD$50/AC$50 -> 0.96774194 | AE34: =IF(AD34>4,ROUND(AD34/2,0)*2,IF(AD34>2.2,4,0)) -> 0 | AF34: =_xlfn.XLOOKUP(A34,'2.0SASA'!$A:$A,'2.0SASA'!$V:$V,"",0) -> 0 | AG34: =AF34*AG$50/AF$50 -> 0 | AH34: =IF(AG34>4,ROUND(AG34/2,0)*2,IF(AG34>2.2,4,0)) -> 0 | AI34: =_xlfn.XLOOKUP(A34,'2.0SASA'!$A:$A,'2.0SASA'!$U:$U,"",0) -> 0 | AJ34: =AI34*AJ$50/AI$50 -> 0 | AK34: =IF(AJ34>4,ROUND(AJ34/2,0)*2,IF(AJ34>2,4,0)) -> 0 | AL34: =_xlfn.XLOOKUP(A34,'2.0SASA'!$A:$A,'2.0SASA'!$Q:$Q,"",0) -> 60 | AM34: =AL34*AM$50/AL$50 -> 2.8985507 | AN34: =IF(AM34>4,ROUND(AM34/2,0)*2,IF(AM34>2.2,4,0)) -> 4 | AO34: =_xlfn.XLOOKUP(A34,'2.0SASA'!$A:$A,'2.0SASA'!$AD:$AD,"",0) -> 20 | AP34: =AO34*AP$50/AO$50 -> 1.038961 | AQ34: =IF(AP34>4,ROUND(AP34/2,0)*2,IF(AP34>2.2,4,0)) -> 0
A35: Mahisagar | B35: =_xlfn.XLOOKUP(A35,'2.0SASA'!$A:$A,'2.0SASA'!$C:$C,"",0) -> 60 | C35: =B35*C$50/B$50 -> 5.5427252 | D35: 4 | E35: =_xlfn.XLOOKUP(A35,'2.0SASA'!$A:$A,'2.0SASA'!$B:$B,"",0) -> 10 | F35: =E35*F$50/E$50 -> 1 | G35: =IF(F35>4,ROUND(F35/2,0)*2,IF(F35>2.2,4,0)) -> 0 | H35: =_xlfn.XLOOKUP(A35,'2.0SASA'!$A:$A,'2.0SASA'!$J:$J,"",0) -> 60 | I35: =H35*I$50/H$50 -> 5.5045872 | J35: =IF(I35>4,ROUND(I35/2,0)*2,IF(I35>2,4,0)) -> 6 | K35: =_xlfn.XLOOKUP(A35,'2.0SASA'!$A:$A,'2.0SASA'!$K:$K,"",0) -> 30 | L35: =K35*L$50/K$50 -> 3.0769231 | M35: =IF(L35>4,ROUND(L35/2,0)*2,IF(L35>2.2,4,0)) -> 4 | N35: =_xlfn.XLOOKUP(A35,'2.0SASA'!$A:$A,'2.0SASA'!$G:$G,"",0) -> 0 | O35: =N35*O$50/N$50 -> 0 | P35: =IF(O35>4,ROUND(O35/2,0)*2,IF(O35>2.2,4,0)) -> 0 | Q35: =_xlfn.XLOOKUP(A35,'2.0SASA'!$A:$A,'2.0SASA'!$I:$I,"",0) -> 0 | R35: =Q35*R$50/Q$50 -> 0 | S35: =IF(R35>4,ROUND(R35/2,0)*2,IF(R35>2.2,4,0)) -> 0 | T35: =_xlfn.XLOOKUP(A35,'2.0SASA'!$A:$A,'2.0SASA'!$F:$F,"",0) -> 30 | U35: =T35*U$50/T$50 -> 3 | V35: =IF(U35>4,ROUND(U35/2,0)*2,IF(U35>2.2,4,0)) -> 4 | W35: =_xlfn.XLOOKUP(A35,'2.0SASA'!$A:$A,'2.0SASA'!$H:$H,"",0) -> 30 | X35: =W35*X$50/W$50 -> 2.625 | Y35: =IF(X35>4,ROUND(X35/2,0)*2,IF(X35>2.2,4,0)) -> 4 | Z35: =_xlfn.XLOOKUP(A35,'2.0SASA'!$A:$A,'2.0SASA'!$D:$D,"",0) -> 30 | AA35: =Z35*AA$50/Z$50 -> 2.9090909 | AB35: =IF(AA35>4,ROUND(AA35/2,0)*2,IF(AA35>2.2,4,0)) -> 4 | AC35: =_xlfn.XLOOKUP(A35,'2.0SASA'!$A:$A,'2.0SASA'!$E:$E,"",0) -> 0 | AD35: =AC35*AD$50/AC$50 -> 0 | AE35: =IF(AD35>4,ROUND(AD35/2,0)*2,IF(AD35>2.2,4,0)) -> 0 | AF35: =_xlfn.XLOOKUP(A35,'2.0SASA'!$A:$A,'2.0SASA'!$V:$V,"",0) -> 0 | AG35: =AF35*AG$50/AF$50 -> 0 | AH35: =IF(AG35>4,ROUND(AG35/2,0)*2,IF(AG35>2.2,4,0)) -> 0 | AI35: =_xlfn.XLOOKUP(A35,'2.0SASA'!$A:$A,'2.0SASA'!$U:$U,"",0) -> 40 | AJ35: =AI35*AJ$50/AI$50 -> 1.8045113 | AK35: =IF(AJ35>4,ROUND(AJ35/2,0)*2,IF(AJ35>2,4,0)) -> 0 | AL35: =_xlfn.XLOOKUP(A35,'2.0SASA'!$A:$A,'2.0SASA'!$Q:$Q,"",0) -> 60 | AM35: =AL35*AM$50/AL$50 -> 2.8985507 | AN35: =IF(AM35>4,ROUND(AM35/2,0)*2,IF(AM35>2.2,4,0)) -> 4 | AO35: =_xlfn.XLOOKUP(A35,'2.0SASA'!$A:$A,'2.0SASA'!$AD:$AD,"",0) -> 30 | AP35: =AO35*AP$50/AO$50 -> 1.5584416 | AQ35: 0
A36: Dahod | B36: =_xlfn.XLOOKUP(A36,'2.0SASA'!$A:$A,'2.0SASA'!$C:$C,"",0) -> 93 | C36: =B36*C$50/B$50 -> 8.591224 | D36: =IF(C36>4,ROUND(C36/2,0)*2,IF(C36>2.2,4,0)) -> 8 | E36: =_xlfn.XLOOKUP(A36,'2.0SASA'!$A:$A,'2.0SASA'!$B:$B,"",0) -> 0 | F36: =E36*F$50/E$50 -> 0 | G36: =IF(F36>4,ROUND(F36/2,0)*2,IF(F36>2.2,4,0)) -> 0 | H36: =_xlfn.XLOOKUP(A36,'2.0SASA'!$A:$A,'2.0SASA'!$J:$J,"",0) -> 80 | I36: =H36*I$50/H$50 -> 7.3394495 | J36: =IF(I36>4,ROUND(I36/2,0)*2,IF(I36>2,4,0)) -> 8 | K36: =_xlfn.XLOOKUP(A36,'2.0SASA'!$A:$A,'2.0SASA'!$K:$K,"",0) -> 90 | L36: =K36*L$50/K$50 -> 9.2307692 | M36: =IF(L36>4,ROUND(L36/2,0)*2,IF(L36>2.2,4,0)) -> 10 | N36: =_xlfn.XLOOKUP(A36,'2.0SASA'!$A:$A,'2.0SASA'!$G:$G,"",0) -> 0 | O36: =N36*O$50/N$50 -> 0 | P36: =IF(O36>4,ROUND(O36/2,0)*2,IF(O36>2.2,4,0)) -> 0 | Q36: =_xlfn.XLOOKUP(A36,'2.0SASA'!$A:$A,'2.0SASA'!$I:$I,"",0) -> 0 | R36: =Q36*R$50/Q$50 -> 0 | S36: =IF(R36>4,ROUND(R36/2,0)*2,IF(R36>2.2,4,0)) -> 0 | T36: =_xlfn.XLOOKUP(A36,'2.0SASA'!$A:$A,'2.0SASA'!$F:$F,"",0) -> 0 | U36: =T36*U$50/T$50 -> 0 | V36: =IF(U36>4,ROUND(U36/2,0)*2,IF(U36>2.2,4,0)) -> 0 | W36: =_xlfn.XLOOKUP(A36,'2.0SASA'!$A:$A,'2.0SASA'!$H:$H,"",0) -> 40 | X36: =W36*X$50/W$50 -> 3.5 | Y36: =IF(X36>4,ROUND(X36/2,0)*2,IF(X36>2.2,4,0)) -> 4 | Z36: =_xlfn.XLOOKUP(A36,'2.0SASA'!$A:$A,'2.0SASA'!$D:$D,"",0) -> 0 | AA36: =Z36*AA$50/Z$50 -> 0 | AB36: =IF(AA36>4,ROUND(AA36/2,0)*2,IF(AA36>2.2,4,0)) -> 0 | AC36: =_xlfn.XLOOKUP(A36,'2.0SASA'!$A:$A,'2.0SASA'!$E:$E,"",0) -> 0 | AD36: =AC36*AD$50/AC$50 -> 0 | AE36: =IF(AD36>4,ROUND(AD36/2,0)*2,IF(AD36>2.2,4,0)) -> 0 | AF36: =_xlfn.XLOOKUP(A36,'2.0SASA'!$A:$A,'2.0SASA'!$V:$V,"",0) -> 0 | AG36: =AF36*AG$50/AF$50 -> 0 | AH36: =IF(AG36>4,ROUND(AG36/2,0)*2,IF(AG36>2.2,4,0)) -> 0 | AI36: =_xlfn.XLOOKUP(A36,'2.0SASA'!$A:$A,'2.0SASA'!$U:$U,"",0) -> 90 | AJ36: =AI36*AJ$50/AI$50 -> 4.0601504 | AK36: =IF(AJ36>4,ROUND(AJ36/2,0)*2,IF(AJ36>2,4,0)) -> 4 | AL36: =_xlfn.XLOOKUP(A36,'2.0SASA'!$A:$A,'2.0SASA'!$Q:$Q,"",0) -> 90 | AM36: =AL36*AM$50/AL$50 -> 4.3478261 | AN36: =IF(AM36>4,ROUND(AM36/2,0)*2,IF(AM36>2.2,4,0)) -> 4 | AO36: =_xlfn.XLOOKUP(A36,'2.0SASA'!$A:$A,'2.0SASA'!$AD:$AD,"",0) -> 0 | AP36: =AO36*AP$50/AO$50 -> 0 | AQ36: =IF(AP36>4,ROUND(AP36/2,0)*2,IF(AP36>2.2,4,0)) -> 0
A37: Vadodara | B37: =_xlfn.XLOOKUP(A37,'2.0SASA'!$A:$A,'2.0SASA'!$C:$C,"",0) -> 0 | C37: =B37*C$50/B$50 -> 0 | D37: =IF(C37>4,ROUND(C37/2,0)*2,IF(C37>2.2,4,0)) -> 0 | E37: =_xlfn.XLOOKUP(A37,'2.0SASA'!$A:$A,'2.0SASA'!$B:$B,"",0) -> 0 | F37: =E37*F$50/E$50 -> 0 | G37: =IF(F37>4,ROUND(F37/2,0)*2,IF(F37>2.2,4,0)) -> 0 | H37: =_xlfn.XLOOKUP(A37,'2.0SASA'!$A:$A,'2.0SASA'!$J:$J,"",0) -> 60 | I37: =H37*I$50/H$50 -> 5.5045872 | J37: 4 | K37: =_xlfn.XLOOKUP(A37,'2.0SASA'!$A:$A,'2.0SASA'!$K:$K,"",0) -> 0 | L37: =K37*L$50/K$50 -> 0 | M37: =IF(L37>4,ROUND(L37/2,0)*2,IF(L37>2.2,4,0)) -> 0 | N37: =_xlfn.XLOOKUP(A37,'2.0SASA'!$A:$A,'2.0SASA'!$G:$G,"",0) -> 0 | O37: =N37*O$50/N$50 -> 0 | P37: =IF(O37>4,ROUND(O37/2,0)*2,IF(O37>2.2,4,0)) -> 0 | Q37: =_xlfn.XLOOKUP(A37,'2.0SASA'!$A:$A,'2.0SASA'!$I:$I,"",0) -> 0 | R37: =Q37*R$50/Q$50 -> 0 | S37: =IF(R37>4,ROUND(R37/2,0)*2,IF(R37>2.2,4,0)) -> 0 | T37: =_xlfn.XLOOKUP(A37,'2.0SASA'!$A:$A,'2.0SASA'!$F:$F,"",0) -> 80 | U37: =T37*U$50/T$50 -> 8 | V37: =IF(U37>4,ROUND(U37/2,0)*2,IF(U37>2.2,4,0)) -> 8 | W37: =_xlfn.XLOOKUP(A37,'2.0SASA'!$A:$A,'2.0SASA'!$H:$H,"",0) -> 80 | X37: =W37*X$50/W$50 -> 7 | Y37: =IF(X37>4,ROUND(X37/2,0)*2,IF(X37>2.2,4,0)) -> 8 | Z37: =_xlfn.XLOOKUP(A37,'2.0SASA'!$A:$A,'2.0SASA'!$D:$D,"",0) -> 80 | AA37: =Z37*AA$50/Z$50 -> 7.7575758 | AB37: =IF(AA37>4,ROUND(AA37/2,0)*2,IF(AA37>2.2,4,0)) -> 8 | AC37: =_xlfn.XLOOKUP(A37,'2.0SASA'!$A:$A,'2.0SASA'!$E:$E,"",0) -> 0 | AD37: =AC37*AD$50/AC$50 -> 0 | AE37: =IF(AD37>4,ROUND(AD37/2,0)*2,IF(AD37>2.2,4,0)) -> 0 | AF37: =_xlfn.XLOOKUP(A37,'2.0SASA'!$A:$A,'2.0SASA'!$V:$V,"",0) -> 0 | AG37: =AF37*AG$50/AF$50 -> 0 | AH37: =IF(AG37>4,ROUND(AG37/2,0)*2,IF(AG37>2.2,4,0)) -> 0 | AI37: =_xlfn.XLOOKUP(A37,'2.0SASA'!$A:$A,'2.0SASA'!$U:$U,"",0) -> 0 | AJ37: =AI37*AJ$50/AI$50 -> 0 | AK37: =IF(AJ37>4,ROUND(AJ37/2,0)*2,IF(AJ37>2,4,0)) -> 0 | AL37: =_xlfn.XLOOKUP(A37,'2.0SASA'!$A:$A,'2.0SASA'!$Q:$Q,"",0) -> 70 | AM37: =AL37*AM$50/AL$50 -> 3.3816425 | AN37: =IF(AM37>4,ROUND(AM37/2,0)*2,IF(AM37>2.2,4,0)) -> 4 | AO37: =_xlfn.XLOOKUP(A37,'2.0SASA'!$A:$A,'2.0SASA'!$AD:$AD,"",0) -> 50 | AP37: =AO37*AP$50/AO$50 -> 2.5974026 | AQ37: =IF(AP37>4,ROUND(AP37/2,0)*2,IF(AP37>2.2,4,0)) -> 4
A38: Chhotaudepur | B38: =_xlfn.XLOOKUP(A38,'2.0SASA'!$A:$A,'2.0SASA'!$C:$C,"",0) -> 40 | C38: =B38*C$50/B$50 -> 3.6951501 | D38: =IF(C38>4,ROUND(C38/2,0)*2,IF(C38>2.2,4,0)) -> 4 | E38: =_xlfn.XLOOKUP(A38,'2.0SASA'!$A:$A,'2.0SASA'!$B:$B,"",0) -> 0 | F38: =E38*F$50/E$50 -> 0 | G38: =IF(F38>4,ROUND(F38/2,0)*2,IF(F38>2.2,4,0)) -> 0 | H38: =_xlfn.XLOOKUP(A38,'2.0SASA'!$A:$A,'2.0SASA'!$J:$J,"",0) -> 40 | I38: =H38*I$50/H$50 -> 3.6697248 | J38: =IF(I38>4,ROUND(I38/2,0)*2,IF(I38>2,4,0)) -> 4 | K38: =_xlfn.XLOOKUP(A38,'2.0SASA'!$A:$A,'2.0SASA'!$K:$K,"",0) -> 40 | L38: =K38*L$50/K$50 -> 4.1025641 | M38: =IF(L38>4,ROUND(L38/2,0)*2,IF(L38>2.2,4,0)) -> 4 | N38: =_xlfn.XLOOKUP(A38,'2.0SASA'!$A:$A,'2.0SASA'!$G:$G,"",0) -> 0 | O38: =N38*O$50/N$50 -> 0 | P38: =IF(O38>4,ROUND(O38/2,0)*2,IF(O38>2.2,4,0)) -> 0 | Q38: =_xlfn.XLOOKUP(A38,'2.0SASA'!$A:$A,'2.0SASA'!$I:$I,"",0) -> 0 | R38: =Q38*R$50/Q$50 -> 0 | S38: =IF(R38>4,ROUND(R38/2,0)*2,IF(R38>2.2,4,0)) -> 0 | T38: =_xlfn.XLOOKUP(A38,'2.0SASA'!$A:$A,'2.0SASA'!$F:$F,"",0) -> 20 | U38: =T38*U$50/T$50 -> 2 | V38: =IF(U38>4,ROUND(U38/2,0)*2,IF(U38>2.2,4,0)) -> 0 | W38: =_xlfn.XLOOKUP(A38,'2.0SASA'!$A:$A,'2.0SASA'!$H:$H,"",0) -> 60 | X38: =W38*X$50/W$50 -> 5.25 | Y38: =IF(X38>4,ROUND(X38/2,0)*2,IF(X38>2.2,4,0)) -> 6 | Z38: =_xlfn.XLOOKUP(A38,'2.0SASA'!$A:$A,'2.0SASA'!$D:$D,"",0) -> 60 | AA38: =Z38*AA$50/Z$50 -> 5.8181818 | AB38: =IF(AA38>4,ROUND(AA38/2,0)*2,IF(AA38>2.2,4,0)) -> 6 | AC38: =_xlfn.XLOOKUP(A38,'2.0SASA'!$A:$A,'2.0SASA'!$E:$E,"",0) -> 60 | AD38: =AC38*AD$50/AC$50 -> 5.8064516 | AE38: =IF(AD38>4,ROUND(AD38/2,0)*2,IF(AD38>2.2,4,0)) -> 6 | AF38: =_xlfn.XLOOKUP(A38,'2.0SASA'!$A:$A,'2.0SASA'!$V:$V,"",0) -> 0 | AG38: =AF38*AG$50/AF$50 -> 0 | AH38: =IF(AG38>4,ROUND(AG38/2,0)*2,IF(AG38>2.2,4,0)) -> 0 | AI38: =_xlfn.XLOOKUP(A38,'2.0SASA'!$A:$A,'2.0SASA'!$U:$U,"",0) -> 10 | AJ38: =AI38*AJ$50/AI$50 -> 0.45112782 | AK38: =IF(AJ38>4,ROUND(AJ38/2,0)*2,IF(AJ38>2,4,0)) -> 0 | AL38: =_xlfn.XLOOKUP(A38,'2.0SASA'!$A:$A,'2.0SASA'!$Q:$Q,"",0) -> 0 | AM38: =AL38*AM$50/AL$50 -> 0 | AN38: =IF(AM38>4,ROUND(AM38/2,0)*2,IF(AM38>2.2,4,0)) -> 0 | AO38: =_xlfn.XLOOKUP(A38,'2.0SASA'!$A:$A,'2.0SASA'!$AD:$AD,"",0) -> 0 | AP38: =AO38*AP$50/AO$50 -> 0 | AQ38: =IF(AP38>4,ROUND(AP38/2,0)*2,IF(AP38>2.2,4,0)) -> 0
A39: Narmada | B39: =_xlfn.XLOOKUP(A39,'2.0SASA'!$A:$A,'2.0SASA'!$C:$C,"",0) -> 30 | C39: =B39*C$50/B$50 -> 2.7713626 | D39: =IF(C39>4,ROUND(C39/2,0)*2,IF(C39>2.2,4,0)) -> 4 | E39: =_xlfn.XLOOKUP(A39,'2.0SASA'!$A:$A,'2.0SASA'!$B:$B,"",0) -> 0 | F39: =E39*F$50/E$50 -> 0 | G39: =IF(F39>4,ROUND(F39/2,0)*2,IF(F39>2.2,4,0)) -> 0 | H39: =_xlfn.XLOOKUP(A39,'2.0SASA'!$A:$A,'2.0SASA'!$J:$J,"",0) -> 0 | I39: =H39*I$50/H$50 -> 0 | J39: =IF(I39>4,ROUND(I39/2,0)*2,IF(I39>2,4,0)) -> 0 | K39: =_xlfn.XLOOKUP(A39,'2.0SASA'!$A:$A,'2.0SASA'!$K:$K,"",0) -> 20 | L39: =K39*L$50/K$50 -> 2.0512821 | M39: =IF(L39>4,ROUND(L39/2,0)*2,IF(L39>2.2,4,0)) -> 0 | N39: =_xlfn.XLOOKUP(A39,'2.0SASA'!$A:$A,'2.0SASA'!$G:$G,"",0) -> 0 | O39: =N39*O$50/N$50 -> 0 | P39: =IF(O39>4,ROUND(O39/2,0)*2,IF(O39>2.2,4,0)) -> 0 | Q39: =_xlfn.XLOOKUP(A39,'2.0SASA'!$A:$A,'2.0SASA'!$I:$I,"",0) -> 0 | R39: =Q39*R$50/Q$50 -> 0 | S39: =IF(R39>4,ROUND(R39/2,0)*2,IF(R39>2.2,4,0)) -> 0 | T39: =_xlfn.XLOOKUP(A39,'2.0SASA'!$A:$A,'2.0SASA'!$F:$F,"",0) -> 0 | U39: =T39*U$50/T$50 -> 0 | V39: =IF(U39>4,ROUND(U39/2,0)*2,IF(U39>2.2,4,0)) -> 0 | W39: =_xlfn.XLOOKUP(A39,'2.0SASA'!$A:$A,'2.0SASA'!$H:$H,"",0) -> 50 | X39: =W39*X$50/W$50 -> 4.375 | Y39: =IF(X39>4,ROUND(X39/2,0)*2,IF(X39>2.2,4,0)) -> 4 | Z39: =_xlfn.XLOOKUP(A39,'2.0SASA'!$A:$A,'2.0SASA'!$D:$D,"",0) -> 50 | AA39: =Z39*AA$50/Z$50 -> 4.8484848 | AB39: 6 | AC39: =_xlfn.XLOOKUP(A39,'2.0SASA'!$A:$A,'2.0SASA'!$E:$E,"",0) -> 50 | AD39: =AC39*AD$50/AC$50 -> 4.8387097 | AE39: 6 | AF39: =_xlfn.XLOOKUP(A39,'2.0SASA'!$A:$A,'2.0SASA'!$V:$V,"",0) -> 0 | AG39: =AF39*AG$50/AF$50 -> 0 | AH39: =IF(AG39>4,ROUND(AG39/2,0)*2,IF(AG39>2.2,4,0)) -> 0 | AI39: =_xlfn.XLOOKUP(A39,'2.0SASA'!$A:$A,'2.0SASA'!$U:$U,"",0) -> 10 | AJ39: =AI39*AJ$50/AI$50 -> 0.45112782 | AK39: =IF(AJ39>4,ROUND(AJ39/2,0)*2,IF(AJ39>2,4,0)) -> 0 | AL39: =_xlfn.XLOOKUP(A39,'2.0SASA'!$A:$A,'2.0SASA'!$Q:$Q,"",0) -> 10 | AM39: =AL39*AM$50/AL$50 -> 0.48309179 | AN39: =IF(AM39>4,ROUND(AM39/2,0)*2,IF(AM39>2.2,4,0)) -> 0 | AO39: =_xlfn.XLOOKUP(A39,'2.0SASA'!$A:$A,'2.0SASA'!$AD:$AD,"",0) -> 0 | AP39: =AO39*AP$50/AO$50 -> 0 | AQ39: =IF(AP39>4,ROUND(AP39/2,0)*2,IF(AP39>2.2,4,0)) -> 0
A40: Bharuch | B40: =_xlfn.XLOOKUP(A40,'2.0SASA'!$A:$A,'2.0SASA'!$C:$C,"",0) -> 0 | C40: =B40*C$50/B$50 -> 0 | D40: =IF(C40>4,ROUND(C40/2,0)*2,IF(C40>2.2,4,0)) -> 0 | E40: =_xlfn.XLOOKUP(A40,'2.0SASA'!$A:$A,'2.0SASA'!$B:$B,"",0) -> 0 | F40: =E40*F$50/E$50 -> 0 | G40: =IF(F40>4,ROUND(F40/2,0)*2,IF(F40>2.2,4,0)) -> 0 | H40: =_xlfn.XLOOKUP(A40,'2.0SASA'!$A:$A,'2.0SASA'!$J:$J,"",0) -> 30 | I40: =H40*I$50/H$50 -> 2.7522936 | J40: =IF(I40>4,ROUND(I40/2,0)*2,IF(I40>2,4,0)) -> 4 | K40: =_xlfn.XLOOKUP(A40,'2.0SASA'!$A:$A,'2.0SASA'!$K:$K,"",0) -> 10 | L40: =K40*L$50/K$50 -> 1.025641 | M40: =IF(L40>4,ROUND(L40/2,0)*2,IF(L40>2.2,4,0)) -> 0 | N40: =_xlfn.XLOOKUP(A40,'2.0SASA'!$A:$A,'2.0SASA'!$G:$G,"",0) -> 0 | O40: =N40*O$50/N$50 -> 0 | P40: =IF(O40>4,ROUND(O40/2,0)*2,IF(O40>2.2,4,0)) -> 0 | Q40: =_xlfn.XLOOKUP(A40,'2.0SASA'!$A:$A,'2.0SASA'!$I:$I,"",0) -> 0 | R40: =Q40*R$50/Q$50 -> 0 | S40: =IF(R40>4,ROUND(R40/2,0)*2,IF(R40>2.2,4,0)) -> 0 | T40: =_xlfn.XLOOKUP(A40,'2.0SASA'!$A:$A,'2.0SASA'!$F:$F,"",0) -> 20 | U40: =T40*U$50/T$50 -> 2 | V40: =IF(U40>4,ROUND(U40/2,0)*2,IF(U40>2.2,4,0)) -> 0 | W40: =_xlfn.XLOOKUP(A40,'2.0SASA'!$A:$A,'2.0SASA'!$H:$H,"",0) -> 80 | X40: =W40*X$50/W$50 -> 7 | Y40: =IF(X40>4,ROUND(X40/2,0)*2,IF(X40>2.2,4,0)) -> 8 | Z40: =_xlfn.XLOOKUP(A40,'2.0SASA'!$A:$A,'2.0SASA'!$D:$D,"",0) -> 90 | AA40: =Z40*AA$50/Z$50 -> 8.7272727 | AB40: 8 | AC40: =_xlfn.XLOOKUP(A40,'2.0SASA'!$A:$A,'2.0SASA'!$E:$E,"",0) -> 70 | AD40: =AC40*AD$50/AC$50 -> 6.7741935 | AE40: 8 | AF40: =_xlfn.XLOOKUP(A40,'2.0SASA'!$A:$A,'2.0SASA'!$V:$V,"",0) -> 0 | AG40: =AF40*AG$50/AF$50 -> 0 | AH40: =IF(AG40>4,ROUND(AG40/2,0)*2,IF(AG40>2.2,4,0)) -> 0 | AI40: =_xlfn.XLOOKUP(A40,'2.0SASA'!$A:$A,'2.0SASA'!$U:$U,"",0) -> 20 | AJ40: =AI40*AJ$50/AI$50 -> 0.90225564 | AK40: =IF(AJ40>4,ROUND(AJ40/2,0)*2,IF(AJ40>2,4,0)) -> 0 | AL40: =_xlfn.XLOOKUP(A40,'2.0SASA'!$A:$A,'2.0SASA'!$Q:$Q,"",0) -> 90 | AM40: =AL40*AM$50/AL$50 -> 4.3478261 | AN40: =IF(AM40>4,ROUND(AM40/2,0)*2,IF(AM40>2.2,4,0)) -> 4 | AO40: =_xlfn.XLOOKUP(A40,'2.0SASA'!$A:$A,'2.0SASA'!$AD:$AD,"",0) -> 0 | AP40: =AO40*AP$50/AO$50 -> 0 | AQ40: =IF(AP40>4,ROUND(AP40/2,0)*2,IF(AP40>2.2,4,0)) -> 0
A41: SRO VADODARA TOTAL | B41: =SUM(B34:B40) -> 283 | C41: =SUM(C34:C40) -> 26.143187 | D41: =SUM(D34:D40) -> 26 | E41: =SUM(E34:E40) -> 10 | F41: =SUM(F34:F40) -> 1 | G41: =SUM(G34:G40) -> 0 | H41: =SUM(H34:H40) -> 330 | I41: =SUM(I34:I40) -> 30.275229 | ... AQ41: =SUM(AQ34:AQ40) -> 4
A42: Surat | B42: =_xlfn.XLOOKUP(A42,'2.0SASA'!$A:$A,'2.0SASA'!$C:$C,"",0) -> 10 | C42: =B42*C$50/B$50 -> 0.92378753 | D42: =IF(C42>4,ROUND(C42/2,0)*2,IF(C42>2.2,4,0)) -> 0 | E42: =_xlfn.XLOOKUP(A42,'2.0SASA'!$A:$A,'2.0SASA'!$B:$B,"",0) -> 0 | F42: =E42*F$50/E$50 -> 0 | G42: =IF(F42>4,ROUND(F42/2,0)*2,IF(F42>2.2,4,0)) -> 0 | H42: =_xlfn.XLOOKUP(A42,'2.0SASA'!$A:$A,'2.0SASA'!$J:$J,"",0) -> 70 | I42: =H42*I$50/H$50 -> 6.4220183 | J42: =IF(I42>4,ROUND(I42/2,0)*2,IF(I42>2,4,0)) -> 6 | K42: =_xlfn.XLOOKUP(A42,'2.0SASA'!$A:$A,'2.0SASA'!$K:$K,"",0) -> 20 | L42: =K42*L$50/K$50 -> 2.0512821 | M42: 4 | N42: =_xlfn.XLOOKUP(A42,'2.0SASA'!$A:$A,'2.0SASA'!$G:$G,"",0) -> 0 | O42: =N42*O$50/N$50 -> 0 | P42: =IF(O42>4,ROUND(O42/2,0)*2,IF(O42>2.2,4,0)) -> 0 | Q42: =_xlfn.XLOOKUP(A42,'2.0SASA'!$A:$A,'2.0SASA'!$I:$I,"",0) -> 0 | R42: =Q42*R$50/Q$50 -> 0 | S42: =IF(R42>4,ROUND(R42/2,0)*2,IF(R42>2.2,4,0)) -> 0 | T42: =_xlfn.XLOOKUP(A42,'2.0SASA'!$A:$A,'2.0SASA'!$F:$F,"",0) -> 0 | U42: =T42*U$50/T$50 -> 0 | V42: =IF(U42>4,ROUND(U42/2,0)*2,IF(U42>2.2,4,0)) -> 0 | W42: =_xlfn.XLOOKUP(A42,'2.0SASA'!$A:$A,'2.0SASA'!$H:$H,"",0) -> 40 | X42: =W42*X$50/W$50 -> 3.5 | Y42: =IF(X42>4,ROUND(X42/2,0)*2,IF(X42>2.2,4,0)) -> 4 | Z42: =_xlfn.XLOOKUP(A42,'2.0SASA'!$A:$A,'2.0SASA'!$D:$D,"",0) -> 20 | AA42: =Z42*AA$50/Z$50 -> 1.9393939 | AB42: =IF(AA42>4,ROUND(AA42/2,0)*2,IF(AA42>2.2,4,0)) -> 0 | AC42: =_xlfn.XLOOKUP(A42,'2.0SASA'!$A:$A,'2.0SASA'!$E:$E,"",0) -> 10 | AD42: =AC42*AD$50/AC$50 -> 0.96774194 | AE42: =IF(AD42>4,ROUND(AD42/2,0)*2,IF(AD42>2.2,4,0)) -> 0 | AF42: =_xlfn.XLOOKUP(A42,'2.0SASA'!$A:$A,'2.0SASA'!$V:$V,"",0) -> 0 | AG42: =AF42*AG$50/AF$50 -> 0 | AH42: =IF(AG42>4,ROUND(AG42/2,0)*2,IF(AG42>2.2,4,0)) -> 0 | AI42: =_xlfn.XLOOKUP(A42,'2.0SASA'!$A:$A,'2.0SASA'!$U:$U,"",0) -> 0 | AJ42: =AI42*AJ$50/AI$50 -> 0 | AK42: =IF(AJ42>4,ROUND(AJ42/2,0)*2,IF(AJ42>2,4,0)) -> 0 | AL42: =_xlfn.XLOOKUP(A42,'2.0SASA'!$A:$A,'2.0SASA'!$Q:$Q,"",0) -> 30 | AM42: =AL42*AM$50/AL$50 -> 1.4492754 | AN42: =IF(AM42>4,ROUND(AM42/2,0)*2,IF(AM42>2.2,4,0)) -> 0 | AO42: =_xlfn.XLOOKUP(A42,'2.0SASA'!$A:$A,'2.0SASA'!$AD:$AD,"",0) -> 0 | AP42: =AO42*AP$50/AO$50 -> 0 | AQ42: =IF(AP42>4,ROUND(AP42/2,0)*2,IF(AP42>2.2,4,0)) -> 0
A43: Tapi | B43: =_xlfn.XLOOKUP(A43,'2.0SASA'!$A:$A,'2.0SASA'!$C:$C,"",0) -> 10 | C43: =B43*C$50/B$50 -> 0.92378753 | D43: =IF(C43>4,ROUND(C43/2,0)*2,IF(C43>2.2,4,0)) -> 0 | E43: =_xlfn.XLOOKUP(A43,'2.0SASA'!$A:$A,'2.0SASA'!$B:$B,"",0) -> 10 | F43: =E43*F$50/E$50 -> 1 | G43: =IF(F43>4,ROUND(F43/2,0)*2,IF(F43>2.2,4,0)) -> 0 | H43: =_xlfn.XLOOKUP(A43,'2.0SASA'!$A:$A,'2.0SASA'!$J:$J,"",0) -> 50 | I43: =H43*I$50/H$50 -> 4.587156 | J43: =IF(I43>4,ROUND(I43/2,0)*2,IF(I43>2,4,0)) -> 4 | K43: =_xlfn.XLOOKUP(A43,'2.0SASA'!$A:$A,'2.0SASA'!$K:$K,"",0) -> 40 | L43: =K43*L$50/K$50 -> 4.1025641 | M43: =IF(L43>4,ROUND(L43/2,0)*2,IF(L43>2.2,4,0)) -> 4 | N43: =_xlfn.XLOOKUP(A43,'2.0SASA'!$A:$A,'2.0SASA'!$G:$G,"",0) -> 0 | O43: =N43*O$50/N$50 -> 0 | P43: =IF(O43>4,ROUND(O43/2,0)*2,IF(O43>2.2,4,0)) -> 0 | Q43: =_xlfn.XLOOKUP(A43,'2.0SASA'!$A:$A,'2.0SASA'!$I:$I,"",0) -> 0 | R43: =Q43*R$50/Q$50 -> 0 | S43: =IF(R43>4,ROUND(R43/2,0)*2,IF(R43>2.2,4,0)) -> 0 | T43: =_xlfn.XLOOKUP(A43,'2.0SASA'!$A:$A,'2.0SASA'!$F:$F,"",0) -> 0 | U43: =T43*U$50/T$50 -> 0 | V43: =IF(U43>4,ROUND(U43/2,0)*2,IF(U43>2.2,4,0)) -> 0 | W43: =_xlfn.XLOOKUP(A43,'2.0SASA'!$A:$A,'2.0SASA'!$H:$H,"",0) -> 50 | X43: =W43*X$50/W$50 -> 4.375 | Y43: =IF(X43>4,ROUND(X43/2,0)*2,IF(X43>2.2,4,0)) -> 4 | Z43: =_xlfn.XLOOKUP(A43,'2.0SASA'!$A:$A,'2.0SASA'!$D:$D,"",0) -> 20 | AA43: =Z43*AA$50/Z$50 -> 1.9393939 | AB43: =IF(AA43>4,ROUND(AA43/2,0)*2,IF(AA43>2.2,4,0)) -> 0 | AC43: =_xlfn.XLOOKUP(A43,'2.0SASA'!$A:$A,'2.0SASA'!$E:$E,"",0) -> 20 | AD43: =AC43*AD$50/AC$50 -> 1.9354839 | AE43: =IF(AD43>4,ROUND(AD43/2,0)*2,IF(AD43>2.2,4,0)) -> 0 | AF43: =_xlfn.XLOOKUP(A43,'2.0SASA'!$A:$A,'2.0SASA'!$V:$V,"",0) -> 0 | AG43: =AF43*AG$50/AF$50 -> 0 | AH43: =IF(AG43>4,ROUND(AG43/2,0)*2,IF(AG43>2.2,4,0)) -> 0 | AI43: =_xlfn.XLOOKUP(A43,'2.0SASA'!$A:$A,'2.0SASA'!$U:$U,"",0) -> 40 | AJ43: =AI43*AJ$50/AI$50 -> 1.8045113 | AK43: =IF(AJ43>4,ROUND(AJ43/2,0)*2,IF(AJ43>2,4,0)) -> 0 | AL43: =_xlfn.XLOOKUP(A43,'2.0SASA'!$A:$A,'2.0SASA'!$Q:$Q,"",0) -> 20 | AM43: =AL43*AM$50/AL$50 -> 0.96618357 | AN43: =IF(AM43>4,ROUND(AM43/2,0)*2,IF(AM43>2.2,4,0)) -> 0 | AO43: =_xlfn.XLOOKUP(A43,'2.0SASA'!$A:$A,'2.0SASA'!$AD:$AD,"",0) -> 0 | AP43: =AO43*AP$50/AO$50 -> 0 | AQ43: =IF(AP43>4,ROUND(AP43/2,0)*2,IF(AP43>2.2,4,0)) -> 0
A44: Dangs | B44: =_xlfn.XLOOKUP(A44,'2.0SASA'!$A:$A,'2.0SASA'!$C:$C,"",0) -> 0 | C44: =B44*C$50/B$50 -> 0 | D44: =IF(C44>4,ROUND(C44/2,0)*2,IF(C44>2.2,4,0)) -> 0 | E44: =_xlfn.XLOOKUP(A44,'2.0SASA'!$A:$A,'2.0SASA'!$B:$B,"",0) -> 30 | F44: =E44*F$50/E$50 -> 3 | G44: =IF(F44>4,ROUND(F44/2,0)*2,IF(F44>2.2,4,0)) -> 4 | H44: =_xlfn.XLOOKUP(A44,'2.0SASA'!$A:$A,'2.0SASA'!$J:$J,"",0) -> 0 | I44: =H44*I$50/H$50 -> 0 | J44: =IF(I44>4,ROUND(I44/2,0)*2,IF(I44>2,4,0)) -> 0 | K44: =_xlfn.XLOOKUP(A44,'2.0SASA'!$A:$A,'2.0SASA'!$K:$K,"",0) -> 30 | L44: =K44*L$50/K$50 -> 3.0769231 | M44: =IF(L44>4,ROUND(L44/2,0)*2,IF(L44>2.2,4,0)) -> 4 | N44: =_xlfn.XLOOKUP(A44,'2.0SASA'!$A:$A,'2.0SASA'!$G:$G,"",0) -> 0 | O44: =N44*O$50/N$50 -> 0 | P44: =IF(O44>4,ROUND(O44/2,0)*2,IF(O44>2.2,4,0)) -> 0 | Q44: =_xlfn.XLOOKUP(A44,'2.0SASA'!$A:$A,'2.0SASA'!$I:$I,"",0) -> 0 | R44: =Q44*R$50/Q$50 -> 0 | S44: =IF(R44>4,ROUND(R44/2,0)*2,IF(R44>2.2,4,0)) -> 0 | T44: =_xlfn.XLOOKUP(A44,'2.0SASA'!$A:$A,'2.0SASA'!$F:$F,"",0) -> 0 | U44: =T44*U$50/T$50 -> 0 | V44: =IF(U44>4,ROUND(U44/2,0)*2,IF(U44>2.2,4,0)) -> 0 | W44: =_xlfn.XLOOKUP(A44,'2.0SASA'!$A:$A,'2.0SASA'!$H:$H,"",0) -> 30 | X44: =W44*X$50/W$50 -> 2.625 | Y44: =IF(X44>4,ROUND(X44/2,0)*2,IF(X44>2.2,4,0)) -> 4 | Z44: =_xlfn.XLOOKUP(A44,'2.0SASA'!$A:$A,'2.0SASA'!$D:$D,"",0) -> 0 | AA44: =Z44*AA$50/Z$50 -> 0 | AB44: =IF(AA44>4,ROUND(AA44/2,0)*2,IF(AA44>2.2,4,0)) -> 0 | AC44: =_xlfn.XLOOKUP(A44,'2.0SASA'!$A:$A,'2.0SASA'!$E:$E,"",0) -> 0 | AD44: =AC44*AD$50/AC$50 -> 0 | AE44: =IF(AD44>4,ROUND(AD44/2,0)*2,IF(AD44>2.2,4,0)) -> 0 | AF44: =_xlfn.XLOOKUP(A44,'2.0SASA'!$A:$A,'2.0SASA'!$V:$V,"",0) -> 0 | AG44: =AF44*AG$50/AF$50 -> 0 | AH44: =IF(AG44>4,ROUND(AG44/2,0)*2,IF(AG44>2.2,4,0)) -> 0 | AI44: =_xlfn.XLOOKUP(A44,'2.0SASA'!$A:$A,'2.0SASA'!$U:$U,"",0) -> 30 | AJ44: =AI44*AJ$50/AI$50 -> 1.3533835 | AK44: =IF(AJ44>4,ROUND(AJ44/2,0)*2,IF(AJ44>2,4,0)) -> 0 | AL44: =_xlfn.XLOOKUP(A44,'2.0SASA'!$A:$A,'2.0SASA'!$Q:$Q,"",0) -> 0 | AM44: =AL44*AM$50/AL$50 -> 0 | AN44: =IF(AM44>4,ROUND(AM44/2,0)*2,IF(AM44>2.2,4,0)) -> 0 | AO44: =_xlfn.XLOOKUP(A44,'2.0SASA'!$A:$A,'2.0SASA'!$AD:$AD,"",0) -> 0 | AP44: =AO44*AP$50/AO$50 -> 0 | AQ44: =IF(AP44>4,ROUND(AP44/2,0)*2,IF(AP44>2.2,4,0)) -> 0
A45: SRO SURAT TOTAL | B45: =SUM(B42:B44) -> 20 | C45: =SUM(C42:C44) -> 1.8475751 | D45: =SUM(D42:D44) -> 0 | E45: =SUM(E42:E44) -> 40 | F45: =SUM(F42:F44) -> 4 | G45: =SUM(G42:G44) -> 4 | H45: =SUM(H42:H44) -> 120 | I45: =SUM(I42:I44) -> 11.009174 | ... AQ45: =SUM(AQ42:AQ44) -> 0
A46: Navsari | B46: =_xlfn.XLOOKUP(A46,'2.0SASA'!$A:$A,'2.0SASA'!$C:$C,"",0) -> 0 | C46: =B46*C$50/B$50 -> 0 | D46: =IF(C46>4,ROUND(C46/2,0)*2,IF(C46>2.2,4,0)) -> 0 | E46: =_xlfn.XLOOKUP(A46,'2.0SASA'!$A:$A,'2.0SASA'!$B:$B,"",0) -> 0 | F46: =E46*F$50/E$50 -> 0 | G46: =IF(F46>4,ROUND(F46/2,0)*2,IF(F46>2.2,4,0)) -> 0 | H46: =_xlfn.XLOOKUP(A46,'2.0SASA'!$A:$A,'2.0SASA'!$J:$J,"",0) -> 60 | I46: =H46*I$50/H$50 -> 5.5045872 | J46: =IF(I46>4,ROUND(I46/2,0)*2,IF(I46>2,4,0)) -> 6 | K46: =_xlfn.XLOOKUP(A46,'2.0SASA'!$A:$A,'2.0SASA'!$K:$K,"",0) -> 30 | L46: =K46*L$50/K$50 -> 3.0769231 | M46: =IF(L46>4,ROUND(L46/2,0)*2,IF(L46>2.2,4,0)) -> 4 | N46: =_xlfn.XLOOKUP(A46,'2.0SASA'!$A:$A,'2.0SASA'!$G:$G,"",0) -> 0 | O46: =N46*O$50/N$50 -> 0 | P46: =IF(O46>4,ROUND(O46/2,0)*2,IF(O46>2.2,4,0)) -> 0 | Q46: =_xlfn.XLOOKUP(A46,'2.0SASA'!$A:$A,'2.0SASA'!$I:$I,"",0) -> 0 | R46: =Q46*R$50/Q$50 -> 0 | S46: =IF(R46>4,ROUND(R46/2,0)*2,IF(R46>2.2,4,0)) -> 0 | T46: =_xlfn.XLOOKUP(A46,'2.0SASA'!$A:$A,'2.0SASA'!$F:$F,"",0) -> 0 | U46: =T46*U$50/T$50 -> 0 | V46: =IF(U46>4,ROUND(U46/2,0)*2,IF(U46>2.2,4,0)) -> 0 | W46: =_xlfn.XLOOKUP(A46,'2.0SASA'!$A:$A,'2.0SASA'!$H:$H,"",0) -> 0 | X46: =W46*X$50/W$50 -> 0 | Y46: =IF(X46>4,ROUND(X46/2,0)*2,IF(X46>2.2,4,0)) -> 0 | Z46: =_xlfn.XLOOKUP(A46,'2.0SASA'!$A:$A,'2.0SASA'!$D:$D,"",0) -> 0 | AA46: =Z46*AA$50/Z$50 -> 0 | AB46: =IF(AA46>4,ROUND(AA46/2,0)*2,IF(AA46>2.2,4,0)) -> 0 | AC46: =_xlfn.XLOOKUP(A46,'2.0SASA'!$A:$A,'2.0SASA'!$E:$E,"",0) -> 0 | AD46: =AC46*AD$50/AC$50 -> 0 | AE46: =IF(AD46>4,ROUND(AD46/2,0)*2,IF(AD46>2.2,4,0)) -> 0 | AF46: =_xlfn.XLOOKUP(A46,'2.0SASA'!$A:$A,'2.0SASA'!$V:$V,"",0) -> 0 | AG46: =AF46*AG$50/AF$50 -> 0 | AH46: =IF(AG46>4,ROUND(AG46/2,0)*2,IF(AG46>2.2,4,0)) -> 0 | AI46: =_xlfn.XLOOKUP(A46,'2.0SASA'!$A:$A,'2.0SASA'!$U:$U,"",0) -> 10 | AJ46: =AI46*AJ$50/AI$50 -> 0.45112782 | AK46: =IF(AJ46>4,ROUND(AJ46/2,0)*2,IF(AJ46>2,4,0)) -> 0 | AL46: =_xlfn.XLOOKUP(A46,'2.0SASA'!$A:$A,'2.0SASA'!$Q:$Q,"",0) -> 0 | AM46: =AL46*AM$50/AL$50 -> 0 | AN46: =IF(AM46>4,ROUND(AM46/2,0)*2,IF(AM46>2.2,4,0)) -> 0 | AO46: =_xlfn.XLOOKUP(A46,'2.0SASA'!$A:$A,'2.0SASA'!$AD:$AD,"",0) -> 0 | AP46: =AO46*AP$50/AO$50 -> 0 | AQ46: =IF(AP46>4,ROUND(AP46/2,0)*2,IF(AP46>2.2,4,0)) -> 0
A47: Valsad | B47: =_xlfn.XLOOKUP(A47,'2.0SASA'!$A:$A,'2.0SASA'!$C:$C,"",0) -> 0 | C47: =B47*C$50/B$50 -> 0 | D47: =IF(C47>4,ROUND(C47/2,0)*2,IF(C47>2.2,4,0)) -> 0 | E47: =_xlfn.XLOOKUP(A47,'2.0SASA'!$A:$A,'2.0SASA'!$B:$B,"",0) -> 0 | F47: =E47*F$50/E$50 -> 0 | G47: =IF(F47>4,ROUND(F47/2,0)*2,IF(F47>2.2,4,0)) -> 0 | H47: =_xlfn.XLOOKUP(A47,'2.0SASA'!$A:$A,'2.0SASA'!$J:$J,"",0) -> 60 | I47: =H47*I$50/H$50 -> 5.5045872 | J47: =IF(I47>4,ROUND(I47/2,0)*2,IF(I47>2,4,0)) -> 6 | K47: =_xlfn.XLOOKUP(A47,'2.0SASA'!$A:$A,'2.0SASA'!$K:$K,"",0) -> 0 | L47: =K47*L$50/K$50 -> 0 | M47: =IF(L47>4,ROUND(L47/2,0)*2,IF(L47>2.2,4,0)) -> 0 | N47: =_xlfn.XLOOKUP(A47,'2.0SASA'!$A:$A,'2.0SASA'!$G:$G,"",0) -> 0 | O47: =N47*O$50/N$50 -> 0 | P47: =IF(O47>4,ROUND(O47/2,0)*2,IF(O47>2.2,4,0)) -> 0 | Q47: =_xlfn.XLOOKUP(A47,'2.0SASA'!$A:$A,'2.0SASA'!$I:$I,"",0) -> 0 | R47: =Q47*R$50/Q$50 -> 0 | S47: =IF(R47>4,ROUND(R47/2,0)*2,IF(R47>2.2,4,0)) -> 0 | T47: =_xlfn.XLOOKUP(A47,'2.0SASA'!$A:$A,'2.0SASA'!$F:$F,"",0) -> 0 | U47: =T47*U$50/T$50 -> 0 | V47: =IF(U47>4,ROUND(U47/2,0)*2,IF(U47>2.2,4,0)) -> 0 | W47: =_xlfn.XLOOKUP(A47,'2.0SASA'!$A:$A,'2.0SASA'!$H:$H,"",0) -> 50 | X47: =W47*X$50/W$50 -> 4.375 | Y47: =IF(X47>4,ROUND(X47/2,0)*2,IF(X47>2.2,4,0)) -> 4 | Z47: =_xlfn.XLOOKUP(A47,'2.0SASA'!$A:$A,'2.0SASA'!$D:$D,"",0) -> 0 | AA47: =Z47*AA$50/Z$50 -> 0 | AB47: =IF(AA47>4,ROUND(AA47/2,0)*2,IF(AA47>2.2,4,0)) -> 0 | AC47: =_xlfn.XLOOKUP(A47,'2.0SASA'!$A:$A,'2.0SASA'!$E:$E,"",0) -> 0 | AD47: =AC47*AD$50/AC$50 -> 0 | AE47: =IF(AD47>4,ROUND(AD47/2,0)*2,IF(AD47>2.2,4,0)) -> 0 | AF47: =_xlfn.XLOOKUP(A47,'2.0SASA'!$A:$A,'2.0SASA'!$V:$V,"",0) -> 0 | AG47: =AF47*AG$50/AF$50 -> 0 | AH47: =IF(AG47>4,ROUND(AG47/2,0)*2,IF(AG47>2.2,4,0)) -> 0 | AI47: =_xlfn.XLOOKUP(A47,'2.0SASA'!$A:$A,'2.0SASA'!$U:$U,"",0) -> 30 | AJ47: =AI47*AJ$50/AI$50 -> 1.3533835 | AK47: =IF(AJ47>4,ROUND(AJ47/2,0)*2,IF(AJ47>2,4,0)) -> 0 | AL47: =_xlfn.XLOOKUP(A47,'2.0SASA'!$A:$A,'2.0SASA'!$Q:$Q,"",0) -> 0 | AM47: =AL47*AM$50/AL$50 -> 0 | AN47: =IF(AM47>4,ROUND(AM47/2,0)*2,IF(AM47>2.2,4,0)) -> 0 | AO47: =_xlfn.XLOOKUP(A47,'2.0SASA'!$A:$A,'2.0SASA'!$AD:$AD,"",0) -> 0 | AP47: =AO47*AP$50/AO$50 -> 0 | AQ47: =IF(AP47>4,ROUND(AP47/2,0)*2,IF(AP47>2.2,4,0)) -> 0
A48: SRO VALSAD TOTAL | B48: =SUM(B46:B47) -> 0 | C48: =SUM(C46:C47) -> 0 | D48: =SUM(D46:D47) -> 0 | E48: =SUM(E46:E47) -> 0 | F48: =SUM(F46:F47) -> 0 | G48: =SUM(G46:G47) -> 0 | H48: =SUM(H46:H47) -> 120 | I48: =SUM(I46:I47) -> 11.009174 | ... AQ48: =SUM(AQ46:AQ47) -> 0
A49: RO BARODA TOTAL | B49: =SUM(B28,B33,B41,B45,B48) -> 433 | C49: =SUM(C28,C33,C41,C45,C48) -> 40 | D49: =SUM(D28,D33,D41,D45,D48) -> 40 | E49: =SUM(E28,E33,E41,E45,E48) -> 350 | F49: =SUM(F28,F33,F41,F45,F48) -> 35 | G49: =SUM(G28,G33,G41,G45,G48) -> 32 | H49: =SUM(H28,H33,H41,H45,H48) -> 780 | I49: =SUM(I28,I33,I41,I45,I48) -> 71.559633 | ... AQ49: =SUM(AQ28,AQ33,AQ41,AQ45,AQ48) -> 28
A50: STATE TOTAL | B50: =SUM(B24,B49) -> 433 | C50: 40 | D50: =SUM(D24,D49) -> 40 | E50: =SUM(E24,E49) -> 1200 | F50: 120 | G50: =SUM(G24,G49) -> 120 | H50: =SUM(H24,H49) -> 872 | I50: 80 | J50: =SUM(J24,J49) -> 80 | K50: =SUM(K24,K49) -> 390 | L50: 40 | M50: =SUM(M24,M49) -> 40 | N50: =SUM(N24,N49) -> 300 | O50: 40 | P50: =SUM(P24,P49) -> 40 | Q50: =SUM(Q24,Q49) -> 350 | R50: 40 | S50: =SUM(S24,S49) -> 40 | T50: =SUM(T24,T49) -> 1000 | U50: 100 | V50: =SUM(V24,V49) -> 100 | W50: =SUM(W24,W49) -> 800 | X50: 70 | Y50: =SUM(Y24,Y49) -> 70 | Z50: =SUM(Z24,Z49) -> 1650 | AA50: 160 | AB50: =SUM(AB24,AB49) -> 160 | AC50: =SUM(AC24,AC49) -> 620 | AD50: 60 | AE50: =SUM(AE24,AE49) -> 60 | AF50: =SUM(AF24,AF49) -> 600 | AG50: 40 | AH50: =SUM(AH24,AH49) -> 40 | AI50: =SUM(AI24,AI49) -> 1330 | AJ50: 60 | AK50: =SUM(AK24,AK49) -> 60 | AL50: =SUM(AL24,AL49) -> 2070 | AM50: 100 | AN50: =SUM(AN24,AN49) -> 100 | AO50: =SUM(AO24,AO49) -> 770 | AP50: 40 | AQ50: =SUM(AQ24,AQ49) -> 40
Z52: KHARIF TOTAL | AC52: =SUM(D50,G50,J50,M50,P50,S50,V50,Y50,AB50,AE50) -> 750 | AL52: RABI TOTAL | AO52: =SUM(AH50,AK50,AN50,AQ50) -> 240

Sheet 2.0WP
A1: PLAN OF WORK FOR UNDERTAKING SAMPLE CHECK ON CROP CUTTING EXPTS. (A.S. 2.0)
A2: UNDER I.C.S.(State Sample)
A3: STATE: GUJARAT | I3: SEASON: KHARIF / RABI/ SUMMER | S3: ='1.0WS'!K2 -> YEAR: 2026-27
A4: DISTT./ | B4: NO. OF EXPERIMENTS PLANNED
A5: SRO/ | B5: KHARIF | M5: RABI | Q5: SUMMER | R5: Total (Rabi + Summer) | S5: Grand Total
A6: REGION | B6: MAIZE | C6: G.NUT | D6: PADDY | F6: SESAMUM | G6: BAJRA | H6: CASTOR | I6: TUR | J6: COTTON | L6: Total | M6: R&M | N6: GRAM | O6: WHEAT(I) | P6: Total | Q6: BAJRA
D7: (I) | E7: (UI) | J7: (I) | K7: (UI)
A8: (1) | B8: (2) | C8: (3) | D8: (4) | E8: (5) | F8: (6) | G8: (7) | H8: (8) | I8: (9) | J8: (10) | K8: (11) | L8: (12) | M8: (13) | N8: (14) | O8: (15) | P8: (16) | Q8: (17) | R8: (18) | S8: (19)
A9: ='2.0WS(S)'!A5 -> Kachchh | B9: =IF(IFERROR(VLOOKUP(A9,'2.0WS(S)'!$A$5:$AQ$47,4,FALSE),"")=0,"",IFERROR(VLOOKUP(A9,'2.0WS(S)'!$A$5:$AQ$47,4,FALSE),"")) | C9: =IF(IFERROR(VLOOKUP(A9,'2.0WS(S)'!$A$5:$AQ$47,7,FALSE),"")=0,"",IFERROR(VLOOKUP(A9,'2.0WS(S)'!$A$5:$AQ$47,7,FALSE),"")) -> 10 | D9: =IF(IFERROR(VLOOKUP(A9,'2.0WS(S)'!$A$5:$AQ$47,10,FALSE),"")=0,"",IFERROR(VLOOKUP(A9,'2.0WS(S)'!$A$5:$AQ$47,10,FALSE),"")) | E9: =IF(IFERROR(VLOOKUP(A9,'2.0WS(S)'!$A$5:$AQ$47,13,FALSE),"")=0,"",IFERROR(VLOOKUP(A9,'2.0WS(S)'!$A$5:$AQ$47,13,FALSE),"")) | F9: =IF(IFERROR(VLOOKUP(A9,'2.0WS(S)'!$A$5:$AQ$47,16,FALSE),"")=0,"",IFERROR(VLOOKUP(A9,'2.0WS(S)'!$A$5:$AQ$47,16,FALSE),"")) -> 14 | G9: =IF(IFERROR(VLOOKUP(A9,'2.0WS(S)'!$A$5:$AQ$47,19,FALSE),"")=0,"",IFERROR(VLOOKUP(A9,'2.0WS(S)'!$A$5:$AQ$47,19,FALSE),"")) -> 4 | H9: =IF(IFERROR(VLOOKUP(A9,'2.0WS(S)'!$A$5:$AQ$47,22,FALSE),"")=0,"",IFERROR(VLOOKUP(A9,'2.0WS(S)'!$A$5:$AQ$47,22,FALSE),"")) -> 8 | I9: =IF(IFERROR(VLOOKUP(A9,'2.0WS(S)'!$A$5:$AQ$47,25,FALSE),"")=0,"",IFERROR(VLOOKUP(A9,'2.0WS(S)'!$A$5:$AQ$47,25,FALSE),"")) | J9: =IF(IFERROR(VLOOKUP(A9,'2.0WS(S)'!$A$5:$AQ$47,28,FALSE),"")=0,"",IFERROR(VLOOKUP(A9,'2.0WS(S)'!$A$5:$AQ$47,28,FALSE),"")) -> 8 | K9: =IF(IFERROR(VLOOKUP(A9,'2.0WS(S)'!$A$5:$AQ$47,31,FALSE),"")=0,"",IFERROR(VLOOKUP(A9,'2.0WS(S)'!$A$5:$AQ$47,31,FALSE),"")) | L9: =SUM(B9:K9) -> 44 | M9: =IF(IFERROR(VLOOKUP(A9,'2.0WS(S)'!$A$5:$AQ$47,34,FALSE),"")=0,"",IFERROR(VLOOKUP(A9,'2.0WS(S)'!$A$5:$AQ$47,34,FALSE),"")) -> 6 | N9: =IF(IFERROR(VLOOKUP(A9,'2.0WS(S)'!$A$5:$AQ$47,37,FALSE),"")=0,"",IFERROR(VLOOKUP(A9,'2.0WS(S)'!$A$5:$AQ$47,37,FALSE),"")) | O9: =IF(IFERROR(VLOOKUP(A9,'2.0WS(S)'!$A$5:$AQ$47,40,FALSE),"")=0,"",IFERROR(VLOOKUP(A9,'2.0WS(S)'!$A$5:$AQ$47,40,FALSE),"")) -> 4 | P9: =SUM(M9:O9) -> 10 | Q9: =IF(IFERROR(VLOOKUP(A9,'2.0WS(S)'!$A$5:$AQ$47,43,FALSE),"")=0,"",IFERROR(VLOOKUP(A9,'2.0WS(S)'!$A$5:$AQ$47,43,FALSE),"")) -> 4 | R9: =SUM(P9:Q9) -> 14 | S9: =SUM(L9,R9) -> 58
A10: ='2.0WS(S)'!A6 -> Surendranagar | B10: =IF(IFERROR(VLOOKUP(A10,'2.0WS(S)'!$A$5:$AQ$47,4,FALSE),"")=0,"",IFERROR(VLOOKUP(A10,'2.0WS(S)'!$A$5:$AQ$47,4,FALSE),"")) | C10: =IF(IFERROR(VLOOKUP(A10,'2.0WS(S)'!$A$5:$AQ$47,7,FALSE),"")=0,"",IFERROR(VLOOKUP(A10,'2.0WS(S)'!$A$5:$AQ$47,7,FALSE),"")) -> 6 | D10: =IF(IFERROR(VLOOKUP(A10,'2.0WS(S)'!$A$5:$AQ$47,10,FALSE),"")=0,"",IFERROR(VLOOKUP(A10,'2.0WS(S)'!$A$5:$AQ$47,10,FALSE),"")) | E10: =IF(IFERROR(VLOOKUP(A10,'2.0WS(S)'!$A$5:$AQ$47,13,FALSE),"")=0,"",IFERROR(VLOOKUP(A10,'2.0WS(S)'!$A$5:$AQ$47,13,FALSE),"")) | F10: =IF(IFERROR(VLOOKUP(A10,'2.0WS(S)'!$A$5:$AQ$47,16,FALSE),"")=0,"",IFERROR(VLOOKUP(A10,'2.0WS(S)'!$A$5:$AQ$47,16,FALSE),"")) -> 10 | G10: =IF(IFERROR(VLOOKUP(A10,'2.0WS(S)'!$A$5:$AQ$47,19,FALSE),"")=0,"",IFERROR(VLOOKUP(A10,'2.0WS(S)'!$A$5:$AQ$47,19,FALSE),"")) | H10: =IF(IFERROR(VLOOKUP(A10,'2.0WS(S)'!$A$5:$AQ$47,22,FALSE),"")=0,"",IFERROR(VLOOKUP(A10,'2.0WS(S)'!$A$5:$AQ$47,22,FALSE),"")) -> 8 | I10: =IF(IFERROR(VLOOKUP(A10,'2.0WS(S)'!$A$5:$AQ$47,25,FALSE),"")=0,"",IFERROR(VLOOKUP(A10,'2.0WS(S)'!$A$5:$AQ$47,25,FALSE),"")) | J10: =IF(IFERROR(VLOOKUP(A10,'2.0WS(S)'!$A$5:$AQ$47,28,FALSE),"")=0,"",IFERROR(VLOOKUP(A10,'2.0WS(S)'!$A$5:$AQ$47,28,FALSE),"")) -> 10 | K10: =IF(IFERROR(VLOOKUP(A10,'2.0WS(S)'!$A$5:$AQ$47,31,FALSE),"")=0,"",IFERROR(VLOOKUP(A10,'2.0WS(S)'!$A$5:$AQ$47,31,FALSE),"")) -> 6 | L10: =SUM(B10:K10) -> 40 | M10: =IF(IFERROR(VLOOKUP(A10,'2.0WS(S)'!$A$5:$AQ$47,34,FALSE),"")=0,"",IFERROR(VLOOKUP(A10,'2.0WS(S)'!$A$5:$AQ$47,34,FALSE),"")) -> 4 | N10: =IF(IFERROR(VLOOKUP(A10,'2.0WS(S)'!$A$5:$AQ$47,37,FALSE),"")=0,"",IFERROR(VLOOKUP(A10,'2.0WS(S)'!$A$5:$AQ$47,37,FALSE),"")) -> 4 | O10: =IF(IFERROR(VLOOKUP(A10,'2.0WS(S)'!$A$5:$AQ$47,40,FALSE),"")=0,"",IFERROR(VLOOKUP(A10,'2.0WS(S)'!$A$5:$AQ$47,40,FALSE),"")) -> 6 | P10: =SUM(M10:O10) -> 14 | Q10: =IF(IFERROR(VLOOKUP(A10,'2.0WS(S)'!$A$5:$AQ$47,43,FALSE),"")=0,"",IFERROR(VLOOKUP(A10,'2.0WS(S)'!$A$5:$AQ$47,43,FALSE),"")) | R10: =SUM(P10:Q10) -> 14 | S10: =SUM(L10,R10) -> 54
A11: ='2.0WS(S)'!A7 -> SRO S.NAGAR TOTAL | B11: =SUM(B9:B10) -> 0 | C11: =SUM(C9:C10) -> 16 | D11: =SUM(D9:D10) -> 0 | E11: =SUM(E9:E10) -> 0 | F11: =SUM(F9:F10) -> 24 | G11: =SUM(G9:G10) -> 4 | H11: =SUM(H9:H10) -> 16 | I11: =SUM(I9:I10) -> 0 | ... O11: =SUM(O9:O10) -> 10 | P11: =SUM(M11:O11) -> 24 | Q11: =SUM(Q9:Q10) -> 4 | R11: =SUM(P11:Q11) -> 28 | S11: =SUM(S9:S10) -> 112
A12: ='2.0WS(S)'!A8 -> Gandhinagar | B12: =IF(IFERROR(VLOOKUP(A12,'2.0WS(S)'!$A$5:$AQ$47,4,FALSE),"")=0,"",IFERROR(VLOOKUP(A12,'2.0WS(S)'!$A$5:$AQ$47,4,FALSE),"")) | C12: =IF(IFERROR(VLOOKUP(A12,'2.0WS(S)'!$A$5:$AQ$47,7,FALSE),"")=0,"",IFERROR(VLOOKUP(A12,'2.0WS(S)'!$A$5:$AQ$47,7,FALSE),"")) -> 4 | D12: =IF(IFERROR(VLOOKUP(A12,'2.0WS(S)'!$A$5:$AQ$47,10,FALSE),"")=0,"",IFERROR(VLOOKUP(A12,'2.0WS(S)'!$A$5:$AQ$47,10,FALSE),"")) -> 4 | E12: =IF(IFERROR(VLOOKUP(A12,'2.0WS(S)'!$A$5:$AQ$47,13,FALSE),"")=0,"",IFERROR(VLOOKUP(A12,'2.0WS(S)'!$A$5:$AQ$47,13,FALSE),"")) | F12: =IF(IFERROR(VLOOKUP(A12,'2.0WS(S)'!$A$5:$AQ$47,16,FALSE),"")=0,"",IFERROR(VLOOKUP(A12,'2.0WS(S)'!$A$5:$AQ$47,16,FALSE),"")) | G12: =IF(IFERROR(VLOOKUP(A12,'2.0WS(S)'!$A$5:$AQ$47,19,FALSE),"")=0,"",IFERROR(VLOOKUP(A12,'2.0WS(S)'!$A$5:$AQ$47,19,FALSE),"")) | H12: =IF(IFERROR(VLOOKUP(A12,'2.0WS(S)'!$A$5:$AQ$47,22,FALSE),"")=0,"",IFERROR(VLOOKUP(A12,'2.0WS(S)'!$A$5:$AQ$47,22,FALSE),"")) -> 4 | I12: =IF(IFERROR(VLOOKUP(A12,'2.0WS(S)'!$A$5:$AQ$47,25,FALSE),"")=0,"",IFERROR(VLOOKUP(A12,'2.0WS(S)'!$A$5:$AQ$47,25,FALSE),"")) | J12: =IF(IFERROR(VLOOKUP(A12,'2.0WS(S)'!$A$5:$AQ$47,28,FALSE),"")=0,"",IFERROR(VLOOKUP(A12,'2.0WS(S)'!$A$5:$AQ$47,28,FALSE),"")) -> 4 | K12: =IF(IFERROR(VLOOKUP(A12,'2.0WS(S)'!$A$5:$AQ$47,31,FALSE),"")=0,"",IFERROR(VLOOKUP(A12,'2.0WS(S)'!$A$5:$AQ$47,31,FALSE),"")) | L12: =SUM(B12:K12) -> 16 | M12: =IF(IFERROR(VLOOKUP(A12,'2.0WS(S)'!$A$5:$AQ$47,34,FALSE),"")=0,"",IFERROR(VLOOKUP(A12,'2.0WS(S)'!$A$5:$AQ$47,34,FALSE),"")) -> 4 | N12: =IF(IFERROR(VLOOKUP(A12,'2.0WS(S)'!$A$5:$AQ$47,37,FALSE),"")=0,"",IFERROR(VLOOKUP(A12,'2.0WS(S)'!$A$5:$AQ$47,37,FALSE),"")) | O12: =IF(IFERROR(VLOOKUP(A12,'2.0WS(S)'!$A$5:$AQ$47,40,FALSE),"")=0,"",IFERROR(VLOOKUP(A12,'2.0WS(S)'!$A$5:$AQ$47,40,FALSE),"")) | P12: =SUM(M12:O12) -> 4 | Q12: =IF(IFERROR(VLOOKUP(A12,'2.0WS(S)'!$A$5:$AQ$47,43,FALSE),"")=0,"",IFERROR(VLOOKUP(A12,'2.0WS(S)'!$A$5:$AQ$47,43,FALSE),"")) | R12: =SUM(P12:Q12) -> 4 | S12: =SUM(L12,R12) -> 20
A13: ='2.0WS(S)'!A9 -> Ahmedabad | B13: =IF(IFERROR(VLOOKUP(A13,'2.0WS(S)'!$A$5:$AQ$47,4,FALSE),"")=0,"",IFERROR(VLOOKUP(A13,'2.0WS(S)'!$A$5:$AQ$47,4,FALSE),"")) | C13: =IF(IFERROR(VLOOKUP(A13,'2.0WS(S)'!$A$5:$AQ$47,7,FALSE),"")=0,"",IFERROR(VLOOKUP(A13,'2.0WS(S)'!$A$5:$AQ$47,7,FALSE),"")) | D13: =IF(IFERROR(VLOOKUP(A13,'2.0WS(S)'!$A$5:$AQ$47,10,FALSE),"")=0,"",IFERROR(VLOOKUP(A13,'2.0WS(S)'!$A$5:$AQ$47,10,FALSE),"")) -> 4 | E13: =IF(IFERROR(VLOOKUP(A13,'2.0WS(S)'!$A$5:$AQ$47,13,FALSE),"")=0,"",IFERROR(VLOOKUP(A13,'2.0WS(S)'!$A$5:$AQ$47,13,FALSE),"")) | F13: =IF(IFERROR(VLOOKUP(A13,'2.0WS(S)'!$A$5:$AQ$47,16,FALSE),"")=0,"",IFERROR(VLOOKUP(A13,'2.0WS(S)'!$A$5:$AQ$47,16,FALSE),"")) | G13: =IF(IFERROR(VLOOKUP(A13,'2.0WS(S)'!$A$5:$AQ$47,19,FALSE),"")=0,"",IFERROR(VLOOKUP(A13,'2.0WS(S)'!$A$5:$AQ$47,19,FALSE),"")) | H13: =IF(IFERROR(VLOOKUP(A13,'2.0WS(S)'!$A$5:$AQ$47,22,FALSE),"")=0,"",IFERROR(VLOOKUP(A13,'2.0WS(S)'!$A$5:$AQ$47,22,FALSE),"")) -> 6 | I13: =IF(IFERROR(VLOOKUP(A13,'2.0WS(S)'!$A$5:$AQ$47,25,FALSE),"")=0,"",IFERROR(VLOOKUP(A13,'2.0WS(S)'!$A$5:$AQ$47,25,FALSE),"")) | J13: =IF(IFERROR(VLOOKUP(A13,'2.0WS(S)'!$A$5:$AQ$47,28,FALSE),"")=0,"",IFERROR(VLOOKUP(A13,'2.0WS(S)'!$A$5:$AQ$47,28,FALSE),"")) -> 4 | K13: =IF(IFERROR(VLOOKUP(A13,'2.0WS(S)'!$A$5:$AQ$47,31,FALSE),"")=0,"",IFERROR(VLOOKUP(A13,'2.0WS(S)'!$A$5:$AQ$47,31,FALSE),"")) -> 6 | L13: =SUM(B13:K13) -> 20 | M13: =IF(IFERROR(VLOOKUP(A13,'2.0WS(S)'!$A$5:$AQ$47,34,FALSE),"")=0,"",IFERROR(VLOOKUP(A13,'2.0WS(S)'!$A$5:$AQ$47,34,FALSE),"")) -> 4 | N13: =IF(IFERROR(VLOOKUP(A13,'2.0WS(S)'!$A$5:$AQ$47,37,FALSE),"")=0,"",IFERROR(VLOOKUP(A13,'2.0WS(S)'!$A$5:$AQ$47,37,FALSE),"")) -> 4 | O13: =IF(IFERROR(VLOOKUP(A13,'2.0WS(S)'!$A$5:$AQ$47,40,FALSE),"")=0,"",IFERROR(VLOOKUP(A13,'2.0WS(S)'!$A$5:$AQ$47,40,FALSE),"")) -> 4 | P13: =SUM(M13:O13) -> 12 | Q13: =IF(IFERROR(VLOOKUP(A13,'2.0WS(S)'!$A$5:$AQ$47,43,FALSE),"")=0,"",IFERROR(VLOOKUP(A13,'2.0WS(S)'!$A$5:$AQ$47,43,FALSE),"")) | R13: =SUM(P13:Q13) -> 12 | S13: =SUM(L13,R13) -> 32
A14: ='2.0WS(S)'!A10 -> SRO AHEMDABAD TOTAL | B14: =SUM(B12:B13) -> 0 | C14: =SUM(C12:C13) -> 4 | D14: =SUM(D12:D13) -> 8 | E14: =SUM(E12:E13) -> 0 | F14: =SUM(F12:F13) -> 0 | G14: =SUM(G12:G13) -> 0 | H14: =SUM(H12:H13) -> 10 | I14: =SUM(I12:I13) -> 0 | ... O14: =SUM(O12:O13) -> 4 | P14: =SUM(M14:O14) -> 16 | Q14: =SUM(Q12:Q13) -> 0 | R14: =SUM(P14:Q14) -> 16 | S14: =SUM(S12:S13) -> 52
A15: ='2.0WS(S)'!A11 -> Rajkot | B15: =IF(IFERROR(VLOOKUP(A15,'2.0WS(S)'!$A$5:$AQ$47,4,FALSE),"")=0,"",IFERROR(VLOOKUP(A15,'2.0WS(S)'!$A$5:$AQ$47,4,FALSE),"")) | C15: =IF(IFERROR(VLOOKUP(A15,'2.0WS(S)'!$A$5:$AQ$47,7,FALSE),"")=0,"",IFERROR(VLOOKUP(A15,'2.0WS(S)'!$A$5:$AQ$47,7,FALSE),"")) -> 10 | D15: =IF(IFERROR(VLOOKUP(A15,'2.0WS(S)'!$A$5:$AQ$47,10,FALSE),"")=0,"",IFERROR(VLOOKUP(A15,'2.0WS(S)'!$A$5:$AQ$47,10,FALSE),"")) | E15: =IF(IFERROR(VLOOKUP(A15,'2.0WS(S)'!$A$5:$AQ$47,13,FALSE),"")=0,"",IFERROR(VLOOKUP(A15,'2.0WS(S)'!$A$5:$AQ$47,13,FALSE),"")) | F15: =IF(IFERROR(VLOOKUP(A15,'2.0WS(S)'!$A$5:$AQ$47,16,FALSE),"")=0,"",IFERROR(VLOOKUP(A15,'2.0WS(S)'!$A$5:$AQ$47,16,FALSE),"")) | G15: =IF(IFERROR(VLOOKUP(A15,'2.0WS(S)'!$A$5:$AQ$47,19,FALSE),"")=0,"",IFERROR(VLOOKUP(A15,'2.0WS(S)'!$A$5:$AQ$47,19,FALSE),"")) | H15: =IF(IFERROR(VLOOKUP(A15,'2.0WS(S)'!$A$5:$AQ$47,22,FALSE),"")=0,"",IFERROR(VLOOKUP(A15,'2.0WS(S)'!$A$5:$AQ$47,22,FALSE),"")) | I15: =IF(IFERROR(VLOOKUP(A15,'2.0WS(S)'!$A$5:$AQ$47,25,FALSE),"")=0,"",IFERROR(VLOOKUP(A15,'2.0WS(S)'!$A$5:$AQ$47,25,FALSE),"")) | J15: =IF(IFERROR(VLOOKUP(A15,'2.0WS(S)'!$A$5:$AQ$47,28,FALSE),"")=0,"",IFERROR(VLOOKUP(A15,'2.0WS(S)'!$A$5:$AQ$47,28,FALSE),"")) -> 10 | K15: =IF(IFERROR(VLOOKUP(A15,'2.0WS(S)'!$A$5:$AQ$47,31,FALSE),"")=0,"",IFERROR(VLOOKUP(A15,'2.0WS(S)'!$A$5:$AQ$47,31,FALSE),"")) | L15: =SUM(B15:K15) -> 20 | M15: =IF(IFERROR(VLOOKUP(A15,'2.0WS(S)'!$A$5:$AQ$47,34,FALSE),"")=0,"",IFERROR(VLOOKUP(A15,'2.0WS(S)'!$A$5:$AQ$47,34,FALSE),"")) | N15: =IF(IFERROR(VLOOKUP(A15,'2.0WS(S)'!$A$5:$AQ$47,37,FALSE),"")=0,"",IFERROR(VLOOKUP(A15,'2.0WS(S)'!$A$5:$AQ$47,37,FALSE),"")) -> 6 | O15: =IF(IFERROR(VLOOKUP(A15,'2.0WS(S)'!$A$5:$AQ$47,40,FALSE),"")=0,"",IFERROR(VLOOKUP(A15,'2.0WS(S)'!$A$5:$AQ$47,40,FALSE),"")) -> 6 | P15: =SUM(M15:O15) -> 12 | Q15: =IF(IFERROR(VLOOKUP(A15,'2.0WS(S)'!$A$5:$AQ$47,43,FALSE),"")=0,"",IFERROR(VLOOKUP(A15,'2.0WS(S)'!$A$5:$AQ$47,43,FALSE),"")) | R15: =SUM(P15:Q15) -> 12 | S15: =SUM(L15,R15) -> 32
A16: ='2.0WS(S)'!A12 -> Morbi | B16: =IF(IFERROR(VLOOKUP(A16,'2.0WS(S)'!$A$5:$AQ$47,4,FALSE),"")=0,"",IFERROR(VLOOKUP(A16,'2.0WS(S)'!$A$5:$AQ$47,4,FALSE),"")) | C16: =IF(IFERROR(VLOOKUP(A16,'2.0WS(S)'!$A$5:$AQ$47,7,FALSE),"")=0,"",IFERROR(VLOOKUP(A16,'2.0WS(S)'!$A$5:$AQ$47,7,FALSE),"")) -> 6 | D16: =IF(IFERROR(VLOOKUP(A16,'2.0WS(S)'!$A$5:$AQ$47,10,FALSE),"")=0,"",IFERROR(VLOOKUP(A16,'2.0WS(S)'!$A$5:$AQ$47,10,FALSE),"")) | E16: =IF(IFERROR(VLOOKUP(A16,'2.0WS(S)'!$A$5:$AQ$47,13,FALSE),"")=0,"",IFERROR(VLOOKUP(A16,'2.0WS(S)'!$A$5:$AQ$47,13,FALSE),"")) | F16: =IF(IFERROR(VLOOKUP(A16,'2.0WS(S)'!$A$5:$AQ$47,16,FALSE),"")=0,"",IFERROR(VLOOKUP(A16,'2.0WS(S)'!$A$5:$AQ$47,16,FALSE),"")) -> 4 | G16: =IF(IFERROR(VLOOKUP(A16,'2.0WS(S)'!$A$5:$AQ$47,19,FALSE),"")=0,"",IFERROR(VLOOKUP(A16,'2.0WS(S)'!$A$5:$AQ$47,19,FALSE),"")) | H16: =IF(IFERROR(VLOOKUP(A16,'2.0WS(S)'!$A$5:$AQ$47,22,FALSE),"")=0,"",IFERROR(VLOOKUP(A16,'2.0WS(S)'!$A$5:$AQ$47,22,FALSE),"")) -> 4 | I16: =IF(IFERROR(VLOOKUP(A16,'2.0WS(S)'!$A$5:$AQ$47,25,FALSE),"")=0,"",IFERROR(VLOOKUP(A16,'2.0WS(S)'!$A$5:$AQ$47,25,FALSE),"")) | J16: =IF(IFERROR(VLOOKUP(A16,'2.0WS(S)'!$A$5:$AQ$47,28,FALSE),"")=0,"",IFERROR(VLOOKUP(A16,'2.0WS(S)'!$A$5:$AQ$47,28,FALSE),"")) -> 4 | K16: =IF(IFERROR(VLOOKUP(A16,'2.0WS(S)'!$A$5:$AQ$47,31,FALSE),"")=0,"",IFERROR(VLOOKUP(A16,'2.0WS(S)'!$A$5:$AQ$47,31,FALSE),"")) -> 4 | L16: =SUM(B16:K16) -> 22 | M16: =IF(IFERROR(VLOOKUP(A16,'2.0WS(S)'!$A$5:$AQ$47,34,FALSE),"")=0,"",IFERROR(VLOOKUP(A16,'2.0WS(S)'!$A$5:$AQ$47,34,FALSE),"")) | N16: =IF(IFERROR(VLOOKUP(A16,'2.0WS(S)'!$A$5:$AQ$47,37,FALSE),"")=0,"",IFERROR(VLOOKUP(A16,'2.0WS(S)'!$A$5:$AQ$47,37,FALSE),"")) -> 4 | O16: =IF(IFERROR(VLOOKUP(A16,'2.0WS(S)'!$A$5:$AQ$47,40,FALSE),"")=0,"",IFERROR(VLOOKUP(A16,'2.0WS(S)'!$A$5:$AQ$47,40,FALSE),"")) -> 4 | P16: =SUM(M16:O16) -> 8 | Q16: =IF(IFERROR(VLOOKUP(A16,'2.0WS(S)'!$A$5:$AQ$47,43,FALSE),"")=0,"",IFERROR(VLOOKUP(A16,'2.0WS(S)'!$A$5:$AQ$47,43,FALSE),"")) | R16: =SUM(P16:Q16) -> 8 | S16: =SUM(L16,R16) -> 30
A17: ='2.0WS(S)'!A13 -> Junagadh | B17: =IF(IFERROR(VLOOKUP(A17,'2.0WS(S)'!$A$5:$AQ$47,4,FALSE),"")=0,"",IFERROR(VLOOKUP(A17,'2.0WS(S)'!$A$5:$AQ$47,4,FALSE),"")) | C17: =IF(IFERROR(VLOOKUP(A17,'2.0WS(S)'!$A$5:$AQ$47,7,FALSE),"")=0,"",IFERROR(VLOOKUP(A17,'2.0WS(S)'!$A$5:$AQ$47,7,FALSE),"")) -> 10 | D17: =IF(IFERROR(VLOOKUP(A17,'2.0WS(S)'!$A$5:$AQ$47,10,FALSE),"")=0,"",IFERROR(VLOOKUP(A17,'2.0WS(S)'!$A$5:$AQ$47,10,FALSE),"")) | E17: =IF(IFERROR(VLOOKUP(A17,'2.0WS(S)'!$A$5:$AQ$47,13,FALSE),"")=0,"",IFERROR(VLOOKUP(A17,'2.0WS(S)'!$A$5:$AQ$47,13,FALSE),"")) | F17: =IF(IFERROR(VLOOKUP(A17,'2.0WS(S)'!$A$5:$AQ$47,16,FALSE),"")=0,"",IFERROR(VLOOKUP(A17,'2.0WS(S)'!$A$5:$AQ$47,16,FALSE),"")) | G17: =IF(IFERROR(VLOOKUP(A17,'2.0WS(S)'!$A$5:$AQ$47,19,FALSE),"")=0,"",IFERROR(VLOOKUP(A17,'2.0WS(S)'!$A$5:$AQ$47,19,FALSE),"")) | H17: =IF(IFERROR(VLOOKUP(A17,'2.0WS(S)'!$A$5:$AQ$47,22,FALSE),"")=0,"",IFERROR(VLOOKUP(A17,'2.0WS(S)'!$A$5:$AQ$47,22,FALSE),"")) | I17: =IF(IFERROR(VLOOKUP(A17,'2.0WS(S)'!$A$5:$AQ$47,25,FALSE),"")=0,"",IFERROR(VLOOKUP(A17,'2.0WS(S)'!$A$5:$AQ$47,25,FALSE),"")) -> 6 | J17: =IF(IFERROR(VLOOKUP(A17,'2.0WS(S)'!$A$5:$AQ$47,28,FALSE),"")=0,"",IFERROR(VLOOKUP(A17,'2.0WS(S)'!$A$5:$AQ$47,28,FALSE),"")) -> 4 | K17: =IF(IFERROR(VLOOKUP(A17,'2.0WS(S)'!$A$5:$AQ$47,31,FALSE),"")=0,"",IFERROR(VLOOKUP(A17,'2.0WS(S)'!$A$5:$AQ$47,31,FALSE),"")) | L17: =SUM(B17:K17) -> 20 | M17: =IF(IFERROR(VLOOKUP(A17,'2.0WS(S)'!$A$5:$AQ$47,34,FALSE),"")=0,"",IFERROR(VLOOKUP(A17,'2.0WS(S)'!$A$5:$AQ$47,34,FALSE),"")) | N17: =IF(IFERROR(VLOOKUP(A17,'2.0WS(S)'!$A$5:$AQ$47,37,FALSE),"")=0,"",IFERROR(VLOOKUP(A17,'2.0WS(S)'!$A$5:$AQ$47,37,FALSE),"")) -> 4 | O17: =IF(IFERROR(VLOOKUP(A17,'2.0WS(S)'!$A$5:$AQ$47,40,FALSE),"")=0,"",IFERROR(VLOOKUP(A17,'2.0WS(S)'!$A$5:$AQ$47,40,FALSE),"")) -> 4 | P17: =SUM(M17:O17) -> 8 | Q17: =IF(IFERROR(VLOOKUP(A17,'2.0WS(S)'!$A$5:$AQ$47,43,FALSE),"")=0,"",IFERROR(VLOOKUP(A17,'2.0WS(S)'!$A$5:$AQ$47,43,FALSE),"")) | R17: =SUM(P17:Q17) -> 8 | S17: =SUM(L17,R17) -> 28
A18: ='2.0WS(S)'!A14 -> Gir Somnath | B18: =IF(IFERROR(VLOOKUP(A18,'2.0WS(S)'!$A$5:$AQ$47,4,FALSE),"")=0,"",IFERROR(VLOOKUP(A18,'2.0WS(S)'!$A$5:$AQ$47,4,FALSE),"")) | C18: =IF(IFERROR(VLOOKUP(A18,'2.0WS(S)'!$A$5:$AQ$47,7,FALSE),"")=0,"",IFERROR(VLOOKUP(A18,'2.0WS(S)'!$A$5:$AQ$47,7,FALSE),"")) -> 6 | D18: =IF(IFERROR(VLOOKUP(A18,'2.0WS(S)'!$A$5:$AQ$47,10,FALSE),"")=0,"",IFERROR(VLOOKUP(A18,'2.0WS(S)'!$A$5:$AQ$47,10,FALSE),"")) | E18: =IF(IFERROR(VLOOKUP(A18,'2.0WS(S)'!$A$5:$AQ$47,13,FALSE),"")=0,"",IFERROR(VLOOKUP(A18,'2.0WS(S)'!$A$5:$AQ$47,13,FALSE),"")) | F18: =IF(IFERROR(VLOOKUP(A18,'2.0WS(S)'!$A$5:$AQ$47,16,FALSE),"")=0,"",IFERROR(VLOOKUP(A18,'2.0WS(S)'!$A$5:$AQ$47,16,FALSE),"")) | G18: =IF(IFERROR(VLOOKUP(A18,'2.0WS(S)'!$A$5:$AQ$47,19,FALSE),"")=0,"",IFERROR(VLOOKUP(A18,'2.0WS(S)'!$A$5:$AQ$47,19,FALSE),"")) -> 4 | H18: =IF(IFERROR(VLOOKUP(A18,'2.0WS(S)'!$A$5:$AQ$47,22,FALSE),"")=0,"",IFERROR(VLOOKUP(A18,'2.0WS(S)'!$A$5:$AQ$47,22,FALSE),"")) | I18: =IF(IFERROR(VLOOKUP(A18,'2.0WS(S)'!$A$5:$AQ$47,25,FALSE),"")=0,"",IFERROR(VLOOKUP(A18,'2.0WS(S)'!$A$5:$AQ$47,25,FALSE),"")) | J18: =IF(IFERROR(VLOOKUP(A18,'2.0WS(S)'!$A$5:$AQ$47,28,FALSE),"")=0,"",IFERROR(VLOOKUP(A18,'2.0WS(S)'!$A$5:$AQ$47,28,FALSE),"")) -> 4 | K18: =IF(IFERROR(VLOOKUP(A18,'2.0WS(S)'!$A$5:$AQ$47,31,FALSE),"")=0,"",IFERROR(VLOOKUP(A18,'2.0WS(S)'!$A$5:$AQ$47,31,FALSE),"")) | L18: =SUM(B18:K18) -> 14 | M18: =IF(IFERROR(VLOOKUP(A18,'2.0WS(S)'!$A$5:$AQ$47,34,FALSE),"")=0,"",IFERROR(VLOOKUP(A18,'2.0WS(S)'!$A$5:$AQ$47,34,FALSE),"")) | N18: =IF(IFERROR(VLOOKUP(A18,'2.0WS(S)'!$A$5:$AQ$47,37,FALSE),"")=0,"",IFERROR(VLOOKUP(A18,'2.0WS(S)'!$A$5:$AQ$47,37,FALSE),"")) -> 4 | O18: =IF(IFERROR(VLOOKUP(A18,'2.0WS(S)'!$A$5:$AQ$47,40,FALSE),"")=0,"",IFERROR(VLOOKUP(A18,'2.0WS(S)'!$A$5:$AQ$47,40,FALSE),"")) -> 4 | P18: =SUM(M18:O18) -> 8 | Q18: =IF(IFERROR(VLOOKUP(A18,'2.0WS(S)'!$A$5:$AQ$47,43,FALSE),"")=0,"",IFERROR(VLOOKUP(A18,'2.0WS(S)'!$A$5:$AQ$47,43,FALSE),"")) -> 4 | R18: =SUM(P18:Q18) -> 12 | S18: =SUM(L18,R18) -> 26
A19: ='2.0WS(S)'!A15 -> SRO RAJKOT TOTAL | B19: =SUM(B15:B18) -> 0 | C19: =SUM(C15:C18) -> 32 | D19: =SUM(D15:D18) -> 0 | E19: =SUM(E15:E18) -> 0 | F19: =SUM(F15:F18) -> 4 | G19: =SUM(G15:G18) -> 4 | H19: =SUM(H15:H18) -> 4 | I19: =SUM(I15:I18) -> 6 | ... O19: =SUM(O15:O18) -> 18 | P19: =SUM(M19:O19) -> 36 | Q19: =SUM(Q15:Q18) -> 4 | R19: =SUM(P19:Q19) -> 40 | S19: =SUM(S15:S18) -> 116
A20: ='2.0WS(S)'!A16 -> Jamnagar | B20: =IF(IFERROR(VLOOKUP(A20,'2.0WS(S)'!$A$5:$AQ$47,4,FALSE),"")=0,"",IFERROR(VLOOKUP(A20,'2.0WS(S)'!$A$5:$AQ$47,4,FALSE),"")) | C20: =IF(IFERROR(VLOOKUP(A20,'2.0WS(S)'!$A$5:$AQ$47,7,FALSE),"")=0,"",IFERROR(VLOOKUP(A20,'2.0WS(S)'!$A$5:$AQ$47,7,FALSE),"")) -> 6 | D20: =IF(IFERROR(VLOOKUP(A20,'2.0WS(S)'!$A$5:$AQ$47,10,FALSE),"")=0,"",IFERROR(VLOOKUP(A20,'2.0WS(S)'!$A$5:$AQ$47,10,FALSE),"")) | E20: =IF(IFERROR(VLOOKUP(A20,'2.0WS(S)'!$A$5:$AQ$47,13,FALSE),"")=0,"",IFERROR(VLOOKUP(A20,'2.0WS(S)'!$A$5:$AQ$47,13,FALSE),"")) | F20: =IF(IFERROR(VLOOKUP(A20,'2.0WS(S)'!$A$5:$AQ$47,16,FALSE),"")=0,"",IFERROR(VLOOKUP(A20,'2.0WS(S)'!$A$5:$AQ$47,16,FALSE),"")) | G20: =IF(IFERROR(VLOOKUP(A20,'2.0WS(S)'!$A$5:$AQ$47,19,FALSE),"")=0,"",IFERROR(VLOOKUP(A20,'2.0WS(S)'!$A$5:$AQ$47,19,FALSE),"")) | H20: =IF(IFERROR(VLOOKUP(A20,'2.0WS(S)'!$A$5:$AQ$47,22,FALSE),"")=0,"",IFERROR(VLOOKUP(A20,'2.0WS(S)'!$A$5:$AQ$47,22,FALSE),"")) -> 4 | I20: =IF(IFERROR(VLOOKUP(A20,'2.0WS(S)'!$A$5:$AQ$47,25,FALSE),"")=0,"",IFERROR(VLOOKUP(A20,'2.0WS(S)'!$A$5:$AQ$47,25,FALSE),"")) | J20: =IF(IFERROR(VLOOKUP(A20,'2.0WS(S)'!$A$5:$AQ$47,28,FALSE),"")=0,"",IFERROR(VLOOKUP(A20,'2.0WS(S)'!$A$5:$AQ$47,28,FALSE),"")) -> 6 | K20: =IF(IFERROR(VLOOKUP(A20,'2.0WS(S)'!$A$5:$AQ$47,31,FALSE),"")=0,"",IFERROR(VLOOKUP(A20,'2.0WS(S)'!$A$5:$AQ$47,31,FALSE),"")) | L20: =SUM(B20:K20) -> 16 | M20: =IF(IFERROR(VLOOKUP(A20,'2.0WS(S)'!$A$5:$AQ$47,34,FALSE),"")=0,"",IFERROR(VLOOKUP(A20,'2.0WS(S)'!$A$5:$AQ$47,34,FALSE),"")) | N20: =IF(IFERROR(VLOOKUP(A20,'2.0WS(S)'!$A$5:$AQ$47,37,FALSE),"")=0,"",IFERROR(VLOOKUP(A20,'2.0WS(S)'!$A$5:$AQ$47,37,FALSE),"")) -> 4 | O20: =IF(IFERROR(VLOOKUP(A20,'2.0WS(S)'!$A$5:$AQ$47,40,FALSE),"")=0,"",IFERROR(VLOOKUP(A20,'2.0WS(S)'!$A$5:$AQ$47,40,FALSE),"")) -> 4 | P20: =SUM(M20:O20) -> 8 | Q20: =IF(IFERROR(VLOOKUP(A20,'2.0WS(S)'!$A$5:$AQ$47,43,FALSE),"")=0,"",IFERROR(VLOOKUP(A20,'2.0WS(S)'!$A$5:$AQ$47,43,FALSE),"")) | R20: =SUM(P20:Q20) -> 8 | S20: =SUM(L20,R20) -> 24
A21: ='2.0WS(S)'!A17 -> Devbhumi Dwarka | B21: =IF(IFERROR(VLOOKUP(A21,'2.0WS(S)'!$A$5:$AQ$47,4,FALSE),"")=0,"",IFERROR(VLOOKUP(A21,'2.0WS(S)'!$A$5:$AQ$47,4,FALSE),"")) | C21: =IF(IFERROR(VLOOKUP(A21,'2.0WS(S)'!$A$5:$AQ$47,7,FALSE),"")=0,"",IFERROR(VLOOKUP(A21,'2.0WS(S)'!$A$5:$AQ$47,7,FALSE),"")) -> 4 | D21: =IF(IFERROR(VLOOKUP(A21,'2.0WS(S)'!$A$5:$AQ$47,10,FALSE),"")=0,"",IFERROR(VLOOKUP(A21,'2.0WS(S)'!$A$5:$AQ$47,10,FALSE),"")) | E21: =IF(IFERROR(VLOOKUP(A21,'2.0WS(S)'!$A$5:$AQ$47,13,FALSE),"")=0,"",IFERROR(VLOOKUP(A21,'2.0WS(S)'!$A$5:$AQ$47,13,FALSE),"")) | F21: =IF(IFERROR(VLOOKUP(A21,'2.0WS(S)'!$A$5:$AQ$47,16,FALSE),"")=0,"",IFERROR(VLOOKUP(A21,'2.0WS(S)'!$A$5:$AQ$47,16,FALSE),"")) | G21: =IF(IFERROR(VLOOKUP(A21,'2.0WS(S)'!$A$5:$AQ$47,19,FALSE),"")=0,"",IFERROR(VLOOKUP(A21,'2.0WS(S)'!$A$5:$AQ$47,19,FALSE),"")) | H21: =IF(IFERROR(VLOOKUP(A21,'2.0WS(S)'!$A$5:$AQ$47,22,FALSE),"")=0,"",IFERROR(VLOOKUP(A21,'2.0WS(S)'!$A$5:$AQ$47,22,FALSE),"")) | I21: =IF(IFERROR(VLOOKUP(A21,'2.0WS(S)'!$A$5:$AQ$47,25,FALSE),"")=0,"",IFERROR(VLOOKUP(A21,'2.0WS(S)'!$A$5:$AQ$47,25,FALSE),"")) | J21: =IF(IFERROR(VLOOKUP(A21,'2.0WS(S)'!$A$5:$AQ$47,28,FALSE),"")=0,"",IFERROR(VLOOKUP(A21,'2.0WS(S)'!$A$5:$AQ$47,28,FALSE),"")) -> 4 | K21: =IF(IFERROR(VLOOKUP(A21,'2.0WS(S)'!$A$5:$AQ$47,31,FALSE),"")=0,"",IFERROR(VLOOKUP(A21,'2.0WS(S)'!$A$5:$AQ$47,31,FALSE),"")) | L21: =SUM(B21:K21) -> 8 | M21: =IF(IFERROR(VLOOKUP(A21,'2.0WS(S)'!$A$5:$AQ$47,34,FALSE),"")=0,"",IFERROR(VLOOKUP(A21,'2.0WS(S)'!$A$5:$AQ$47,34,FALSE),"")) | N21: =IF(IFERROR(VLOOKUP(A21,'2.0WS(S)'!$A$5:$AQ$47,37,FALSE),"")=0,"",IFERROR(VLOOKUP(A21,'2.0WS(S)'!$A$5:$AQ$47,37,FALSE),"")) | O21: =IF(IFERROR(VLOOKUP(A21,'2.0WS(S)'!$A$5:$AQ$47,40,FALSE),"")=0,"",IFERROR(VLOOKUP(A21,'2.0WS(S)'!$A$5:$AQ$47,40,FALSE),"")) | P21: =SUM(M21:O21) -> 0 | Q21: =IF(IFERROR(VLOOKUP(A21,'2.0WS(S)'!$A$5:$AQ$47,43,FALSE),"")=0,"",IFERROR(VLOOKUP(A21,'2.0WS(S)'!$A$5:$AQ$47,43,FALSE),"")) | R21: =SUM(P21:Q21) -> 0 | S21: =SUM(L21,R21) -> 8
A22: ='2.0WS(S)'!A18 -> Porbandar | B22: =IF(IFERROR(VLOOKUP(A22,'2.0WS(S)'!$A$5:$AQ$47,4,FALSE),"")=0,"",IFERROR(VLOOKUP(A22,'2.0WS(S)'!$A$5:$AQ$47,4,FALSE),"")) | C22: =IF(IFERROR(VLOOKUP(A22,'2.0WS(S)'!$A$5:$AQ$47,7,FALSE),"")=0,"",IFERROR(VLOOKUP(A22,'2.0WS(S)'!$A$5:$AQ$47,7,FALSE),"")) -> 4 | D22: =IF(IFERROR(VLOOKUP(A22,'2.0WS(S)'!$A$5:$AQ$47,10,FALSE),"")=0,"",IFERROR(VLOOKUP(A22,'2.0WS(S)'!$A$5:$AQ$47,10,FALSE),"")) | E22: =IF(IFERROR(VLOOKUP(A22,'2.0WS(S)'!$A$5:$AQ$47,13,FALSE),"")=0,"",IFERROR(VLOOKUP(A22,'2.0WS(S)'!$A$5:$AQ$47,13,FALSE),"")) | F22: =IF(IFERROR(VLOOKUP(A22,'2.0WS(S)'!$A$5:$AQ$47,16,FALSE),"")=0,"",IFERROR(VLOOKUP(A22,'2.0WS(S)'!$A$5:$AQ$47,16,FALSE),"")) | G22: =IF(IFERROR(VLOOKUP(A22,'2.0WS(S)'!$A$5:$AQ$47,19,FALSE),"")=0,"",IFERROR(VLOOKUP(A22,'2.0WS(S)'!$A$5:$AQ$47,19,FALSE),"")) | H22: =IF(IFERROR(VLOOKUP(A22,'2.0WS(S)'!$A$5:$AQ$47,22,FALSE),"")=0,"",IFERROR(VLOOKUP(A22,'2.0WS(S)'!$A$5:$AQ$47,22,FALSE),"")) | I22: =IF(IFERROR(VLOOKUP(A22,'2.0WS(S)'!$A$5:$AQ$47,25,FALSE),"")=0,"",IFERROR(VLOOKUP(A22,'2.0WS(S)'!$A$5:$AQ$47,25,FALSE),"")) | J22: =IF(IFERROR(VLOOKUP(A22,'2.0WS(S)'!$A$5:$AQ$47,28,FALSE),"")=0,"",IFERROR(VLOOKUP(A22,'2.0WS(S)'!$A$5:$AQ$47,28,FALSE),"")) | K22: =IF(IFERROR(VLOOKUP(A22,'2.0WS(S)'!$A$5:$AQ$47,31,FALSE),"")=0,"",IFERROR(VLOOKUP(A22,'2.0WS(S)'!$A$5:$AQ$47,31,FALSE),"")) | L22: =SUM(B22:K22) -> 4 | M22: =IF(IFERROR(VLOOKUP(A22,'2.0WS(S)'!$A$5:$AQ$47,34,FALSE),"")=0,"",IFERROR(VLOOKUP(A22,'2.0WS(S)'!$A$5:$AQ$47,34,FALSE),"")) | N22: =IF(IFERROR(VLOOKUP(A22,'2.0WS(S)'!$A$5:$AQ$47,37,FALSE),"")=0,"",IFERROR(VLOOKUP(A22,'2.0WS(S)'!$A$5:$AQ$47,37,FALSE),"")) | O22: =IF(IFERROR(VLOOKUP(A22,'2.0WS(S)'!$A$5:$AQ$47,40,FALSE),"")=0,"",IFERROR(VLOOKUP(A22,'2.0WS(S)'!$A$5:$AQ$47,40,FALSE),"")) | P22: =SUM(M22:O22) -> 0 | Q22: =IF(IFERROR(VLOOKUP(A22,'2.0WS(S)'!$A$5:$AQ$47,43,FALSE),"")=0,"",IFERROR(VLOOKUP(A22,'2.0WS(S)'!$A$5:$AQ$47,43,FALSE),"")) | R22: =SUM(P22:Q22) -> 0 | S22: =SUM(L22,R22) -> 4
A23: ='2.0WS(S)'!A19 -> SRO JAMNAGAR TOTAL | B23: =SUM(B20:B22) -> 0 | C23: =SUM(C20:C22) -> 14 | D23: =SUM(D20:D22) -> 0 | E23: =SUM(E20:E22) -> 0 | F23: =SUM(F20:F22) -> 0 | G23: =SUM(G20:G22) -> 0 | H23: =SUM(H20:H22) -> 4 | I23: =SUM(I20:I22) -> 0 | ... O23: =SUM(O20:O22) -> 4 | P23: =SUM(M23:O23) -> 8 | Q23: =SUM(Q20:Q22) -> 0 | R23: =SUM(P23:Q23) -> 8 | S23: =SUM(S20:S22) -> 36
A24: ='2.0WS(S)'!A20 -> Amreli | B24: =IF(IFERROR(VLOOKUP(A24,'2.0WS(S)'!$A$5:$AQ$47,4,FALSE),"")=0,"",IFERROR(VLOOKUP(A24,'2.0WS(S)'!$A$5:$AQ$47,4,FALSE),"")) | C24: =IF(IFERROR(VLOOKUP(A24,'2.0WS(S)'!$A$5:$AQ$47,7,FALSE),"")=0,"",IFERROR(VLOOKUP(A24,'2.0WS(S)'!$A$5:$AQ$47,7,FALSE),"")) -> 10 | D24: =IF(IFERROR(VLOOKUP(A24,'2.0WS(S)'!$A$5:$AQ$47,10,FALSE),"")=0,"",IFERROR(VLOOKUP(A24,'2.0WS(S)'!$A$5:$AQ$47,10,FALSE),"")) | E24: =IF(IFERROR(VLOOKUP(A24,'2.0WS(S)'!$A$5:$AQ$47,13,FALSE),"")=0,"",IFERROR(VLOOKUP(A24,'2.0WS(S)'!$A$5:$AQ$47,13,FALSE),"")) | F24: =IF(IFERROR(VLOOKUP(A24,'2.0WS(S)'!$A$5:$AQ$47,16,FALSE),"")=0,"",IFERROR(VLOOKUP(A24,'2.0WS(S)'!$A$5:$AQ$47,16,FALSE),"")) -> 4 | G24: =IF(IFERROR(VLOOKUP(A24,'2.0WS(S)'!$A$5:$AQ$47,19,FALSE),"")=0,"",IFERROR(VLOOKUP(A24,'2.0WS(S)'!$A$5:$AQ$47,19,FALSE),"")) | H24: =IF(IFERROR(VLOOKUP(A24,'2.0WS(S)'!$A$5:$AQ$47,22,FALSE),"")=0,"",IFERROR(VLOOKUP(A24,'2.0WS(S)'!$A$5:$AQ$47,22,FALSE),"")) | I24: =IF(IFERROR(VLOOKUP(A24,'2.0WS(S)'!$A$5:$AQ$47,25,FALSE),"")=0,"",IFERROR(VLOOKUP(A24,'2.0WS(S)'!$A$5:$AQ$47,25,FALSE),"")) | J24: =IF(IFERROR(VLOOKUP(A24,'2.0WS(S)'!$A$5:$AQ$47,28,FALSE),"")=0,"",IFERROR(VLOOKUP(A24,'2.0WS(S)'!$A$5:$AQ$47,28,FALSE),"")) -> 12 | K24: =IF(IFERROR(VLOOKUP(A24,'2.0WS(S)'!$A$5:$AQ$47,31,FALSE),"")=0,"",IFERROR(VLOOKUP(A24,'2.0WS(S)'!$A$5:$AQ$47,31,FALSE),"")) -> 14 | L24: =SUM(B24:K24) -> 40 | M24: =IF(IFERROR(VLOOKUP(A24,'2.0WS(S)'!$A$5:$AQ$47,34,FALSE),"")=0,"",IFERROR(VLOOKUP(A24,'2.0WS(S)'!$A$5:$AQ$47,34,FALSE),"")) | N24: =IF(IFERROR(VLOOKUP(A24,'2.0WS(S)'!$A$5:$AQ$47,37,FALSE),"")=0,"",IFERROR(VLOOKUP(A24,'2.0WS(S)'!$A$5:$AQ$47,37,FALSE),"")) -> 8 | O24: =IF(IFERROR(VLOOKUP(A24,'2.0WS(S)'!$A$5:$AQ$47,40,FALSE),"")=0,"",IFERROR(VLOOKUP(A24,'2.0WS(S)'!$A$5:$AQ$47,40,FALSE),"")) -> 6 | P24: =SUM(M24:O24) -> 14 | Q24: =IF(IFERROR(VLOOKUP(A24,'2.0WS(S)'!$A$5:$AQ$47,43,FALSE),"")=0,"",IFERROR(VLOOKUP(A24,'2.0WS(S)'!$A$5:$AQ$47,43,FALSE),"")) -> 4 | R24: =SUM(P24:Q24) -> 18 | S24: =SUM(L24,R24) -> 58
A25: ='2.0WS(S)'!A21 -> Bhavnagar | B25: =IF(IFERROR(VLOOKUP(A25,'2.0WS(S)'!$A$5:$AQ$47,4,FALSE),"")=0,"",IFERROR(VLOOKUP(A25,'2.0WS(S)'!$A$5:$AQ$47,4,FALSE),"")) | C25: =IF(IFERROR(VLOOKUP(A25,'2.0WS(S)'!$A$5:$AQ$47,7,FALSE),"")=0,"",IFERROR(VLOOKUP(A25,'2.0WS(S)'!$A$5:$AQ$47,7,FALSE),"")) -> 8 | D25: =IF(IFERROR(VLOOKUP(A25,'2.0WS(S)'!$A$5:$AQ$47,10,FALSE),"")=0,"",IFERROR(VLOOKUP(A25,'2.0WS(S)'!$A$5:$AQ$47,10,FALSE),"")) | E25: =IF(IFERROR(VLOOKUP(A25,'2.0WS(S)'!$A$5:$AQ$47,13,FALSE),"")=0,"",IFERROR(VLOOKUP(A25,'2.0WS(S)'!$A$5:$AQ$47,13,FALSE),"")) | F25: =IF(IFERROR(VLOOKUP(A25,'2.0WS(S)'!$A$5:$AQ$47,16,FALSE),"")=0,"",IFERROR(VLOOKUP(A25,'2.0WS(S)'!$A$5:$AQ$47,16,FALSE),"")) -> 4 | G25: =IF(IFERROR(VLOOKUP(A25,'2.0WS(S)'!$A$5:$AQ$47,19,FALSE),"")=0,"",IFERROR(VLOOKUP(A25,'2.0WS(S)'!$A$5:$AQ$47,19,FALSE),"")) -> 8 | H25: =IF(IFERROR(VLOOKUP(A25,'2.0WS(S)'!$A$5:$AQ$47,22,FALSE),"")=0,"",IFERROR(VLOOKUP(A25,'2.0WS(S)'!$A$5:$AQ$47,22,FALSE),"")) | I25: =IF(IFERROR(VLOOKUP(A25,'2.0WS(S)'!$A$5:$AQ$47,25,FALSE),"")=0,"",IFERROR(VLOOKUP(A25,'2.0WS(S)'!$A$5:$AQ$47,25,FALSE),"")) | J25: =IF(IFERROR(VLOOKUP(A25,'2.0WS(S)'!$A$5:$AQ$47,28,FALSE),"")=0,"",IFERROR(VLOOKUP(A25,'2.0WS(S)'!$A$5:$AQ$47,28,FALSE),"")) -> 10 | K25: =IF(IFERROR(VLOOKUP(A25,'2.0WS(S)'!$A$5:$AQ$47,31,FALSE),"")=0,"",IFERROR(VLOOKUP(A25,'2.0WS(S)'!$A$5:$AQ$47,31,FALSE),"")) -> 10 | L25: =SUM(B25:K25) -> 40 | M25: =IF(IFERROR(VLOOKUP(A25,'2.0WS(S)'!$A$5:$AQ$47,34,FALSE),"")=0,"",IFERROR(VLOOKUP(A25,'2.0WS(S)'!$A$5:$AQ$47,34,FALSE),"")) | N25: =IF(IFERROR(VLOOKUP(A25,'2.0WS(S)'!$A$5:$AQ$47,37,FALSE),"")=0,"",IFERROR(VLOOKUP(A25,'2.0WS(S)'!$A$5:$AQ$47,37,FALSE),"")) -> 6 | O25: =IF(IFERROR(VLOOKUP(A25,'2.0WS(S)'!$A$5:$AQ$47,40,FALSE),"")=0,"",IFERROR(VLOOKUP(A25,'2.0WS(S)'!$A$5:$AQ$47,40,FALSE),"")) -> 6 | P25: =SUM(M25:O25) -> 12 | Q25: =IF(IFERROR(VLOOKUP(A25,'2.0WS(S)'!$A$5:$AQ$47,43,FALSE),"")=0,"",IFERROR(VLOOKUP(A25,'2.0WS(S)'!$A$5:$AQ$47,43,FALSE),"")) | R25: =SUM(P25:Q25) -> 12 | S25: =SUM(L25,R25) -> 52
A26: ='2.0WS(S)'!A22 -> Botad | B26: =IF(IFERROR(VLOOKUP(A26,'2.0WS(S)'!$A$5:$AQ$47,4,FALSE),"")=0,"",IFERROR(VLOOKUP(A26,'2.0WS(S)'!$A$5:$AQ$47,4,FALSE),"")) | C26: =IF(IFERROR(VLOOKUP(A26,'2.0WS(S)'!$A$5:$AQ$47,7,FALSE),"")=0,"",IFERROR(VLOOKUP(A26,'2.0WS(S)'!$A$5:$AQ$47,7,FALSE),"")) -> 4 | D26: =IF(IFERROR(VLOOKUP(A26,'2.0WS(S)'!$A$5:$AQ$47,10,FALSE),"")=0,"",IFERROR(VLOOKUP(A26,'2.0WS(S)'!$A$5:$AQ$47,10,FALSE),"")) | E26: =IF(IFERROR(VLOOKUP(A26,'2.0WS(S)'!$A$5:$AQ$47,13,FALSE),"")=0,"",IFERROR(VLOOKUP(A26,'2.0WS(S)'!$A$5:$AQ$47,13,FALSE),"")) | F26: =IF(IFERROR(VLOOKUP(A26,'2.0WS(S)'!$A$5:$AQ$47,16,FALSE),"")=0,"",IFERROR(VLOOKUP(A26,'2.0WS(S)'!$A$5:$AQ$47,16,FALSE),"")) -> 4 | G26: =IF(IFERROR(VLOOKUP(A26,'2.0WS(S)'!$A$5:$AQ$47,19,FALSE),"")=0,"",IFERROR(VLOOKUP(A26,'2.0WS(S)'!$A$5:$AQ$47,19,FALSE),"")) | H26: =IF(IFERROR(VLOOKUP(A26,'2.0WS(S)'!$A$5:$AQ$47,22,FALSE),"")=0,"",IFERROR(VLOOKUP(A26,'2.0WS(S)'!$A$5:$AQ$47,22,FALSE),"")) | I26: =IF(IFERROR(VLOOKUP(A26,'2.0WS(S)'!$A$5:$AQ$47,25,FALSE),"")=0,"",IFERROR(VLOOKUP(A26,'2.0WS(S)'!$A$5:$AQ$47,25,FALSE),"")) | J26: =IF(IFERROR(VLOOKUP(A26,'2.0WS(S)'!$A$5:$AQ$47,28,FALSE),"")=0,"",IFERROR(VLOOKUP(A26,'2.0WS(S)'!$A$5:$AQ$47,28,FALSE),"")) -> 4 | K26: =IF(IFERROR(VLOOKUP(A26,'2.0WS(S)'!$A$5:$AQ$47,31,FALSE),"")=0,"",IFERROR(VLOOKUP(A26,'2.0WS(S)'!$A$5:$AQ$47,31,FALSE),"")) | L26: =SUM(B26:K26) -> 12 | M26: =IF(IFERROR(VLOOKUP(A26,'2.0WS(S)'!$A$5:$AQ$47,34,FALSE),"")=0,"",IFERROR(VLOOKUP(A26,'2.0WS(S)'!$A$5:$AQ$47,34,FALSE),"")) | N26: =IF(IFERROR(VLOOKUP(A26,'2.0WS(S)'!$A$5:$AQ$47,37,FALSE),"")=0,"",IFERROR(VLOOKUP(A26,'2.0WS(S)'!$A$5:$AQ$47,37,FALSE),"")) | O26: =IF(IFERROR(VLOOKUP(A26,'2.0WS(S)'!$A$5:$AQ$47,40,FALSE),"")=0,"",IFERROR(VLOOKUP(A26,'2.0WS(S)'!$A$5:$AQ$47,40,FALSE),"")) | P26: =SUM(M26:O26) -> 0 | Q26: =IF(IFERROR(VLOOKUP(A26,'2.0WS(S)'!$A$5:$AQ$47,43,FALSE),"")=0,"",IFERROR(VLOOKUP(A26,'2.0WS(S)'!$A$5:$AQ$47,43,FALSE),"")) | R26: =SUM(P26:Q26) -> 0 | S26: =SUM(L26,R26) -> 12
A27: ='2.0WS(S)'!A23 -> SRO BHAVNAGAR TOTAL | B27: =SUM(B24:B26) -> 0 | C27: =SUM(C24:C26) -> 22 | D27: =SUM(D24:D26) -> 0 | E27: =SUM(E24:E26) -> 0 | F27: =SUM(F24:F26) -> 12 | G27: =SUM(G24:G26) -> 8 | H27: =SUM(H24:H26) -> 0 | I27: =SUM(I24:I26) -> 0 | ... O27: =SUM(O24:O26) -> 12 | P27: =SUM(M27:O27) -> 26 | Q27: =SUM(Q24:Q26) -> 4 | R27: =SUM(P27:Q27) -> 30 | S27: =SUM(S24:S26) -> 122
A28: ='2.0WS(S)'!A24 -> RO AHMEDABAD TOTAL | B28: =SUM(B11,B14,B19,B23,B27) -> 0 | C28: =SUM(C11,C14,C19,C23,C27) -> 88 | D28: =SUM(D11,D14,D19,D23,D27) -> 8 | E28: =SUM(E11,E14,E19,E23,E27) -> 0 | F28: =SUM(F11,F14,F19,F23,F27) -> 40 | G28: =SUM(G11,G14,G19,G23,G27) -> 16 | H28: =SUM(H11,H14,H19,H23,H27) -> 34 | I28: =SUM(I11,I14,I19,I23,I27) -> 6 | ... O28: =SUM(O11,O14,O19,O23,O27) -> 48 | P28: =SUM(M28:O28) -> 110 | Q28: =SUM(Q11,Q14,Q19,Q23,Q27) -> 12 | R28: =SUM(P28:Q28) -> 122 | S28: =SUM(S11,S14,S19,S23,S27) -> 438
A29: ='2.0WS(S)'!A25 -> Banaskantha | B29: =IF(IFERROR(VLOOKUP(A29,'2.0WS(S)'!$A$5:$AQ$47,4,FALSE),"")=0,"",IFERROR(VLOOKUP(A29,'2.0WS(S)'!$A$5:$AQ$47,4,FALSE),"")) -> 4 | C29: =IF(IFERROR(VLOOKUP(A29,'2.0WS(S)'!$A$5:$AQ$47,7,FALSE),"")=0,"",IFERROR(VLOOKUP(A29,'2.0WS(S)'!$A$5:$AQ$47,7,FALSE),"")) -> 12 | D29: =IF(IFERROR(VLOOKUP(A29,'2.0WS(S)'!$A$5:$AQ$47,10,FALSE),"")=0,"",IFERROR(VLOOKUP(A29,'2.0WS(S)'!$A$5:$AQ$47,10,FALSE),"")) | E29: =IF(IFERROR(VLOOKUP(A29,'2.0WS(S)'!$A$5:$AQ$47,13,FALSE),"")=0,"",IFERROR(VLOOKUP(A29,'2.0WS(S)'!$A$5:$AQ$47,13,FALSE),"")) | F29: =IF(IFERROR(VLOOKUP(A29,'2.0WS(S)'!$A$5:$AQ$47,16,FALSE),"")=0,"",IFERROR(VLOOKUP(A29,'2.0WS(S)'!$A$5:$AQ$47,16,FALSE),"")) | G29: =IF(IFERROR(VLOOKUP(A29,'2.0WS(S)'!$A$5:$AQ$47,19,FALSE),"")=0,"",IFERROR(VLOOKUP(A29,'2.0WS(S)'!$A$5:$AQ$47,19,FALSE),"")) -> 8 | H29: =IF(IFERROR(VLOOKUP(A29,'2.0WS(S)'!$A$5:$AQ$47,22,FALSE),"")=0,"",IFERROR(VLOOKUP(A29,'2.0WS(S)'!$A$5:$AQ$47,22,FALSE),"")) -> 14 | I29: =IF(IFERROR(VLOOKUP(A29,'2.0WS(S)'!$A$5:$AQ$47,25,FALSE),"")=0,"",IFERROR(VLOOKUP(A29,'2.0WS(S)'!$A$5:$AQ$47,25,FALSE),"")) | J29: =IF(IFERROR(VLOOKUP(A29,'2.0WS(S)'!$A$5:$AQ$47,28,FALSE),"")=0,"",IFERROR(VLOOKUP(A29,'2.0WS(S)'!$A$5:$AQ$47,28,FALSE),"")) -> 6 | K29: =IF(IFERROR(VLOOKUP(A29,'2.0WS(S)'!$A$5:$AQ$47,31,FALSE),"")=0,"",IFERROR(VLOOKUP(A29,'2.0WS(S)'!$A$5:$AQ$47,31,FALSE),"")) | L29: =SUM(B29:K29) -> 44 | M29: =IF(IFERROR(VLOOKUP(A29,'2.0WS(S)'!$A$5:$AQ$47,34,FALSE),"")=0,"",IFERROR(VLOOKUP(A29,'2.0WS(S)'!$A$5:$AQ$47,34,FALSE),"")) -> 10 | N29: =IF(IFERROR(VLOOKUP(A29,'2.0WS(S)'!$A$5:$AQ$47,37,FALSE),"")=0,"",IFERROR(VLOOKUP(A29,'2.0WS(S)'!$A$5:$AQ$47,37,FALSE),"")) | O29: =IF(IFERROR(VLOOKUP(A29,'2.0WS(S)'!$A$5:$AQ$47,40,FALSE),"")=0,"",IFERROR(VLOOKUP(A29,'2.0WS(S)'!$A$5:$AQ$47,40,FALSE),"")) -> 8 | P29: =SUM(M29:O29) -> 18 | Q29: =IF(IFERROR(VLOOKUP(A29,'2.0WS(S)'!$A$5:$AQ$47,43,FALSE),"")=0,"",IFERROR(VLOOKUP(A29,'2.0WS(S)'!$A$5:$AQ$47,43,FALSE),"")) -> 10 | R29: =SUM(P29:Q29) -> 28 | S29: =SUM(L29,R29) -> 72
A30: ='2.0WS(S)'!A26 -> Patan | B30: =IF(IFERROR(VLOOKUP(A30,'2.0WS(S)'!$A$5:$AQ$47,4,FALSE),"")=0,"",IFERROR(VLOOKUP(A30,'2.0WS(S)'!$A$5:$AQ$47,4,FALSE),"")) | C30: =IF(IFERROR(VLOOKUP(A30,'2.0WS(S)'!$A$5:$AQ$47,7,FALSE),"")=0,"",IFERROR(VLOOKUP(A30,'2.0WS(S)'!$A$5:$AQ$47,7,FALSE),"")) | D30: =IF(IFERROR(VLOOKUP(A30,'2.0WS(S)'!$A$5:$AQ$47,10,FALSE),"")=0,"",IFERROR(VLOOKUP(A30,'2.0WS(S)'!$A$5:$AQ$47,10,FALSE),"")) | E30: =IF(IFERROR(VLOOKUP(A30,'2.0WS(S)'!$A$5:$AQ$47,13,FALSE),"")=0,"",IFERROR(VLOOKUP(A30,'2.0WS(S)'!$A$5:$AQ$47,13,FALSE),"")) | F30: =IF(IFERROR(VLOOKUP(A30,'2.0WS(S)'!$A$5:$AQ$47,16,FALSE),"")=0,"",IFERROR(VLOOKUP(A30,'2.0WS(S)'!$A$5:$AQ$47,16,FALSE),"")) | G30: =IF(IFERROR(VLOOKUP(A30,'2.0WS(S)'!$A$5:$AQ$47,19,FALSE),"")=0,"",IFERROR(VLOOKUP(A30,'2.0WS(S)'!$A$5:$AQ$47,19,FALSE),"")) -> 4 | H30: =IF(IFERROR(VLOOKUP(A30,'2.0WS(S)'!$A$5:$AQ$47,22,FALSE),"")=0,"",IFERROR(VLOOKUP(A30,'2.0WS(S)'!$A$5:$AQ$47,22,FALSE),"")) -> 10 | I30: =IF(IFERROR(VLOOKUP(A30,'2.0WS(S)'!$A$5:$AQ$47,25,FALSE),"")=0,"",IFERROR(VLOOKUP(A30,'2.0WS(S)'!$A$5:$AQ$47,25,FALSE),"")) | J30: =IF(IFERROR(VLOOKUP(A30,'2.0WS(S)'!$A$5:$AQ$47,28,FALSE),"")=0,"",IFERROR(VLOOKUP(A30,'2.0WS(S)'!$A$5:$AQ$47,28,FALSE),"")) -> 6 | K30: =IF(IFERROR(VLOOKUP(A30,'2.0WS(S)'!$A$5:$AQ$47,31,FALSE),"")=0,"",IFERROR(VLOOKUP(A30,'2.0WS(S)'!$A$5:$AQ$47,31,FALSE),"")) | L30: =SUM(B30:K30) -> 20 | M30: =IF(IFERROR(VLOOKUP(A30,'2.0WS(S)'!$A$5:$AQ$47,34,FALSE),"")=0,"",IFERROR(VLOOKUP(A30,'2.0WS(S)'!$A$5:$AQ$47,34,FALSE),"")) -> 6 | N30: =IF(IFERROR(VLOOKUP(A30,'2.0WS(S)'!$A$5:$AQ$47,37,FALSE),"")=0,"",IFERROR(VLOOKUP(A30,'2.0WS(S)'!$A$5:$AQ$47,37,FALSE),"")) -> 4 | O30: =IF(IFERROR(VLOOKUP(A30,'2.0WS(S)'!$A$5:$AQ$47,40,FALSE),"")=0,"",IFERROR(VLOOKUP(A30,'2.0WS(S)'!$A$5:$AQ$47,40,FALSE),"")) -> 4 | P30: =SUM(M30:O30) -> 14 | Q30: =IF(IFERROR(VLOOKUP(A30,'2.0WS(S)'!$A$5:$AQ$47,43,FALSE),"")=0,"",IFERROR(VLOOKUP(A30,'2.0WS(S)'!$A$5:$AQ$47,43,FALSE),"")) | R30: =SUM(P30:Q30) -> 14 | S30: =SUM(L30,R30) -> 34
A31: ='2.0WS(S)'!A27 -> Mahesana | B31: =IF(IFERROR(VLOOKUP(A31,'2.0WS(S)'!$A$5:$AQ$47,4,FALSE),"")=0,"",IFERROR(VLOOKUP(A31,'2.0WS(S)'!$A$5:$AQ$47,4,FALSE),"")) | C31: =IF(IFERROR(VLOOKUP(A31,'2.0WS(S)'!$A$5:$AQ$47,7,FALSE),"")=0,"",IFERROR(VLOOKUP(A31,'2.0WS(S)'!$A$5:$AQ$47,7,FALSE),"")) -> 4 | D31: =IF(IFERROR(VLOOKUP(A31,'2.0WS(S)'!$A$5:$AQ$47,10,FALSE),"")=0,"",IFERROR(VLOOKUP(A31,'2.0WS(S)'!$A$5:$AQ$47,10,FALSE),"")) | E31: =IF(IFERROR(VLOOKUP(A31,'2.0WS(S)'!$A$5:$AQ$47,13,FALSE),"")=0,"",IFERROR(VLOOKUP(A31,'2.0WS(S)'!$A$5:$AQ$47,13,FALSE),"")) | F31: =IF(IFERROR(VLOOKUP(A31,'2.0WS(S)'!$A$5:$AQ$47,16,FALSE),"")=0,"",IFERROR(VLOOKUP(A31,'2.0WS(S)'!$A$5:$AQ$47,16,FALSE),"")) | G31: =IF(IFERROR(VLOOKUP(A31,'2.0WS(S)'!$A$5:$AQ$47,19,FALSE),"")=0,"",IFERROR(VLOOKUP(A31,'2.0WS(S)'!$A$5:$AQ$47,19,FALSE),"")) -> 4 | H31: =IF(IFERROR(VLOOKUP(A31,'2.0WS(S)'!$A$5:$AQ$47,22,FALSE),"")=0,"",IFERROR(VLOOKUP(A31,'2.0WS(S)'!$A$5:$AQ$47,22,FALSE),"")) -> 10 | I31: =IF(IFERROR(VLOOKUP(A31,'2.0WS(S)'!$A$5:$AQ$47,25,FALSE),"")=0,"",IFERROR(VLOOKUP(A31,'2.0WS(S)'!$A$5:$AQ$47,25,FALSE),"")) | J31: =IF(IFERROR(VLOOKUP(A31,'2.0WS(S)'!$A$5:$AQ$47,28,FALSE),"")=0,"",IFERROR(VLOOKUP(A31,'2.0WS(S)'!$A$5:$AQ$47,28,FALSE),"")) -> 10 | K31: =IF(IFERROR(VLOOKUP(A31,'2.0WS(S)'!$A$5:$AQ$47,31,FALSE),"")=0,"",IFERROR(VLOOKUP(A31,'2.0WS(S)'!$A$5:$AQ$47,31,FALSE),"")) | L31: =SUM(B31:K31) -> 28 | M31: =IF(IFERROR(VLOOKUP(A31,'2.0WS(S)'!$A$5:$AQ$47,34,FALSE),"")=0,"",IFERROR(VLOOKUP(A31,'2.0WS(S)'!$A$5:$AQ$47,34,FALSE),"")) -> 6 | N31: =IF(IFERROR(VLOOKUP(A31,'2.0WS(S)'!$A$5:$AQ$47,37,FALSE),"")=0,"",IFERROR(VLOOKUP(A31,'2.0WS(S)'!$A$5:$AQ$47,37,FALSE),"")) | O31: =IF(IFERROR(VLOOKUP(A31,'2.0WS(S)'!$A$5:$AQ$47,40,FALSE),"")=0,"",IFERROR(VLOOKUP(A31,'2.0WS(S)'!$A$5:$AQ$47,40,FALSE),"")) -> 4 | P31: =SUM(M31:O31) -> 10 | Q31: =IF(IFERROR(VLOOKUP(A31,'2.0WS(S)'!$A$5:$AQ$47,43,FALSE),"")=0,"",IFERROR(VLOOKUP(A31,'2.0WS(S)'!$A$5:$AQ$47,43,FALSE),"")) -> 4 | R31: =SUM(P31:Q31) -> 14 | S31: =SUM(L31,R31) -> 42
A32: ='2.0WS(S)'!A28 -> SRO MEHSANA TOTAL | B32: =SUM(B29:B31) -> 4 | C32: =SUM(C29:C31) -> 16 | D32: =SUM(D29:D31) -> 0 | E32: =SUM(E29:E31) -> 0 | F32: =SUM(F29:F31) -> 0 | G32: =SUM(G29:G31) -> 16 | H32: =SUM(H29:H31) -> 34 | I32: =SUM(I29:I31) -> 0 | ... O32: =SUM(O29:O31) -> 16 | P32: =SUM(M32:O32) -> 42 | Q32: =SUM(Q29:Q31) -> 14 | R32: =SUM(P32:Q32) -> 56 | S32: =SUM(S29:S31) -> 148
A33: ='2.0WS(S)'!A29 -> Sabarkantha | B33: =IF(IFERROR(VLOOKUP(A33,'2.0WS(S)'!$A$5:$AQ$47,4,FALSE),"")=0,"",IFERROR(VLOOKUP(A33,'2.0WS(S)'!$A$5:$AQ$47,4,FALSE),"")) -> 4 | C33: =IF(IFERROR(VLOOKUP(A33,'2.0WS(S)'!$A$5:$AQ$47,7,FALSE),"")=0,"",IFERROR(VLOOKUP(A33,'2.0WS(S)'!$A$5:$AQ$47,7,FALSE),"")) -> 6 | D33: =IF(IFERROR(VLOOKUP(A33,'2.0WS(S)'!$A$5:$AQ$47,10,FALSE),"")=0,"",IFERROR(VLOOKUP(A33,'2.0WS(S)'!$A$5:$AQ$47,10,FALSE),"")) | E33: =IF(IFERROR(VLOOKUP(A33,'2.0WS(S)'!$A$5:$AQ$47,13,FALSE),"")=0,"",IFERROR(VLOOKUP(A33,'2.0WS(S)'!$A$5:$AQ$47,13,FALSE),"")) | F33: =IF(IFERROR(VLOOKUP(A33,'2.0WS(S)'!$A$5:$AQ$47,16,FALSE),"")=0,"",IFERROR(VLOOKUP(A33,'2.0WS(S)'!$A$5:$AQ$47,16,FALSE),"")) | G33: =IF(IFERROR(VLOOKUP(A33,'2.0WS(S)'!$A$5:$AQ$47,19,FALSE),"")=0,"",IFERROR(VLOOKUP(A33,'2.0WS(S)'!$A$5:$AQ$47,19,FALSE),"")) | H33: =IF(IFERROR(VLOOKUP(A33,'2.0WS(S)'!$A$5:$AQ$47,22,FALSE),"")=0,"",IFERROR(VLOOKUP(A33,'2.0WS(S)'!$A$5:$AQ$47,22,FALSE),"")) -> 6 | I33: =IF(IFERROR(VLOOKUP(A33,'2.0WS(S)'!$A$5:$AQ$47,25,FALSE),"")=0,"",IFERROR(VLOOKUP(A33,'2.0WS(S)'!$A$5:$AQ$47,25,FALSE),"")) -> 4 | J33: =IF(IFERROR(VLOOKUP(A33,'2.0WS(S)'!$A$5:$AQ$47,28,FALSE),"")=0,"",IFERROR(VLOOKUP(A33,'2.0WS(S)'!$A$5:$AQ$47,28,FALSE),"")) -> 8 | K33: =IF(IFERROR(VLOOKUP(A33,'2.0WS(S)'!$A$5:$AQ$47,31,FALSE),"")=0,"",IFERROR(VLOOKUP(A33,'2.0WS(S)'!$A$5:$AQ$47,31,FALSE),"")) | L33: =SUM(B33:K33) -> 28 | M33: =IF(IFERROR(VLOOKUP(A33,'2.0WS(S)'!$A$5:$AQ$47,34,FALSE),"")=0,"",IFERROR(VLOOKUP(A33,'2.0WS(S)'!$A$5:$AQ$47,34,FALSE),"")) | N33: =IF(IFERROR(VLOOKUP(A33,'2.0WS(S)'!$A$5:$AQ$47,37,FALSE),"")=0,"",IFERROR(VLOOKUP(A33,'2.0WS(S)'!$A$5:$AQ$47,37,FALSE),"")) -> 4 | O33: =IF(IFERROR(VLOOKUP(A33,'2.0WS(S)'!$A$5:$AQ$47,40,FALSE),"")=0,"",IFERROR(VLOOKUP(A33,'2.0WS(S)'!$A$5:$AQ$47,40,FALSE),"")) -> 4 | P33: =SUM(M33:O33) -> 8 | Q33: =IF(IFERROR(VLOOKUP(A33,'2.0WS(S)'!$A$5:$AQ$47,43,FALSE),"")=0,"",IFERROR(VLOOKUP(A33,'2.0WS(S)'!$A$5:$AQ$47,43,FALSE),"")) | R33: =SUM(P33:Q33) -> 8 | S33: =SUM(L33,R33) -> 36
A34: ='2.0WS(S)'!A30 -> Arvalli | B34: =IF(IFERROR(VLOOKUP(A34,'2.0WS(S)'!$A$5:$AQ$47,4,FALSE),"")=0,"",IFERROR(VLOOKUP(A34,'2.0WS(S)'!$A$5:$AQ$47,4,FALSE),"")) -> 6 | C34: =IF(IFERROR(VLOOKUP(A34,'2.0WS(S)'!$A$5:$AQ$47,7,FALSE),"")=0,"",IFERROR(VLOOKUP(A34,'2.0WS(S)'!$A$5:$AQ$47,7,FALSE),"")) -> 6 | D34: =IF(IFERROR(VLOOKUP(A34,'2.0WS(S)'!$A$5:$AQ$47,10,FALSE),"")=0,"",IFERROR(VLOOKUP(A34,'2.0WS(S)'!$A$5:$AQ$47,10,FALSE),"")) | E34: =IF(IFERROR(VLOOKUP(A34,'2.0WS(S)'!$A$5:$AQ$47,13,FALSE),"")=0,"",IFERROR(VLOOKUP(A34,'2.0WS(S)'!$A$5:$AQ$47,13,FALSE),"")) | F34: =IF(IFERROR(VLOOKUP(A34,'2.0WS(S)'!$A$5:$AQ$47,16,FALSE),"")=0,"",IFERROR(VLOOKUP(A34,'2.0WS(S)'!$A$5:$AQ$47,16,FALSE),"")) | G34: =IF(IFERROR(VLOOKUP(A34,'2.0WS(S)'!$A$5:$AQ$47,19,FALSE),"")=0,"",IFERROR(VLOOKUP(A34,'2.0WS(S)'!$A$5:$AQ$47,19,FALSE),"")) | H34: =IF(IFERROR(VLOOKUP(A34,'2.0WS(S)'!$A$5:$AQ$47,22,FALSE),"")=0,"",IFERROR(VLOOKUP(A34,'2.0WS(S)'!$A$5:$AQ$47,22,FALSE),"")) -> 6 | I34: =IF(IFERROR(VLOOKUP(A34,'2.0WS(S)'!$A$5:$AQ$47,25,FALSE),"")=0,"",IFERROR(VLOOKUP(A34,'2.0WS(S)'!$A$5:$AQ$47,25,FALSE),"")) -> 4 | J34: =IF(IFERROR(VLOOKUP(A34,'2.0WS(S)'!$A$5:$AQ$47,28,FALSE),"")=0,"",IFERROR(VLOOKUP(A34,'2.0WS(S)'!$A$5:$AQ$47,28,FALSE),"")) -> 4 | K34: =IF(IFERROR(VLOOKUP(A34,'2.0WS(S)'!$A$5:$AQ$47,31,FALSE),"")=0,"",IFERROR(VLOOKUP(A34,'2.0WS(S)'!$A$5:$AQ$47,31,FALSE),"")) | L34: =SUM(B34:K34) -> 26 | M34: =IF(IFERROR(VLOOKUP(A34,'2.0WS(S)'!$A$5:$AQ$47,34,FALSE),"")=0,"",IFERROR(VLOOKUP(A34,'2.0WS(S)'!$A$5:$AQ$47,34,FALSE),"")) | N34: =IF(IFERROR(VLOOKUP(A34,'2.0WS(S)'!$A$5:$AQ$47,37,FALSE),"")=0,"",IFERROR(VLOOKUP(A34,'2.0WS(S)'!$A$5:$AQ$47,37,FALSE),"")) -> 4 | O34: =IF(IFERROR(VLOOKUP(A34,'2.0WS(S)'!$A$5:$AQ$47,40,FALSE),"")=0,"",IFERROR(VLOOKUP(A34,'2.0WS(S)'!$A$5:$AQ$47,40,FALSE),"")) -> 4 | P34: =SUM(M34:O34) -> 8 | Q34: =IF(IFERROR(VLOOKUP(A34,'2.0WS(S)'!$A$5:$AQ$47,43,FALSE),"")=0,"",IFERROR(VLOOKUP(A34,'2.0WS(S)'!$A$5:$AQ$47,43,FALSE),"")) | R34: =SUM(P34:Q34) -> 8 | S34: =SUM(L34,R34) -> 34
A35: ='2.0WS(S)'!A31 -> Anand | B35: =IF(IFERROR(VLOOKUP(A35,'2.0WS(S)'!$A$5:$AQ$47,4,FALSE),"")=0,"",IFERROR(VLOOKUP(A35,'2.0WS(S)'!$A$5:$AQ$47,4,FALSE),"")) | C35: =IF(IFERROR(VLOOKUP(A35,'2.0WS(S)'!$A$5:$AQ$47,7,FALSE),"")=0,"",IFERROR(VLOOKUP(A35,'2.0WS(S)'!$A$5:$AQ$47,7,FALSE),"")) | D35: =IF(IFERROR(VLOOKUP(A35,'2.0WS(S)'!$A$5:$AQ$47,10,FALSE),"")=0,"",IFERROR(VLOOKUP(A35,'2.0WS(S)'!$A$5:$AQ$47,10,FALSE),"")) -> 8 | E35: =IF(IFERROR(VLOOKUP(A35,'2.0WS(S)'!$A$5:$AQ$47,13,FALSE),"")=0,"",IFERROR(VLOOKUP(A35,'2.0WS(S)'!$A$5:$AQ$47,13,FALSE),"")) | F35: =IF(IFERROR(VLOOKUP(A35,'2.0WS(S)'!$A$5:$AQ$47,16,FALSE),"")=0,"",IFERROR(VLOOKUP(A35,'2.0WS(S)'!$A$5:$AQ$47,16,FALSE),"")) | G35: =IF(IFERROR(VLOOKUP(A35,'2.0WS(S)'!$A$5:$AQ$47,19,FALSE),"")=0,"",IFERROR(VLOOKUP(A35,'2.0WS(S)'!$A$5:$AQ$47,19,FALSE),"")) -> 4 | H35: =IF(IFERROR(VLOOKUP(A35,'2.0WS(S)'!$A$5:$AQ$47,22,FALSE),"")=0,"",IFERROR(VLOOKUP(A35,'2.0WS(S)'!$A$5:$AQ$47,22,FALSE),"")) | I35: =IF(IFERROR(VLOOKUP(A35,'2.0WS(S)'!$A$5:$AQ$47,25,FALSE),"")=0,"",IFERROR(VLOOKUP(A35,'2.0WS(S)'!$A$5:$AQ$47,25,FALSE),"")) | J35: =IF(IFERROR(VLOOKUP(A35,'2.0WS(S)'!$A$5:$AQ$47,28,FALSE),"")=0,"",IFERROR(VLOOKUP(A35,'2.0WS(S)'!$A$5:$AQ$47,28,FALSE),"")) | K35: =IF(IFERROR(VLOOKUP(A35,'2.0WS(S)'!$A$5:$AQ$47,31,FALSE),"")=0,"",IFERROR(VLOOKUP(A35,'2.0WS(S)'!$A$5:$AQ$47,31,FALSE),"")) | L35: =SUM(B35:K35) -> 12 | M35: =IF(IFERROR(VLOOKUP(A35,'2.0WS(S)'!$A$5:$AQ$47,34,FALSE),"")=0,"",IFERROR(VLOOKUP(A35,'2.0WS(S)'!$A$5:$AQ$47,34,FALSE),"")) | N35: =IF(IFERROR(VLOOKUP(A35,'2.0WS(S)'!$A$5:$AQ$47,37,FALSE),"")=0,"",IFERROR(VLOOKUP(A35,'2.0WS(S)'!$A$5:$AQ$47,37,FALSE),"")) | O35: =IF(IFERROR(VLOOKUP(A35,'2.0WS(S)'!$A$5:$AQ$47,40,FALSE),"")=0,"",IFERROR(VLOOKUP(A35,'2.0WS(S)'!$A$5:$AQ$47,40,FALSE),"")) -> 4 | P35: =SUM(M35:O35) -> 4 | Q35: =IF(IFERROR(VLOOKUP(A35,'2.0WS(S)'!$A$5:$AQ$47,43,FALSE),"")=0,"",IFERROR(VLOOKUP(A35,'2.0WS(S)'!$A$5:$AQ$47,43,FALSE),"")) -> 4 | R35: =SUM(P35:Q35) -> 8 | S35: =SUM(L35,R35) -> 20
A36: ='2.0WS(S)'!A32 -> Kheda | B36: =IF(IFERROR(VLOOKUP(A36,'2.0WS(S)'!$A$5:$AQ$47,4,FALSE),"")=0,"",IFERROR(VLOOKUP(A36,'2.0WS(S)'!$A$5:$AQ$47,4,FALSE),"")) | C36: =IF(IFERROR(VLOOKUP(A36,'2.0WS(S)'!$A$5:$AQ$47,7,FALSE),"")=0,"",IFERROR(VLOOKUP(A36,'2.0WS(S)'!$A$5:$AQ$47,7,FALSE),"")) | D36: =IF(IFERROR(VLOOKUP(A36,'2.0WS(S)'!$A$5:$AQ$47,10,FALSE),"")=0,"",IFERROR(VLOOKUP(A36,'2.0WS(S)'!$A$5:$AQ$47,10,FALSE),"")) -> 10 | E36: =IF(IFERROR(VLOOKUP(A36,'2.0WS(S)'!$A$5:$AQ$47,13,FALSE),"")=0,"",IFERROR(VLOOKUP(A36,'2.0WS(S)'!$A$5:$AQ$47,13,FALSE),"")) | F36: =IF(IFERROR(VLOOKUP(A36,'2.0WS(S)'!$A$5:$AQ$47,16,FALSE),"")=0,"",IFERROR(VLOOKUP(A36,'2.0WS(S)'!$A$5:$AQ$47,16,FALSE),"")) | G36: =IF(IFERROR(VLOOKUP(A36,'2.0WS(S)'!$A$5:$AQ$47,19,FALSE),"")=0,"",IFERROR(VLOOKUP(A36,'2.0WS(S)'!$A$5:$AQ$47,19,FALSE),"")) -> 4 | H36: =IF(IFERROR(VLOOKUP(A36,'2.0WS(S)'!$A$5:$AQ$47,22,FALSE),"")=0,"",IFERROR(VLOOKUP(A36,'2.0WS(S)'!$A$5:$AQ$47,22,FALSE),"")) -> 4 | I36: =IF(IFERROR(VLOOKUP(A36,'2.0WS(S)'!$A$5:$AQ$47,25,FALSE),"")=0,"",IFERROR(VLOOKUP(A36,'2.0WS(S)'!$A$5:$AQ$47,25,FALSE),"")) | J36: =IF(IFERROR(VLOOKUP(A36,'2.0WS(S)'!$A$5:$AQ$47,28,FALSE),"")=0,"",IFERROR(VLOOKUP(A36,'2.0WS(S)'!$A$5:$AQ$47,28,FALSE),"")) -> 4 | K36: =IF(IFERROR(VLOOKUP(A36,'2.0WS(S)'!$A$5:$AQ$47,31,FALSE),"")=0,"",IFERROR(VLOOKUP(A36,'2.0WS(S)'!$A$5:$AQ$47,31,FALSE),"")) | L36: =SUM(B36:K36) -> 22 | M36: =IF(IFERROR(VLOOKUP(A36,'2.0WS(S)'!$A$5:$AQ$47,34,FALSE),"")=0,"",IFERROR(VLOOKUP(A36,'2.0WS(S)'!$A$5:$AQ$47,34,FALSE),"")) | N36: =IF(IFERROR(VLOOKUP(A36,'2.0WS(S)'!$A$5:$AQ$47,37,FALSE),"")=0,"",IFERROR(VLOOKUP(A36,'2.0WS(S)'!$A$5:$AQ$47,37,FALSE),"")) | O36: =IF(IFERROR(VLOOKUP(A36,'2.0WS(S)'!$A$5:$AQ$47,40,FALSE),"")=0,"",IFERROR(VLOOKUP(A36,'2.0WS(S)'!$A$5:$AQ$47,40,FALSE),"")) -> 4 | P36: =SUM(M36:O36) -> 4 | Q36: =IF(IFERROR(VLOOKUP(A36,'2.0WS(S)'!$A$5:$AQ$47,43,FALSE),"")=0,"",IFERROR(VLOOKUP(A36,'2.0WS(S)'!$A$5:$AQ$47,43,FALSE),"")) -> 6 | R36: =SUM(P36:Q36) -> 10 | S36: =SUM(L36,R36) -> 32
A37: ='2.0WS(S)'!A33 -> SRO NADIAD TOTAL | B37: =SUM(B33:B36) -> 10 | C37: =SUM(C33:C36) -> 12 | D37: =SUM(D33:D36) -> 18 | E37: =SUM(E33:E36) -> 0 | F37: =SUM(F33:F36) -> 0 | G37: =SUM(G33:G36) -> 8 | H37: =SUM(H33:H36) -> 16 | I37: =SUM(I33:I36) -> 8 | ... O37: =SUM(O33:O36) -> 16 | P37: =SUM(M37:O37) -> 24 | Q37: =SUM(Q33:Q36) -> 10 | R37: =SUM(P37:Q37) -> 34 | S37: =SUM(S33:S36) -> 122
A38: ='2.0WS(S)'!A34 -> Panchmahal | B38: =IF(IFERROR(VLOOKUP(A38,'2.0WS(S)'!$A$5:$AQ$47,4,FALSE),"")=0,"",IFERROR(VLOOKUP(A38,'2.0WS(S)'!$A$5:$AQ$47,4,FALSE),"")) -> 6 | C38: =IF(IFERROR(VLOOKUP(A38,'2.0WS(S)'!$A$5:$AQ$47,7,FALSE),"")=0,"",IFERROR(VLOOKUP(A38,'2.0WS(S)'!$A$5:$AQ$47,7,FALSE),"")) | D38: =IF(IFERROR(VLOOKUP(A38,'2.0WS(S)'!$A$5:$AQ$47,10,FALSE),"")=0,"",IFERROR(VLOOKUP(A38,'2.0WS(S)'!$A$5:$AQ$47,10,FALSE),"")) -> 6 | E38: =IF(IFERROR(VLOOKUP(A38,'2.0WS(S)'!$A$5:$AQ$47,13,FALSE),"")=0,"",IFERROR(VLOOKUP(A38,'2.0WS(S)'!$A$5:$AQ$47,13,FALSE),"")) -> 6 | F38: =IF(IFERROR(VLOOKUP(A38,'2.0WS(S)'!$A$5:$AQ$47,16,FALSE),"")=0,"",IFERROR(VLOOKUP(A38,'2.0WS(S)'!$A$5:$AQ$47,16,FALSE),"")) | G38: =IF(IFERROR(VLOOKUP(A38,'2.0WS(S)'!$A$5:$AQ$47,19,FALSE),"")=0,"",IFERROR(VLOOKUP(A38,'2.0WS(S)'!$A$5:$AQ$47,19,FALSE),"")) | H38: =IF(IFERROR(VLOOKUP(A38,'2.0WS(S)'!$A$5:$AQ$47,22,FALSE),"")=0,"",IFERROR(VLOOKUP(A38,'2.0WS(S)'!$A$5:$AQ$47,22,FALSE),"")) -> 4 | I38: =IF(IFERROR(VLOOKUP(A38,'2.0WS(S)'!$A$5:$AQ$47,25,FALSE),"")=0,"",IFERROR(VLOOKUP(A38,'2.0WS(S)'!$A$5:$AQ$47,25,FALSE),"")) -> 6 | J38: =IF(IFERROR(VLOOKUP(A38,'2.0WS(S)'!$A$5:$AQ$47,28,FALSE),"")=0,"",IFERROR(VLOOKUP(A38,'2.0WS(S)'!$A$5:$AQ$47,28,FALSE),"")) -> 6 | K38: =IF(IFERROR(VLOOKUP(A38,'2.0WS(S)'!$A$5:$AQ$47,31,FALSE),"")=0,"",IFERROR(VLOOKUP(A38,'2.0WS(S)'!$A$5:$AQ$47,31,FALSE),"")) | L38: =SUM(B38:K38) -> 34 | M38: =IF(IFERROR(VLOOKUP(A38,'2.0WS(S)'!$A$5:$AQ$47,34,FALSE),"")=0,"",IFERROR(VLOOKUP(A38,'2.0WS(S)'!$A$5:$AQ$47,34,FALSE),"")) | N38: =IF(IFERROR(VLOOKUP(A38,'2.0WS(S)'!$A$5:$AQ$47,37,FALSE),"")=0,"",IFERROR(VLOOKUP(A38,'2.0WS(S)'!$A$5:$AQ$47,37,FALSE),"")) | O38: =IF(IFERROR(VLOOKUP(A38,'2.0WS(S)'!$A$5:$AQ$47,40,FALSE),"")=0,"",IFERROR(VLOOKUP(A38,'2.0WS(S)'!$A$5:$AQ$47,40,FALSE),"")) -> 4 | P38: =SUM(M38:O38) -> 4 | Q38: =IF(IFERROR(VLOOKUP(A38,'2.0WS(S)'!$A$5:$AQ$47,43,FALSE),"")=0,"",IFERROR(VLOOKUP(A38,'2.0WS(S)'!$A$5:$AQ$47,43,FALSE),"")) | R38: =SUM(P38:Q38) -> 4 | S38: =SUM(L38,R38) -> 38
A39: ='2.0WS(S)'!A35 -> Mahisagar | B39: =IF(IFERROR(VLOOKUP(A39,'2.0WS(S)'!$A$5:$AQ$47,4,FALSE),"")=0,"",IFERROR(VLOOKUP(A39,'2.0WS(S)'!$A$5:$AQ$47,4,FALSE),"")) -> 4 | C39: =IF(IFERROR(VLOOKUP(A39,'2.0WS(S)'!$A$5:$AQ$47,7,FALSE),"")=0,"",IFERROR(VLOOKUP(A39,'2.0WS(S)'!$A$5:$AQ$47,7,FALSE),"")) | D39: =IF(IFERROR(VLOOKUP(A39,'2.0WS(S)'!$A$5:$AQ$47,10,FALSE),"")=0,"",IFERROR(VLOOKUP(A39,'2.0WS(S)'!$A$5:$AQ$47,10,FALSE),"")) -> 6 | E39: =IF(IFERROR(VLOOKUP(A39,'2.0WS(S)'!$A$5:$AQ$47,13,FALSE),"")=0,"",IFERROR(VLOOKUP(A39,'2.0WS(S)'!$A$5:$AQ$47,13,FALSE),"")) -> 4 | F39: =IF(IFERROR(VLOOKUP(A39,'2.0WS(S)'!$A$5:$AQ$47,16,FALSE),"")=0,"",IFERROR(VLOOKUP(A39,'2.0WS(S)'!$A$5:$AQ$47,16,FALSE),"")) | G39: =IF(IFERROR(VLOOKUP(A39,'2.0WS(S)'!$A$5:$AQ$47,19,FALSE),"")=0,"",IFERROR(VLOOKUP(A39,'2.0WS(S)'!$A$5:$AQ$47,19,FALSE),"")) | H39: =IF(IFERROR(VLOOKUP(A39,'2.0WS(S)'!$A$5:$AQ$47,22,FALSE),"")=0,"",IFERROR(VLOOKUP(A39,'2.0WS(S)'!$A$5:$AQ$47,22,FALSE),"")) -> 4 | I39: =IF(IFERROR(VLOOKUP(A39,'2.0WS(S)'!$A$5:$AQ$47,25,FALSE),"")=0,"",IFERROR(VLOOKUP(A39,'2.0WS(S)'!$A$5:$AQ$47,25,FALSE),"")) -> 4 | J39: =IF(IFERROR(VLOOKUP(A39,'2.0WS(S)'!$A$5:$AQ$47,28,FALSE),"")=0,"",IFERROR(VLOOKUP(A39,'2.0WS(S)'!$A$5:$AQ$47,28,FALSE),"")) -> 4 | K39: =IF(IFERROR(VLOOKUP(A39,'2.0WS(S)'!$A$5:$AQ$47,31,FALSE),"")=0,"",IFERROR(VLOOKUP(A39,'2.0WS(S)'!$A$5:$AQ$47,31,FALSE),"")) | L39: =SUM(B39:K39) -> 26 | M39: =IF(IFERROR(VLOOKUP(A39,'2.0WS(S)'!$A$5:$AQ$47,34,FALSE),"")=0,"",IFERROR(VLOOKUP(A39,'2.0WS(S)'!$A$5:$AQ$47,34,FALSE),"")) | N39: =IF(IFERROR(VLOOKUP(A39,'2.0WS(S)'!$A$5:$AQ$47,37,FALSE),"")=0,"",IFERROR(VLOOKUP(A39,'2.0WS(S)'!$A$5:$AQ$47,37,FALSE),"")) | O39: =IF(IFERROR(VLOOKUP(A39,'2.0WS(S)'!$A$5:$AQ$47,40,FALSE),"")=0,"",IFERROR(VLOOKUP(A39,'2.0WS(S)'!$A$5:$AQ$47,40,FALSE),"")) -> 4 | P39: =SUM(M39:O39) -> 4 | Q39: =IF(IFERROR(VLOOKUP(A39,'2.0WS(S)'!$A$5:$AQ$47,43,FALSE),"")=0,"",IFERROR(VLOOKUP(A39,'2.0WS(S)'!$A$5:$AQ$47,43,FALSE),"")) | R39: =SUM(P39:Q39) -> 4 | S39: =SUM(L39,R39) -> 30
A40: ='2.0WS(S)'!A36 -> Dahod | B40: =IF(IFERROR(VLOOKUP(A40,'2.0WS(S)'!$A$5:$AQ$47,4,FALSE),"")=0,"",IFERROR(VLOOKUP(A40,'2.0WS(S)'!$A$5:$AQ$47,4,FALSE),"")) -> 8 | C40: =IF(IFERROR(VLOOKUP(A40,'2.0WS(S)'!$A$5:$AQ$47,7,FALSE),"")=0,"",IFERROR(VLOOKUP(A40,'2.0WS(S)'!$A$5:$AQ$47,7,FALSE),"")) | D40: =IF(IFERROR(VLOOKUP(A40,'2.0WS(S)'!$A$5:$AQ$47,10,FALSE),"")=0,"",IFERROR(VLOOKUP(A40,'2.0WS(S)'!$A$5:$AQ$47,10,FALSE),"")) -> 8 | E40: =IF(IFERROR(VLOOKUP(A40,'2.0WS(S)'!$A$5:$AQ$47,13,FALSE),"")=0,"",IFERROR(VLOOKUP(A40,'2.0WS(S)'!$A$5:$AQ$47,13,FALSE),"")) -> 10 | F40: =IF(IFERROR(VLOOKUP(A40,'2.0WS(S)'!$A$5:$AQ$47,16,FALSE),"")=0,"",IFERROR(VLOOKUP(A40,'2.0WS(S)'!$A$5:$AQ$47,16,FALSE),"")) | G40: =IF(IFERROR(VLOOKUP(A40,'2.0WS(S)'!$A$5:$AQ$47,19,FALSE),"")=0,"",IFERROR(VLOOKUP(A40,'2.0WS(S)'!$A$5:$AQ$47,19,FALSE),"")) | H40: =IF(IFERROR(VLOOKUP(A40,'2.0WS(S)'!$A$5:$AQ$47,22,FALSE),"")=0,"",IFERROR(VLOOKUP(A40,'2.0WS(S)'!$A$5:$AQ$47,22,FALSE),"")) | I40: =IF(IFERROR(VLOOKUP(A40,'2.0WS(S)'!$A$5:$AQ$47,25,FALSE),"")=0,"",IFERROR(VLOOKUP(A40,'2.0WS(S)'!$A$5:$AQ$47,25,FALSE),"")) -> 4 | J40: =IF(IFERROR(VLOOKUP(A40,'2.0WS(S)'!$A$5:$AQ$47,28,FALSE),"")=0,"",IFERROR(VLOOKUP(A40,'2.0WS(S)'!$A$5:$AQ$47,28,FALSE),"")) | K40: =IF(IFERROR(VLOOKUP(A40,'2.0WS(S)'!$A$5:$AQ$47,31,FALSE),"")=0,"",IFERROR(VLOOKUP(A40,'2.0WS(S)'!$A$5:$AQ$47,31,FALSE),"")) | L40: =SUM(B40:K40) -> 30 | M40: =IF(IFERROR(VLOOKUP(A40,'2.0WS(S)'!$A$5:$AQ$47,34,FALSE),"")=0,"",IFERROR(VLOOKUP(A40,'2.0WS(S)'!$A$5:$AQ$47,34,FALSE),"")) | N40: =IF(IFERROR(VLOOKUP(A40,'2.0WS(S)'!$A$5:$AQ$47,37,FALSE),"")=0,"",IFERROR(VLOOKUP(A40,'2.0WS(S)'!$A$5:$AQ$47,37,FALSE),"")) -> 4 | O40: =IF(IFERROR(VLOOKUP(A40,'2.0WS(S)'!$A$5:$AQ$47,40,FALSE),"")=0,"",IFERROR(VLOOKUP(A40,'2.0WS(S)'!$A$5:$AQ$47,40,FALSE),"")) -> 4 | P40: =SUM(M40:O40) -> 8 | Q40: =IF(IFERROR(VLOOKUP(A40,'2.0WS(S)'!$A$5:$AQ$47,43,FALSE),"")=0,"",IFERROR(VLOOKUP(A40,'2.0WS(S)'!$A$5:$AQ$47,43,FALSE),"")) | R40: =SUM(P40:Q40) -> 8 | S40: =SUM(L40,R40) -> 38
A41: ='2.0WS(S)'!A37 -> Vadodara | B41: =IF(IFERROR(VLOOKUP(A41,'2.0WS(S)'!$A$5:$AQ$47,4,FALSE),"")=0,"",IFERROR(VLOOKUP(A41,'2.0WS(S)'!$A$5:$AQ$47,4,FALSE),"")) | C41: =IF(IFERROR(VLOOKUP(A41,'2.0WS(S)'!$A$5:$AQ$47,7,FALSE),"")=0,"",IFERROR(VLOOKUP(A41,'2.0WS(S)'!$A$5:$AQ$47,7,FALSE),"")) | D41: =IF(IFERROR(VLOOKUP(A41,'2.0WS(S)'!$A$5:$AQ$47,10,FALSE),"")=0,"",IFERROR(VLOOKUP(A41,'2.0WS(S)'!$A$5:$AQ$47,10,FALSE),"")) -> 4 | E41: =IF(IFERROR(VLOOKUP(A41,'2.0WS(S)'!$A$5:$AQ$47,13,FALSE),"")=0,"",IFERROR(VLOOKUP(A41,'2.0WS(S)'!$A$5:$AQ$47,13,FALSE),"")) | F41: =IF(IFERROR(VLOOKUP(A41,'2.0WS(S)'!$A$5:$AQ$47,16,FALSE),"")=0,"",IFERROR(VLOOKUP(A41,'2.0WS(S)'!$A$5:$AQ$47,16,FALSE),"")) | G41: =IF(IFERROR(VLOOKUP(A41,'2.0WS(S)'!$A$5:$AQ$47,19,FALSE),"")=0,"",IFERROR(VLOOKUP(A41,'2.0WS(S)'!$A$5:$AQ$47,19,FALSE),"")) | H41: =IF(IFERROR(VLOOKUP(A41,'2.0WS(S)'!$A$5:$AQ$47,22,FALSE),"")=0,"",IFERROR(VLOOKUP(A41,'2.0WS(S)'!$A$5:$AQ$47,22,FALSE),"")) -> 8 | I41: =IF(IFERROR(VLOOKUP(A41,'2.0WS(S)'!$A$5:$AQ$47,25,FALSE),"")=0,"",IFERROR(VLOOKUP(A41,'2.0WS(S)'!$A$5:$AQ$47,25,FALSE),"")) -> 8 | J41: =IF(IFERROR(VLOOKUP(A41,'2.0WS(S)'!$A$5:$AQ$47,28,FALSE),"")=0,"",IFERROR(VLOOKUP(A41,'2.0WS(S)'!$A$5:$AQ$47,28,FALSE),"")) -> 8 | K41: =IF(IFERROR(VLOOKUP(A41,'2.0WS(S)'!$A$5:$AQ$47,31,FALSE),"")=0,"",IFERROR(VLOOKUP(A41,'2.0WS(S)'!$A$5:$AQ$47,31,FALSE),"")) | L41: =SUM(B41:K41) -> 28 | M41: =IF(IFERROR(VLOOKUP(A41,'2.0WS(S)'!$A$5:$AQ$47,34,FALSE),"")=0,"",IFERROR(VLOOKUP(A41,'2.0WS(S)'!$A$5:$AQ$47,34,FALSE),"")) | N41: =IF(IFERROR(VLOOKUP(A41,'2.0WS(S)'!$A$5:$AQ$47,37,FALSE),"")=0,"",IFERROR(VLOOKUP(A41,'2.0WS(S)'!$A$5:$AQ$47,37,FALSE),"")) | O41: =IF(IFERROR(VLOOKUP(A41,'2.0WS(S)'!$A$5:$AQ$47,40,FALSE),"")=0,"",IFERROR(VLOOKUP(A41,'2.0WS(S)'!$A$5:$AQ$47,40,FALSE),"")) -> 4 | P41: =SUM(M41:O41) -> 4 | Q41: =IF(IFERROR(VLOOKUP(A41,'2.0WS(S)'!$A$5:$AQ$47,43,FALSE),"")=0,"",IFERROR(VLOOKUP(A41,'2.0WS(S)'!$A$5:$AQ$47,43,FALSE),"")) -> 4 | R41: =SUM(P41:Q41) -> 8 | S41: =SUM(L41,R41) -> 36
A42: ='2.0WS(S)'!A38 -> Chhotaudepur | B42: =IF(IFERROR(VLOOKUP(A42,'2.0WS(S)'!$A$5:$AQ$47,4,FALSE),"")=0,"",IFERROR(VLOOKUP(A42,'2.0WS(S)'!$A$5:$AQ$47,4,FALSE),"")) -> 4 | C42: =IF(IFERROR(VLOOKUP(A42,'2.0WS(S)'!$A$5:$AQ$47,7,FALSE),"")=0,"",IFERROR(VLOOKUP(A42,'2.0WS(S)'!$A$5:$AQ$47,7,FALSE),"")) | D42: =IF(IFERROR(VLOOKUP(A42,'2.0WS(S)'!$A$5:$AQ$47,10,FALSE),"")=0,"",IFERROR(VLOOKUP(A42,'2.0WS(S)'!$A$5:$AQ$47,10,FALSE),"")) -> 4 | E42: =IF(IFERROR(VLOOKUP(A42,'2.0WS(S)'!$A$5:$AQ$47,13,FALSE),"")=0,"",IFERROR(VLOOKUP(A42,'2.0WS(S)'!$A$5:$AQ$47,13,FALSE),"")) -> 4 | F42: =IF(IFERROR(VLOOKUP(A42,'2.0WS(S)'!$A$5:$AQ$47,16,FALSE),"")=0,"",IFERROR(VLOOKUP(A42,'2.0WS(S)'!$A$5:$AQ$47,16,FALSE),"")) | G42: =IF(IFERROR(VLOOKUP(A42,'2.0WS(S)'!$A$5:$AQ$47,19,FALSE),"")=0,"",IFERROR(VLOOKUP(A42,'2.0WS(S)'!$A$5:$AQ$47,19,FALSE),"")) | H42: =IF(IFERROR(VLOOKUP(A42,'2.0WS(S)'!$A$5:$AQ$47,22,FALSE),"")=0,"",IFERROR(VLOOKUP(A42,'2.0WS(S)'!$A$5:$AQ$47,22,FALSE),"")) | I42: =IF(IFERROR(VLOOKUP(A42,'2.0WS(S)'!$A$5:$AQ$47,25,FALSE),"")=0,"",IFERROR(VLOOKUP(A42,'2.0WS(S)'!$A$5:$AQ$47,25,FALSE),"")) -> 6 | J42: =IF(IFERROR(VLOOKUP(A42,'2.0WS(S)'!$A$5:$AQ$47,28,FALSE),"")=0,"",IFERROR(VLOOKUP(A42,'2.0WS(S)'!$A$5:$AQ$47,28,FALSE),"")) -> 6 | K42: =IF(IFERROR(VLOOKUP(A42,'2.0WS(S)'!$A$5:$AQ$47,31,FALSE),"")=0,"",IFERROR(VLOOKUP(A42,'2.0WS(S)'!$A$5:$AQ$47,31,FALSE),"")) -> 6 | L42: =SUM(B42:K42) -> 30 | M42: =IF(IFERROR(VLOOKUP(A42,'2.0WS(S)'!$A$5:$AQ$47,34,FALSE),"")=0,"",IFERROR(VLOOKUP(A42,'2.0WS(S)'!$A$5:$AQ$47,34,FALSE),"")) | N42: =IF(IFERROR(VLOOKUP(A42,'2.0WS(S)'!$A$5:$AQ$47,37,FALSE),"")=0,"",IFERROR(VLOOKUP(A42,'2.0WS(S)'!$A$5:$AQ$47,37,FALSE),"")) | O42: =IF(IFERROR(VLOOKUP(A42,'2.0WS(S)'!$A$5:$AQ$47,40,FALSE),"")=0,"",IFERROR(VLOOKUP(A42,'2.0WS(S)'!$A$5:$AQ$47,40,FALSE),"")) | P42: =SUM(M42:O42) -> 0 | Q42: =IF(IFERROR(VLOOKUP(A42,'2.0WS(S)'!$A$5:$AQ$47,43,FALSE),"")=0,"",IFERROR(VLOOKUP(A42,'2.0WS(S)'!$A$5:$AQ$47,43,FALSE),"")) | R42: =SUM(P42:Q42) -> 0 | S42: =SUM(L42,R42) -> 30
A43: ='2.0WS(S)'!A39 -> Narmada | B43: =IF(IFERROR(VLOOKUP(A43,'2.0WS(S)'!$A$5:$AQ$47,4,FALSE),"")=0,"",IFERROR(VLOOKUP(A43,'2.0WS(S)'!$A$5:$AQ$47,4,FALSE),"")) -> 4 | C43: =IF(IFERROR(VLOOKUP(A43,'2.0WS(S)'!$A$5:$AQ$47,7,FALSE),"")=0,"",IFERROR(VLOOKUP(A43,'2.0WS(S)'!$A$5:$AQ$47,7,FALSE),"")) | D43: =IF(IFERROR(VLOOKUP(A43,'2.0WS(S)'!$A$5:$AQ$47,10,FALSE),"")=0,"",IFERROR(VLOOKUP(A43,'2.0WS(S)'!$A$5:$AQ$47,10,FALSE),"")) | E43: =IF(IFERROR(VLOOKUP(A43,'2.0WS(S)'!$A$5:$AQ$47,13,FALSE),"")=0,"",IFERROR(VLOOKUP(A43,'2.0WS(S)'!$A$5:$AQ$47,13,FALSE),"")) | F43: =IF(IFERROR(VLOOKUP(A43,'2.0WS(S)'!$A$5:$AQ$47,16,FALSE),"")=0,"",IFERROR(VLOOKUP(A43,'2.0WS(S)'!$A$5:$AQ$47,16,FALSE),"")) | G43: =IF(IFERROR(VLOOKUP(A43,'2.0WS(S)'!$A$5:$AQ$47,19,FALSE),"")=0,"",IFERROR(VLOOKUP(A43,'2.0WS(S)'!$A$5:$AQ$47,19,FALSE),"")) | H43: =IF(IFERROR(VLOOKUP(A43,'2.0WS(S)'!$A$5:$AQ$47,22,FALSE),"")=0,"",IFERROR(VLOOKUP(A43,'2.0WS(S)'!$A$5:$AQ$47,22,FALSE),"")) | I43: =IF(IFERROR(VLOOKUP(A43,'2.0WS(S)'!$A$5:$AQ$47,25,FALSE),"")=0,"",IFERROR(VLOOKUP(A43,'2.0WS(S)'!$A$5:$AQ$47,25,FALSE),"")) -> 4 | J43: =IF(IFERROR(VLOOKUP(A43,'2.0WS(S)'!$A$5:$AQ$47,28,FALSE),"")=0,"",IFERROR(VLOOKUP(A43,'2.0WS(S)'!$A$5:$AQ$47,28,FALSE),"")) -> 6 | K43: =IF(IFERROR(VLOOKUP(A43,'2.0WS(S)'!$A$5:$AQ$47,31,FALSE),"")=0,"",IFERROR(VLOOKUP(A43,'2.0WS(S)'!$A$5:$AQ$47,31,FALSE),"")) -> 6 | L43: =SUM(B43:K43) -> 20 | M43: =IF(IFERROR(VLOOKUP(A43,'2.0WS(S)'!$A$5:$AQ$47,34,FALSE),"")=0,"",IFERROR(VLOOKUP(A43,'2.0WS(S)'!$A$5:$AQ$47,34,FALSE),"")) | N43: =IF(IFERROR(VLOOKUP(A43,'2.0WS(S)'!$A$5:$AQ$47,37,FALSE),"")=0,"",IFERROR(VLOOKUP(A43,'2.0WS(S)'!$A$5:$AQ$47,37,FALSE),"")) | O43: =IF(IFERROR(VLOOKUP(A43,'2.0WS(S)'!$A$5:$AQ$47,40,FALSE),"")=0,"",IFERROR(VLOOKUP(A43,'2.0WS(S)'!$A$5:$AQ$47,40,FALSE),"")) | P43: =SUM(M43:O43) -> 0 | Q43: =IF(IFERROR(VLOOKUP(A43,'2.0WS(S)'!$A$5:$AQ$47,43,FALSE),"")=0,"",IFERROR(VLOOKUP(A43,'2.0WS(S)'!$A$5:$AQ$47,43,FALSE),"")) | R43: =SUM(P43:Q43) -> 0 | S43: =SUM(L43,R43) -> 20
A44: ='2.0WS(S)'!A40 -> Bharuch | B44: =IF(IFERROR(VLOOKUP(A44,'2.0WS(S)'!$A$5:$AQ$47,4,FALSE),"")=0,"",IFERROR(VLOOKUP(A44,'2.0WS(S)'!$A$5:$AQ$47,4,FALSE),"")) | C44: =IF(IFERROR(VLOOKUP(A44,'2.0WS(S)'!$A$5:$AQ$47,7,FALSE),"")=0,"",IFERROR(VLOOKUP(A44,'2.0WS(S)'!$A$5:$AQ$47,7,FALSE),"")) | D44: =IF(IFERROR(VLOOKUP(A44,'2.0WS(S)'!$A$5:$AQ$47,10,FALSE),"")=0,"",IFERROR(VLOOKUP(A44,'2.0WS(S)'!$A$5:$AQ$47,10,FALSE),"")) -> 4 | E44: =IF(IFERROR(VLOOKUP(A44,'2.0WS(S)'!$A$5:$AQ$47,13,FALSE),"")=0,"",IFERROR(VLOOKUP(A44,'2.0WS(S)'!$A$5:$AQ$47,13,FALSE),"")) | F44: =IF(IFERROR(VLOOKUP(A44,'2.0WS(S)'!$A$5:$AQ$47,16,FALSE),"")=0,"",IFERROR(VLOOKUP(A44,'2.0WS(S)'!$A$5:$AQ$47,16,FALSE),"")) | G44: =IF(IFERROR(VLOOKUP(A44,'2.0WS(S)'!$A$5:$AQ$47,19,FALSE),"")=0,"",IFERROR(VLOOKUP(A44,'2.0WS(S)'!$A$5:$AQ$47,19,FALSE),"")) | H44: =IF(IFERROR(VLOOKUP(A44,'2.0WS(S)'!$A$5:$AQ$47,22,FALSE),"")=0,"",IFERROR(VLOOKUP(A44,'2.0WS(S)'!$A$5:$AQ$47,22,FALSE),"")) | I44: =IF(IFERROR(VLOOKUP(A44,'2.0WS(S)'!$A$5:$AQ$47,25,FALSE),"")=0,"",IFERROR(VLOOKUP(A44,'2.0WS(S)'!$A$5:$AQ$47,25,FALSE),"")) -> 8 | J44: =IF(IFERROR(VLOOKUP(A44,'2.0WS(S)'!$A$5:$AQ$47,28,FALSE),"")=0,"",IFERROR(VLOOKUP(A44,'2.0WS(S)'!$A$5:$AQ$47,28,FALSE),"")) -> 8 | K44: =IF(IFERROR(VLOOKUP(A44,'2.0WS(S)'!$A$5:$AQ$47,31,FALSE),"")=0,"",IFERROR(VLOOKUP(A44,'2.0WS(S)'!$A$5:$AQ$47,31,FALSE),"")) -> 8 | L44: =SUM(B44:K44) -> 28 | M44: =IF(IFERROR(VLOOKUP(A44,'2.0WS(S)'!$A$5:$AQ$47,34,FALSE),"")=0,"",IFERROR(VLOOKUP(A44,'2.0WS(S)'!$A$5:$AQ$47,34,FALSE),"")) | N44: =IF(IFERROR(VLOOKUP(A44,'2.0WS(S)'!$A$5:$AQ$47,37,FALSE),"")=0,"",IFERROR(VLOOKUP(A44,'2.0WS(S)'!$A$5:$AQ$47,37,FALSE),"")) | O44: =IF(IFERROR(VLOOKUP(A44,'2.0WS(S)'!$A$5:$AQ$47,40,FALSE),"")=0,"",IFERROR(VLOOKUP(A44,'2.0WS(S)'!$A$5:$AQ$47,40,FALSE),"")) -> 4 | P44: =SUM(M44:O44) -> 4 | Q44: =IF(IFERROR(VLOOKUP(A44,'2.0WS(S)'!$A$5:$AQ$47,43,FALSE),"")=0,"",IFERROR(VLOOKUP(A44,'2.0WS(S)'!$A$5:$AQ$47,43,FALSE),"")) | R44: =SUM(P44:Q44) -> 4 | S44: =SUM(L44,R44) -> 32
A45: ='2.0WS(S)'!A41 -> SRO VADODARA TOTAL | B45: =SUM(B38:B44) -> 26 | C45: =SUM(C38:C44) -> 0 | D45: =SUM(D38:D44) -> 32 | E45: =SUM(E38:E44) -> 24 | F45: =SUM(F38:F44) -> 0 | G45: =SUM(G38:G44) -> 0 | H45: =SUM(H38:H44) -> 16 | I45: =SUM(I38:I44) -> 40 | ... O45: =SUM(O38:O44) -> 20 | P45: =SUM(M45:O45) -> 24 | Q45: =SUM(Q38:Q44) -> 4 | R45: =SUM(P45:Q45) -> 28 | S45: =SUM(S38:S44) -> 224
A46: ='2.0WS(S)'!A42 -> Surat | B46: =IF(IFERROR(VLOOKUP(A46,'2.0WS(S)'!$A$5:$AQ$47,4,FALSE),"")=0,"",IFERROR(VLOOKUP(A46,'2.0WS(S)'!$A$5:$AQ$47,4,FALSE),"")) | C46: =IF(IFERROR(VLOOKUP(A46,'2.0WS(S)'!$A$5:$AQ$47,7,FALSE),"")=0,"",IFERROR(VLOOKUP(A46,'2.0WS(S)'!$A$5:$AQ$47,7,FALSE),"")) | D46: =IF(IFERROR(VLOOKUP(A46,'2.0WS(S)'!$A$5:$AQ$47,10,FALSE),"")=0,"",IFERROR(VLOOKUP(A46,'2.0WS(S)'!$A$5:$AQ$47,10,FALSE),"")) -> 6 | E46: =IF(IFERROR(VLOOKUP(A46,'2.0WS(S)'!$A$5:$AQ$47,13,FALSE),"")=0,"",IFERROR(VLOOKUP(A46,'2.0WS(S)'!$A$5:$AQ$47,13,FALSE),"")) -> 4 | F46: =IF(IFERROR(VLOOKUP(A46,'2.0WS(S)'!$A$5:$AQ$47,16,FALSE),"")=0,"",IFERROR(VLOOKUP(A46,'2.0WS(S)'!$A$5:$AQ$47,16,FALSE),"")) | G46: =IF(IFERROR(VLOOKUP(A46,'2.0WS(S)'!$A$5:$AQ$47,19,FALSE),"")=0,"",IFERROR(VLOOKUP(A46,'2.0WS(S)'!$A$5:$AQ$47,19,FALSE),"")) | H46: =IF(IFERROR(VLOOKUP(A46,'2.0WS(S)'!$A$5:$AQ$47,22,FALSE),"")=0,"",IFERROR(VLOOKUP(A46,'2.0WS(S)'!$A$5:$AQ$47,22,FALSE),"")) | I46: =IF(IFERROR(VLOOKUP(A46,'2.0WS(S)'!$A$5:$AQ$47,25,FALSE),"")=0,"",IFERROR(VLOOKUP(A46,'2.0WS(S)'!$A$5:$AQ$47,25,FALSE),"")) -> 4 | J46: =IF(IFERROR(VLOOKUP(A46,'2.0WS(S)'!$A$5:$AQ$47,28,FALSE),"")=0,"",IFERROR(VLOOKUP(A46,'2.0WS(S)'!$A$5:$AQ$47,28,FALSE),"")) | K46: =IF(IFERROR(VLOOKUP(A46,'2.0WS(S)'!$A$5:$AQ$47,31,FALSE),"")=0,"",IFERROR(VLOOKUP(A46,'2.0WS(S)'!$A$5:$AQ$47,31,FALSE),"")) | L46: =SUM(B46:K46) -> 14 | M46: =IF(IFERROR(VLOOKUP(A46,'2.0WS(S)'!$A$5:$AQ$47,34,FALSE),"")=0,"",IFERROR(VLOOKUP(A46,'2.0WS(S)'!$A$5:$AQ$47,34,FALSE),"")) | N46: =IF(IFERROR(VLOOKUP(A46,'2.0WS(S)'!$A$5:$AQ$47,37,FALSE),"")=0,"",IFERROR(VLOOKUP(A46,'2.0WS(S)'!$A$5:$AQ$47,37,FALSE),"")) | O46: =IF(IFERROR(VLOOKUP(A46,'2.0WS(S)'!$A$5:$AQ$47,40,FALSE),"")=0,"",IFERROR(VLOOKUP(A46,'2.0WS(S)'!$A$5:$AQ$47,40,FALSE),"")) | P46: =SUM(M46:O46) -> 0 | Q46: =IF(IFERROR(VLOOKUP(A46,'2.0WS(S)'!$A$5:$AQ$47,43,FALSE),"")=0,"",IFERROR(VLOOKUP(A46,'2.0WS(S)'!$A$5:$AQ$47,43,FALSE),"")) | R46: =SUM(P46:Q46) -> 0 | S46: =SUM(L46,R46) -> 14
A47: ='2.0WS(S)'!A43 -> Tapi | B47: =IF(IFERROR(VLOOKUP(A47,'2.0WS(S)'!$A$5:$AQ$47,4,FALSE),"")=0,"",IFERROR(VLOOKUP(A47,'2.0WS(S)'!$A$5:$AQ$47,4,FALSE),"")) | C47: =IF(IFERROR(VLOOKUP(A47,'2.0WS(S)'!$A$5:$AQ$47,7,FALSE),"")=0,"",IFERROR(VLOOKUP(A47,'2.0WS(S)'!$A$5:$AQ$47,7,FALSE),"")) | D47: =IF(IFERROR(VLOOKUP(A47,'2.0WS(S)'!$A$5:$AQ$47,10,FALSE),"")=0,"",IFERROR(VLOOKUP(A47,'2.0WS(S)'!$A$5:$AQ$47,10,FALSE),"")) -> 4 | E47: =IF(IFERROR(VLOOKUP(A47,'2.0WS(S)'!$A$5:$AQ$47,13,FALSE),"")=0,"",IFERROR(VLOOKUP(A47,'2.0WS(S)'!$A$5:$AQ$47,13,FALSE),"")) -> 4 | F47: =IF(IFERROR(VLOOKUP(A47,'2.0WS(S)'!$A$5:$AQ$47,16,FALSE),"")=0,"",IFERROR(VLOOKUP(A47,'2.0WS(S)'!$A$5:$AQ$47,16,FALSE),"")) | G47: =IF(IFERROR(VLOOKUP(A47,'2.0WS(S)'!$A$5:$AQ$47,19,FALSE),"")=0,"",IFERROR(VLOOKUP(A47,'2.0WS(S)'!$A$5:$AQ$47,19,FALSE),"")) | H47: =IF(IFERROR(VLOOKUP(A47,'2.0WS(S)'!$A$5:$AQ$47,22,FALSE),"")=0,"",IFERROR(VLOOKUP(A47,'2.0WS(S)'!$A$5:$AQ$47,22,FALSE),"")) | I47: =IF(IFERROR(VLOOKUP(A47,'2.0WS(S)'!$A$5:$AQ$47,25,FALSE),"")=0,"",IFERROR(VLOOKUP(A47,'2.0WS(S)'!$A$5:$AQ$47,25,FALSE),"")) -> 4 | J47: =IF(IFERROR(VLOOKUP(A47,'2.0WS(S)'!$A$5:$AQ$47,28,FALSE),"")=0,"",IFERROR(VLOOKUP(A47,'2.0WS(S)'!$A$5:$AQ$47,28,FALSE),"")) | K47: =IF(IFERROR(VLOOKUP(A47,'2.0WS(S)'!$A$5:$AQ$47,31,FALSE),"")=0,"",IFERROR(VLOOKUP(A47,'2.0WS(S)'!$A$5:$AQ$47,31,FALSE),"")) | L47: =SUM(B47:K47) -> 12 | M47: =IF(IFERROR(VLOOKUP(A47,'2.0WS(S)'!$A$5:$AQ$47,34,FALSE),"")=0,"",IFERROR(VLOOKUP(A47,'2.0WS(S)'!$A$5:$AQ$47,34,FALSE),"")) | N47: =IF(IFERROR(VLOOKUP(A47,'2.0WS(S)'!$A$5:$AQ$47,37,FALSE),"")=0,"",IFERROR(VLOOKUP(A47,'2.0WS(S)'!$A$5:$AQ$47,37,FALSE),"")) | O47: =IF(IFERROR(VLOOKUP(A47,'2.0WS(S)'!$A$5:$AQ$47,40,FALSE),"")=0,"",IFERROR(VLOOKUP(A47,'2.0WS(S)'!$A$5:$AQ$47,40,FALSE),"")) | P47: =SUM(M47:O47) -> 0 | Q47: =IF(IFERROR(VLOOKUP(A47,'2.0WS(S)'!$A$5:$AQ$47,43,FALSE),"")=0,"",IFERROR(VLOOKUP(A47,'2.0WS(S)'!$A$5:$AQ$47,43,FALSE),"")) | R47: =SUM(P47:Q47) -> 0 | S47: =SUM(L47,R47) -> 12
A48: ='2.0WS(S)'!A44 -> Dangs | B48: =IF(IFERROR(VLOOKUP(A48,'2.0WS(S)'!$A$5:$AQ$47,4,FALSE),"")=0,"",IFERROR(VLOOKUP(A48,'2.0WS(S)'!$A$5:$AQ$47,4,FALSE),"")) | C48: =IF(IFERROR(VLOOKUP(A48,'2.0WS(S)'!$A$5:$AQ$47,7,FALSE),"")=0,"",IFERROR(VLOOKUP(A48,'2.0WS(S)'!$A$5:$AQ$47,7,FALSE),"")) -> 4 | D48: =IF(IFERROR(VLOOKUP(A48,'2.0WS(S)'!$A$5:$AQ$47,10,FALSE),"")=0,"",IFERROR(VLOOKUP(A48,'2.0WS(S)'!$A$5:$AQ$47,10,FALSE),"")) | E48: =IF(IFERROR(VLOOKUP(A48,'2.0WS(S)'!$A$5:$AQ$47,13,FALSE),"")=0,"",IFERROR(VLOOKUP(A48,'2.0WS(S)'!$A$5:$AQ$47,13,FALSE),"")) -> 4 | F48: =IF(IFERROR(VLOOKUP(A48,'2.0WS(S)'!$A$5:$AQ$47,16,FALSE),"")=0,"",IFERROR(VLOOKUP(A48,'2.0WS(S)'!$A$5:$AQ$47,16,FALSE),"")) | G48: =IF(IFERROR(VLOOKUP(A48,'2.0WS(S)'!$A$5:$AQ$47,19,FALSE),"")=0,"",IFERROR(VLOOKUP(A48,'2.0WS(S)'!$A$5:$AQ$47,19,FALSE),"")) | H48: =IF(IFERROR(VLOOKUP(A48,'2.0WS(S)'!$A$5:$AQ$47,22,FALSE),"")=0,"",IFERROR(VLOOKUP(A48,'2.0WS(S)'!$A$5:$AQ$47,22,FALSE),"")) | I48: =IF(IFERROR(VLOOKUP(A48,'2.0WS(S)'!$A$5:$AQ$47,25,FALSE),"")=0,"",IFERROR(VLOOKUP(A48,'2.0WS(S)'!$A$5:$AQ$47,25,FALSE),"")) -> 4 | J48: =IF(IFERROR(VLOOKUP(A48,'2.0WS(S)'!$A$5:$AQ$47,28,FALSE),"")=0,"",IFERROR(VLOOKUP(A48,'2.0WS(S)'!$A$5:$AQ$47,28,FALSE),"")) | K48: =IF(IFERROR(VLOOKUP(A48,'2.0WS(S)'!$A$5:$AQ$47,31,FALSE),"")=0,"",IFERROR(VLOOKUP(A48,'2.0WS(S)'!$A$5:$AQ$47,31,FALSE),"")) | L48: =SUM(B48:K48) -> 12 | M48: =IF(IFERROR(VLOOKUP(A48,'2.0WS(S)'!$A$5:$AQ$47,34,FALSE),"")=0,"",IFERROR(VLOOKUP(A48,'2.0WS(S)'!$A$5:$AQ$47,34,FALSE),"")) | N48: =IF(IFERROR(VLOOKUP(A48,'2.0WS(S)'!$A$5:$AQ$47,37,FALSE),"")=0,"",IFERROR(VLOOKUP(A48,'2.0WS(S)'!$A$5:$AQ$47,37,FALSE),"")) | O48: =IF(IFERROR(VLOOKUP(A48,'2.0WS(S)'!$A$5:$AQ$47,40,FALSE),"")=0,"",IFERROR(VLOOKUP(A48,'2.0WS(S)'!$A$5:$AQ$47,40,FALSE),"")) | P48: =SUM(M48:O48) -> 0 | Q48: =IF(IFERROR(VLOOKUP(A48,'2.0WS(S)'!$A$5:$AQ$47,43,FALSE),"")=0,"",IFERROR(VLOOKUP(A48,'2.0WS(S)'!$A$5:$AQ$47,43,FALSE),"")) | R48: =SUM(P48:Q48) -> 0 | S48: =SUM(L48,R48) -> 12
A49: ='2.0WS(S)'!A45 -> SRO SURAT TOTAL | B49: =SUM(B46:B48) -> 0 | C49: =SUM(C46:C48) -> 4 | D49: =SUM(D46:D48) -> 10 | E49: =SUM(E46:E48) -> 12 | F49: =SUM(F46:F48) -> 0 | G49: =SUM(G46:G48) -> 0 | H49: =SUM(H46:H48) -> 0 | I49: =SUM(I46:I48) -> 12 | ... O49: =SUM(O46:O48) -> 0 | P49: =SUM(M49:O49) -> 0 | Q49: =SUM(Q46:Q48) -> 0 | R49: =SUM(P49:Q49) -> 0 | S49: =SUM(S46:S48) -> 38
A50: ='2.0WS(S)'!A46 -> Navsari | B50: =IF(IFERROR(VLOOKUP(A50,'2.0WS(S)'!$A$5:$AQ$47,4,FALSE),"")=0,"",IFERROR(VLOOKUP(A50,'2.0WS(S)'!$A$5:$AQ$47,4,FALSE),"")) | C50: =IF(IFERROR(VLOOKUP(A50,'2.0WS(S)'!$A$5:$AQ$47,7,FALSE),"")=0,"",IFERROR(VLOOKUP(A50,'2.0WS(S)'!$A$5:$AQ$47,7,FALSE),"")) | D50: =IF(IFERROR(VLOOKUP(A50,'2.0WS(S)'!$A$5:$AQ$47,10,FALSE),"")=0,"",IFERROR(VLOOKUP(A50,'2.0WS(S)'!$A$5:$AQ$47,10,FALSE),"")) -> 6 | E50: =IF(IFERROR(VLOOKUP(A50,'2.0WS(S)'!$A$5:$AQ$47,13,FALSE),"")=0,"",IFERROR(VLOOKUP(A50,'2.0WS(S)'!$A$5:$AQ$47,13,FALSE),"")) -> 4 | F50: =IF(IFERROR(VLOOKUP(A50,'2.0WS(S)'!$A$5:$AQ$47,16,FALSE),"")=0,"",IFERROR(VLOOKUP(A50,'2.0WS(S)'!$A$5:$AQ$47,16,FALSE),"")) | G50: =IF(IFERROR(VLOOKUP(A50,'2.0WS(S)'!$A$5:$AQ$47,19,FALSE),"")=0,"",IFERROR(VLOOKUP(A50,'2.0WS(S)'!$A$5:$AQ$47,19,FALSE),"")) | H50: =IF(IFERROR(VLOOKUP(A50,'2.0WS(S)'!$A$5:$AQ$47,22,FALSE),"")=0,"",IFERROR(VLOOKUP(A50,'2.0WS(S)'!$A$5:$AQ$47,22,FALSE),"")) | I50: =IF(IFERROR(VLOOKUP(A50,'2.0WS(S)'!$A$5:$AQ$47,25,FALSE),"")=0,"",IFERROR(VLOOKUP(A50,'2.0WS(S)'!$A$5:$AQ$47,25,FALSE),"")) | J50: =IF(IFERROR(VLOOKUP(A50,'2.0WS(S)'!$A$5:$AQ$47,28,FALSE),"")=0,"",IFERROR(VLOOKUP(A50,'2.0WS(S)'!$A$5:$AQ$47,28,FALSE),"")) | K50: =IF(IFERROR(VLOOKUP(A50,'2.0WS(S)'!$A$5:$AQ$47,31,FALSE),"")=0,"",IFERROR(VLOOKUP(A50,'2.0WS(S)'!$A$5:$AQ$47,31,FALSE),"")) | L50: =SUM(B50:K50) -> 10 | M50: =IF(IFERROR(VLOOKUP(A50,'2.0WS(S)'!$A$5:$AQ$47,34,FALSE),"")=0,"",IFERROR(VLOOKUP(A50,'2.0WS(S)'!$A$5:$AQ$47,34,FALSE),"")) | N50: =IF(IFERROR(VLOOKUP(A50,'2.0WS(S)'!$A$5:$AQ$47,37,FALSE),"")=0,"",IFERROR(VLOOKUP(A50,'2.0WS(S)'!$A$5:$AQ$47,37,FALSE),"")) | O50: =IF(IFERROR(VLOOKUP(A50,'2.0WS(S)'!$A$5:$AQ$47,40,FALSE),"")=0,"",IFERROR(VLOOKUP(A50,'2.0WS(S)'!$A$5:$AQ$47,40,FALSE),"")) | P50: =SUM(M50:O50) -> 0 | Q50: =IF(IFERROR(VLOOKUP(A50,'2.0WS(S)'!$A$5:$AQ$47,43,FALSE),"")=0,"",IFERROR(VLOOKUP(A50,'2.0WS(S)'!$A$5:$AQ$47,43,FALSE),"")) | R50: =SUM(P50:Q50) -> 0 | S50: =SUM(L50,R50) -> 10
