Workbook

Sheet info
B2: =[2]year!$B$2 -> STATE | C2: ='[3]Crops CY'!$A$2 -> GUJARAT | E2: =_xlfn.CONCAT(B2,": ",C2) -> STATE: GUJARAT

Sheet RC1-A1
A1: T-1
A2: TABLE A-1: DISTRICTWISE DISTRIBUTION OF SELECTED VILLAGES FOR CHECK ON ENUMERATION OF AREA AND RESPONSE ACHIEVED.
A3: =info!$E$2 -> STATE: GUJARAT | E3: YEAR: | F3: ='[1]Table-1'!E3 -> 2024-25 | G3: SEASON: | H3: ='[1]Table-1'!G3 -> RABI(4) | K3: SAMPLE: CENTRAL
A4: DISTRICT | B4: DISTRICT NAME | C4: NO.OF VILLAGES FOR WHICH SCHEDULE AS 1.0 RECEIVED | D4: NO. OF VILLAGES FOR WHICH SCHEDULE AS 1.0 IS ANALYSED | H4: PERCENTAGE RESPONSE TO COL.(3)
D5: WITH 'a' AND 'b' ENTRIES TOGETHER | E5: WITH 'a' AND 'b' ENTRIES SEPARATELY | F5: WITH 'a' ENTRIES ONLY | G5: TOTAL | H5: WITH 'a' AND 'b' ENTRIES TOGETHER | I5: WITH 'a' AND 'b' ENTRIES SEPARATELY | J5: WITH 'a' ENTRIES ONLY | K5: TOTAL
A10: 1 | B10: 2 | C10: 3 | D10: 4 | E10: 5 | F10: 7 | G10: 8 | H10: 9 | I10: 10 | J10: 11 | K10: 12
A11: ='[1]Table-1'!A11 -> 1 | B11: KACHCHH | C11: ='[1]Table-1'!B11 -> 18 | D11: ='[1]Table-1'!C11 -> 0 | E11: ='[1]Table-1'!D11 -> 0 | F11: ='[1]Table-1'!E11 -> 18 | G11: ='[1]Table-1'!F11 -> 18 | H11: ='[1]Table-1'!G11 -> 0 | I11: ='[1]Table-1'!H11 -> 0 | J11: ='[1]Table-1'!I11 -> 100 | K11: ='[1]Table-1'!J11 -> 100
A12: ='[1]Table-1'!A12 -> 2 | B12: BANASKANTHA | C12: ='[1]Table-1'!B12 -> 30 | D12: ='[1]Table-1'!C12 -> 0 | E12: ='[1]Table-1'!D12 -> 0 | F12: ='[1]Table-1'!E12 -> 30 | G12: ='[1]Table-1'!F12 -> 30 | H12: ='[1]Table-1'!G12 -> 0 | I12: ='[1]Table-1'!H12 -> 0 | J12: ='[1]Table-1'!I12 -> 100 | K12: ='[1]Table-1'!J12 -> 100
A13: ='[1]Table-1'!A13 -> 3 | B13: PATAN | C13: ='[1]Table-1'!B13 -> 13 | D13: ='[1]Table-1'!C13 -> 0 | E13: ='[1]Table-1'!D13 -> 0 | F13: ='[1]Table-1'!E13 -> 13 | G13: ='[1]Table-1'!F13 -> 13 | H13: ='[1]Table-1'!G13 -> 0 | I13: ='[1]Table-1'!H13 -> 0 | J13: ='[1]Table-1'!I13 -> 100 | K13: ='[1]Table-1'!J13 -> 100
A14: ='[1]Table-1'!A14 -> 4 | B14: MEHSANA | C14: ='[1]Table-1'!B14 -> 12 | D14: ='[1]Table-1'!C14 -> 0 | E14: ='[1]Table-1'!D14 -> 0 | F14: ='[1]Table-1'!E14 -> 12 | G14: ='[1]Table-1'!F14 -> 12 | H14: ='[1]Table-1'!G14 -> 0 | I14: ='[1]Table-1'!H14 -> 0 | J14: ='[1]Table-1'!I14 -> 100 | K14: ='[1]Table-1'!J14 -> 100
A15: ='[1]Table-1'!A15 -> 5 | B15: SABARKANTHA | C15: ='[1]Table-1'!B15 -> 9 | D15: ='[1]Table-1'!C15 -> 0 | E15: ='[1]Table-1'!D15 -> 0 | F15: ='[1]Table-1'!E15 -> 9 | G15: ='[1]Table-1'!F15 -> 9 | H15: ='[1]Table-1'!G15 -> 0 | I15: ='[1]Table-1'!H15 -> 0 | J15: ='[1]Table-1'!I15 -> 100 | K15: ='[1]Table-1'!J15 -> 100
A16: ='[1]Table-1'!A16 -> 6 | B16: GANDHINAGAR | C16: ='[1]Table-1'!B16 -> 6 | D16: ='[1]Table-1'!C16 -> 0 | E16: ='[1]Table-1'!D16 -> 0 | F16: ='[1]Table-1'!E16 -> 6 | G16: ='[1]Table-1'!F16 -> 6 | H16: ='[1]Table-1'!G16 -> 0 | I16: ='[1]Table-1'!H16 -> 0 | J16: ='[1]Table-1'!I16 -> 100 | K16: ='[1]Table-1'!J16 -> 100
A17: ='[1]Table-1'!A17 -> 7 | B17: AHMEDABAD | C17: ='[1]Table-1'!B17 -> 16 | D17: ='[1]Table-1'!C17 -> 0 | E17: ='[1]Table-1'!D17 -> 0 | F17: ='[1]Table-1'!E17 -> 16 | G17: ='[1]Table-1'!F17 -> 16 | H17: ='[1]Table-1'!G17 -> 0 | I17: ='[1]Table-1'!H17 -> 0 | J17: ='[1]Table-1'!I17 -> 100 | K17: ='[1]Table-1'!J17 -> 100
A18: ='[1]Table-1'!A18 -> 8 | B18: SURENDRANAGAR | C18: ='[1]Table-1'!B18 -> 21 | D18: ='[1]Table-1'!C18 -> 0 | E18: ='[1]Table-1'!D18 -> 0 | F18: ='[1]Table-1'!E18 -> 21 | G18: ='[1]Table-1'!F18 -> 21 | H18: ='[1]Table-1'!G18 -> 0 | I18: ='[1]Table-1'!H18 -> 0 | J18: ='[1]Table-1'!I18 -> 100 | K18: ='[1]Table-1'!J18 -> 100
A19: ='[1]Table-1'!A19 -> 9 | B19: RAJKOT | C19: ='[1]Table-1'!B19 -> 20 | D19: ='[1]Table-1'!C19 -> 0 | E19: ='[1]Table-1'!D19 -> 0 | F19: ='[1]Table-1'!E19 -> 20 | G19: ='[1]Table-1'!F19 -> 20 | H19: ='[1]Table-1'!G19 -> 0 | I19: ='[1]Table-1'!H19 -> 0 | J19: ='[1]Table-1'!I19 -> 100 | K19: ='[1]Table-1'!J19 -> 100
A20: ='[1]Table-1'!A20 -> 10 | B20: JAMNAGAR | C20: ='[1]Table-1'!B20 -> 12 | D20: ='[1]Table-1'!C20 -> 0 | E20: ='[1]Table-1'!D20 -> 0 | F20: ='[1]Table-1'!E20 -> 12 | G20: ='[1]Table-1'!F20 -> 12 | H20: ='[1]Table-1'!G20 -> 0 | I20: ='[1]Table-1'!H20 -> 0 | J20: ='[1]Table-1'!I20 -> 100 | K20: ='[1]Table-1'!J20 -> 100
A21: ='[1]Table-1'!A21 -> 11 | B21: PORBANDAR | C21: ='[1]Table-1'!B21 -> 5 | D21: ='[1]Table-1'!C21 -> 0 | E21: ='[1]Table-1'!D21 -> 0 | F21: ='[1]Table-1'!E21 -> 5 | G21: ='[1]Table-1'!F21 -> 5 | H21: ='[1]Table-1'!G21 -> 0 | I21: ='[1]Table-1'!H21 -> 0 | J21: ='[1]Table-1'!I21 -> 100 | K21: ='[1]Table-1'!J21 -> 100
A22: ='[1]Table-1'!A22 -> 12 | B22: JUNAGADH | C22: ='[1]Table-1'!B22 -> 16 | D22: ='[1]Table-1'!C22 -> 0 | E22: ='[1]Table-1'!D22 -> 0 | F22: ='[1]Table-1'!E22 -> 16 | G22: ='[1]Table-1'!F22 -> 16 | H22: ='[1]Table-1'!G22 -> 0 | I22: ='[1]Table-1'!H22 -> 0 | J22: ='[1]Table-1'!I22 -> 100 | K22: ='[1]Table-1'!J22 -> 100
... A43: ='[1]Table-1'!A43 -> 33 | B43: MORBI | C43: ='[1]Table-1'!B43 -> 11 | D43: ='[1]Table-1'!C43 -> 0 | E43: ='[1]Table-1'!D43 -> 0 | F43: ='[1]Table-1'!E43 -> 11 | G43: ='[1]Table-1'!F43 -> 11 | H43: ='[1]Table-1'!G43 -> 0 | I43: ='[1]Table-1'!H43 -> 0 | J43: ='[1]Table-1'!I43 -> 100 | K43: ='[1]Table-1'!J43 -> 100
A44: ='[1]Table-1'!A44 | C44: ='[1]Table-1'!B44 | D44: ='[1]Table-1'!C44 | E44: ='[1]Table-1'!D44 | F44: ='[1]Table-1'!E44 | G44: ='[1]Table-1'!F44 | H44: ='[1]Table-1'!G44 | I44: ='[1]Table-1'!H44 | J44: ='[1]Table-1'!I44 | K44: ='[1]Table-1'!J44
A45: ='[1]Table-1'!A45 | C45: ='[1]Table-1'!B45 | D45: ='[1]Table-1'!C45 | E45: ='[1]Table-1'!D45 | F45: ='[1]Table-1'!E45 | G45: ='[1]Table-1'!F45 | H45: ='[1]Table-1'!G45 | I45: ='[1]Table-1'!H45 | J45: ='[1]Table-1'!I45 | K45: ='[1]Table-1'!J45
A46: ='[1]Table-1'!A46 | C46: ='[1]Table-1'!B46 | D46: ='[1]Table-1'!C46 | E46: ='[1]Table-1'!D46 | F46: ='[1]Table-1'!E46 | G46: ='[1]Table-1'!F46 | H46: ='[1]Table-1'!G46 | I46: ='[1]Table-1'!H46 | J46: ='[1]Table-1'!I46 | K46: ='[1]Table-1'!J46
A47: ='[1]Table-1'!A47 | C47: ='[1]Table-1'!B47 | D47: ='[1]Table-1'!C47 | E47: ='[1]Table-1'!D47 | F47: ='[1]Table-1'!E47 | G47: ='[1]Table-1'!F47 | H47: ='[1]Table-1'!G47 | I47: ='[1]Table-1'!H47 | J47: ='[1]Table-1'!I47 | K47: ='[1]Table-1'!J47
A48: ='[1]Table-1'!A48 | C48: ='[1]Table-1'!B48 | D48: ='[1]Table-1'!C48 | E48: ='[1]Table-1'!D48 | F48: ='[1]Table-1'!E48 | G48: ='[1]Table-1'!F48 | H48: ='[1]Table-1'!G48 | I48: ='[1]Table-1'!H48 | J48: ='[1]Table-1'!I48 | K48: ='[1]Table-1'!J48
A49: ='[1]Table-1'!A49 | C49: ='[1]Table-1'!B49 | D49: ='[1]Table-1'!C49 | E49: ='[1]Table-1'!D49 | F49: ='[1]Table-1'!E49 | G49: ='[1]Table-1'!F49 | H49: ='[1]Table-1'!G49 | I49: ='[1]Table-1'!H49 | J49: ='[1]Table-1'!I49 | K49: ='[1]Table-1'!J49
A50: ='[1]Table-1'!A50 | C50: ='[1]Table-1'!B50 | D50: ='[1]Table-1'!C50 | E50: ='[1]Table-1'!D50 | F50: ='[1]Table-1'!E50 | G50: ='[1]Table-1'!F50 | H50: ='[1]Table-1'!G50 | I50: ='[1]Table-1'!H50 | J50: ='[1]Table-1'!I50 | K50: ='[1]Table-1'!J50
A51: ='[1]Table-1'!A51 | C51: ='[1]Table-1'!B51 | D51: ='[1]Table-1'!C51 | E51: ='[1]Table-1'!D51 | F51: ='[1]Table-1'!E51 | G51: ='[1]Table-1'!F51 | H51: ='[1]Table-1'!G51 | I51: ='[1]Table-1'!H51 | J51: ='[1]Table-1'!I51 | K51: ='[1]Table-1'!J51
A52: ='[1]Table-1'!A52 | C52: ='[1]Table-1'!B52 | D52: ='[1]Table-1'!C52 | E52: ='[1]Table-1'!D52 | F52: ='[1]Table-1'!E52 | G52: ='[1]Table-1'!F52 | H52: ='[1]Table-1'!G52 | I52: ='[1]Table-1'!H52 | J52: ='[1]Table-1'!I52 | K52: ='[1]Table-1'!J52
A53: ='[1]Table-1'!A53 | C53: ='[1]Table-1'!B53 | D53: ='[1]Table-1'!C53 | E53: ='[1]Table-1'!D53 | F53: ='[1]Table-1'!E53 | G53: ='[1]Table-1'!F53 | H53: ='[1]Table-1'!G53 | I53: ='[1]Table-1'!H53 | J53: ='[1]Table-1'!I53 | K53: ='[1]Table-1'!J53
A54: ='[1]Table-1'!A54 | C54: ='[1]Table-1'!B54 | D54: ='[1]Table-1'!C54 | E54: ='[1]Table-1'!D54 | F54: ='[1]Table-1'!E54 | G54: ='[1]Table-1'!F54 | H54: ='[1]Table-1'!G54 | I54: ='[1]Table-1'!H54 | J54: ='[1]Table-1'!I54 | K54: ='[1]Table-1'!J54
A55: ='[1]Table-1'!A55 | C55: ='[1]Table-1'!B55 | D55: ='[1]Table-1'!C55 | E55: ='[1]Table-1'!D55 | F55: ='[1]Table-1'!E55 | G55: ='[1]Table-1'!F55 | H55: ='[1]Table-1'!G55 | I55: ='[1]Table-1'!H55 | J55: ='[1]Table-1'!I55 | K55: ='[1]Table-1'!J55
... A98: ='[1]Table-1'!A98 -> STATE: | C98: ='[1]Table-1'!B98 -> 340 | D98: ='[1]Table-1'!C98 -> 0 | E98: ='[1]Table-1'!D98 -> 0 | F98: ='[1]Table-1'!E98 -> 339 | G98: ='[1]Table-1'!F98 -> 339 | H98: ='[1]Table-1'!G98 -> 0 | I98: ='[1]Table-1'!H98 -> 0 | J98: ='[1]Table-1'!I98 -> 99.71 | K98: ='[1]Table-1'!J98 -> 99.71
A99: NOTE: "a" ENTRIES= AS PER SUPERVISOR, "b" ENTRIES= AS PER PATWARI.
A101: T-2
A102: TABLE :A-1 : DISTRICTWISE DISTRIBUTION OF SELECTED VILLAGES FOR CHECK ON ENUMERATION OF AREA AND RESPONSE ACHIEVED.
A103: =A3 -> STATE: GUJARAT | E103: YEAR: | F103: ='[1]Table-1'!P3 -> 2024-25 | G103: SEASON: | H103: ='[1]Table-1'!R3 -> RABI(4) | K103: SAMPLE: STATE
A104: DISTRICT | B104: DISTRICT NAME | C104: NO.OF VILLAGES FOR WHICH SCHEDULE AS 1.0 RECEIVED | D104: NO. OF VILLAGES FOR WHICH SCHEDULE AS 1.0 IS ANALYSED | H104: PERCENTAGE RESPONSE TO COL.(3)
D105: WITH 'a' AND 'b' ENTRIES TOGETHER | E105: WITH 'a' AND 'b' ENTRIES SEPARATELY | F105: WITH 'a' ENTRIES ONLY | G105: TOTAL | H105: WITH 'a' AND 'b' ENTRIES TOGETHER | I105: WITH 'a' AND 'b' ENTRIES SEPARATELY | J105: WITH 'a' ENTRIES ONLY | K105: TOTAL
A110: 1 | B110: 2 | C110: 3 | D110: 4 | E110: 5 | F110: 7 | G110: 8 | H110: 9 | I110: 10 | J110: 11 | K110: 12
A111: ='[1]Table-1'!L11 -> 1 | B111: KACHCHH | C111: ='[1]Table-1'!M11 -> 18 | D111: ='[1]Table-1'!N11 -> 0 | E111: ='[1]Table-1'!O11 -> 0 | F111: ='[1]Table-1'!P11 -> 18 | G111: ='[1]Table-1'!Q11 -> 18 | H111: ='[1]Table-1'!R11 -> 0 | I111: ='[1]Table-1'!S11 -> 0 | J111: ='[1]Table-1'!T11 -> 100 | K111: ='[1]Table-1'!U11 -> 100
A112: ='[1]Table-1'!L12 -> 2 | B112: BANASKANTHA | C112: ='[1]Table-1'!M12 -> 30 | D112: ='[1]Table-1'!N12 -> 0 | E112: ='[1]Table-1'!O12 -> 0 | F112: ='[1]Table-1'!P12 -> 30 | G112: ='[1]Table-1'!Q12 -> 30 | H112: ='[1]Table-1'!R12 -> 0 | I112: ='[1]Table-1'!S12 -> 0 | J112: ='[1]Table-1'!T12 -> 100 | K112: ='[1]Table-1'!U12 -> 100
A113: ='[1]Table-1'!L13 -> 3 | B113: PATAN | C113: ='[1]Table-1'!M13 -> 13 | D113: ='[1]Table-1'!N13 -> 13 | E113: ='[1]Table-1'!O13 -> 0 | F113: ='[1]Table-1'!P13 -> 0 | G113: ='[1]Table-1'!Q13 -> 13 | H113: ='[1]Table-1'!R13 -> 100 | I113: ='[1]Table-1'!S13 -> 0 | J113: ='[1]Table-1'!T13 -> 0 | K113: ='[1]Table-1'!U13 -> 100
A114: ='[1]Table-1'!L14 -> 4 | B114: MEHSANA | C114: ='[1]Table-1'!M14 -> 12 | D114: ='[1]Table-1'!N14 -> 0 | E114: ='[1]Table-1'!O14 -> 0 | F114: ='[1]Table-1'!P14 -> 12 | G114: ='[1]Table-1'!Q14 -> 12 | H114: ='[1]Table-1'!R14 -> 0 | I114: ='[1]Table-1'!S14 -> 0 | J114: ='[1]Table-1'!T14 -> 100 | K114: ='[1]Table-1'!U14 -> 100
A115: ='[1]Table-1'!L15 -> 5 | B115: SABARKANTHA | C115: ='[1]Table-1'!M15 -> 9 | D115: ='[1]Table-1'!N15 -> 0 | E115: ='[1]Table-1'!O15 -> 0 | F115: ='[1]Table-1'!P15 -> 9 | G115: ='[1]Table-1'!Q15 -> 9 | H115: ='[1]Table-1'!R15 -> 0 | I115: ='[1]Table-1'!S15 -> 0 | J115: ='[1]Table-1'!T15 -> 100 | K115: ='[1]Table-1'!U15 -> 100
A116: ='[1]Table-1'!L16 -> 6 | B116: GANDHINAGAR | C116: ='[1]Table-1'!M16 -> 6 | D116: ='[1]Table-1'!N16 -> 0 | E116: ='[1]Table-1'!O16 -> 0 | F116: ='[1]Table-1'!P16 -> 6 | G116: ='[1]Table-1'!Q16 -> 6 | H116: ='[1]Table-1'!R16 -> 0 | I116: ='[1]Table-1'!S16 -> 0 | J116: ='[1]Table-1'!T16 -> 100 | K116: ='[1]Table-1'!U16 -> 100
A117: ='[1]Table-1'!L17 -> 7 | B117: AHMEDABAD | C117: ='[1]Table-1'!M17 -> 16 | D117: ='[1]Table-1'!N17 -> 0 | E117: ='[1]Table-1'!O17 -> 0 | F117: ='[1]Table-1'!P17 -> 16 | G117: ='[1]Table-1'!Q17 -> 16 | H117: ='[1]Table-1'!R17 -> 0 | I117: ='[1]Table-1'!S17 -> 0 | J117: ='[1]Table-1'!T17 -> 100 | K117: ='[1]Table-1'!U17 -> 100
A118: ='[1]Table-1'!L18 -> 8 | B118: SURENDRANAGAR | C118: ='[1]Table-1'!M18 -> 21 | D118: ='[1]Table-1'!N18 -> 0 | E118: ='[1]Table-1'!O18 -> 0 | F118: ='[1]Table-1'!P18 -> 21 | G118: ='[1]Table-1'!Q18 -> 21 | H118: ='[1]Table-1'!R18 -> 0 | I118: ='[1]Table-1'!S18 -> 0 | J118: ='[1]Table-1'!T18 -> 100 | K118: ='[1]Table-1'!U18 -> 100
A119: ='[1]Table-1'!L19 -> 9 | B119: RAJKOT | C119: ='[1]Table-1'!M19 -> 20 | D119: ='[1]Table-1'!N19 -> 20 | E119: ='[1]Table-1'!O19 -> 0 | F119: ='[1]Table-1'!P19 -> 0 | G119: ='[1]Table-1'!Q19 -> 20 | H119: ='[1]Table-1'!R19 -> 100 | I119: ='[1]Table-1'!S19 -> 0 | J119: ='[1]Table-1'!T19 -> 0 | K119: ='[1]Table-1'!U19 -> 100
A120: ='[1]Table-1'!L20 -> 10 | B120: JAMNAGAR | C120: ='[1]Table-1'!M20 -> 12 | D120: ='[1]Table-1'!N20 -> 0 | E120: ='[1]Table-1'!O20 -> 0 | F120: ='[1]Table-1'!P20 -> 12 | G120: ='[1]Table-1'!Q20 -> 12 | H120: ='[1]Table-1'!R20 -> 0 | I120: ='[1]Table-1'!S20 -> 0 | J120: ='[1]Table-1'!T20 -> 100 | K120: ='[1]Table-1'!U20 -> 100
A121: ='[1]Table-1'!L21 -> 11 | B121: PORBANDAR | C121: ='[1]Table-1'!M21 -> 5 | D121: ='[1]Table-1'!N21 -> 0 | E121: ='[1]Table-1'!O21 -> 0 | F121: ='[1]Table-1'!P21 -> 5 | G121: ='[1]Table-1'!Q21 -> 5 | H121: ='[1]Table-1'!R21 -> 0 | I121: ='[1]Table-1'!S21 -> 0 | J121: ='[1]Table-1'!T21 -> 100 | K121: ='[1]Table-1'!U21 -> 100
A122: ='[1]Table-1'!L22 -> 12 | B122: JUNAGADH | C122: ='[1]Table-1'!M22 -> 16 | D122: ='[1]Table-1'!N22 -> 0 | E122: ='[1]Table-1'!O22 -> 0 | F122: ='[1]Table-1'!P22 -> 16 | G122: ='[1]Table-1'!Q22 -> 16 | H122: ='[1]Table-1'!R22 -> 0 | I122: ='[1]Table-1'!S22 -> 0 | J122: ='[1]Table-1'!T22 -> 100 | K122: ='[1]Table-1'!U22 -> 100
... A143: ='[1]Table-1'!L43 -> 33 | B143: MORBI | C143: ='[1]Table-1'!M43 -> 11 | D143: ='[1]Table-1'!N43 -> 0 | E143: ='[1]Table-1'!O43 -> 0 | F143: ='[1]Table-1'!P43 -> 11 | G143: ='[1]Table-1'!Q43 -> 11 | H143: ='[1]Table-1'!R43 -> 0 | I143: ='[1]Table-1'!S43 -> 0 | J143: ='[1]Table-1'!T43 -> 100 | K143: ='[1]Table-1'!U43 -> 100
A144: ='[1]Table-1'!L44 | C144: ='[1]Table-1'!M44 | D144: ='[1]Table-1'!N44 | E144: ='[1]Table-1'!O44 | F144: ='[1]Table-1'!P44 | G144: ='[1]Table-1'!Q44 | H144: ='[1]Table-1'!R44 | I144: ='[1]Table-1'!S44 | J144: ='[1]Table-1'!T44 | K144: ='[1]Table-1'!U44
A145: ='[1]Table-1'!L45 | C145: ='[1]Table-1'!M45 | D145: ='[1]Table-1'!N45 | E145: ='[1]Table-1'!O45 | F145: ='[1]Table-1'!P45 | G145: ='[1]Table-1'!Q45 | H145: ='[1]Table-1'!R45 | I145: ='[1]Table-1'!S45 | J145: ='[1]Table-1'!T45 | K145: ='[1]Table-1'!U45
A146: ='[1]Table-1'!L46 | C146: ='[1]Table-1'!M46 | D146: ='[1]Table-1'!N46 | E146: ='[1]Table-1'!O46 | F146: ='[1]Table-1'!P46 | G146: ='[1]Table-1'!Q46 | H146: ='[1]Table-1'!R46 | I146: ='[1]Table-1'!S46 | J146: ='[1]Table-1'!T46 | K146: ='[1]Table-1'!U46
A147: ='[1]Table-1'!L47 | C147: ='[1]Table-1'!M47 | D147: ='[1]Table-1'!N47 | E147: ='[1]Table-1'!O47 | F147: ='[1]Table-1'!P47 | G147: ='[1]Table-1'!Q47 | H147: ='[1]Table-1'!R47 | I147: ='[1]Table-1'!S47 | J147: ='[1]Table-1'!T47 | K147: ='[1]Table-1'!U47
A148: ='[1]Table-1'!L48 | C148: ='[1]Table-1'!M48 | D148: ='[1]Table-1'!N48 | E148: ='[1]Table-1'!O48 | F148: ='[1]Table-1'!P48 | G148: ='[1]Table-1'!Q48 | H148: ='[1]Table-1'!R48 | I148: ='[1]Table-1'!S48 | J148: ='[1]Table-1'!T48 | K148: ='[1]Table-1'!U48
A149: ='[1]Table-1'!L49 | C149: ='[1]Table-1'!M49 | D149: ='[1]Table-1'!N49 | E149: ='[1]Table-1'!O49 | F149: ='[1]Table-1'!P49 | G149: ='[1]Table-1'!Q49 | H149: ='[1]Table-1'!R49 | I149: ='[1]Table-1'!S49 | J149: ='[1]Table-1'!T49 | K149: ='[1]Table-1'!U49
A150: ='[1]Table-1'!L50 | C150: ='[1]Table-1'!M50 | D150: ='[1]Table-1'!N50 | E150: ='[1]Table-1'!O50 | F150: ='[1]Table-1'!P50 | G150: ='[1]Table-1'!Q50 | H150: ='[1]Table-1'!R50 | I150: ='[1]Table-1'!S50 | J150: ='[1]Table-1'!T50 | K150: ='[1]Table-1'!U50
A151: ='[1]Table-1'!L51 | C151: ='[1]Table-1'!M51 | D151: ='[1]Table-1'!N51 | E151: ='[1]Table-1'!O51 | F151: ='[1]Table-1'!P51 | G151: ='[1]Table-1'!Q51 | H151: ='[1]Table-1'!R51 | I151: ='[1]Table-1'!S51 | J151: ='[1]Table-1'!T51 | K151: ='[1]Table-1'!U51
A152: ='[1]Table-1'!L52 | C152: ='[1]Table-1'!M52 | D152: ='[1]Table-1'!N52 | E152: ='[1]Table-1'!O52 | F152: ='[1]Table-1'!P52 | G152: ='[1]Table-1'!Q52 | H152: ='[1]Table-1'!R52 | I152: ='[1]Table-1'!S52 | J152: ='[1]Table-1'!T52 | K152: ='[1]Table-1'!U52
A153: ='[1]Table-1'!L53 | C153: ='[1]Table-1'!M53 | D153: ='[1]Table-1'!N53 | E153: ='[1]Table-1'!O53 | F153: ='[1]Table-1'!P53 | G153: ='[1]Table-1'!Q53 | H153: ='[1]Table-1'!R53 | I153: ='[1]Table-1'!S53 | J153: ='[1]Table-1'!T53 | K153: ='[1]Table-1'!U53
A154: ='[1]Table-1'!L54 | C154: ='[1]Table-1'!M54 | D154: ='[1]Table-1'!N54 | E154: ='[1]Table-1'!O54 | F154: ='[1]Table-1'!P54 | G154: ='[1]Table-1'!Q54 | H154: ='[1]Table-1'!R54 | I154: ='[1]Table-1'!S54 | J154: ='[1]Table-1'!T54 | K154: ='[1]Table-1'!U54
A155: ='[1]Table-1'!L55 | C155: ='[1]Table-1'!M55 | D155: ='[1]Table-1'!N55 | E155: ='[1]Table-1'!O55 | F155: ='[1]Table-1'!P55 | G155: ='[1]Table-1'!Q55 | H155: ='[1]Table-1'!R55 | I155: ='[1]Table-1'!S55 | J155: ='[1]Table-1'!T55 | K155: ='[1]Table-1'!U55
... A198: ='[1]Table-1'!L98 -> STATE: | C198: ='[1]Table-1'!M98 -> 340 | D198: ='[1]Table-1'!N98 -> 40 | E198: ='[1]Table-1'!O98 -> 0 | F198: ='[1]Table-1'!P98 -> 300 | G198: ='[1]Table-1'!Q98 -> 340 | H198: ='[1]Table-1'!R98 -> 11.76 | I198: ='[1]Table-1'!S98 -> 0 | J198: ='[1]Table-1'!T98 -> 88.24 | K198: ='[1]Table-1'!U98 -> 100
A199: NOTE: "a" ENTRIES= AS PER SUPERVISOR, "b" ENTRIES= AS PER PATWARI.

Sheet RC1-A1 (2)
A1: T-3
A2: TABLE A-1 : DISTRICTWISE DISTRIBUTION OF SELECTED VILLAGES FOR CHECK ON ENUMERATION OF AREA AND RESPONSE ACHIEVED.
A3: =info!$E$2 -> STATE: GUJARAT | E3: YEAR: | F3: ='[4]Table-1'!E3 -> 2024-25 | G3: SEASON: | H3: ='[4]Table-1'!G3 -> SUMMER(5) | K3: ='RC1-A1'!$K$3 -> SAMPLE: CENTRAL
A4: DISTRICT | B4: DISTRICT NAME | C4: NO.OF VILLAGES FOR WHICH SCHEDULE AS 1.0 RECEIVED | D4: NO. OF VILLAGES FOR WHICH SCHEDULE AS 1.0 IS ANALYSED | H4: PERCENTAGE RESPONSE TO COL.(3)
D5: WITH 'a' AND 'b' ENTRIES TOGETHER | E5: WITH 'a' AND 'b' ENTRIES SEPARATELY | F5: WITH 'a' ENTRIES ONLY | G5: TOTAL | H5: WITH 'a' AND 'b' ENTRIES TOGETHER | I5: WITH 'a' AND 'b' ENTRIES SEPARATELY | J5: WITH 'a' ENTRIES ONLY | K5: TOTAL
A10: 1 | B10: 2 | C10: 3 | D10: 4 | E10: 5 | F10: 7 | G10: 8 | H10: 9 | I10: 10 | J10: 11 | K10: 12
A11: ='[4]Table-1'!A11 -> 1 | B11: KACHCHH | C11: ='[4]Table-1'!B11 -> 18 | D11: ='[4]Table-1'!C11 -> 0 | E11: ='[4]Table-1'!D11 -> 0 | F11: ='[4]Table-1'!E11 -> 18 | G11: ='[4]Table-1'!F11 -> 18 | H11: ='[4]Table-1'!G11 -> 0 | I11: ='[4]Table-1'!H11 -> 0 | J11: ='[4]Table-1'!I11 -> 100 | K11: ='[4]Table-1'!J11 -> 100
A12: ='[4]Table-1'!A12 -> 2 | B12: BANASKANTHA | C12: ='[4]Table-1'!B12 -> 30 | D12: ='[4]Table-1'!C12 -> 0 | E12: ='[4]Table-1'!D12 -> 0 | F12: ='[4]Table-1'!E12 -> 30 | G12: ='[4]Table-1'!F12 -> 30 | H12: ='[4]Table-1'!G12 -> 0 | I12: ='[4]Table-1'!H12 -> 0 | J12: ='[4]Table-1'!I12 -> 100 | K12: ='[4]Table-1'!J12 -> 100
A13: ='[4]Table-1'!A13 -> 3 | B13: PATAN | C13: ='[4]Table-1'!B13 -> 13 | D13: ='[4]Table-1'!C13 -> 0 | E13: ='[4]Table-1'!D13 -> 0 | F13: ='[4]Table-1'!E13 -> 13 | G13: ='[4]Table-1'!F13 -> 13 | H13: ='[4]Table-1'!G13 -> 0 | I13: ='[4]Table-1'!H13 -> 0 | J13: ='[4]Table-1'!I13 -> 100 | K13: ='[4]Table-1'!J13 -> 100
A14: ='[4]Table-1'!A14 -> 4 | B14: MEHSANA | C14: ='[4]Table-1'!B14 -> 12 | D14: ='[4]Table-1'!C14 -> 0 | E14: ='[4]Table-1'!D14 -> 0 | F14: ='[4]Table-1'!E14 -> 12 | G14: ='[4]Table-1'!F14 -> 12 | H14: ='[4]Table-1'!G14 -> 0 | I14: ='[4]Table-1'!H14 -> 0 | J14: ='[4]Table-1'!I14 -> 100 | K14: ='[4]Table-1'!J14 -> 100
A15: ='[4]Table-1'!A15 -> 5 | B15: SABARKANTHA | C15: ='[4]Table-1'!B15 -> 9 | D15: ='[4]Table-1'!C15 -> 0 | E15: ='[4]Table-1'!D15 -> 0 | F15: ='[4]Table-1'!E15 -> 9 | G15: ='[4]Table-1'!F15 -> 9 | H15: ='[4]Table-1'!G15 -> 0 | I15: ='[4]Table-1'!H15 -> 0 | J15: ='[4]Table-1'!I15 -> 100 | K15: ='[4]Table-1'!J15 -> 100
A16: ='[4]Table-1'!A16 -> 6 | B16: GANDHINAGAR | C16: ='[4]Table-1'!B16 -> 6 | D16: ='[4]Table-1'!C16 -> 0 | E16: ='[4]Table-1'!D16 -> 0 | F16: ='[4]Table-1'!E16 -> 6 | G16: ='[4]Table-1'!F16 -> 6 | H16: ='[4]Table-1'!G16 -> 0 | I16: ='[4]Table-1'!H16 -> 0 | J16: ='[4]Table-1'!I16 -> 100 | K16: ='[4]Table-1'!J16 -> 100
A17: ='[4]Table-1'!A17 -> 7 | B17: AHMEDABAD | C17: ='[4]Table-1'!B17 -> 16 | D17: ='[4]Table-1'!C17 -> 0 | E17: ='[4]Table-1'!D17 -> 0 | F17: ='[4]Table-1'!E17 -> 16 | G17: ='[4]Table-1'!F17 -> 16 | H17: ='[4]Table-1'!G17 -> 0 | I17: ='[4]Table-1'!H17 -> 0 | J17: ='[4]Table-1'!I17 -> 100 | K17: ='[4]Table-1'!J17 -> 100
A18: ='[4]Table-1'!A18 -> 8 | B18: SURENDRANAGAR | C18: ='[4]Table-1'!B18 -> 21 | D18: ='[4]Table-1'!C18 -> 0 | E18: ='[4]Table-1'!D18 -> 0 | F18: ='[4]Table-1'!E18 -> 21 | G18: ='[4]Table-1'!F18 -> 21 | H18: ='[4]Table-1'!G18 -> 0 | I18: ='[4]Table-1'!H18 -> 0 | J18: ='[4]Table-1'!I18 -> 100 | K18: ='[4]Table-1'!J18 -> 100
A19: ='[4]Table-1'!A19 -> 9 | B19: RAJKOT | C19: ='[4]Table-1'!B19 -> 20 | D19: ='[4]Table-1'!C19 -> 0 | E19: ='[4]Table-1'!D19 -> 0 | F19: ='[4]Table-1'!E19 -> 20 | G19: ='[4]Table-1'!F19 -> 20 | H19: ='[4]Table-1'!G19 -> 0 | I19: ='[4]Table-1'!H19 -> 0 | J19: ='[4]Table-1'!I19 -> 100 | K19: ='[4]Table-1'!J19 -> 100
A20: ='[4]Table-1'!A20 -> 10 | B20: JAMNAGAR | C20: ='[4]Table-1'!B20 -> 12 | D20: ='[4]Table-1'!C20 -> 0 | E20: ='[4]Table-1'!D20 -> 0 | F20: ='[4]Table-1'!E20 -> 12 | G20: ='[4]Table-1'!F20 -> 12 | H20: ='[4]Table-1'!G20 -> 0 | I20: ='[4]Table-1'!H20 -> 0 | J20: ='[4]Table-1'!I20 -> 100 | K20: ='[4]Table-1'!J20 -> 100
A21: ='[4]Table-1'!A21 -> 11 | B21: PORBANDAR | C21: ='[4]Table-1'!B21 -> 5 | D21: ='[4]Table-1'!C21 -> 0 | E21: ='[4]Table-1'!D21 -> 0 | F21: ='[4]Table-1'!E21 -> 5 | G21: ='[4]Table-1'!F21 -> 5 | H21: ='[4]Table-1'!G21 -> 0 | I21: ='[4]Table-1'!H21 -> 0 | J21: ='[4]Table-1'!I21 -> 100 | K21: ='[4]Table-1'!J21 -> 100
A22: ='[4]Table-1'!A22 -> 12 | B22: JUNAGADH | C22: ='[4]Table-1'!B22 -> 16 | D22: ='[4]Table-1'!C22 -> 0 | E22: ='[4]Table-1'!D22 -> 0 | F22: ='[4]Table-1'!E22 -> 16 | G22: ='[4]Table-1'!F22 -> 16 | H22: ='[4]Table-1'!G22 -> 0 | I22: ='[4]Table-1'!H22 -> 0 | J22: ='[4]Table-1'!I22 -> 100 | K22: ='[4]Table-1'!J22 -> 100
... A43: ='[4]Table-1'!A43 -> 33 | B43: MORBI | C43: ='[4]Table-1'!B43 -> 11 | D43: ='[4]Table-1'!C43 -> 0 | E43: ='[4]Table-1'!D43 -> 0 | F43: ='[4]Table-1'!E43 -> 11 | G43: ='[4]Table-1'!F43 -> 11 | H43: ='[4]Table-1'!G43 -> 0 | I43: ='[4]Table-1'!H43 -> 0 | J43: ='[4]Table-1'!I43 -> 100 | K43: ='[4]Table-1'!J43 -> 100
A44: ='[4]Table-1'!A44 | C44: ='[4]Table-1'!B44 | D44: ='[4]Table-1'!C44 | E44: ='[4]Table-1'!D44 | F44: ='[4]Table-1'!E44 | G44: ='[4]Table-1'!F44 | H44: ='[4]Table-1'!G44 | I44: ='[4]Table-1'!H44 | J44: ='[4]Table-1'!I44 | K44: ='[4]Table-1'!J44
A45: ='[4]Table-1'!A45 | C45: ='[4]Table-1'!B45 | D45: ='[4]Table-1'!C45 | E45: ='[4]Table-1'!D45 | F45: ='[4]Table-1'!E45 | G45: ='[4]Table-1'!F45 | H45: ='[4]Table-1'!G45 | I45: ='[4]Table-1'!H45 | J45: ='[4]Table-1'!I45 | K45: ='[4]Table-1'!J45
A46: ='[4]Table-1'!A46 | C46: ='[4]Table-1'!B46 | D46: ='[4]Table-1'!C46 | E46: ='[4]Table-1'!D46 | F46: ='[4]Table-1'!E46 | G46: ='[4]Table-1'!F46 | H46: ='[4]Table-1'!G46 | I46: ='[4]Table-1'!H46 | J46: ='[4]Table-1'!I46 | K46: ='[4]Table-1'!J46
A47: ='[4]Table-1'!A47 | C47: ='[4]Table-1'!B47 | D47: ='[4]Table-1'!C47 | E47: ='[4]Table-1'!D47 | F47: ='[4]Table-1'!E47 | G47: ='[4]Table-1'!F47 | H47: ='[4]Table-1'!G47 | I47: ='[4]Table-1'!H47 | J47: ='[4]Table-1'!I47 | K47: ='[4]Table-1'!J47
A48: ='[4]Table-1'!A48 | C48: ='[4]Table-1'!B48 | D48: ='[4]Table-1'!C48 | E48: ='[4]Table-1'!D48 | F48: ='[4]Table-1'!E48 | G48: ='[4]Table-1'!F48 | H48: ='[4]Table-1'!G48 | I48: ='[4]Table-1'!H48 | J48: ='[4]Table-1'!I48 | K48: ='[4]Table-1'!J48
A49: ='[4]Table-1'!A49 | C49: ='[4]Table-1'!B49 | D49: ='[4]Table-1'!C49 | E49: ='[4]Table-1'!D49 | F49: ='[4]Table-1'!E49 | G49: ='[4]Table-1'!F49 | H49: ='[4]Table-1'!G49 | I49: ='[4]Table-1'!H49 | J49: ='[4]Table-1'!I49 | K49: ='[4]Table-1'!J49
A50: ='[4]Table-1'!A50 | C50: ='[4]Table-1'!B50 | D50: ='[4]Table-1'!C50 | E50: ='[4]Table-1'!D50 | F50: ='[4]Table-1'!E50 | G50: ='[4]Table-1'!F50 | H50: ='[4]Table-1'!G50 | I50: ='[4]Table-1'!H50 | J50: ='[4]Table-1'!I50 | K50: ='[4]Table-1'!J50
A51: ='[4]Table-1'!A51 | C51: ='[4]Table-1'!B51 | D51: ='[4]Table-1'!C51 | E51: ='[4]Table-1'!D51 | F51: ='[4]Table-1'!E51 | G51: ='[4]Table-1'!F51 | H51: ='[4]Table-1'!G51 | I51: ='[4]Table-1'!H51 | J51: ='[4]Table-1'!I51 | K51: ='[4]Table-1'!J51
A52: ='[4]Table-1'!A52 | C52: ='[4]Table-1'!B52 | D52: ='[4]Table-1'!C52 | E52: ='[4]Table-1'!D52 | F52: ='[4]Table-1'!E52 | G52: ='[4]Table-1'!F52 | H52: ='[4]Table-1'!G52 | I52: ='[4]Table-1'!H52 | J52: ='[4]Table-1'!I52 | K52: ='[4]Table-1'!J52
A53: ='[4]Table-1'!A53 | C53: ='[4]Table-1'!B53 | D53: ='[4]Table-1'!C53 | E53: ='[4]Table-1'!D53 | F53: ='[4]Table-1'!E53 | G53: ='[4]Table-1'!F53 | H53: ='[4]Table-1'!G53 | I53: ='[4]Table-1'!H53 | J53: ='[4]Table-1'!I53 | K53: ='[4]Table-1'!J53
A54: ='[4]Table-1'!A54 | C54: ='[4]Table-1'!B54 | D54: ='[4]Table-1'!C54 | E54: ='[4]Table-1'!D54 | F54: ='[4]Table-1'!E54 | G54: ='[4]Table-1'!F54 | H54: ='[4]Table-1'!G54 | I54: ='[4]Table-1'!H54 | J54: ='[4]Table-1'!I54 | K54: ='[4]Table-1'!J54
A55: ='[4]Table-1'!A55 | C55: ='[4]Table-1'!B55 | D55: ='[4]Table-1'!C55 | E55: ='[4]Table-1'!D55 | F55: ='[4]Table-1'!E55 | G55: ='[4]Table-1'!F55 | H55: ='[4]Table-1'!G55 | I55: ='[4]Table-1'!H55 | J55: ='[4]Table-1'!I55 | K55: ='[4]Table-1'!J55
... A98: ='[4]Table-1'!A98 -> STATE: | C98: ='[4]Table-1'!B98 -> 340 | D98: ='[4]Table-1'!C98 -> 0 | E98: ='[4]Table-1'!D98 -> 0 | F98: ='[4]Table-1'!E98 -> 339 | G98: ='[4]Table-1'!F98 -> 339 | H98: ='[4]Table-1'!G98 -> 0 | I98: ='[4]Table-1'!H98 -> 0 | J98: ='[4]Table-1'!I98 -> 99.71 | K98: ='[4]Table-1'!J98 -> 99.71
A99: NOTE: "a" ENTRIES= AS PER SUPERVISOR, "b" ENTRIES= AS PER PATWARI.
A101: T-4
A102: TABLE :A-1 : DISTRICTWISE DISTRIBUTION OF SELECTED VILLAGES FOR CHECK ON ENUMERATION OF AREA AND RESPONSE ACHIEVED.
A103: =A3 -> STATE: GUJARAT | E103: YEAR: | F103: ='[4]Table-1'!P3 -> 2024-25 | G103: SEASON: | H103: ='[4]Table-1'!R3 -> SUMMER(5) | K103: ='RC1-A1'!$K$103 -> SAMPLE: STATE
A104: DISTRICT | B104: DISTRICT NAME | C104: NO.OF VILLAGES FOR WHICH SCHEDULE AS 1.0 RECEIVED | D104: NO. OF VILLAGES FOR WHICH SCHEDULE AS 1.0 IS ANALYSED | H104: PERCENTAGE RESPONSE TO COL.(3)
D105: WITH 'a' AND 'b' ENTRIES TOGETHER | E105: WITH 'a' AND 'b' ENTRIES SEPARATELY | F105: WITH 'a' ENTRIES ONLY | G105: TOTAL | H105: WITH 'a' AND 'b' ENTRIES TOGETHER | I105: WITH 'a' AND 'b' ENTRIES SEPARATELY | J105: WITH 'a' ENTRIES ONLY | K105: TOTAL
A110: 1 | B110: 2 | C110: 3 | D110: 4 | E110: 5 | F110: 7 | G110: 8 | H110: 9 | I110: 10 | J110: 11 | K110: 12
A111: ='[4]Table-1'!L11 -> 1 | B111: KACHCHH | C111: ='[4]Table-1'!M11 -> 18 | D111: ='[4]Table-1'!N11 -> 0 | E111: ='[4]Table-1'!O11 -> 0 | F111: ='[4]Table-1'!P11 -> 18 | G111: ='[4]Table-1'!Q11 -> 18 | H111: ='[4]Table-1'!R11 -> 0 | I111: ='[4]Table-1'!S11 -> 0 | J111: ='[4]Table-1'!T11 -> 100 | K111: ='[4]Table-1'!U11 -> 100
A112: ='[4]Table-1'!L12 -> 2 | B112: BANASKANTHA | C112: ='[4]Table-1'!M12 -> 30 | D112: ='[4]Table-1'!N12 -> 0 | E112: ='[4]Table-1'!O12 -> 0 | F112: ='[4]Table-1'!P12 -> 30 | G112: ='[4]Table-1'!Q12 -> 30 | H112: ='[4]Table-1'!R12 -> 0 | I112: ='[4]Table-1'!S12 -> 0 | J112: ='[4]Table-1'!T12 -> 100 | K112: ='[4]Table-1'!U12 -> 100
A113: ='[4]Table-1'!L13 -> 3 | B113: PATAN | C113: ='[4]Table-1'!M13 -> 13 | D113: ='[4]Table-1'!N13 -> 13 | E113: ='[4]Table-1'!O13 -> 0 | F113: ='[4]Table-1'!P13 -> 0 | G113: ='[4]Table-1'!Q13 -> 13 | H113: ='[4]Table-1'!R13 -> 100 | I113: ='[4]Table-1'!S13 -> 0 | J113: ='[4]Table-1'!T13 -> 0 | K113: ='[4]Table-1'!U13 -> 100
A114: ='[4]Table-1'!L14 -> 4 | B114: MEHSANA | C114: ='[4]Table-1'!M14 -> 12 | D114: ='[4]Table-1'!N14 -> 0 | E114: ='[4]Table-1'!O14 -> 0 | F114: ='[4]Table-1'!P14 -> 12 | G114: ='[4]Table-1'!Q14 -> 12 | H114: ='[4]Table-1'!R14 -> 0 | I114: ='[4]Table-1'!S14 -> 0 | J114: ='[4]Table-1'!T14 -> 100 | K114: ='[4]Table-1'!U14 -> 100
A115: ='[4]Table-1'!L15 -> 5 | B115: SABARKANTHA | C115: ='[4]Table-1'!M15 -> 9 | D115: ='[4]Table-1'!N15 -> 0 | E115: ='[4]Table-1'!O15 -> 0 | F115: ='[4]Table-1'!P15 -> 9 | G115: ='[4]Table-1'!Q15 -> 9 | H115: ='[4]Table-1'!R15 -> 0 | I115: ='[4]Table-1'!S15 -> 0 | J115: ='[4]Table-1'!T15 -> 100 | K115: ='[4]Table-1'!U15 -> 100
A116: ='[4]Table-1'!L16 -> 6 | B116: GANDHINAGAR | C116: ='[4]Table-1'!M16 -> 6 | D116: ='[4]Table-1'!N16 -> 0 | E116: ='[4]Table-1'!O16 -> 0 | F116: ='[4]Table-1'!P16 -> 6 | G116: ='[4]Table-1'!Q16 -> 6 | H116: ='[4]Table-1'!R16 -> 0 | I116: ='[4]Table-1'!S16 -> 0 | J116: ='[4]Table-1'!T16 -> 100 | K116: ='[4]Table-1'!U16 -> 100
A117: ='[4]Table-1'!L17 -> 7 | B117: AHMEDABAD | C117: ='[4]Table-1'!M17 -> 16 | D117: ='[4]Table-1'!N17 -> 0 | E117: ='[4]Table-1'!O17 -> 0 | F117: ='[4]Table-1'!P17 -> 16 | G117: ='[4]Table-1'!Q17 -> 16 | H117: ='[4]Table-1'!R17 -> 0 | I117: ='[4]Table-1'!S17 -> 0 | J117: ='[4]Table-1'!T17 -> 100 | K117: ='[4]Table-1'!U17 -> 100
A118: ='[4]Table-1'!L18 -> 8 | B118: SURENDRANAGAR | C118: ='[4]Table-1'!M18 -> 21 | D118: ='[4]Table-1'!N18 -> 0 | E118: ='[4]Table-1'!O18 -> 0 | F118: ='[4]Table-1'!P18 -> 21 | G118: ='[4]Table-1'!Q18 -> 21 | H118: ='[4]Table-1'!R18 -> 0 | I118: ='[4]Table-1'!S18 -> 0 | J118: ='[4]Table-1'!T18 -> 100 | K118: ='[4]Table-1'!U18 -> 100
A119: ='[4]Table-1'!L19 -> 9 | B119: RAJKOT | C119: ='[4]Table-1'!M19 -> 20 | D119: ='[4]Table-1'!N19 -> 20 | E119: ='[4]Table-1'!O19 -> 0 | F119: ='[4]Table-1'!P19 -> 0 | G119: ='[4]Table-1'!Q19 -> 20 | H119: ='[4]Table-1'!R19 -> 100 | I119: ='[4]Table-1'!S19 -> 0 | J119: ='[4]Table-1'!T19 -> 0 | K119: ='[4]Table-1'!U19 -> 100
A120: ='[4]Table-1'!L20 -> 10 | B120: JAMNAGAR | C120: ='[4]Table-1'!M20 -> 12 | D120: ='[4]Table-1'!N20 -> 0 | E120: ='[4]Table-1'!O20 -> 0 | F120: ='[4]Table-1'!P20 -> 12 | G120: ='[4]Table-1'!Q20 -> 12 | H120: ='[4]Table-1'!R20 -> 0 | I120: ='[4]Table-1'!S20 -> 0 | J120: ='[4]Table-1'!T20 -> 100 | K120: ='[4]Table-1'!U20 -> 100
A121: ='[4]Table-1'!L21 -> 11 | B121: PORBANDAR | C121: ='[4]Table-1'!M21 -> 5 | D121: ='[4]Table-1'!N21 -> 0 | E121: ='[4]Table-1'!O21 -> 0 | F121: ='[4]Table-1'!P21 -> 5 | G121: ='[4]Table-1'!Q21 -> 5 | H121: ='[4]Table-1'!R21 -> 0 | I121: ='[4]Table-1'!S21 -> 0 | J121: ='[4]Table-1'!T21 -> 100 | K121: ='[4]Table-1'!U21 -> 100
A122: ='[4]Table-1'!L22 -> 12 | B122: JUNAGADH | C122: ='[4]Table-1'!M22 -> 16 | D122: ='[4]Table-1'!N22 -> 0 | E122: ='[4]Table-1'!O22 -> 0 | F122: ='[4]Table-1'!P22 -> 16 | G122: ='[4]Table-1'!Q22 -> 16 | H122: ='[4]Table-1'!R22 -> 0 | I122: ='[4]Table-1'!S22 -> 0 | J122: ='[4]Table-1'!T22 -> 100 | K122: ='[4]Table-1'!U22 -> 100
... A143: ='[4]Table-1'!L43 -> 33 | B143: MORBI | C143: ='[4]Table-1'!M43 -> 11 | D143: ='[4]Table-1'!N43 -> 0 | E143: ='[4]Table-1'!O43 -> 0 | F143: ='[4]Table-1'!P43 -> 11 | G143: ='[4]Table-1'!Q43 -> 11 | H143: ='[4]Table-1'!R43 -> 0 | I143: ='[4]Table-1'!S43 -> 0 | J143: ='[4]Table-1'!T43 -> 100 | K143: ='[4]Table-1'!U43 -> 100
A144: ='[4]Table-1'!L44 | C144: ='[4]Table-1'!M44 | D144: ='[4]Table-1'!N44 | E144: ='[4]Table-1'!O44 | F144: ='[4]Table-1'!P44 | G144: ='[4]Table-1'!Q44 | H144: ='[4]Table-1'!R44 | I144: ='[4]Table-1'!S44 | J144: ='[4]Table-1'!T44 | K144: ='[4]Table-1'!U44
A145: ='[4]Table-1'!L45 | C145: ='[4]Table-1'!M45 | D145: ='[4]Table-1'!N45 | E145: ='[4]Table-1'!O45 | F145: ='[4]Table-1'!P45 | G145: ='[4]Table-1'!Q45 | H145: ='[4]Table-1'!R45 | I145: ='[4]Table-1'!S45 | J145: ='[4]Table-1'!T45 | K145: ='[4]Table-1'!U45
A146: ='[4]Table-1'!L46 | C146: ='[4]Table-1'!M46 | D146: ='[4]Table-1'!N46 | E146: ='[4]Table-1'!O46 | F146: ='[4]Table-1'!P46 | G146: ='[4]Table-1'!Q46 | H146: ='[4]Table-1'!R46 | I146: ='[4]Table-1'!S46 | J146: ='[4]Table-1'!T46 | K146: ='[4]Table-1'!U46
A147: ='[4]Table-1'!L47 | C147: ='[4]Table-1'!M47 | D147: ='[4]Table-1'!N47 | E147: ='[4]Table-1'!O47 | F147: ='[4]Table-1'!P47 | G147: ='[4]Table-1'!Q47 | H147: ='[4]Table-1'!R47 | I147: ='[4]Table-1'!S47 | J147: ='[4]Table-1'!T47 | K147: ='[4]Table-1'!U47
A148: ='[4]Table-1'!L48 | C148: ='[4]Table-1'!M48 | D148: ='[4]Table-1'!N48 | E148: ='[4]Table-1'!O48 | F148: ='[4]Table-1'!P48 | G148: ='[4]Table-1'!Q48 | H148: ='[4]Table-1'!R48 | I148: ='[4]Table-1'!S48 | J148: ='[4]Table-1'!T48 | K148: ='[4]Table-1'!U48
A149: ='[4]Table-1'!L49 | C149: ='[4]Table-1'!M49 | D149: ='[4]Table-1'!N49 | E149: ='[4]Table-1'!O49 | F149: ='[4]Table-1'!P49 | G149: ='[4]Table-1'!Q49 | H149: ='[4]Table-1'!R49 | I149: ='[4]Table-1'!S49 | J149: ='[4]Table-1'!T49 | K149: ='[4]Table-1'!U49
A150: ='[4]Table-1'!L50 | C150: ='[4]Table-1'!M50 | D150: ='[4]Table-1'!N50 | E150: ='[4]Table-1'!O50 | F150: ='[4]Table-1'!P50 | G150: ='[4]Table-1'!Q50 | H150: ='[4]Table-1'!R50 | I150: ='[4]Table-1'!S50 | J150: ='[4]Table-1'!T50 | K150: ='[4]Table-1'!U50
A151: ='[4]Table-1'!L51 | C151: ='[4]Table-1'!M51 | D151: ='[4]Table-1'!N51 | E151: ='[4]Table-1'!O51 | F151: ='[4]Table-1'!P51 | G151: ='[4]Table-1'!Q51 | H151: ='[4]Table-1'!R51 | I151: ='[4]Table-1'!S51 | J151: ='[4]Table-1'!T51 | K151: ='[4]Table-1'!U51
A152: ='[4]Table-1'!L52 | C152: ='[4]Table-1'!M52 | D152: ='[4]Table-1'!N52 | E152: ='[4]Table-1'!O52 | F152: ='[4]Table-1'!P52 | G152: ='[4]Table-1'!Q52 | H152: ='[4]Table-1'!R52 | I152: ='[4]Table-1'!S52 | J152: ='[4]Table-1'!T52 | K152: ='[4]Table-1'!U52
A153: ='[4]Table-1'!L53 | C153: ='[4]Table-1'!M53 | D153: ='[4]Table-1'!N53 | E153: ='[4]Table-1'!O53 | F153: ='[4]Table-1'!P53 | G153: ='[4]Table-1'!Q53 | H153: ='[4]Table-1'!R53 | I153: ='[4]Table-1'!S53 | J153: ='[4]Table-1'!T53 | K153: ='[4]Table-1'!U53
A154: ='[4]Table-1'!L54 | C154: ='[4]Table-1'!M54 | D154: ='[4]Table-1'!N54 | E154: ='[4]Table-1'!O54 | F154: ='[4]Table-1'!P54 | G154: ='[4]Table-1'!Q54 | H154: ='[4]Table-1'!R54 | I154: ='[4]Table-1'!S54 | J154: ='[4]Table-1'!T54 | K154: ='[4]Table-1'!U54
A155: ='[4]Table-1'!L55 | C155: ='[4]Table-1'!M55 | D155: ='[4]Table-1'!N55 | E155: ='[4]Table-1'!O55 | F155: ='[4]Table-1'!P55 | G155: ='[4]Table-1'!Q55 | H155: ='[4]Table-1'!R55 | I155: ='[4]Table-1'!S55 | J155: ='[4]Table-1'!T55 | K155: ='[4]Table-1'!U55
... A198: ='[4]Table-1'!L98 -> STATE: | C198: ='[4]Table-1'!M98 -> 340 | D198: ='[4]Table-1'!N98 -> 35 | E198: ='[4]Table-1'!O98 -> 0 | F198: ='[4]Table-1'!P98 -> 305 | G198: ='[4]Table-1'!Q98 -> 340 | H198: ='[4]Table-1'!R98 -> 10.29 | I198: ='[4]Table-1'!S98 -> 0 | J198: ='[4]Table-1'!T98 -> 89.71 | K198: ='[4]Table-1'!U98 -> 100
A199: NOTE: "a" ENTRIES= AS PER SUPERVISOR, "b" ENTRIES= AS PER PATWARI.

Sheet RC1-A5
A1: T-5
A2: TABLE A-5: DISTRICTWISE DISTRIBUTION OF SELECTED VILLAGES ACCORDING TO COMPLETION OR OTHERWISE OF GIRDAWARI BY PATWARI AS PER THE PRESCRIBED TIME SCHEDULE.
A3: =info!$E$2 -> STATE: GUJARAT | H3: YEAR: | I3: ='[1]Table-5'!H3 -> 2024-25 | M3: SEASON: | O3: ='[1]Table-5'!N3 -> RABI(4) | V3: ='RC1-A1'!$K$3 -> SAMPLE: CENTRAL
A4: DISTRICT | B4: DISTRICT NAME | C4: NO. OF VILLAGE ANALYSED | D4: NUMBER OF VILLAGES WHERE GIRDAWARI HAS BEEN | M4: NO. OF VILLAGES IN WHICH | O4: NO. OF VILLAGES IN WHICH GIRDAWARI NOT YET STARTED DUE TO REASON (CODE)* | T4: TOTAL (COL. 7 +12+ 19) | U4: NO. OF VILLAGES FOR WHICH
D5: COMPLETED | H5: PARTIALLY COMPLETED DUE TO REASON (CODE)@ | U5: SYSTEM OF GIRDAWARI DOES NOT EXIST | V5: INFORMATION ABOUT COMPLETION OF GIRDAWARI NOT AVAILABLE
D6: IN TIME | E6: LATE | F6: BUT DATE OF COMPLETION IS NOT KNOWN | G6: SUB TOTAL (COL. 4+5+6) | H6: 1 | I6: 2 | J6: 3 | K6: 4 | L6: SUB TOTAL (COL.8+9+ 10+11) | M6: LATEST FORM FOR GIRDAWARI USED | N6: RECORD OF GIRDAWARI KEPT IN REGULAR FORM | O6: 1 | P6: 2 | Q6: 3 | R6: 4 | S6: SUB TOTAL (COL. 15+ 16+ 17+18)
A7: 1 | B7: 2 | C7: 3 | D7: 4 | E7: 5 | F7: 6 | G7: 7 | H7: 8 | I7: 9 | J7: 10 | K7: 11 | L7: 12 | M7: 13 | N7: 14 | O7: 15 | P7: 16 | Q7: 17 | R7: 18 | S7: 19 | T7: 20 | U7: 21 | V7: 22
A8: ='[1]Table-5'!A8 -> 1 | B8: KACHCHH | C8: ='[1]Table-5'!B8 -> 18 | D8: ='[1]Table-5'!C8 -> 0 | E8: ='[1]Table-5'!D8 -> 0 | F8: ='[1]Table-5'!E8 -> 0 | G8: ='[1]Table-5'!F8 -> 0 | H8: ='[1]Table-5'!G8 -> 0 | I8: ='[1]Table-5'!H8 -> 0 | J8: ='[1]Table-5'!I8 -> 0 | ... V8: ='[1]Table-5'!U8 -> 0
A9: ='[1]Table-5'!A9 -> 2 | B9: BANASKANTHA | C9: ='[1]Table-5'!B9 -> 30 | D9: ='[1]Table-5'!C9 -> 0 | E9: ='[1]Table-5'!D9 -> 0 | F9: ='[1]Table-5'!E9 -> 0 | G9: ='[1]Table-5'!F9 -> 0 | H9: ='[1]Table-5'!G9 -> 0 | I9: ='[1]Table-5'!H9 -> 0 | J9: ='[1]Table-5'!I9 -> 0 | ... V9: ='[1]Table-5'!U9 -> 0
A10: ='[1]Table-5'!A10 -> 3 | B10: PATAN | C10: ='[1]Table-5'!B10 -> 13 | D10: ='[1]Table-5'!C10 -> 0 | E10: ='[1]Table-5'!D10 -> 0 | F10: ='[1]Table-5'!E10 -> 0 | G10: ='[1]Table-5'!F10 -> 0 | H10: ='[1]Table-5'!G10 -> 0 | I10: ='[1]Table-5'!H10 -> 0 | J10: ='[1]Table-5'!I10 -> 0 | ... V10: ='[1]Table-5'!U10 -> 0
A11: ='[1]Table-5'!A11 -> 4 | B11: MEHSANA | C11: ='[1]Table-5'!B11 -> 12 | D11: ='[1]Table-5'!C11 -> 0 | E11: ='[1]Table-5'!D11 -> 0 | F11: ='[1]Table-5'!E11 -> 0 | G11: ='[1]Table-5'!F11 -> 0 | H11: ='[1]Table-5'!G11 -> 0 | I11: ='[1]Table-5'!H11 -> 0 | J11: ='[1]Table-5'!I11 -> 0 | ... V11: ='[1]Table-5'!U11 -> 0
A12: ='[1]Table-5'!A12 -> 5 | B12: SABARKANTHA | C12: ='[1]Table-5'!B12 -> 9 | D12: ='[1]Table-5'!C12 -> 0 | E12: ='[1]Table-5'!D12 -> 0 | F12: ='[1]Table-5'!E12 -> 0 | G12: ='[1]Table-5'!F12 -> 0 | H12: ='[1]Table-5'!G12 -> 0 | I12: ='[1]Table-5'!H12 -> 0 | J12: ='[1]Table-5'!I12 -> 0 | ... V12: ='[1]Table-5'!U12 -> 0
A13: ='[1]Table-5'!A13 -> 6 | B13: GANDHINAGAR | C13: ='[1]Table-5'!B13 -> 6 | D13: ='[1]Table-5'!C13 -> 0 | E13: ='[1]Table-5'!D13 -> 0 | F13: ='[1]Table-5'!E13 -> 0 | G13: ='[1]Table-5'!F13 -> 0 | H13: ='[1]Table-5'!G13 -> 0 | I13: ='[1]Table-5'!H13 -> 0 | J13: ='[1]Table-5'!I13 -> 0 | ... V13: ='[1]Table-5'!U13 -> 0
A14: ='[1]Table-5'!A14 -> 7 | B14: AHMEDABAD | C14: ='[1]Table-5'!B14 -> 16 | D14: ='[1]Table-5'!C14 -> 0 | E14: ='[1]Table-5'!D14 -> 0 | F14: ='[1]Table-5'!E14 -> 0 | G14: ='[1]Table-5'!F14 -> 0 | H14: ='[1]Table-5'!G14 -> 0 | I14: ='[1]Table-5'!H14 -> 0 | J14: ='[1]Table-5'!I14 -> 0 | ... V14: ='[1]Table-5'!U14 -> 0
A15: ='[1]Table-5'!A15 -> 8 | B15: SURENDRANAGAR | C15: ='[1]Table-5'!B15 -> 21 | D15: ='[1]Table-5'!C15 -> 0 | E15: ='[1]Table-5'!D15 -> 0 | F15: ='[1]Table-5'!E15 -> 0 | G15: ='[1]Table-5'!F15 -> 0 | H15: ='[1]Table-5'!G15 -> 0 | I15: ='[1]Table-5'!H15 -> 0 | J15: ='[1]Table-5'!I15 -> 0 | ... V15: ='[1]Table-5'!U15 -> 0
A16: ='[1]Table-5'!A16 -> 9 | B16: RAJKOT | C16: ='[1]Table-5'!B16 -> 20 | D16: ='[1]Table-5'!C16 -> 0 | E16: ='[1]Table-5'!D16 -> 0 | F16: ='[1]Table-5'!E16 -> 0 | G16: ='[1]Table-5'!F16 -> 0 | H16: ='[1]Table-5'!G16 -> 0 | I16: ='[1]Table-5'!H16 -> 0 | J16: ='[1]Table-5'!I16 -> 0 | ... V16: ='[1]Table-5'!U16 -> 0
A17: ='[1]Table-5'!A17 -> 10 | B17: JAMNAGAR | C17: ='[1]Table-5'!B17 -> 12 | D17: ='[1]Table-5'!C17 -> 0 | E17: ='[1]Table-5'!D17 -> 0 | F17: ='[1]Table-5'!E17 -> 0 | G17: ='[1]Table-5'!F17 -> 0 | H17: ='[1]Table-5'!G17 -> 0 | I17: ='[1]Table-5'!H17 -> 0 | J17: ='[1]Table-5'!I17 -> 0 | ... V17: ='[1]Table-5'!U17 -> 0
A18: ='[1]Table-5'!A18 -> 11 | B18: PORBANDAR | C18: ='[1]Table-5'!B18 -> 5 | D18: ='[1]Table-5'!C18 -> 0 | E18: ='[1]Table-5'!D18 -> 0 | F18: ='[1]Table-5'!E18 -> 0 | G18: ='[1]Table-5'!F18 -> 0 | H18: ='[1]Table-5'!G18 -> 0 | I18: ='[1]Table-5'!H18 -> 0 | J18: ='[1]Table-5'!I18 -> 0 | ... V18: ='[1]Table-5'!U18 -> 0
A19: ='[1]Table-5'!A19 -> 12 | B19: JUNAGADH | C19: ='[1]Table-5'!B19 -> 16 | D19: ='[1]Table-5'!C19 -> 0 | E19: ='[1]Table-5'!D19 -> 0 | F19: ='[1]Table-5'!E19 -> 0 | G19: ='[1]Table-5'!F19 -> 0 | H19: ='[1]Table-5'!G19 -> 0 | I19: ='[1]Table-5'!H19 -> 0 | J19: ='[1]Table-5'!I19 -> 0 | ... V19: ='[1]Table-5'!U19 -> 0
... A40: ='[1]Table-5'!A40 -> 33 | B40: MORBI | C40: ='[1]Table-5'!B40 -> 11 | D40: ='[1]Table-5'!C40 -> 0 | E40: ='[1]Table-5'!D40 -> 0 | F40: ='[1]Table-5'!E40 -> 0 | G40: ='[1]Table-5'!F40 -> 0 | H40: ='[1]Table-5'!G40 -> 0 | I40: ='[1]Table-5'!H40 -> 0 | J40: ='[1]Table-5'!I40 -> 0 | ... V40: ='[1]Table-5'!U40 -> 0
A41: ='[1]Table-5'!A41 | C41: ='[1]Table-5'!B41 | D41: ='[1]Table-5'!C41 | E41: ='[1]Table-5'!D41 | F41: ='[1]Table-5'!E41 | G41: ='[1]Table-5'!F41 | H41: ='[1]Table-5'!G41 | I41: ='[1]Table-5'!H41 | J41: ='[1]Table-5'!I41 | ... V41: ='[1]Table-5'!U41
A42: ='[1]Table-5'!A42 | C42: ='[1]Table-5'!B42 | D42: ='[1]Table-5'!C42 | E42: ='[1]Table-5'!D42 | F42: ='[1]Table-5'!E42 | G42: ='[1]Table-5'!F42 | H42: ='[1]Table-5'!G42 | I42: ='[1]Table-5'!H42 | J42: ='[1]Table-5'!I42 | ... V42: ='[1]Table-5'!U42
A43: ='[1]Table-5'!A43 | C43: ='[1]Table-5'!B43 | D43: ='[1]Table-5'!C43 | E43: ='[1]Table-5'!D43 | F43: ='[1]Table-5'!E43 | G43: ='[1]Table-5'!F43 | H43: ='[1]Table-5'!G43 | I43: ='[1]Table-5'!H43 | J43: ='[1]Table-5'!I43 | ... V43: ='[1]Table-5'!U43
A44: ='[1]Table-5'!A44 | C44: ='[1]Table-5'!B44 | D44: ='[1]Table-5'!C44 | E44: ='[1]Table-5'!D44 | F44: ='[1]Table-5'!E44 | G44: ='[1]Table-5'!F44 | H44: ='[1]Table-5'!G44 | I44: ='[1]Table-5'!H44 | J44: ='[1]Table-5'!I44 | ... V44: ='[1]Table-5'!U44
A45: ='[1]Table-5'!A45 | C45: ='[1]Table-5'!B45 | D45: ='[1]Table-5'!C45 | E45: ='[1]Table-5'!D45 | F45: ='[1]Table-5'!E45 | G45: ='[1]Table-5'!F45 | H45: ='[1]Table-5'!G45 | I45: ='[1]Table-5'!H45 | J45: ='[1]Table-5'!I45 | ... V45: ='[1]Table-5'!U45
A46: ='[1]Table-5'!A46 | C46: ='[1]Table-5'!B46 | D46: ='[1]Table-5'!C46 | E46: ='[1]Table-5'!D46 | F46: ='[1]Table-5'!E46 | G46: ='[1]Table-5'!F46 | H46: ='[1]Table-5'!G46 | I46: ='[1]Table-5'!H46 | J46: ='[1]Table-5'!I46 | ... V46: ='[1]Table-5'!U46
A47: ='[1]Table-5'!A47 | C47: ='[1]Table-5'!B47 | D47: ='[1]Table-5'!C47 | E47: ='[1]Table-5'!D47 | F47: ='[1]Table-5'!E47 | G47: ='[1]Table-5'!F47 | H47: ='[1]Table-5'!G47 | I47: ='[1]Table-5'!H47 | J47: ='[1]Table-5'!I47 | ... V47: ='[1]Table-5'!U47
A48: ='[1]Table-5'!A48 | C48: ='[1]Table-5'!B48 | D48: ='[1]Table-5'!C48 | E48: ='[1]Table-5'!D48 | F48: ='[1]Table-5'!E48 | G48: ='[1]Table-5'!F48 | H48: ='[1]Table-5'!G48 | I48: ='[1]Table-5'!H48 | J48: ='[1]Table-5'!I48 | ... V48: ='[1]Table-5'!U48
A49: ='[1]Table-5'!A49 | C49: ='[1]Table-5'!B49 | D49: ='[1]Table-5'!C49 | E49: ='[1]Table-5'!D49 | F49: ='[1]Table-5'!E49 | G49: ='[1]Table-5'!F49 | H49: ='[1]Table-5'!G49 | I49: ='[1]Table-5'!H49 | J49: ='[1]Table-5'!I49 | ... V49: ='[1]Table-5'!U49
A50: ='[1]Table-5'!A50 | C50: ='[1]Table-5'!B50 | D50: ='[1]Table-5'!C50 | E50: ='[1]Table-5'!D50 | F50: ='[1]Table-5'!E50 | G50: ='[1]Table-5'!F50 | H50: ='[1]Table-5'!G50 | I50: ='[1]Table-5'!H50 | J50: ='[1]Table-5'!I50 | ... V50: ='[1]Table-5'!U50
A51: ='[1]Table-5'!A51 | C51: ='[1]Table-5'!B51 | D51: ='[1]Table-5'!C51 | E51: ='[1]Table-5'!D51 | F51: ='[1]Table-5'!E51 | G51: ='[1]Table-5'!F51 | H51: ='[1]Table-5'!G51 | I51: ='[1]Table-5'!H51 | J51: ='[1]Table-5'!I51 | ... V51: ='[1]Table-5'!U51
A52: ='[1]Table-5'!A52 | C52: ='[1]Table-5'!B52 | D52: ='[1]Table-5'!C52 | E52: ='[1]Table-5'!D52 | F52: ='[1]Table-5'!E52 | G52: ='[1]Table-5'!F52 | H52: ='[1]Table-5'!G52 | I52: ='[1]Table-5'!H52 | J52: ='[1]Table-5'!I52 | ... V52: ='[1]Table-5'!U52
... A100: ='[1]Table-5'!A100 -> TOTAL: | C100: ='[1]Table-5'!B100 -> 339 | D100: ='[1]Table-5'!C100 -> 0 | E100: ='[1]Table-5'!D100 -> 0 | F100: ='[1]Table-5'!E100 -> 0 | G100: ='[1]Table-5'!F100 -> 0 | H100: ='[1]Table-5'!G100 -> 0 | I100: ='[1]Table-5'!H100 -> 0 | J100: ='[1]Table-5'!I100 -> 0 | ... V100: ='[1]Table-5'!U100 -> 1
A101: %AGE TO COL.(20) | D101: ='[1]Table-5'!C101 -> 0 | E101: ='[1]Table-5'!D101 -> 0 | F101: ='[1]Table-5'!E101 -> 0 | G101: ='[1]Table-5'!F101 -> 0 | H101: ='[1]Table-5'!G101 -> 0 | I101: ='[1]Table-5'!H101 -> 0 | J101: ='[1]Table-5'!I101 -> 0 | K101: ='[1]Table-5'!J101 -> 0 | ... V101: ='[1]Table-5'!U101 -> 0.29
A102: % TO COL. 13 AND COL. 14 OR WITH RESPECT TO (COL. 7 + COL. 12) | M102: ='[1]Table-5'!L102 -> #DIV/0! | N102: ='[1]Table-5'!M102 -> #DIV/0!
A103: NOTE: (I) COL.3= COL.20+COL.21+COL.22 (II) COL.3 OF TABLE A-2 SHOULD TALLY WITH COL.3 OF TABLE A-5
A104: REASON CODE: OCCUPIED WITH OTHER WORK = 1, TRS PROGRAMME WAS NOT INITIATED IN TIME= 2, OTHER REASON =3, REASON NOT AVAILABLE=4
A105: (THESE CODES CORRESPONDS TO PRE-TABULATION CODING I.E. 4,5,6, AND 7 FOR THE ITEM 10(D) OF SCH. AS 1.0)
A107: T-6
A108: TABLE A-5: DISTRICTWISE DISTRIBUTION OF SELECTED VILLAGES ACCORDING TO COMPLETION OR OTHERWISE OF GIRDAWARI BY PATWARI AS PER THE PRESCRIBED TIME SCHEDULE.
A109: =A3 -> STATE: GUJARAT | H109: YEAR: | I109: ='[1]Table-5'!AD3 -> 2024-25 | M109: SEASON: | O109: ='[1]Table-5'!AJ3 -> RABI(4) | V109: ='RC1-A1'!$K$103 -> SAMPLE: STATE
A110: DISTRICT | B110: DISTRICT NAME | C110: NO. OF VILLAGE ANALYSED | D110: NUMBER OF VILLAGES WHERE GIRDAWARI HAS BEEN | M110: NO. OF VILLAGES IN WHICH | O110: NO. OF VILLAGES IN WHICH GIRDAWARI NOT YET STARTED DUE TO REASON (CODE)* | T110: TOTAL (COL. 7 +12+ 19) | U110: NO. OF VILLAGES FOR WHICH
D111: COMPLETED | H111: PARTIALLY COMPLETED DUE TO REASON (CODE)@ | U111: SYSTEM OF GIRDAWARI DOES NOT EXIST | V111: INFORMATION ABOUT COMPLETION OF GIRDAWARI NOT AVAILABLE
D112: IN TIME | E112: LATE | F112: BUT DATE OF COMPLETION IS NOT KNOWN | G112: SUB TOTAL (COL. 4+5+6) | H112: 1 | I112: 2 | J112: 3 | K112: 4 | L112: SUB TOTAL (COL.8+9+ 10+11) | M112: LATEST FORM FOR GIRDAWARI USED | N112: RECORD OF GIRDAWARI KEPT IN REGULAR FORM | O112: 1 | P112: 2 | Q112: 3 | R112: 4 | S112: SUB TOTAL (COL. 15+ 16+ 17+18)
A113: 1 | B113: 2 | C113: 3 | D113: 4 | E113: 5 | F113: 6 | G113: 7 | H113: 8 | I113: 9 | J113: 10 | K113: 11 | L113: 12 | M113: 13 | N113: 14 | O113: 15 | P113: 16 | Q113: 17 | R113: 18 | S113: 19 | T113: 20 | U113: 21 | V113: 22
A114: ='[1]Table-5'!W8 -> 1 | B114: KACHCHH | C114: ='[1]Table-5'!X8 -> 18 | D114: ='[1]Table-5'!Y8 -> 0 | E114: ='[1]Table-5'!Z8 -> 0 | F114: ='[1]Table-5'!AA8 -> 0 | G114: ='[1]Table-5'!AB8 -> 0 | H114: ='[1]Table-5'!AC8 -> 0 | I114: ='[1]Table-5'!AD8 -> 0 | J114: ='[1]Table-5'!AE8 -> 0 | ... V114: ='[1]Table-5'!AQ8 -> 0
A115: ='[1]Table-5'!W9 -> 2 | B115: BANASKANTHA | C115: ='[1]Table-5'!X9 -> 30 | D115: ='[1]Table-5'!Y9 -> 0 | E115: ='[1]Table-5'!Z9 -> 0 | F115: ='[1]Table-5'!AA9 -> 0 | G115: ='[1]Table-5'!AB9 -> 0 | H115: ='[1]Table-5'!AC9 -> 0 | I115: ='[1]Table-5'!AD9 -> 0 | J115: ='[1]Table-5'!AE9 -> 0 | ... V115: ='[1]Table-5'!AQ9 -> 0
A116: ='[1]Table-5'!W10 -> 3 | B116: PATAN | C116: ='[1]Table-5'!X10 -> 13 | D116: ='[1]Table-5'!Y10 -> 0 | E116: ='[1]Table-5'!Z10 -> 0 | F116: ='[1]Table-5'!AA10 -> 12 | G116: ='[1]Table-5'!AB10 -> 12 | H116: ='[1]Table-5'!AC10 -> 0 | I116: ='[1]Table-5'!AD10 -> 0 | J116: ='[1]Table-5'!AE10 -> 0 | ... V116: ='[1]Table-5'!AQ10 -> 0
A117: ='[1]Table-5'!W11 -> 4 | B117: MEHSANA | C117: ='[1]Table-5'!X11 -> 12 | D117: ='[1]Table-5'!Y11 -> 0 | E117: ='[1]Table-5'!Z11 -> 0 | F117: ='[1]Table-5'!AA11 -> 0 | G117: ='[1]Table-5'!AB11 -> 0 | H117: ='[1]Table-5'!AC11 -> 0 | I117: ='[1]Table-5'!AD11 -> 0 | J117: ='[1]Table-5'!AE11 -> 0 | ... V117: ='[1]Table-5'!AQ11 -> 0
A118: ='[1]Table-5'!W12 -> 5 | B118: SABARKANTHA | C118: ='[1]Table-5'!X12 -> 9 | D118: ='[1]Table-5'!Y12 -> 0 | E118: ='[1]Table-5'!Z12 -> 0 | F118: ='[1]Table-5'!AA12 -> 0 | G118: ='[1]Table-5'!AB12 -> 0 | H118: ='[1]Table-5'!AC12 -> 0 | I118: ='[1]Table-5'!AD12 -> 0 | J118: ='[1]Table-5'!AE12 -> 0 | ... V118: ='[1]Table-5'!AQ12 -> 0
A119: ='[1]Table-5'!W13 -> 6 | B119: GANDHINAGAR | C119: ='[1]Table-5'!X13 -> 6 | D119: ='[1]Table-5'!Y13 -> 0 | E119: ='[1]Table-5'!Z13 -> 0 | F119: ='[1]Table-5'!AA13 -> 0 | G119: ='[1]Table-5'!AB13 -> 0 | H119: ='[1]Table-5'!AC13 -> 0 | I119: ='[1]Table-5'!AD13 -> 0 | J119: ='[1]Table-5'!AE13 -> 0 | ... V119: ='[1]Table-5'!AQ13 -> 0
A120: ='[1]Table-5'!W14 -> 7 | B120: AHMEDABAD | C120: ='[1]Table-5'!X14 -> 16 | D120: ='[1]Table-5'!Y14 -> 0 | E120: ='[1]Table-5'!Z14 -> 0 | F120: ='[1]Table-5'!AA14 -> 0 | G120: ='[1]Table-5'!AB14 -> 0 | H120: ='[1]Table-5'!AC14 -> 0 | I120: ='[1]Table-5'!AD14 -> 0 | J120: ='[1]Table-5'!AE14 -> 0 | ... V120: ='[1]Table-5'!AQ14 -> 0
A121: ='[1]Table-5'!W15 -> 8 | B121: SURENDRANAGAR | C121: ='[1]Table-5'!X15 -> 21 | D121: ='[1]Table-5'!Y15 -> 0 | E121: ='[1]Table-5'!Z15 -> 0 | F121: ='[1]Table-5'!AA15 -> 0 | G121: ='[1]Table-5'!AB15 -> 0 | H121: ='[1]Table-5'!AC15 -> 0 | I121: ='[1]Table-5'!AD15 -> 0 | J121: ='[1]Table-5'!AE15 -> 0 | ... V121: ='[1]Table-5'!AQ15 -> 0
A122: ='[1]Table-5'!W16 -> 9 | B122: RAJKOT | C122: ='[1]Table-5'!X16 -> 20 | D122: ='[1]Table-5'!Y16 -> 0 | E122: ='[1]Table-5'!Z16 -> 0 | F122: ='[1]Table-5'!AA16 -> 20 | G122: ='[1]Table-5'!AB16 -> 20 | H122: ='[1]Table-5'!AC16 -> 0 | I122: ='[1]Table-5'!AD16 -> 0 | J122: ='[1]Table-5'!AE16 -> 0 | ... V122: ='[1]Table-5'!AQ16 -> 0
A123: ='[1]Table-5'!W17 -> 10 | B123: JAMNAGAR | C123: ='[1]Table-5'!X17 -> 12 | D123: ='[1]Table-5'!Y17 -> 0 | E123: ='[1]Table-5'!Z17 -> 0 | F123: ='[1]Table-5'!AA17 -> 0 | G123: ='[1]Table-5'!AB17 -> 0 | H123: ='[1]Table-5'!AC17 -> 0 | I123: ='[1]Table-5'!AD17 -> 0 | J123: ='[1]Table-5'!AE17 -> 0 | ... V123: ='[1]Table-5'!AQ17 -> 0
A124: ='[1]Table-5'!W18 -> 11 | B124: PORBANDAR | C124: ='[1]Table-5'!X18 -> 5 | D124: ='[1]Table-5'!Y18 -> 0 | E124: ='[1]Table-5'!Z18 -> 0 | F124: ='[1]Table-5'!AA18 -> 0 | G124: ='[1]Table-5'!AB18 -> 0 | H124: ='[1]Table-5'!AC18 -> 0 | I124: ='[1]Table-5'!AD18 -> 0 | J124: ='[1]Table-5'!AE18 -> 0 | ... V124: ='[1]Table-5'!AQ18 -> 0
A125: ='[1]Table-5'!W19 -> 12 | B125: JUNAGADH | C125: ='[1]Table-5'!X19 -> 16 | D125: ='[1]Table-5'!Y19 -> 0 | E125: ='[1]Table-5'!Z19 -> 0 | F125: ='[1]Table-5'!AA19 -> 0 | G125: ='[1]Table-5'!AB19 -> 0 | H125: ='[1]Table-5'!AC19 -> 0 | I125: ='[1]Table-5'!AD19 -> 0 | J125: ='[1]Table-5'!AE19 -> 0 | ... V125: ='[1]Table-5'!AQ19 -> 0
... A146: ='[1]Table-5'!W40 -> 33 | B146: MORBI | C146: ='[1]Table-5'!X40 -> 11 | D146: ='[1]Table-5'!Y40 -> 0 | E146: ='[1]Table-5'!Z40 -> 0 | F146: ='[1]Table-5'!AA40 -> 1 | G146: ='[1]Table-5'!AB40 -> 1 | H146: ='[1]Table-5'!AC40 -> 0 | I146: ='[1]Table-5'!AD40 -> 0 | J146: ='[1]Table-5'!AE40 -> 0 | ... V146: ='[1]Table-5'!AQ40 -> 0
A147: ='[1]Table-5'!W41 | C147: ='[1]Table-5'!X41 | D147: ='[1]Table-5'!Y41 | E147: ='[1]Table-5'!Z41 | F147: ='[1]Table-5'!AA41 | G147: ='[1]Table-5'!AB41 | H147: ='[1]Table-5'!AC41 | I147: ='[1]Table-5'!AD41 | J147: ='[1]Table-5'!AE41 | ... V147: ='[1]Table-5'!AQ41
A148: ='[1]Table-5'!W42 | C148: ='[1]Table-5'!X42 | D148: ='[1]Table-5'!Y42 | E148: ='[1]Table-5'!Z42 | F148: ='[1]Table-5'!AA42 | G148: ='[1]Table-5'!AB42 | H148: ='[1]Table-5'!AC42 | I148: ='[1]Table-5'!AD42 | J148: ='[1]Table-5'!AE42 | ... V148: ='[1]Table-5'!AQ42
A149: ='[1]Table-5'!W43 | C149: ='[1]Table-5'!X43 | D149: ='[1]Table-5'!Y43 | E149: ='[1]Table-5'!Z43 | F149: ='[1]Table-5'!AA43 | G149: ='[1]Table-5'!AB43 | H149: ='[1]Table-5'!AC43 | I149: ='[1]Table-5'!AD43 | J149: ='[1]Table-5'!AE43 | ... V149: ='[1]Table-5'!AQ43
A150: ='[1]Table-5'!W44 | C150: ='[1]Table-5'!X44 | D150: ='[1]Table-5'!Y44 | E150: ='[1]Table-5'!Z44 | F150: ='[1]Table-5'!AA44 | G150: ='[1]Table-5'!AB44 | H150: ='[1]Table-5'!AC44 | I150: ='[1]Table-5'!AD44 | J150: ='[1]Table-5'!AE44 | ... V150: ='[1]Table-5'!AQ44
A151: ='[1]Table-5'!W45 | C151: ='[1]Table-5'!X45 | D151: ='[1]Table-5'!Y45 | E151: ='[1]Table-5'!Z45 | F151: ='[1]Table-5'!AA45 | G151: ='[1]Table-5'!AB45 | H151: ='[1]Table-5'!AC45 | I151: ='[1]Table-5'!AD45 | J151: ='[1]Table-5'!AE45 | ... V151: ='[1]Table-5'!AQ45
A152: ='[1]Table-5'!W46 | C152: ='[1]Table-5'!X46 | D152: ='[1]Table-5'!Y46 | E152: ='[1]Table-5'!Z46 | F152: ='[1]Table-5'!AA46 | G152: ='[1]Table-5'!AB46 | H152: ='[1]Table-5'!AC46 | I152: ='[1]Table-5'!AD46 | J152: ='[1]Table-5'!AE46 | ... V152: ='[1]Table-5'!AQ46
A153: ='[1]Table-5'!W47 | C153: ='[1]Table-5'!X47 | D153: ='[1]Table-5'!Y47 | E153: ='[1]Table-5'!Z47 | F153: ='[1]Table-5'!AA47 | G153: ='[1]Table-5'!AB47 | H153: ='[1]Table-5'!AC47 | I153: ='[1]Table-5'!AD47 | J153: ='[1]Table-5'!AE47 | ... V153: ='[1]Table-5'!AQ47
A154: ='[1]Table-5'!W48 | C154: ='[1]Table-5'!X48 | D154: ='[1]Table-5'!Y48 | E154: ='[1]Table-5'!Z48 | F154: ='[1]Table-5'!AA48 | G154: ='[1]Table-5'!AB48 | H154: ='[1]Table-5'!AC48 | I154: ='[1]Table-5'!AD48 | J154: ='[1]Table-5'!AE48 | ... V154: ='[1]Table-5'!AQ48
A155: ='[1]Table-5'!W49 | C155: ='[1]Table-5'!X49 | D155: ='[1]Table-5'!Y49 | E155: ='[1]Table-5'!Z49 | F155: ='[1]Table-5'!AA49 | G155: ='[1]Table-5'!AB49 | H155: ='[1]Table-5'!AC49 | I155: ='[1]Table-5'!AD49 | J155: ='[1]Table-5'!AE49 | ... V155: ='[1]Table-5'!AQ49
A156: ='[1]Table-5'!W50 | C156: ='[1]Table-5'!X50 | D156: ='[1]Table-5'!Y50 | E156: ='[1]Table-5'!Z50 | F156: ='[1]Table-5'!AA50 | G156: ='[1]Table-5'!AB50 | H156: ='[1]Table-5'!AC50 | I156: ='[1]Table-5'!AD50 | J156: ='[1]Table-5'!AE50 | ... V156: ='[1]Table-5'!AQ50
A157: ='[1]Table-5'!W51 | C157: ='[1]Table-5'!X51 | D157: ='[1]Table-5'!Y51 | E157: ='[1]Table-5'!Z51 | F157: ='[1]Table-5'!AA51 | G157: ='[1]Table-5'!AB51 | H157: ='[1]Table-5'!AC51 | I157: ='[1]Table-5'!AD51 | J157: ='[1]Table-5'!AE51 | ... V157: ='[1]Table-5'!AQ51
A158: ='[1]Table-5'!W52 | C158: ='[1]Table-5'!X52 | D158: ='[1]Table-5'!Y52 | E158: ='[1]Table-5'!Z52 | F158: ='[1]Table-5'!AA52 | G158: ='[1]Table-5'!AB52 | H158: ='[1]Table-5'!AC52 | I158: ='[1]Table-5'!AD52 | J158: ='[1]Table-5'!AE52 | ... V158: ='[1]Table-5'!AQ52
... A206: ='[1]Table-5'!W100 -> TOTAL: | C206: ='[1]Table-5'!X100 -> 340 | D206: ='[1]Table-5'!Y100 -> 2 | E206: ='[1]Table-5'!Z100 -> 0 | F206: ='[1]Table-5'!AA100 -> 38 | G206: ='[1]Table-5'!AB100 -> 40 | H206: ='[1]Table-5'!AC100 -> 0 | I206: ='[1]Table-5'!AD100 -> 0 | J206: ='[1]Table-5'!AE100 -> 0 | ... V206: ='[1]Table-5'!AQ100 -> 1
A207: %AGE TO COL.(20) | D207: ='[1]Table-5'!Y101 -> 0.59 | E207: ='[1]Table-5'!Z101 -> -0.01 | F207: ='[1]Table-5'!AA101 -> 11.18 | G207: ='[1]Table-5'!AB101 -> 11.76 | H207: ='[1]Table-5'!AC101 -> 0 | I207: ='[1]Table-5'!AD101 -> 0 | J207: ='[1]Table-5'!AE101 -> 0 | K207: ='[1]Table-5'!AF101 -> 0 | ... V207: ='[1]Table-5'!AQ101 -> 0.29
A208: % TO COL. 13 AND COL. 14 OR WITH RESPECT TO (COL. 7 + COL. 12) | M208: ='[1]Table-5'!AH102 -> 5 | N208: ='[1]Table-5'!AI102 -> 5
A209: NOTE: (I) COL.3= COL.20+COL.21+COL.22 (II) COL.3 OF TABLE A-2 SHOULD TALLY WITH COL.3 OF TABLE A-5
A210: REASON CODE: OCCUPIED WITH OTHER WORK = 1, TRS PROGRAMME WAS NOT INITIATED IN TIME= 2, OTHER REASON =3, REASON NOT AVAILABLE=4
A211: (THESE CODES CORRESPONDS TO PRE-TABULATION CODING I.E. 4,5,6, AND 7 FOR THE ITEM 10(D) OF SCH. AS 1.0)

Sheet RC1-A5 (2)
A1: T-7
A2: TABLE A-5: DISTRICTWISE DISTRIBUTION OF SELECTED VILLAGES ACCORDING TO COMPLETION OR OTHERWISE OF GIRDAWARI BY PATWARI AS PER THE PRESCRIBED TIME SCHEDULE.
A3: =info!$E$2 -> STATE: GUJARAT | H3: YEAR: | I3: ='[4]Table-5'!H3 -> 2024-25 | M3: SEASON: | O3: ='[4]Table-5'!N3 -> SUMMER(5) | V3: ='RC1-A1'!$K$3 -> SAMPLE: CENTRAL
A4: DISTRICT | B4: DISTRICT NAME | C4: NO. OF VILLAGE ANALYSED | D4: NUMBER OF VILLAGES WHERE GIRDAWARI HAS BEEN | M4: NO. OF VILLAGES IN WHICH | O4: NO. OF VILLAGES IN WHICH GIRDAWARI NOT YET STARTED DUE TO REASON (CODE)* | T4: TOTAL (COL. 7 +12+ 19) | U4: NO. OF VILLAGES FOR WHICH
D5: COMPLETED | H5: PARTIALLY COMPLETED DUE TO REASON (CODE)@ | U5: SYSTEM OF GIRDAWARI DOES NOT EXIST | V5: INFORMATION ABOUT COMPLETION OF GIRDAWARI NOT AVAILABLE
D6: IN TIME | E6: LATE | F6: BUT DATE OF COMPLETION IS NOT KNOWN | G6: SUB TOTAL (COL. 4+5+6) | H6: 1 | I6: 2 | J6: 3 | K6: 4 | L6: SUB TOTAL (COL.8+9+ 10+11) | M6: LATEST FORM FOR GIRDAWARI USED | N6: RECORD OF GIRDAWARI KEPT IN REGULAR FORM | O6: 1 | P6: 2 | Q6: 3 | R6: 4 | S6: SUB TOTAL (COL. 15+ 16+ 17+18)
A7: 1 | B7: 2 | C7: 3 | D7: 4 | E7: 5 | F7: 6 | G7: 7 | H7: 8 | I7: 9 | J7: 10 | K7: 11 | L7: 12 | M7: 13 | N7: 14 | O7: 15 | P7: 16 | Q7: 17 | R7: 18 | S7: 19 | T7: 20 | U7: 21 | V7: 22
A8: ='[4]Table-5'!A8 -> 1 | B8: KACHCHH | C8: ='[4]Table-5'!B8 -> 18 | D8: ='[4]Table-5'!C8 -> 0 | E8: ='[4]Table-5'!D8 -> 0 | F8: ='[4]Table-5'!E8 -> 0 | G8: ='[4]Table-5'!F8 -> 0 | H8: ='[4]Table-5'!G8 -> 0 | I8: ='[4]Table-5'!H8 -> 0 | J8: ='[4]Table-5'!I8 -> 0 | ... V8: ='[4]Table-5'!U8 -> 0
A9: ='[4]Table-5'!A9 -> 2 | B9: BANASKANTHA | C9: ='[4]Table-5'!B9 -> 30 | D9: ='[4]Table-5'!C9 -> 0 | E9: ='[4]Table-5'!D9 -> 0 | F9: ='[4]Table-5'!E9 -> 0 | G9: ='[4]Table-5'!F9 -> 0 | H9: ='[4]Table-5'!G9 -> 0 | I9: ='[4]Table-5'!H9 -> 0 | J9: ='[4]Table-5'!I9 -> 0 | ... V9: ='[4]Table-5'!U9 -> 0
A10: ='[4]Table-5'!A10 -> 3 | B10: PATAN | C10: ='[4]Table-5'!B10 -> 13 | D10: ='[4]Table-5'!C10 -> 0 | E10: ='[4]Table-5'!D10 -> 0 | F10: ='[4]Table-5'!E10 -> 0 | G10: ='[4]Table-5'!F10 -> 0 | H10: ='[4]Table-5'!G10 -> 0 | I10: ='[4]Table-5'!H10 -> 0 | J10: ='[4]Table-5'!I10 -> 0 | ... V10: ='[4]Table-5'!U10 -> 0
A11: ='[4]Table-5'!A11 -> 4 | B11: MEHSANA | C11: ='[4]Table-5'!B11 -> 12 | D11: ='[4]Table-5'!C11 -> 0 | E11: ='[4]Table-5'!D11 -> 0 | F11: ='[4]Table-5'!E11 -> 0 | G11: ='[4]Table-5'!F11 -> 0 | H11: ='[4]Table-5'!G11 -> 0 | I11: ='[4]Table-5'!H11 -> 0 | J11: ='[4]Table-5'!I11 -> 0 | ... V11: ='[4]Table-5'!U11 -> 0
A12: ='[4]Table-5'!A12 -> 5 | B12: SABARKANTHA | C12: ='[4]Table-5'!B12 -> 9 | D12: ='[4]Table-5'!C12 -> 0 | E12: ='[4]Table-5'!D12 -> 0 | F12: ='[4]Table-5'!E12 -> 0 | G12: ='[4]Table-5'!F12 -> 0 | H12: ='[4]Table-5'!G12 -> 0 | I12: ='[4]Table-5'!H12 -> 0 | J12: ='[4]Table-5'!I12 -> 0 | ... V12: ='[4]Table-5'!U12 -> 0
A13: ='[4]Table-5'!A13 -> 6 | B13: GANDHINAGAR | C13: ='[4]Table-5'!B13 -> 6 | D13: ='[4]Table-5'!C13 -> 0 | E13: ='[4]Table-5'!D13 -> 0 | F13: ='[4]Table-5'!E13 -> 0 | G13: ='[4]Table-5'!F13 -> 0 | H13: ='[4]Table-5'!G13 -> 0 | I13: ='[4]Table-5'!H13 -> 0 | J13: ='[4]Table-5'!I13 -> 0 | ... V13: ='[4]Table-5'!U13 -> 0
A14: ='[4]Table-5'!A14 -> 7 | B14: AHMEDABAD | C14: ='[4]Table-5'!B14 -> 16 | D14: ='[4]Table-5'!C14 -> 0 | E14: ='[4]Table-5'!D14 -> 0 | F14: ='[4]Table-5'!E14 -> 0 | G14: ='[4]Table-5'!F14 -> 0 | H14: ='[4]Table-5'!G14 -> 0 | I14: ='[4]Table-5'!H14 -> 0 | J14: ='[4]Table-5'!I14 -> 0 | ... V14: ='[4]Table-5'!U14 -> 0
A15: ='[4]Table-5'!A15 -> 8 | B15: SURENDRANAGAR | C15: ='[4]Table-5'!B15 -> 21 | D15: ='[4]Table-5'!C15 -> 0 | E15: ='[4]Table-5'!D15 -> 0 | F15: ='[4]Table-5'!E15 -> 0 | G15: ='[4]Table-5'!F15 -> 0 | H15: ='[4]Table-5'!G15 -> 0 | I15: ='[4]Table-5'!H15 -> 0 | J15: ='[4]Table-5'!I15 -> 0 | ... V15: ='[4]Table-5'!U15 -> 0
A16: ='[4]Table-5'!A16 -> 9 | B16: RAJKOT | C16: ='[4]Table-5'!B16 -> 20 | D16: ='[4]Table-5'!C16 -> 0 | E16: ='[4]Table-5'!D16 -> 0 | F16: ='[4]Table-5'!E16 -> 0 | G16: ='[4]Table-5'!F16 -> 0 | H16: ='[4]Table-5'!G16 -> 0 | I16: ='[4]Table-5'!H16 -> 0 | J16: ='[4]Table-5'!I16 -> 0 | ... V16: ='[4]Table-5'!U16 -> 0
A17: ='[4]Table-5'!A17 -> 10 | B17: JAMNAGAR | C17: ='[4]Table-5'!B17 -> 12 | D17: ='[4]Table-5'!C17 -> 0 | E17: ='[4]Table-5'!D17 -> 0 | F17: ='[4]Table-5'!E17 -> 0 | G17: ='[4]Table-5'!F17 -> 0 | H17: ='[4]Table-5'!G17 -> 0 | I17: ='[4]Table-5'!H17 -> 0 | J17: ='[4]Table-5'!I17 -> 0 | ... V17: ='[4]Table-5'!U17 -> 0
A18: ='[4]Table-5'!A18 -> 11 | B18: PORBANDAR | C18: ='[4]Table-5'!B18 -> 5 | D18: ='[4]Table-5'!C18 -> 0 | E18: ='[4]Table-5'!D18 -> 0 | F18: ='[4]Table-5'!E18 -> 0 | G18: ='[4]Table-5'!F18 -> 0 | H18: ='[4]Table-5'!G18 -> 0 | I18: ='[4]Table-5'!H18 -> 0 | J18: ='[4]Table-5'!I18 -> 0 | ... V18: ='[4]Table-5'!U18 -> 0
A19: ='[4]Table-5'!A19 -> 12 | B19: JUNAGADH | C19: ='[4]Table-5'!B19 -> 16 | D19: ='[4]Table-5'!C19 -> 0 | E19: ='[4]Table-5'!D19 -> 0 | F19: ='[4]Table-5'!E19 -> 0 | G19: ='[4]Table-5'!F19 -> 0 | H19: ='[4]Table-5'!G19 -> 0 | I19: ='[4]Table-5'!H19 -> 0 | J19: ='[4]Table-5'!I19 -> 0 | ... V19: ='[4]Table-5'!U19 -> 1
... A40: ='[4]Table-5'!A40 -> 33 | B40: MORBI | C40: ='[4]Table-5'!B40 -> 11 | D40: ='[4]Table-5'!C40 -> 0 | E40: ='[4]Table-5'!D40 -> 0 | F40: ='[4]Table-5'!E40 -> 0 | G40: ='[4]Table-5'!F40 -> 0 | H40: ='[4]Table-5'!G40 -> 0 | I40: ='[4]Table-5'!H40 -> 0 | J40: ='[4]Table-5'!I40 -> 0 | ... V40: ='[4]Table-5'!U40 -> 0
A41: ='[4]Table-5'!A41 | C41: ='[4]Table-5'!B41 | D41: ='[4]Table-5'!C41 | E41: ='[4]Table-5'!D41 | F41: ='[4]Table-5'!E41 | G41: ='[4]Table-5'!F41 | H41: ='[4]Table-5'!G41 | I41: ='[4]Table-5'!H41 | J41: ='[4]Table-5'!I41 | ... V41: ='[4]Table-5'!U41
A42: ='[4]Table-5'!A42 | C42: ='[4]Table-5'!B42 | D42: ='[4]Table-5'!C42 | E42: ='[4]Table-5'!D42 | F42: ='[4]Table-5'!E42 | G42: ='[4]Table-5'!F42 | H42: ='[4]Table-5'!G42 | I42: ='[4]Table-5'!H42 | J42: ='[4]Table-5'!I42 | ... V42: ='[4]Table-5'!U42
A43: ='[4]Table-5'!A43 | C43: ='[4]Table-5'!B43 | D43: ='[4]Table-5'!C43 | E43: ='[4]Table-5'!D43 | F43: ='[4]Table-5'!E43 | G43: ='[4]Table-5'!F43 | H43: ='[4]Table-5'!G43 | I43: ='[4]Table-5'!H43 | J43: ='[4]Table-5'!I43 | ... V43: ='[4]Table-5'!U43
A44: ='[4]Table-5'!A44 | C44: ='[4]Table-5'!B44 | D44: ='[4]Table-5'!C44 | E44: ='[4]Table-5'!D44 | F44: ='[4]Table-5'!E44 | G44: ='[4]Table-5'!F44 | H44: ='[4]Table-5'!G44 | I44: ='[4]Table-5'!H44 | J44: ='[4]Table-5'!I44 | ... V44: ='[4]Table-5'!U44
A45: ='[4]Table-5'!A45 | C45: ='[4]Table-5'!B45 | D45: ='[4]Table-5'!C45 | E45: ='[4]Table-5'!D45 | F45: ='[4]Table-5'!E45 | G45: ='[4]Table-5'!F45 | H45: ='[4]Table-5'!G45 | I45: ='[4]Table-5'!H45 | J45: ='[4]Table-5'!I45 | ... V45: ='[4]Table-5'!U45
A46: ='[4]Table-5'!A46 | C46: ='[4]Table-5'!B46 | D46: ='[4]Table-5'!C46 | E46: ='[4]Table-5'!D46 | F46: ='[4]Table-5'!E46 | G46: ='[4]Table-5'!F46 | H46: ='[4]Table-5'!G46 | I46: ='[4]Table-5'!H46 | J46: ='[4]Table-5'!I46 | ... V46: ='[4]Table-5'!U46
A47: ='[4]Table-5'!A47 | C47: ='[4]Table-5'!B47 | D47: ='[4]Table-5'!C47 | E47: ='[4]Table-5'!D47 | F47: ='[4]Table-5'!E47 | G47: ='[4]Table-5'!F47 | H47: ='[4]Table-5'!G47 | I47: ='[4]Table-5'!H47 | J47: ='[4]Table-5'!I47 | ... V47: ='[4]Table-5'!U47
A48: ='[4]Table-5'!A48 | C48: ='[4]Table-5'!B48 | D48: ='[4]Table-5'!C48 | E48: ='[4]Table-5'!D48 | F48: ='[4]Table-5'!E48 | G48: ='[4]Table-5'!F48 | H48: ='[4]Table-5'!G48 | I48: ='[4]Table-5'!H48 | J48: ='[4]Table-5'!I48 | ... V48: ='[4]Table-5'!U48
A49: ='[4]Table-5'!A49 | C49: ='[4]Table-5'!B49 | D49: ='[4]Table-5'!C49 | E49: ='[4]Table-5'!D49 | F49: ='[4]Table-5'!E49 | G49: ='[4]Table-5'!F49 | H49: ='[4]Table-5'!G49 | I49: ='[4]Table-5'!H49 | J49: ='[4]Table-5'!I49 | ... V49: ='[4]Table-5'!U49
A50: ='[4]Table-5'!A50 | C50: ='[4]Table-5'!B50 | D50: ='[4]Table-5'!C50 | E50: ='[4]Table-5'!D50 | F50: ='[4]Table-5'!E50 | G50: ='[4]Table-5'!F50 | H50: ='[4]Table-5'!G50 | I50: ='[4]Table-5'!H50 | J50: ='[4]Table-5'!I50 | ... V50: ='[4]Table-5'!U50
A51: ='[4]Table-5'!A51 | C51: ='[4]Table-5'!B51 | D51: ='[4]Table-5'!C51 | E51: ='[4]Table-5'!D51 | F51: ='[4]Table-5'!E51 | G51: ='[4]Table-5'!F51 | H51: ='[4]Table-5'!G51 | I51: ='[4]Table-5'!H51 | J51: ='[4]Table-5'!I51 | ... V51: ='[4]Table-5'!U51
A52: ='[4]Table-5'!A52 | C52: ='[4]Table-5'!B52 | D52: ='[4]Table-5'!C52 | E52: ='[4]Table-5'!D52 | F52: ='[4]Table-5'!E52 | G52: ='[4]Table-5'!F52 | H52: ='[4]Table-5'!G52 | I52: ='[4]Table-5'!H52 | J52: ='[4]Table-5'!I52 | ... V52: ='[4]Table-5'!U52
... A100: ='[4]Table-5'!A100 -> TOTAL: | C100: ='[4]Table-5'!B100 -> 339 | D100: ='[4]Table-5'!C100 -> 0 | E100: ='[4]Table-5'!D100 -> 0 | F100: ='[4]Table-5'!E100 -> 0 | G100: ='[4]Table-5'!F100 -> 0 | H100: ='[4]Table-5'!G100 -> 0 | I100: ='[4]Table-5'!H100 -> 0 | J100: ='[4]Table-5'!I100 -> 0 | ... V100: ='[4]Table-5'!U100 -> 3
A101: %AGE TO COL.(20) | D101: ='[4]Table-5'!C101 -> 0 | E101: ='[4]Table-5'!D101 -> 0 | F101: ='[4]Table-5'!E101 -> 0 | G101: ='[4]Table-5'!F101 -> 0 | H101: ='[4]Table-5'!G101 -> 0 | I101: ='[4]Table-5'!H101 -> 0 | J101: ='[4]Table-5'!I101 -> 0 | K101: ='[4]Table-5'!J101 -> 0 | ... V101: ='[4]Table-5'!U101 -> 0.88
A102: % TO COL. 13 AND COL. 14 OR WITH RESPECT TO (COL. 7 + COL. 12) | M102: ='[4]Table-5'!L102 -> #DIV/0! | N102: ='[4]Table-5'!M102 -> #DIV/0!
A103: NOTE: (I) COL.3= COL.20+COL.21+COL.22 (II) COL.3 OF TABLE A-2 SHOULD TALLY WITH COL.3 OF TABLE A-5
A104: REASON CODE: OCCUPIED WITH OTHER WORK = 1, TRS PROGRAMME WAS NOT INITIATED IN TIME= 2, OTHER REASON =3, REASON NOT AVAILABLE=4
A105: (THESE CODES CORRESPONDS TO PRE-TABULATION CODING I.E. 4,5,6, AND 7 FOR THE ITEM 10(D) OF SCH. AS 1.0)
A107: T-8
A108: TABLE A-5: DISTRICTWISE DISTRIBUTION OF SELECTED VILLAGES ACCORDING TO COMPLETION OR OTHERWISE OF GIRDAWARI BY PATWARI AS PER THE PRESCRIBED TIME SCHEDULE.
A109: =A3 -> STATE: GUJARAT | H109: YEAR: | I109: ='[4]Table-5'!AD3 -> 2024-25 | M109: SEASON: | O109: ='[4]Table-5'!AJ3 -> SUMMER(5) | V109: ='RC1-A1'!$K$103 -> SAMPLE: STATE
A110: DISTRICT | B110: DISTRICT NAME | C110: NO. OF VILLAGE ANALYSED | D110: NUMBER OF VILLAGES WHERE GIRDAWARI HAS BEEN | M110: NO. OF VILLAGES IN WHICH | O110: NO. OF VILLAGES IN WHICH GIRDAWARI NOT YET STARTED DUE TO REASON (CODE)* | T110: TOTAL (COL. 7 +12+ 19) | U110: NO. OF VILLAGES FOR WHICH
D111: COMPLETED | H111: PARTIALLY COMPLETED DUE TO REASON (CODE)@ | U111: SYSTEM OF GIRDAWARI DOES NOT EXIST | V111: INFORMATION ABOUT COMPLETION OF GIRDAWARI NOT AVAILABLE
D112: IN TIME | E112: LATE | F112: BUT DATE OF COMPLETION IS NOT KNOWN | G112: SUB TOTAL (COL. 4+5+6) | H112: 1 | I112: 2 | J112: 3 | K112: 4 | L112: SUB TOTAL (COL.8+9+ 10+11) | M112: LATEST FORM FOR GIRDAWARI USED | N112: RECORD OF GIRDAWARI KEPT IN REGULAR FORM | O112: 1 | P112: 2 | Q112: 3 | R112: 4 | S112: SUB TOTAL (COL. 15+ 16+ 17+18)
A113: 1 | B113: 2 | C113: 3 | D113: 4 | E113: 5 | F113: 6 | G113: 7 | H113: 8 | I113: 9 | J113: 10 | K113: 11 | L113: 12 | M113: 13 | N113: 14 | O113: 15 | P113: 16 | Q113: 17 | R113: 18 | S113: 19 | T113: 20 | U113: 21 | V113: 22
A114: ='[4]Table-5'!W8 -> 1 | B114: KACHCHH | C114: ='[4]Table-5'!X8 -> 18 | D114: ='[4]Table-5'!Y8 -> 0 | E114: ='[4]Table-5'!Z8 -> 0 | F114: ='[4]Table-5'!AA8 -> 0 | G114: ='[4]Table-5'!AB8 -> 0 | H114: ='[4]Table-5'!AC8 -> 0 | I114: ='[4]Table-5'!AD8 -> 0 | J114: ='[4]Table-5'!AE8 -> 0 | ... V114: ='[4]Table-5'!AQ8 -> 0
A115: ='[4]Table-5'!W9 -> 2 | B115: BANASKANTHA | C115: ='[4]Table-5'!X9 -> 30 | D115: ='[4]Table-5'!Y9 -> 0 | E115: ='[4]Table-5'!Z9 -> 0 | F115: ='[4]Table-5'!AA9 -> 0 | G115: ='[4]Table-5'!AB9 -> 0 | H115: ='[4]Table-5'!AC9 -> 0 | I115: ='[4]Table-5'!AD9 -> 0 | J115: ='[4]Table-5'!AE9 -> 0 | ... V115: ='[4]Table-5'!AQ9 -> 0
A116: ='[4]Table-5'!W10 -> 3 | B116: PATAN | C116: ='[4]Table-5'!X10 -> 13 | D116: ='[4]Table-5'!Y10 -> 0 | E116: ='[4]Table-5'!Z10 -> 0 | F116: ='[4]Table-5'!AA10 -> 13 | G116: ='[4]Table-5'!AB10 -> 13 | H116: ='[4]Table-5'!AC10 -> 0 | I116: ='[4]Table-5'!AD10 -> 0 | J116: ='[4]Table-5'!AE10 -> 0 | ... V116: ='[4]Table-5'!AQ10 -> 0
A117: ='[4]Table-5'!W11 -> 4 | B117: MEHSANA | C117: ='[4]Table-5'!X11 -> 12 | D117: ='[4]Table-5'!Y11 -> 0 | E117: ='[4]Table-5'!Z11 -> 0 | F117: ='[4]Table-5'!AA11 -> 0 | G117: ='[4]Table-5'!AB11 -> 0 | H117: ='[4]Table-5'!AC11 -> 0 | I117: ='[4]Table-5'!AD11 -> 0 | J117: ='[4]Table-5'!AE11 -> 0 | ... V117: ='[4]Table-5'!AQ11 -> 0
A118: ='[4]Table-5'!W12 -> 5 | B118: SABARKANTHA | C118: ='[4]Table-5'!X12 -> 9 | D118: ='[4]Table-5'!Y12 -> 0 | E118: ='[4]Table-5'!Z12 -> 0 | F118: ='[4]Table-5'!AA12 -> 0 | G118: ='[4]Table-5'!AB12 -> 0 | H118: ='[4]Table-5'!AC12 -> 0 | I118: ='[4]Table-5'!AD12 -> 0 | J118: ='[4]Table-5'!AE12 -> 0 | ... V118: ='[4]Table-5'!AQ12 -> 0
A119: ='[4]Table-5'!W13 -> 6 | B119: GANDHINAGAR | C119: ='[4]Table-5'!X13 -> 6 | D119: ='[4]Table-5'!Y13 -> 0 | E119: ='[4]Table-5'!Z13 -> 0 | F119: ='[4]Table-5'!AA13 -> 0 | G119: ='[4]Table-5'!AB13 -> 0 | H119: ='[4]Table-5'!AC13 -> 0 | I119: ='[4]Table-5'!AD13 -> 0 | J119: ='[4]Table-5'!AE13 -> 0 | ... V119: ='[4]Table-5'!AQ13 -> 0
A120: ='[4]Table-5'!W14 -> 7 | B120: AHMEDABAD | C120: ='[4]Table-5'!X14 -> 16 | D120: ='[4]Table-5'!Y14 -> 0 | E120: ='[4]Table-5'!Z14 -> 0 | F120: ='[4]Table-5'!AA14 -> 0 | G120: ='[4]Table-5'!AB14 -> 0 | H120: ='[4]Table-5'!AC14 -> 0 | I120: ='[4]Table-5'!AD14 -> 0 | J120: ='[4]Table-5'!AE14 -> 0 | ... V120: ='[4]Table-5'!AQ14 -> 0
A121: ='[4]Table-5'!W15 -> 8 | B121: SURENDRANAGAR | C121: ='[4]Table-5'!X15 -> 21 | D121: ='[4]Table-5'!Y15 -> 0 | E121: ='[4]Table-5'!Z15 -> 0 | F121: ='[4]Table-5'!AA15 -> 0 | G121: ='[4]Table-5'!AB15 -> 0 | H121: ='[4]Table-5'!AC15 -> 1 | I121: ='[4]Table-5'!AD15 -> 0 | J121: ='[4]Table-5'!AE15 -> 0 | ... V121: ='[4]Table-5'!AQ15 -> 0
A122: ='[4]Table-5'!W16 -> 9 | B122: RAJKOT | C122: ='[4]Table-5'!X16 -> 20 | D122: ='[4]Table-5'!Y16 -> 0 | E122: ='[4]Table-5'!Z16 -> 1 | F122: ='[4]Table-5'!AA16 -> 19 | G122: ='[4]Table-5'!AB16 -> 20 | H122: ='[4]Table-5'!AC16 -> 0 | I122: ='[4]Table-5'!AD16 -> 0 | J122: ='[4]Table-5'!AE16 -> 0 | ... V122: ='[4]Table-5'!AQ16 -> 0
A123: ='[4]Table-5'!W17 -> 10 | B123: JAMNAGAR | C123: ='[4]Table-5'!X17 -> 12 | D123: ='[4]Table-5'!Y17 -> 0 | E123: ='[4]Table-5'!Z17 -> 0 | F123: ='[4]Table-5'!AA17 -> 0 | G123: ='[4]Table-5'!AB17 -> 0 | H123: ='[4]Table-5'!AC17 -> 0 | I123: ='[4]Table-5'!AD17 -> 0 | J123: ='[4]Table-5'!AE17 -> 0 | ... V123: ='[4]Table-5'!AQ17 -> 0
A124: ='[4]Table-5'!W18 -> 11 | B124: PORBANDAR | C124: ='[4]Table-5'!X18 -> 5 | D124: ='[4]Table-5'!Y18 -> 0 | E124: ='[4]Table-5'!Z18 -> 0 | F124: ='[4]Table-5'!AA18 -> 0 | G124: ='[4]Table-5'!AB18 -> 0 | H124: ='[4]Table-5'!AC18 -> 0 | I124: ='[4]Table-5'!AD18 -> 0 | J124: ='[4]Table-5'!AE18 -> 0 | ... V124: ='[4]Table-5'!AQ18 -> 0
A125: ='[4]Table-5'!W19 -> 12 | B125: JUNAGADH | C125: ='[4]Table-5'!X19 -> 16 | D125: ='[4]Table-5'!Y19 -> 0 | E125: ='[4]Table-5'!Z19 -> 0 | F125: ='[4]Table-5'!AA19 -> 0 | G125: ='[4]Table-5'!AB19 -> 0 | H125: ='[4]Table-5'!AC19 -> 0 | I125: ='[4]Table-5'!AD19 -> 0 | J125: ='[4]Table-5'!AE19 -> 0 | ... V125: ='[4]Table-5'!AQ19 -> 0
... A146: ='[4]Table-5'!W40 -> 33 | B146: MORBI | C146: ='[4]Table-5'!X40 -> 11 | D146: ='[4]Table-5'!Y40 -> 0 | E146: ='[4]Table-5'!Z40 -> 0 | F146: ='[4]Table-5'!AA40 -> 0 | G146: ='[4]Table-5'!AB40 -> 0 | H146: ='[4]Table-5'!AC40 -> 0 | I146: ='[4]Table-5'!AD40 -> 0 | J146: ='[4]Table-5'!AE40 -> 0 | ... V146: ='[4]Table-5'!AQ40 -> 0
A147: ='[4]Table-5'!W41 | C147: ='[4]Table-5'!X41 | D147: ='[4]Table-5'!Y41 | E147: ='[4]Table-5'!Z41 | F147: ='[4]Table-5'!AA41 | G147: ='[4]Table-5'!AB41 | H147: ='[4]Table-5'!AC41 | I147: ='[4]Table-5'!AD41 | J147: ='[4]Table-5'!AE41 | ... V147: ='[4]Table-5'!AQ41
A148: ='[4]Table-5'!W42 | C148: ='[4]Table-5'!X42 | D148: ='[4]Table-5'!Y42 | E148: ='[4]Table-5'!Z42 | F148: ='[4]Table-5'!AA42 | G148: ='[4]Table-5'!AB42 | H148: ='[4]Table-5'!AC42 | I148: ='[4]Table-5'!AD42 | J148: ='[4]Table-5'!AE42 | ... V148: ='[4]Table-5'!AQ42
A149: ='[4]Table-5'!W43 | C149: ='[4]Table-5'!X43 | D149: ='[4]Table-5'!Y43 | E149: ='[4]Table-5'!Z43 | F149: ='[4]Table-5'!AA43 | G149: ='[4]Table-5'!AB43 | H149: ='[4]Table-5'!AC43 | I149: ='[4]Table-5'!AD43 | J149: ='[4]Table-5'!AE43 | ... V149: ='[4]Table-5'!AQ43
A150: ='[4]Table-5'!W44 | C150: ='[4]Table-5'!X44 | D150: ='[4]Table-5'!Y44 | E150: ='[4]Table-5'!Z44 | F150: ='[4]Table-5'!AA44 | G150: ='[4]Table-5'!AB44 | H150: ='[4]Table-5'!AC44 | I150: ='[4]Table-5'!AD44 | J150: ='[4]Table-5'!AE44 | ... V150: ='[4]Table-5'!AQ44
A151: ='[4]Table-5'!W45 | C151: ='[4]Table-5'!X45 | D151: ='[4]Table-5'!Y45 | E151: ='[4]Table-5'!Z45 | F151: ='[4]Table-5'!AA45 | G151: ='[4]Table-5'!AB45 | H151: ='[4]Table-5'!AC45 | I151: ='[4]Table-5'!AD45 | J151: ='[4]Table-5'!AE45 | ... V151: ='[4]Table-5'!AQ45
A152: ='[4]Table-5'!W46 | C152: ='[4]Table-5'!X46 | D152: ='[4]Table-5'!Y46 | E152: ='[4]Table-5'!Z46 | F152: ='[4]Table-5'!AA46 | G152: ='[4]Table-5'!AB46 | H152: ='[4]Table-5'!AC46 | I152: ='[4]Table-5'!AD46 | J152: ='[4]Table-5'!AE46 | ... V152: ='[4]Table-5'!AQ46
A153: ='[4]Table-5'!W47 | C153: ='[4]Table-5'!X47 | D153: ='[4]Table-5'!Y47 | E153: ='[4]Table-5'!Z47 | F153: ='[4]Table-5'!AA47 | G153: ='[4]Table-5'!AB47 | H153: ='[4]Table-5'!AC47 | I153: ='[4]Table-5'!AD47 | J153: ='[4]Table-5'!AE47 | ... V153: ='[4]Table-5'!AQ47
A154: ='[4]Table-5'!W48 | C154: ='[4]Table-5'!X48 | D154: ='[4]Table-5'!Y48 | E154: ='[4]Table-5'!Z48 | F154: ='[4]Table-5'!AA48 | G154: ='[4]Table-5'!AB48 | H154: ='[4]Table-5'!AC48 | I154: ='[4]Table-5'!AD48 | J154: ='[4]Table-5'!AE48 | ... V154: ='[4]Table-5'!AQ48
A155: ='[4]Table-5'!W49 | C155: ='[4]Table-5'!X49 | D155: ='[4]Table-5'!Y49 | E155: ='[4]Table-5'!Z49 | F155: ='[4]Table-5'!AA49 | G155: ='[4]Table-5'!AB49 | H155: ='[4]Table-5'!AC49 | I155: ='[4]Table-5'!AD49 | J155: ='[4]Table-5'!AE49 | ... V155: ='[4]Table-5'!AQ49
A156: ='[4]Table-5'!W50 | C156: ='[4]Table-5'!X50 | D156: ='[4]Table-5'!Y50 | E156: ='[4]Table-5'!Z50 | F156: ='[4]Table-5'!AA50 | G156: ='[4]Table-5'!AB50 | H156: ='[4]Table-5'!AC50 | I156: ='[4]Table-5'!AD50 | J156: ='[4]Table-5'!AE50 | ... V156: ='[4]Table-5'!AQ50
A157: ='[4]Table-5'!W51 | C157: ='[4]Table-5'!X51 | D157: ='[4]Table-5'!Y51 | E157: ='[4]Table-5'!Z51 | F157: ='[4]Table-5'!AA51 | G157: ='[4]Table-5'!AB51 | H157: ='[4]Table-5'!AC51 | I157: ='[4]Table-5'!AD51 | J157: ='[4]Table-5'!AE51 | ... V157: ='[4]Table-5'!AQ51
A158: ='[4]Table-5'!W52 | C158: ='[4]Table-5'!X52 | D158: ='[4]Table-5'!Y52 | E158: ='[4]Table-5'!Z52 | F158: ='[4]Table-5'!AA52 | G158: ='[4]Table-5'!AB52 | H158: ='[4]Table-5'!AC52 | I158: ='[4]Table-5'!AD52 | J158: ='[4]Table-5'!AE52 | ... V158: ='[4]Table-5'!AQ52
... A206: ='[4]Table-5'!W100 -> TOTAL: | C206: ='[4]Table-5'!X100 -> 340 | D206: ='[4]Table-5'!Y100 -> ERROR | E206: ='[4]Table-5'!Z100 -> 1 | F206: ='[4]Table-5'!AA100 -> 34 | G206: ='[4]Table-5'!AB100 -> 35 | H206: ='[4]Table-5'!AC100 -> 1 | I206: ='[4]Table-5'!AD100 -> 0 | J206: ='[4]Table-5'!AE100 -> 0 | ... V206: ='[4]Table-5'!AQ100 -> 2
A207: %AGE TO COL.(20) | D207: ='[4]Table-5'!Y101 -> #VALUE! | E207: ='[4]Table-5'!Z101 -> #VALUE! | F207: ='[4]Table-5'!AA101 -> 10 | G207: ='[4]Table-5'!AB101 -> 10.29 | H207: ='[4]Table-5'!AC101 -> 0.29 | I207: ='[4]Table-5'!AD101 -> 0 | J207: ='[4]Table-5'!AE101 -> 0 | K207: ='[4]Table-5'!AF101 -> 0 | ... V207: ='[4]Table-5'!AQ101 -> 0.59
A208: % TO COL. 13 AND COL. 14 OR WITH RESPECT TO (COL. 7 + COL. 12) | M208: ='[4]Table-5'!AH102 -> 2.7777778 | N208: ='[4]Table-5'!AI102 -> 0
A209: NOTE: (I) COL.3= COL.20+COL.21+COL.22 (II) COL.3 OF TABLE A-2 SHOULD TALLY WITH COL.3 OF TABLE A-5
A210: REASON CODE: OCCUPIED WITH OTHER WORK = 1, TRS PROGRAMME WAS NOT INITIATED IN TIME= 2, OTHER REASON =3, REASON NOT AVAILABLE=4
A211: (THESE CODES CORRESPONDS TO PRE-TABULATION CODING I.E. 4,5,6, AND 7 FOR THE ITEM 10(D) OF SCH. AS 1.0)

Sheet RC1-A7
A1: T-9
A2: TABLE A-7: DISTRICTWISE DISTRIBUTION OF SELECTED VILLAGES ACCORDING TO THE SUBMISSION OF TRS STATEMENT.
A3: =info!$E$2 -> STATE: GUJARAT | H3: YEAR: | I3: ='[1]Table-7'!H2 -> 2024-25 | M3: SEASON: | O3: ='[1]Table-7'!N2 -> RABI(4) | U3: ='RC1-A1'!$K$3 -> SAMPLE: CENTRAL
A4: DISTRICT | B4: DISTRICT NAME | C4: NO. OF VILLAGES ANALYSED | D4: NUMBER OF VILLAGES FOR WHICH
D5: TRS STATEMENT SUBMITTED | N5: OUT OF COL. 12 | P5: TRS STATEMENT NOT SUBMITTED | T5: INFORMATION ABOUT SUBMISSION OR TRS STATEMENT NOT AVAILABLE | U5: TRS STATEMENT NOT TO BE SUBMITTED (A) BEING NON TRS VILLGES (B) AS PER STATE INSTRUCTION
D6: IN TIME | H6: LATE | L6: BUT DATE OF SUBMISSION NOT RECORDED | M6: TOTAL (COL. 7+ 11+ 12) | N6: TRS STATEMENT SUBMITTED IN STANDARD FORM | O6: DUPLICATE COPY OF STATEMENT KEPT | P6: THOUGH GIRDAWARI COMPLETED | R6: AS GIRDAWARI NOT COMPLETED | S6: SUB TOTAL (COL. 16+17+18)
D7: BEFORE GIRDAWARI | E7: AFTER GIRDAWARI | F7: BUT COULD NOT COMPARED WITH GIRDAWARI COMPLETION | G7: SUB TOTAL (COL. 4 +5+6) | H7: BEFORE GIRDAWARI | I7: AFTER GIRDAWARI | J7: BUT COULD NOT COMPARED WITH GIRDAWARI COMPLETION | K7: SUB TOTAL (COL.8+9+10) | P7: AS DUE DATE NOT OVER | Q7: OTHER REASONS
A8: 1 | B8: 2 | C8: 3 | D8: 4 | E8: 5 | F8: 6 | G8: 7 | H8: 8 | I8: 9 | J8: 10 | K8: 11 | L8: 12 | M8: 13 | N8: 14 | O8: 15 | P8: 16 | Q8: 17 | R8: 18 | S8: 19 | T8: 20 | U8: 21
A9: ='[1]Table-7'!A8 -> 1 | B9: KACHCHH | C9: ='[1]Table-7'!B8 -> 18 | D9: ='[1]Table-7'!C8 -> 0 | E9: ='[1]Table-7'!D8 -> 0 | F9: ='[1]Table-7'!E8 -> 0 | G9: ='[1]Table-7'!F8 -> 0 | H9: ='[1]Table-7'!G8 -> 0 | I9: ='[1]Table-7'!H8 -> 0 | J9: ='[1]Table-7'!I8 -> 0 | ... U9: ='[1]Table-7'!T8 -> 0
A10: ='[1]Table-7'!A9 -> 2 | B10: BANASKANTHA | C10: ='[1]Table-7'!B9 -> 30 | D10: ='[1]Table-7'!C9 -> 0 | E10: ='[1]Table-7'!D9 -> 0 | F10: ='[1]Table-7'!E9 -> 0 | G10: ='[1]Table-7'!F9 -> 0 | H10: ='[1]Table-7'!G9 -> 0 | I10: ='[1]Table-7'!H9 -> 0 | J10: ='[1]Table-7'!I9 -> 0 | ... U10: ='[1]Table-7'!T9 -> 0
A11: ='[1]Table-7'!A10 -> 3 | B11: PATAN | C11: ='[1]Table-7'!B10 -> 13 | D11: ='[1]Table-7'!C10 -> 0 | E11: ='[1]Table-7'!D10 -> 0 | F11: ='[1]Table-7'!E10 -> 0 | G11: ='[1]Table-7'!F10 -> 0 | H11: ='[1]Table-7'!G10 -> 0 | I11: ='[1]Table-7'!H10 -> 0 | J11: ='[1]Table-7'!I10 -> 0 | ... U11: ='[1]Table-7'!T10 -> 0
A12: ='[1]Table-7'!A11 -> 4 | B12: MEHSANA | C12: ='[1]Table-7'!B11 -> 12 | D12: ='[1]Table-7'!C11 -> 0 | E12: ='[1]Table-7'!D11 -> 0 | F12: ='[1]Table-7'!E11 -> 0 | G12: ='[1]Table-7'!F11 -> 0 | H12: ='[1]Table-7'!G11 -> 0 | I12: ='[1]Table-7'!H11 -> 0 | J12: ='[1]Table-7'!I11 -> 0 | ... U12: ='[1]Table-7'!T11 -> 0
A13: ='[1]Table-7'!A12 -> 5 | B13: SABARKANTHA | C13: ='[1]Table-7'!B12 -> 9 | D13: ='[1]Table-7'!C12 -> 0 | E13: ='[1]Table-7'!D12 -> 0 | F13: ='[1]Table-7'!E12 -> 0 | G13: ='[1]Table-7'!F12 -> 0 | H13: ='[1]Table-7'!G12 -> 0 | I13: ='[1]Table-7'!H12 -> 0 | J13: ='[1]Table-7'!I12 -> 0 | ... U13: ='[1]Table-7'!T12 -> 0
A14: ='[1]Table-7'!A13 -> 6 | B14: GANDHINAGAR | C14: ='[1]Table-7'!B13 -> 6 | D14: ='[1]Table-7'!C13 -> 0 | E14: ='[1]Table-7'!D13 -> 0 | F14: ='[1]Table-7'!E13 -> 0 | G14: ='[1]Table-7'!F13 -> 0 | H14: ='[1]Table-7'!G13 -> 0 | I14: ='[1]Table-7'!H13 -> 0 | J14: ='[1]Table-7'!I13 -> 0 | ... U14: ='[1]Table-7'!T13 -> 0
A15: ='[1]Table-7'!A14 -> 7 | B15: AHMEDABAD | C15: ='[1]Table-7'!B14 -> 16 | D15: ='[1]Table-7'!C14 -> 0 | E15: ='[1]Table-7'!D14 -> 0 | F15: ='[1]Table-7'!E14 -> 0 | G15: ='[1]Table-7'!F14 -> 0 | H15: ='[1]Table-7'!G14 -> 0 | I15: ='[1]Table-7'!H14 -> 0 | J15: ='[1]Table-7'!I14 -> 0 | ... U15: ='[1]Table-7'!T14 -> 0
A16: ='[1]Table-7'!A15 -> 8 | B16: SURENDRANAGAR | C16: ='[1]Table-7'!B15 -> 21 | D16: ='[1]Table-7'!C15 -> 0 | E16: ='[1]Table-7'!D15 -> 0 | F16: ='[1]Table-7'!E15 -> 0 | G16: ='[1]Table-7'!F15 -> 0 | H16: ='[1]Table-7'!G15 -> 0 | I16: ='[1]Table-7'!H15 -> 0 | J16: ='[1]Table-7'!I15 -> 0 | ... U16: ='[1]Table-7'!T15 -> 0
A17: ='[1]Table-7'!A16 -> 9 | B17: RAJKOT | C17: ='[1]Table-7'!B16 -> 20 | D17: ='[1]Table-7'!C16 -> 0 | E17: ='[1]Table-7'!D16 -> 0 | F17: ='[1]Table-7'!E16 -> 0 | G17: ='[1]Table-7'!F16 -> 0 | H17: ='[1]Table-7'!G16 -> 0 | I17: ='[1]Table-7'!H16 -> 0 | J17: ='[1]Table-7'!I16 -> 0 | ... U17: ='[1]Table-7'!T16 -> 0
A18: ='[1]Table-7'!A17 -> 10 | B18: JAMNAGAR | C18: ='[1]Table-7'!B17 -> 12 | D18: ='[1]Table-7'!C17 -> 0 | E18: ='[1]Table-7'!D17 -> 0 | F18: ='[1]Table-7'!E17 -> 0 | G18: ='[1]Table-7'!F17 -> 0 | H18: ='[1]Table-7'!G17 -> 0 | I18: ='[1]Table-7'!H17 -> 0 | J18: ='[1]Table-7'!I17 -> 0 | ... U18: ='[1]Table-7'!T17 -> 0
A19: ='[1]Table-7'!A18 -> 11 | B19: PORBANDAR | C19: ='[1]Table-7'!B18 -> 5 | D19: ='[1]Table-7'!C18 -> 0 | E19: ='[1]Table-7'!D18 -> 0 | F19: ='[1]Table-7'!E18 -> 0 | G19: ='[1]Table-7'!F18 -> 0 | H19: ='[1]Table-7'!G18 -> 0 | I19: ='[1]Table-7'!H18 -> 0 | J19: ='[1]Table-7'!I18 -> 0 | ... U19: ='[1]Table-7'!T18 -> 0
A20: ='[1]Table-7'!A19 -> 12 | B20: JUNAGADH | C20: ='[1]Table-7'!B19 -> 16 | D20: ='[1]Table-7'!C19 -> 0 | E20: ='[1]Table-7'!D19 -> 0 | F20: ='[1]Table-7'!E19 -> 0 | G20: ='[1]Table-7'!F19 -> 0 | H20: ='[1]Table-7'!G19 -> 0 | I20: ='[1]Table-7'!H19 -> 0 | J20: ='[1]Table-7'!I19 -> 0 | ... U20: ='[1]Table-7'!T19 -> 0
... A41: ='[1]Table-7'!A40 -> 33 | B41: MORBI | C41: ='[1]Table-7'!B40 -> 11 | D41: ='[1]Table-7'!C40 -> 0 | E41: ='[1]Table-7'!D40 -> 0 | F41: ='[1]Table-7'!E40 -> 0 | G41: ='[1]Table-7'!F40 -> 0 | H41: ='[1]Table-7'!G40 -> 0 | I41: ='[1]Table-7'!H40 -> 0 | J41: ='[1]Table-7'!I40 -> 0 | ... U41: ='[1]Table-7'!T40 -> 0
A42: ='[1]Table-7'!A41 | C42: ='[1]Table-7'!B41 | D42: ='[1]Table-7'!C41 | E42: ='[1]Table-7'!D41 | F42: ='[1]Table-7'!E41 | G42: ='[1]Table-7'!F41 | H42: ='[1]Table-7'!G41 | I42: ='[1]Table-7'!H41 | J42: ='[1]Table-7'!I41 | ... U42: ='[1]Table-7'!T41
A43: ='[1]Table-7'!A42 | C43: ='[1]Table-7'!B42 | D43: ='[1]Table-7'!C42 | E43: ='[1]Table-7'!D42 | F43: ='[1]Table-7'!E42 | G43: ='[1]Table-7'!F42 | H43: ='[1]Table-7'!G42 | I43: ='[1]Table-7'!H42 | J43: ='[1]Table-7'!I42 | ... U43: ='[1]Table-7'!T42
A44: ='[1]Table-7'!A43 | C44: ='[1]Table-7'!B43 | D44: ='[1]Table-7'!C43 | E44: ='[1]Table-7'!D43 | F44: ='[1]Table-7'!E43 | G44: ='[1]Table-7'!F43 | H44: ='[1]Table-7'!G43 | I44: ='[1]Table-7'!H43 | J44: ='[1]Table-7'!I43 | ... U44: ='[1]Table-7'!T43
A45: ='[1]Table-7'!A44 | C45: ='[1]Table-7'!B44 | D45: ='[1]Table-7'!C44 | E45: ='[1]Table-7'!D44 | F45: ='[1]Table-7'!E44 | G45: ='[1]Table-7'!F44 | H45: ='[1]Table-7'!G44 | I45: ='[1]Table-7'!H44 | J45: ='[1]Table-7'!I44 | ... U45: ='[1]Table-7'!T44
A46: ='[1]Table-7'!A45 | C46: ='[1]Table-7'!B45 | D46: ='[1]Table-7'!C45 | E46: ='[1]Table-7'!D45 | F46: ='[1]Table-7'!E45 | G46: ='[1]Table-7'!F45 | H46: ='[1]Table-7'!G45 | I46: ='[1]Table-7'!H45 | J46: ='[1]Table-7'!I45 | ... U46: ='[1]Table-7'!T45
A47: ='[1]Table-7'!A46 | C47: ='[1]Table-7'!B46 | D47: ='[1]Table-7'!C46 | E47: ='[1]Table-7'!D46 | F47: ='[1]Table-7'!E46 | G47: ='[1]Table-7'!F46 | H47: ='[1]Table-7'!G46 | I47: ='[1]Table-7'!H46 | J47: ='[1]Table-7'!I46 | ... U47: ='[1]Table-7'!T46
A48: ='[1]Table-7'!A47 | C48: ='[1]Table-7'!B47 | D48: ='[1]Table-7'!C47 | E48: ='[1]Table-7'!D47 | F48: ='[1]Table-7'!E47 | G48: ='[1]Table-7'!F47 | H48: ='[1]Table-7'!G47 | I48: ='[1]Table-7'!H47 | J48: ='[1]Table-7'!I47 | ... U48: ='[1]Table-7'!T47
A49: ='[1]Table-7'!A48 | C49: ='[1]Table-7'!B48 | D49: ='[1]Table-7'!C48 | E49: ='[1]Table-7'!D48 | F49: ='[1]Table-7'!E48 | G49: ='[1]Table-7'!F48 | H49: ='[1]Table-7'!G48 | I49: ='[1]Table-7'!H48 | J49: ='[1]Table-7'!I48 | ... U49: ='[1]Table-7'!T48
A50: ='[1]Table-7'!A49 | C50: ='[1]Table-7'!B49 | D50: ='[1]Table-7'!C49 | E50: ='[1]Table-7'!D49 | F50: ='[1]Table-7'!E49 | G50: ='[1]Table-7'!F49 | H50: ='[1]Table-7'!G49 | I50: ='[1]Table-7'!H49 | J50: ='[1]Table-7'!I49 | ... U50: ='[1]Table-7'!T49
A51: ='[1]Table-7'!A50 | C51: ='[1]Table-7'!B50 | D51: ='[1]Table-7'!C50 | E51: ='[1]Table-7'!D50 | F51: ='[1]Table-7'!E50 | G51: ='[1]Table-7'!F50 | H51: ='[1]Table-7'!G50 | I51: ='[1]Table-7'!H50 | J51: ='[1]Table-7'!I50 | ... U51: ='[1]Table-7'!T50
A52: ='[1]Table-7'!A51 | C52: ='[1]Table-7'!B51 | D52: ='[1]Table-7'!C51 | E52: ='[1]Table-7'!D51 | F52: ='[1]Table-7'!E51 | G52: ='[1]Table-7'!F51 | H52: ='[1]Table-7'!G51 | I52: ='[1]Table-7'!H51 | J52: ='[1]Table-7'!I51 | ... U52: ='[1]Table-7'!T51
A53: ='[1]Table-7'!A52 | C53: ='[1]Table-7'!B52 | D53: ='[1]Table-7'!C52 | E53: ='[1]Table-7'!D52 | F53: ='[1]Table-7'!E52 | G53: ='[1]Table-7'!F52 | H53: ='[1]Table-7'!G52 | I53: ='[1]Table-7'!H52 | J53: ='[1]Table-7'!I52 | ... U53: ='[1]Table-7'!T52
... A100: ='[1]Table-7'!A99 -> TOTAL: | C100: ='[1]Table-7'!B99 -> 339 | D100: ='[1]Table-7'!C99 -> 0 | E100: ='[1]Table-7'!D99 -> 0 | F100: ='[1]Table-7'!E99 -> 0 | G100: ='[1]Table-7'!F99 -> 0 | H100: ='[1]Table-7'!G99 -> 0 | I100: ='[1]Table-7'!H99 -> 0 | J100: ='[1]Table-7'!I99 -> 0 | ... U100: ='[1]Table-7'!T99 -> 0
A101: %AGE TO COL.(3) | D101: ='[1]Table-7'!C100 -> 0 | E101: ='[1]Table-7'!D100 -> 0 | F101: ='[1]Table-7'!E100 -> 0 | G101: ='[1]Table-7'!F100 -> 0 | H101: ='[1]Table-7'!G100 -> 0 | I101: ='[1]Table-7'!H100 -> 0 | J101: ='[1]Table-7'!I100 -> 0 | K101: ='[1]Table-7'!J100 -> 0 | ... U101: ='[1]Table-7'!T100 -> 0
A102: NOTE- (I) PERCENTAGE OF ALL COLUMNS EXCEPT COL.14 AND COL.15 ARE WITH THE REFERENCE TO COL.3
A103: (II) PERCENTAGE OF COL.14 AND COL.15 ARE WITH REFERENCE TO COL.13
A104: T-10
A105: TABLE A-7: DISTRICTWISE DISTRIBUTION OF SELECTED VILLAGES ACCORDING TO THE SUBMISSION OF TRS STATEMENT.
A106: =A3 -> STATE: GUJARAT | H106: YEAR: | I106: ='[1]Table-7'!AC2 -> 2024-25 | M106: SEASON: | O106: ='[1]Table-7'!AI2 -> RABI(4) | U106: ='RC1-A1'!$K$103 -> SAMPLE: STATE
A107: DISTRICT | B107: DISTRICT NAME | C107: NO. OF VILLAGES ANALYSED | D107: NUMBER OF VILLAGES FOR WHICH
D108: TRS STATEMENT SUBMITTED | N108: OUT OF COL. 12 | P108: TRS STATEMENT NOT SUBMITTED | T108: INFORMATION ABOUT SUBMISSION OR TRS STATEMENT NOT AVAILABLE | U108: TRS STATEMENT NOT TO BE SUBMITTED (A) BEING NON TRS VILLGES (B) AS PER STATE INSTRUCTION
D109: IN TIME | H109: LATE | L109: BUT DATE OF SUBMISSION NOT RECORDED | M109: TOTAL (COL. 7+ 11+ 12) | N109: TRS STATEMENT SUBMITTED IN STANDARD FORM | O109: DUPLICATE COPY OF STATEMENT KEPT | P109: THOUGH GIRDAWARI COMPLETED | R109: AS GIRDAWARI NOT COMPLETED | S109: SUB TOTAL (COL. 16+17+18)
D110: BEFORE GIRDAWARI | E110: AFTER GIRDAWARI | F110: BUT COULD NOT COMPARED WITH GIRDAWARI COMPLETION | G110: SUB TOTAL (COL. 4 +5+6) | H110: BEFORE GIRDAWARI | I110: AFTER GIRDAWARI | J110: BUT COULD NOT COMPARED WITH GIRDAWARI COMPLETION | K110: SUB TOTAL (COL.8+9+10) | P110: AS DUE DATE NOT OVER | Q110: OTHER REASONS
A111: 1 | B111: 2 | C111: 3 | D111: 4 | E111: 5 | F111: 6 | G111: 7 | H111: 8 | I111: 9 | J111: 10 | K111: 11 | L111: 12 | M111: 13 | N111: 14 | O111: 15 | P111: 16 | Q111: 17 | R111: 18 | S111: 19 | T111: 20 | U111: 21
A112: ='[1]Table-7'!V8 -> 1 | B112: KACHCHH | C112: ='[1]Table-7'!W8 -> 18 | D112: ='[1]Table-7'!X8 -> 1 | E112: ='[1]Table-7'!Y8 -> 0 | F112: ='[1]Table-7'!Z8 -> 0 | G112: ='[1]Table-7'!AA8 -> 1 | H112: ='[1]Table-7'!AB8 -> 0 | I112: ='[1]Table-7'!AC8 -> 0 | J112: ='[1]Table-7'!AD8 -> 0 | ... U112: ='[1]Table-7'!AO8 -> 0
A113: ='[1]Table-7'!V9 -> 2 | B113: BANASKANTHA | C113: ='[1]Table-7'!W9 -> 30 | D113: ='[1]Table-7'!X9 -> 0 | E113: ='[1]Table-7'!Y9 -> 0 | F113: ='[1]Table-7'!Z9 -> 0 | G113: ='[1]Table-7'!AA9 -> 0 | H113: ='[1]Table-7'!AB9 -> 0 | I113: ='[1]Table-7'!AC9 -> 0 | J113: ='[1]Table-7'!AD9 -> 0 | ... U113: ='[1]Table-7'!AO9 -> 0
A114: ='[1]Table-7'!V10 -> 3 | B114: PATAN | C114: ='[1]Table-7'!W10 -> 13 | D114: ='[1]Table-7'!X10 -> 0 | E114: ='[1]Table-7'!Y10 -> 0 | F114: ='[1]Table-7'!Z10 -> 0 | G114: ='[1]Table-7'!AA10 -> 0 | H114: ='[1]Table-7'!AB10 -> 0 | I114: ='[1]Table-7'!AC10 -> 0 | J114: ='[1]Table-7'!AD10 -> 0 | ... U114: ='[1]Table-7'!AO10 -> 0
A115: ='[1]Table-7'!V11 -> 4 | B115: MEHSANA | C115: ='[1]Table-7'!W11 -> 12 | D115: ='[1]Table-7'!X11 -> 0 | E115: ='[1]Table-7'!Y11 -> 0 | F115: ='[1]Table-7'!Z11 -> 0 | G115: ='[1]Table-7'!AA11 -> 0 | H115: ='[1]Table-7'!AB11 -> 0 | I115: ='[1]Table-7'!AC11 -> 0 | J115: ='[1]Table-7'!AD11 -> 0 | ... U115: ='[1]Table-7'!AO11 -> 0
A116: ='[1]Table-7'!V12 -> 5 | B116: SABARKANTHA | C116: ='[1]Table-7'!W12 -> 9 | D116: ='[1]Table-7'!X12 -> 0 | E116: ='[1]Table-7'!Y12 -> 0 | F116: ='[1]Table-7'!Z12 -> 0 | G116: ='[1]Table-7'!AA12 -> 0 | H116: ='[1]Table-7'!AB12 -> 0 | I116: ='[1]Table-7'!AC12 -> 0 | J116: ='[1]Table-7'!AD12 -> 0 | ... U116: ='[1]Table-7'!AO12 -> 0
A117: ='[1]Table-7'!V13 -> 6 | B117: GANDHINAGAR | C117: ='[1]Table-7'!W13 -> 6 | D117: ='[1]Table-7'!X13 -> 0 | E117: ='[1]Table-7'!Y13 -> 0 | F117: ='[1]Table-7'!Z13 -> 0 | G117: ='[1]Table-7'!AA13 -> 0 | H117: ='[1]Table-7'!AB13 -> 0 | I117: ='[1]Table-7'!AC13 -> 0 | J117: ='[1]Table-7'!AD13 -> 0 | ... U117: ='[1]Table-7'!AO13 -> 0
A118: ='[1]Table-7'!V14 -> 7 | B118: AHMEDABAD | C118: ='[1]Table-7'!W14 -> 16 | D118: ='[1]Table-7'!X14 -> 0 | E118: ='[1]Table-7'!Y14 -> 0 | F118: ='[1]Table-7'!Z14 -> 0 | G118: ='[1]Table-7'!AA14 -> 0 | H118: ='[1]Table-7'!AB14 -> 0 | I118: ='[1]Table-7'!AC14 -> 0 | J118: ='[1]Table-7'!AD14 -> 0 | ... U118: ='[1]Table-7'!AO14 -> 0
A119: ='[1]Table-7'!V15 -> 8 | B119: SURENDRANAGAR | C119: ='[1]Table-7'!W15 -> 21 | D119: ='[1]Table-7'!X15 -> 0 | E119: ='[1]Table-7'!Y15 -> 0 | F119: ='[1]Table-7'!Z15 -> 0 | G119: ='[1]Table-7'!AA15 -> 0 | H119: ='[1]Table-7'!AB15 -> 0 | I119: ='[1]Table-7'!AC15 -> 0 | J119: ='[1]Table-7'!AD15 -> 0 | ... U119: ='[1]Table-7'!AO15 -> 0
A120: ='[1]Table-7'!V16 -> 9 | B120: RAJKOT | C120: ='[1]Table-7'!W16 -> 20 | D120: ='[1]Table-7'!X16 -> 0 | E120: ='[1]Table-7'!Y16 -> 0 | F120: ='[1]Table-7'!Z16 -> 0 | G120: ='[1]Table-7'!AA16 -> 0 | H120: ='[1]Table-7'!AB16 -> 0 | I120: ='[1]Table-7'!AC16 -> 0 | J120: ='[1]Table-7'!AD16 -> 0 | ... U120: ='[1]Table-7'!AO16 -> 0
A121: ='[1]Table-7'!V17 -> 10 | B121: JAMNAGAR | C121: ='[1]Table-7'!W17 -> 12 | D121: ='[1]Table-7'!X17 -> 0 | E121: ='[1]Table-7'!Y17 -> 0 | F121: ='[1]Table-7'!Z17 -> 0 | G121: ='[1]Table-7'!AA17 -> 0 | H121: ='[1]Table-7'!AB17 -> 0 | I121: ='[1]Table-7'!AC17 -> 0 | J121: ='[1]Table-7'!AD17 -> 0 | ... U121: ='[1]Table-7'!AO17 -> 0
A122: ='[1]Table-7'!V18 -> 11 | B122: PORBANDAR | C122: ='[1]Table-7'!W18 -> 5 | D122: ='[1]Table-7'!X18 -> 0 | E122: ='[1]Table-7'!Y18 -> 0 | F122: ='[1]Table-7'!Z18 -> 0 | G122: ='[1]Table-7'!AA18 -> 0 | H122: ='[1]Table-7'!AB18 -> 0 | I122: ='[1]Table-7'!AC18 -> 0 | J122: ='[1]Table-7'!AD18 -> 0 | ... U122: ='[1]Table-7'!AO18 -> 0
A123: ='[1]Table-7'!V19 -> 12 | B123: JUNAGADH | C123: ='[1]Table-7'!W19 -> 16 | D123: ='[1]Table-7'!X19 -> 0 | E123: ='[1]Table-7'!Y19 -> 0 | F123: ='[1]Table-7'!Z19 -> 0 | G123: ='[1]Table-7'!AA19 -> 0 | H123: ='[1]Table-7'!AB19 -> 0 | I123: ='[1]Table-7'!AC19 -> 0 | J123: ='[1]Table-7'!AD19 -> 0 | ... U123: ='[1]Table-7'!AO19 -> 0
... A144: ='[1]Table-7'!V40 -> 33 | B144: MORBI | C144: ='[1]Table-7'!W40 -> 11 | D144: ='[1]Table-7'!X40 -> 0 | E144: ='[1]Table-7'!Y40 -> 0 | F144: ='[1]Table-7'!Z40 -> 0 | G144: ='[1]Table-7'!AA40 -> 0 | H144: ='[1]Table-7'!AB40 -> 0 | I144: ='[1]Table-7'!AC40 -> 0 | J144: ='[1]Table-7'!AD40 -> 0 | ... U144: ='[1]Table-7'!AO40 -> 0
A145: ='[1]Table-7'!V41 | C145: ='[1]Table-7'!W41 | D145: ='[1]Table-7'!X41 | E145: ='[1]Table-7'!Y41 | F145: ='[1]Table-7'!Z41 | G145: ='[1]Table-7'!AA41 | H145: ='[1]Table-7'!AB41 | I145: ='[1]Table-7'!AC41 | J145: ='[1]Table-7'!AD41 | ... U145: ='[1]Table-7'!AO41
A146: ='[1]Table-7'!V42 | C146: ='[1]Table-7'!W42 | D146: ='[1]Table-7'!X42 | E146: ='[1]Table-7'!Y42 | F146: ='[1]Table-7'!Z42 | G146: ='[1]Table-7'!AA42 | H146: ='[1]Table-7'!AB42 | I146: ='[1]Table-7'!AC42 | J146: ='[1]Table-7'!AD42 | ... U146: ='[1]Table-7'!AO42
A147: ='[1]Table-7'!V43 | C147: ='[1]Table-7'!W43 | D147: ='[1]Table-7'!X43 | E147: ='[1]Table-7'!Y43 | F147: ='[1]Table-7'!Z43 | G147: ='[1]Table-7'!AA43 | H147: ='[1]Table-7'!AB43 | I147: ='[1]Table-7'!AC43 | J147: ='[1]Table-7'!AD43 | ... U147: ='[1]Table-7'!AO43
A148: ='[1]Table-7'!V44 | C148: ='[1]Table-7'!W44 | D148: ='[1]Table-7'!X44 | E148: ='[1]Table-7'!Y44 | F148: ='[1]Table-7'!Z44 | G148: ='[1]Table-7'!AA44 | H148: ='[1]Table-7'!AB44 | I148: ='[1]Table-7'!AC44 | J148: ='[1]Table-7'!AD44 | ... U148: ='[1]Table-7'!AO44
A149: ='[1]Table-7'!V45 | C149: ='[1]Table-7'!W45 | D149: ='[1]Table-7'!X45 | E149: ='[1]Table-7'!Y45 | F149: ='[1]Table-7'!Z45 | G149: ='[1]Table-7'!AA45 | H149: ='[1]Table-7'!AB45 | I149: ='[1]Table-7'!AC45 | J149: ='[1]Table-7'!AD45 | ... U149: ='[1]Table-7'!AO45
A150: ='[1]Table-7'!V46 | C150: ='[1]Table-7'!W46 | D150: ='[1]Table-7'!X46 | E150: ='[1]Table-7'!Y46 | F150: ='[1]Table-7'!Z46 | G150: ='[1]Table-7'!AA46 | H150: ='[1]Table-7'!AB46 | I150: ='[1]Table-7'!AC46 | J150: ='[1]Table-7'!AD46 | ... U150: ='[1]Table-7'!AO46
A151: ='[1]Table-7'!V47 | C151: ='[1]Table-7'!W47 | D151: ='[1]Table-7'!X47 | E151: ='[1]Table-7'!Y47 | F151: ='[1]Table-7'!Z47 | G151: ='[1]Table-7'!AA47 | H151: ='[1]Table-7'!AB47 | I151: ='[1]Table-7'!AC47 | J151: ='[1]Table-7'!AD47 | ... U151: ='[1]Table-7'!AO47
A152: ='[1]Table-7'!V48 | C152: ='[1]Table-7'!W48 | D152: ='[1]Table-7'!X48 | E152: ='[1]Table-7'!Y48 | F152: ='[1]Table-7'!Z48 | G152: ='[1]Table-7'!AA48 | H152: ='[1]Table-7'!AB48 | I152: ='[1]Table-7'!AC48 | J152: ='[1]Table-7'!AD48 | ... U152: ='[1]Table-7'!AO48
A153: ='[1]Table-7'!V49 | C153: ='[1]Table-7'!W49 | D153: ='[1]Table-7'!X49 | E153: ='[1]Table-7'!Y49 | F153: ='[1]Table-7'!Z49 | G153: ='[1]Table-7'!AA49 | H153: ='[1]Table-7'!AB49 | I153: ='[1]Table-7'!AC49 | J153: ='[1]Table-7'!AD49 | ... U153: ='[1]Table-7'!AO49
A154: ='[1]Table-7'!V50 | C154: ='[1]Table-7'!W50 | D154: ='[1]Table-7'!X50 | E154: ='[1]Table-7'!Y50 | F154: ='[1]Table-7'!Z50 | G154: ='[1]Table-7'!AA50 | H154: ='[1]Table-7'!AB50 | I154: ='[1]Table-7'!AC50 | J154: ='[1]Table-7'!AD50 | ... U154: ='[1]Table-7'!AO50
A155: ='[1]Table-7'!V51 | C155: ='[1]Table-7'!W51 | D155: ='[1]Table-7'!X51 | E155: ='[1]Table-7'!Y51 | F155: ='[1]Table-7'!Z51 | G155: ='[1]Table-7'!AA51 | H155: ='[1]Table-7'!AB51 | I155: ='[1]Table-7'!AC51 | J155: ='[1]Table-7'!AD51 | ... U155: ='[1]Table-7'!AO51
A156: ='[1]Table-7'!V52 | C156: ='[1]Table-7'!W52 | D156: ='[1]Table-7'!X52 | E156: ='[1]Table-7'!Y52 | F156: ='[1]Table-7'!Z52 | G156: ='[1]Table-7'!AA52 | H156: ='[1]Table-7'!AB52 | I156: ='[1]Table-7'!AC52 | J156: ='[1]Table-7'!AD52 | ... U156: ='[1]Table-7'!AO52
... A203: ='[1]Table-7'!V99 -> TOTAL: | C203: ='[1]Table-7'!W99 -> 340 | D203: ='[1]Table-7'!X99 -> 2 | E203: ='[1]Table-7'!Y99 -> 1 | F203: ='[1]Table-7'!Z99 -> 0 | G203: ='[1]Table-7'!AA99 -> 3 | H203: ='[1]Table-7'!AB99 -> 0 | I203: ='[1]Table-7'!AC99 -> 0 | J203: ='[1]Table-7'!AD99 -> 0 | ... U203: ='[1]Table-7'!AO99 -> 0
A204: %AGE TO COL.(3) | D204: ='[1]Table-7'!X100 -> 0.59 | E204: ='[1]Table-7'!Y100 -> 0.29 | F204: ='[1]Table-7'!Z100 -> 0 | G204: ='[1]Table-7'!AA100 -> 0.88 | H204: ='[1]Table-7'!AB100 -> 0 | I204: ='[1]Table-7'!AC100 -> 0 | J204: ='[1]Table-7'!AD100 -> 0 | K204: ='[1]Table-7'!AE100 -> 0 | ... U204: ='[1]Table-7'!AO100 -> 0
A205: NOTE- (I) PERCENTAGE OF ALL COLUMNS EXCEPT COL.14 AND COL.15 ARE WITH THE REFERENCE TO COL.3
A206: (II) PERCENTAGE OF COL.14 AND COL.15 ARE WITH REFERENCE TO COL.13

Sheet RC1-A7 (2)
A1: T-11
A2: TABLE A-7: DISTRICTWISE DISTRIBUTION OF SELECTED VILLAGES ACCORDING TO THE SUBMISSION OF TRS STATEMENT.
A3: =info!$E$2 -> STATE: GUJARAT | H3: YEAR: | I3: ='[4]Table-7'!H2 -> 2024-25 | M3: SEASON: | O3: ='[4]Table-7'!N2 -> SUMMER(5) | U3: ='RC1-A1'!$K$3 -> SAMPLE: CENTRAL
A4: DISTRICT | B4: DISTRICT NAME | C4: NO. OF VILLAGES ANALYSED | D4: NUMBER OF VILLAGES FOR WHICH
D5: TRS STATEMENT SUBMITTED | N5: OUT OF COL. 12 | P5: TRS STATEMENT NOT SUBMITTED | T5: INFORMATION ABOUT SUBMISSION OR TRS STATEMENT NOT AVAILABLE | U5: TRS STATEMENT NOT TO BE SUBMITTED (A) BEING NON TRS VILLGES (B) AS PER STATE INSTRUCTION
D6: IN TIME | H6: LATE | L6: BUT DATE OF SUBMISSION NOT RECORDED | M6: TOTAL (COL. 7+ 11+ 12) | N6: TRS STATEMENT SUBMITTED IN STANDARD FORM | O6: DUPLICATE COPY OF STATEMENT KEPT | P6: THOUGH GIRDAWARI COMPLETED | R6: AS GIRDAWARI NOT COMPLETED | S6: SUB TOTAL (COL. 16+17+18)
D7: BEFORE GIRDAWARI | E7: AFTER GIRDAWARI | F7: BUT COULD NOT COMPARED WITH GIRDAWARI COMPLETION | G7: SUB TOTAL (COL. 4 +5+6) | H7: BEFORE GIRDAWARI | I7: AFTER GIRDAWARI | J7: BUT COULD NOT COMPARED WITH GIRDAWARI COMPLETION | K7: SUB TOTAL (COL.8+9+10) | P7: AS DUE DATE NOT OVER | Q7: OTHER REASONS
A8: 1 | B8: 2 | C8: 3 | D8: 4 | E8: 5 | F8: 6 | G8: 7 | H8: 8 | I8: 9 | J8: 10 | K8: 11 | L8: 12 | M8: 13 | N8: 14 | O8: 15 | P8: 16 | Q8: 17 | R8: 18 | S8: 19 | T8: 20 | U8: 21
A9: ='[4]Table-7'!A8 -> 1 | B9: KACHCHH | C9: ='[4]Table-7'!B8 -> 18 | D9: ='[4]Table-7'!C8 -> 0 | E9: ='[4]Table-7'!D8 -> 0 | F9: ='[4]Table-7'!E8 -> 0 | G9: ='[4]Table-7'!F8 -> 0 | H9: ='[4]Table-7'!G8 -> 0 | I9: ='[4]Table-7'!H8 -> 0 | J9: ='[4]Table-7'!I8 -> 0 | ... U9: ='[4]Table-7'!T8 -> 0
A10: ='[4]Table-7'!A9 -> 2 | B10: BANASKANTHA | C10: ='[4]Table-7'!B9 -> 30 | D10: ='[4]Table-7'!C9 -> 0 | E10: ='[4]Table-7'!D9 -> 0 | F10: ='[4]Table-7'!E9 -> 0 | G10: ='[4]Table-7'!F9 -> 0 | H10: ='[4]Table-7'!G9 -> 0 | I10: ='[4]Table-7'!H9 -> 0 | J10: ='[4]Table-7'!I9 -> 0 | ... U10: ='[4]Table-7'!T9 -> 0
A11: ='[4]Table-7'!A10 -> 3 | B11: PATAN | C11: ='[4]Table-7'!B10 -> 13 | D11: ='[4]Table-7'!C10 -> 0 | E11: ='[4]Table-7'!D10 -> 0 | F11: ='[4]Table-7'!E10 -> 0 | G11: ='[4]Table-7'!F10 -> 0 | H11: ='[4]Table-7'!G10 -> 0 | I11: ='[4]Table-7'!H10 -> 0 | J11: ='[4]Table-7'!I10 -> 0 | ... U11: ='[4]Table-7'!T10 -> 0
A12: ='[4]Table-7'!A11 -> 4 | B12: MEHSANA | C12: ='[4]Table-7'!B11 -> 12 | D12: ='[4]Table-7'!C11 -> 0 | E12: ='[4]Table-7'!D11 -> 0 | F12: ='[4]Table-7'!E11 -> 0 | G12: ='[4]Table-7'!F11 -> 0 | H12: ='[4]Table-7'!G11 -> 0 | I12: ='[4]Table-7'!H11 -> 0 | J12: ='[4]Table-7'!I11 -> 0 | ... U12: ='[4]Table-7'!T11 -> 0
A13: ='[4]Table-7'!A12 -> 5 | B13: SABARKANTHA | C13: ='[4]Table-7'!B12 -> 9 | D13: ='[4]Table-7'!C12 -> 0 | E13: ='[4]Table-7'!D12 -> 0 | F13: ='[4]Table-7'!E12 -> 0 | G13: ='[4]Table-7'!F12 -> 0 | H13: ='[4]Table-7'!G12 -> 0 | I13: ='[4]Table-7'!H12 -> 0 | J13: ='[4]Table-7'!I12 -> 0 | ... U13: ='[4]Table-7'!T12 -> 0
A14: ='[4]Table-7'!A13 -> 6 | B14: GANDHINAGAR | C14: ='[4]Table-7'!B13 -> 6 | D14: ='[4]Table-7'!C13 -> 0 | E14: ='[4]Table-7'!D13 -> 0 | F14: ='[4]Table-7'!E13 -> 0 | G14: ='[4]Table-7'!F13 -> 0 | H14: ='[4]Table-7'!G13 -> 0 | I14: ='[4]Table-7'!H13 -> 0 | J14: ='[4]Table-7'!I13 -> 0 | ... U14: ='[4]Table-7'!T13 -> 0
A15: ='[4]Table-7'!A14 -> 7 | B15: AHMEDABAD | C15: ='[4]Table-7'!B14 -> 16 | D15: ='[4]Table-7'!C14 -> 0 | E15: ='[4]Table-7'!D14 -> 0 | F15: ='[4]Table-7'!E14 -> 0 | G15: ='[4]Table-7'!F14 -> 0 | H15: ='[4]Table-7'!G14 -> 0 | I15: ='[4]Table-7'!H14 -> 0 | J15: ='[4]Table-7'!I14 -> 0 | ... U15: ='[4]Table-7'!T14 -> 0
A16: ='[4]Table-7'!A15 -> 8 | B16: SURENDRANAGAR | C16: ='[4]Table-7'!B15 -> 21 | D16: ='[4]Table-7'!C15 -> 0 | E16: ='[4]Table-7'!D15 -> 0 | F16: ='[4]Table-7'!E15 -> 0 | G16: ='[4]Table-7'!F15 -> 0 | H16: ='[4]Table-7'!G15 -> 0 | I16: ='[4]Table-7'!H15 -> 0 | J16: ='[4]Table-7'!I15 -> 0 | ... U16: ='[4]Table-7'!T15 -> 0
A17: ='[4]Table-7'!A16 -> 9 | B17: RAJKOT | C17: ='[4]Table-7'!B16 -> 20 | D17: ='[4]Table-7'!C16 -> 0 | E17: ='[4]Table-7'!D16 -> 0 | F17: ='[4]Table-7'!E16 -> 0 | G17: ='[4]Table-7'!F16 -> 0 | H17: ='[4]Table-7'!G16 -> 0 | I17: ='[4]Table-7'!H16 -> 0 | J17: ='[4]Table-7'!I16 -> 0 | ... U17: ='[4]Table-7'!T16 -> 0
A18: ='[4]Table-7'!A17 -> 10 | B18: JAMNAGAR | C18: ='[4]Table-7'!B17 -> 12 | D18: ='[4]Table-7'!C17 -> 0 | E18: ='[4]Table-7'!D17 -> 0 | F18: ='[4]Table-7'!E17 -> 0 | G18: ='[4]Table-7'!F17 -> 0 | H18: ='[4]Table-7'!G17 -> 0 | I18: ='[4]Table-7'!H17 -> 0 | J18: ='[4]Table-7'!I17 -> 0 | ... U18: ='[4]Table-7'!T17 -> 0
A19: ='[4]Table-7'!A18 -> 11 | B19: PORBANDAR | C19: ='[4]Table-7'!B18 -> 5 | D19: ='[4]Table-7'!C18 -> 0 | E19: ='[4]Table-7'!D18 -> 0 | F19: ='[4]Table-7'!E18 -> 0 | G19: ='[4]Table-7'!F18 -> 0 | H19: ='[4]Table-7'!G18 -> 0 | I19: ='[4]Table-7'!H18 -> 0 | J19: ='[4]Table-7'!I18 -> 0 | ... U19: ='[4]Table-7'!T18 -> 0
A20: ='[4]Table-7'!A19 -> 12 | B20: JUNAGADH | C20: ='[4]Table-7'!B19 -> 16 | D20: ='[4]Table-7'!C19 -> 0 | E20: ='[4]Table-7'!D19 -> 0 | F20: ='[4]Table-7'!E19 -> 0 | G20: ='[4]Table-7'!F19 -> 0 | H20: ='[4]Table-7'!G19 -> 0 | I20: ='[4]Table-7'!H19 -> 0 | J20: ='[4]Table-7'!I19 -> 0 | ... U20: ='[4]Table-7'!T19 -> 0
... A41: ='[4]Table-7'!A40 -> 33 | B41: MORBI | C41: ='[4]Table-7'!B40 -> 11 | D41: ='[4]Table-7'!C40 -> 0 | E41: ='[4]Table-7'!D40 -> 0 | F41: ='[4]Table-7'!E40 -> 0 | G41: ='[4]Table-7'!F40 -> 0 | H41: ='[4]Table-7'!G40 -> 0 | I41: ='[4]Table-7'!H40 -> 0 | J41: ='[4]Table-7'!I40 -> 0 | ... U41: ='[4]Table-7'!T40 -> 0
A42: ='[4]Table-7'!A41 | C42: ='[4]Table-7'!B41 | D42: ='[4]Table-7'!C41 | E42: ='[4]Table-7'!D41 | F42: ='[4]Table-7'!E41 | G42: ='[4]Table-7'!F41 | H42: ='[4]Table-7'!G41 | I42: ='[4]Table-7'!H41 | J42: ='[4]Table-7'!I41 | ... U42: ='[4]Table-7'!T41
A43: ='[4]Table-7'!A42 | C43: ='[4]Table-7'!B42 | D43: ='[4]Table-7'!C42 | E43: ='[4]Table-7'!D42 | F43: ='[4]Table-7'!E42 | G43: ='[4]Table-7'!F42 | H43: ='[4]Table-7'!G42 | I43: ='[4]Table-7'!H42 | J43: ='[4]Table-7'!I42 | ... U43: ='[4]Table-7'!T42
A44: ='[4]Table-7'!A43 | C44: ='[4]Table-7'!B43 | D44: ='[4]Table-7'!C43 | E44: ='[4]Table-7'!D43 | F44: ='[4]Table-7'!E43 | G44: ='[4]Table-7'!F43 | H44: ='[4]Table-7'!G43 | I44: ='[4]Table-7'!H43 | J44: ='[4]Table-7'!I43 | ... U44: ='[4]Table-7'!T43
A45: ='[4]Table-7'!A44 | C45: ='[4]Table-7'!B44 | D45: ='[4]Table-7'!C44 | E45: ='[4]Table-7'!D44 | F45: ='[4]Table-7'!E44 | G45: ='[4]Table-7'!F44 | H45: ='[4]Table-7'!G44 | I45: ='[4]Table-7'!H44 | J45: ='[4]Table-7'!I44 | ... U45: ='[4]Table-7'!T44
A46: ='[4]Table-7'!A45 | C46: ='[4]Table-7'!B45 | D46: ='[4]Table-7'!C45 | E46: ='[4]Table-7'!D45 | F46: ='[4]Table-7'!E45 | G46: ='[4]Table-7'!F45 | H46: ='[4]Table-7'!G45 | I46: ='[4]Table-7'!H45 | J46: ='[4]Table-7'!I45 | ... U46: ='[4]Table-7'!T45
A47: ='[4]Table-7'!A46 | C47: ='[4]Table-7'!B46 | D47: ='[4]Table-7'!C46 | E47: ='[4]Table-7'!D46 | F47: ='[4]Table-7'!E46 | G47: ='[4]Table-7'!F46 | H47: ='[4]Table-7'!G46 | I47: ='[4]Table-7'!H46 | J47: ='[4]Table-7'!I46 | ... U47: ='[4]Table-7'!T46
A48: ='[4]Table-7'!A47 | C48: ='[4]Table-7'!B47 | D48: ='[4]Table-7'!C47 | E48: ='[4]Table-7'!D47 | F48: ='[4]Table-7'!E47 | G48: ='[4]Table-7'!F47 | H48: ='[4]Table-7'!G47 | I48: ='[4]Table-7'!H47 | J48: ='[4]Table-7'!I47 | ... U48: ='[4]Table-7'!T47
A49: ='[4]Table-7'!A48 | C49: ='[4]Table-7'!B48 | D49: ='[4]Table-7'!C48 | E49: ='[4]Table-7'!D48 | F49: ='[4]Table-7'!E48 | G49: ='[4]Table-7'!F48 | H49: ='[4]Table-7'!G48 | I49: ='[4]Table-7'!H48 | J49: ='[4]Table-7'!I48 | ... U49: ='[4]Table-7'!T48
A50: ='[4]Table-7'!A49 | C50: ='[4]Table-7'!B49 | D50: ='[4]Table-7'!C49 | E50: ='[4]Table-7'!D49 | F50: ='[4]Table-7'!E49 | G50: ='[4]Table-7'!F49 | H50: ='[4]Table-7'!G49 | I50: ='[4]Table-7'!H49 | J50: ='[4]Table-7'!I49 | ... U50: ='[4]Table-7'!T49
A51: ='[4]Table-7'!A50 | C51: ='[4]Table-7'!B50 | D51: ='[4]Table-7'!C50 | E51: ='[4]Table-7'!D50 | F51: ='[4]Table-7'!E50 | G51: ='[4]Table-7'!F50 | H51: ='[4]Table-7'!G50 | I51: ='[4]Table-7'!H50 | J51: ='[4]Table-7'!I50 | ... U51: ='[4]Table-7'!T50
A52: ='[4]Table-7'!A51 | C52: ='[4]Table-7'!B51 | D52: ='[4]Table-7'!C51 | E52: ='[4]Table-7'!D51 | F52: ='[4]Table-7'!E51 | G52: ='[4]Table-7'!F51 | H52: ='[4]Table-7'!G51 | I52: ='[4]Table-7'!H51 | J52: ='[4]Table-7'!I51 | ... U52: ='[4]Table-7'!T51
A53: ='[4]Table-7'!A52 | C53: ='[4]Table-7'!B52 | D53: ='[4]Table-7'!C52 | E53: ='[4]Table-7'!D52 | F53: ='[4]Table-7'!E52 | G53: ='[4]Table-7'!F52 | H53: ='[4]Table-7'!G52 | I53: ='[4]Table-7'!H52 | J53: ='[4]Table-7'!I52 | ... U53: ='[4]Table-7'!T52
... A100: ='[4]Table-7'!A99 -> TOTAL: | C100: ='[4]Table-7'!B99 -> 339 | D100: ='[4]Table-7'!C99 -> 0 | E100: ='[4]Table-7'!D99 -> 0 | F100: ='[4]Table-7'!E99 -> 0 | G100: ='[4]Table-7'!F99 -> 0 | H100: ='[4]Table-7'!G99 -> 0 | I100: ='[4]Table-7'!H99 -> 0 | J100: ='[4]Table-7'!I99 -> 0 | ... U100: ='[4]Table-7'!T99 -> 0
A101: %AGE TO COL.(3) | D101: ='[4]Table-7'!C100 -> 0 | E101: ='[4]Table-7'!D100 -> 0 | F101: ='[4]Table-7'!E100 -> 0 | G101: ='[4]Table-7'!F100 -> 0 | H101: ='[4]Table-7'!G100 -> 0 | I101: ='[4]Table-7'!H100 -> 0 | J101: ='[4]Table-7'!I100 -> 0 | K101: ='[4]Table-7'!J100 -> 0 | ... U101: ='[4]Table-7'!T100 -> 0
A102: NOTE- (I) PERCENTAGE OF ALL COLUMNS EXCEPT COL.14 AND COL.15 ARE WITH THE REFERENCE TO COL.3
A103: (II) PERCENTAGE OF COL.14 AND COL.15 ARE WITH REFERENCE TO COL.13
A104: T-12
A105: TABLE A-7: DISTRICTWISE DISTRIBUTION OF SELECTED VILLAGES ACCORDING TO THE SUBMISSION OF TRS STATEMENT.
A106: =A3 -> STATE: GUJARAT | H106: YEAR: | I106: ='[4]Table-7'!AC2 -> 2024-25 | M106: SEASON: | O106: ='[4]Table-7'!AI2 -> SUMMER(5) | U106: ='RC1-A1'!$K$103 -> SAMPLE: STATE
A107: DISTRICT | B107: DISTRICT NAME | C107: NO. OF VILLAGES ANALYSED | D107: NUMBER OF VILLAGES FOR WHICH
D108: TRS STATEMENT SUBMITTED | N108: OUT OF COL. 12 | P108: TRS STATEMENT NOT SUBMITTED | T108: INFORMATION ABOUT SUBMISSION OR TRS STATEMENT NOT AVAILABLE | U108: TRS STATEMENT NOT TO BE SUBMITTED (A) BEING NON TRS VILLGES (B) AS PER STATE INSTRUCTION
D109: IN TIME | H109: LATE | L109: BUT DATE OF SUBMISSION NOT RECORDED | M109: TOTAL (COL. 7+ 11+ 12) | N109: TRS STATEMENT SUBMITTED IN STANDARD FORM | O109: DUPLICATE COPY OF STATEMENT KEPT | P109: THOUGH GIRDAWARI COMPLETED | R109: AS GIRDAWARI NOT COMPLETED | S109: SUB TOTAL (COL. 16+17+18)
D110: BEFORE GIRDAWARI | E110: AFTER GIRDAWARI | F110: BUT COULD NOT COMPARED WITH GIRDAWARI COMPLETION | G110: SUB TOTAL (COL. 4 +5+6) | H110: BEFORE GIRDAWARI | I110: AFTER GIRDAWARI | J110: BUT COULD NOT COMPARED WITH GIRDAWARI COMPLETION | K110: SUB TOTAL (COL.8+9+10) | P110: AS DUE DATE NOT OVER | Q110: OTHER REASONS
A111: 1 | B111: 2 | C111: 3 | D111: 4 | E111: 5 | F111: 6 | G111: 7 | H111: 8 | I111: 9 | J111: 10 | K111: 11 | L111: 12 | M111: 13 | N111: 14 | O111: 15 | P111: 16 | Q111: 17 | R111: 18 | S111: 19 | T111: 20 | U111: 21
A112: ='[4]Table-7'!V8 -> 1 | B112: KACHCHH | C112: ='[4]Table-7'!W8 -> 18 | D112: ='[4]Table-7'!X8 -> 0 | E112: ='[4]Table-7'!Y8 -> 0 | F112: ='[4]Table-7'!Z8 -> 0 | G112: ='[4]Table-7'!AA8 -> 0 | H112: ='[4]Table-7'!AB8 -> 0 | I112: ='[4]Table-7'!AC8 -> 0 | J112: ='[4]Table-7'!AD8 -> 0 | ... U112: ='[4]Table-7'!AO8 -> 0
A113: ='[4]Table-7'!V9 -> 2 | B113: BANASKANTHA | C113: ='[4]Table-7'!W9 -> 30 | D113: ='[4]Table-7'!X9 -> 0 | E113: ='[4]Table-7'!Y9 -> 0 | F113: ='[4]Table-7'!Z9 -> 0 | G113: ='[4]Table-7'!AA9 -> 0 | H113: ='[4]Table-7'!AB9 -> 0 | I113: ='[4]Table-7'!AC9 -> 0 | J113: ='[4]Table-7'!AD9 -> 0 | ... U113: ='[4]Table-7'!AO9 -> 0
A114: ='[4]Table-7'!V10 -> 3 | B114: PATAN | C114: ='[4]Table-7'!W10 -> 13 | D114: ='[4]Table-7'!X10 -> 0 | E114: ='[4]Table-7'!Y10 -> 0 | F114: ='[4]Table-7'!Z10 -> 0 | G114: ='[4]Table-7'!AA10 -> 0 | H114: ='[4]Table-7'!AB10 -> 0 | I114: ='[4]Table-7'!AC10 -> 0 | J114: ='[4]Table-7'!AD10 -> 0 | ... U114: ='[4]Table-7'!AO10 -> 0
A115: ='[4]Table-7'!V11 -> 4 | B115: MEHSANA | C115: ='[4]Table-7'!W11 -> 12 | D115: ='[4]Table-7'!X11 -> 0 | E115: ='[4]Table-7'!Y11 -> 0 | F115: ='[4]Table-7'!Z11 -> 0 | G115: ='[4]Table-7'!AA11 -> 0 | H115: ='[4]Table-7'!AB11 -> 0 | I115: ='[4]Table-7'!AC11 -> 0 | J115: ='[4]Table-7'!AD11 -> 0 | ... U115: ='[4]Table-7'!AO11 -> 0
A116: ='[4]Table-7'!V12 -> 5 | B116: SABARKANTHA | C116: ='[4]Table-7'!W12 -> 9 | D116: ='[4]Table-7'!X12 -> 0 | E116: ='[4]Table-7'!Y12 -> 0 | F116: ='[4]Table-7'!Z12 -> 0 | G116: ='[4]Table-7'!AA12 -> 0 | H116: ='[4]Table-7'!AB12 -> 0 | I116: ='[4]Table-7'!AC12 -> 0 | J116: ='[4]Table-7'!AD12 -> 0 | ... U116: ='[4]Table-7'!AO12 -> 0
A117: ='[4]Table-7'!V13 -> 6 | B117: GANDHINAGAR | C117: ='[4]Table-7'!W13 -> 6 | D117: ='[4]Table-7'!X13 -> 0 | E117: ='[4]Table-7'!Y13 -> 0 | F117: ='[4]Table-7'!Z13 -> 0 | G117: ='[4]Table-7'!AA13 -> 0 | H117: ='[4]Table-7'!AB13 -> 0 | I117: ='[4]Table-7'!AC13 -> 0 | J117: ='[4]Table-7'!AD13 -> 0 | ... U117: ='[4]Table-7'!AO13 -> 0
A118: ='[4]Table-7'!V14 -> 7 | B118: AHMEDABAD | C118: ='[4]Table-7'!W14 -> 16 | D118: ='[4]Table-7'!X14 -> 0 | E118: ='[4]Table-7'!Y14 -> 0 | F118: ='[4]Table-7'!Z14 -> 0 | G118: ='[4]Table-7'!AA14 -> 0 | H118: ='[4]Table-7'!AB14 -> 0 | I118: ='[4]Table-7'!AC14 -> 0 | J118: ='[4]Table-7'!AD14 -> 0 | ... U118: ='[4]Table-7'!AO14 -> 0
A119: ='[4]Table-7'!V15 -> 8 | B119: SURENDRANAGAR | C119: ='[4]Table-7'!W15 -> 21 | D119: ='[4]Table-7'!X15 -> 0 | E119: ='[4]Table-7'!Y15 -> 0 | F119: ='[4]Table-7'!Z15 -> 0 | G119: ='[4]Table-7'!AA15 -> 0 | H119: ='[4]Table-7'!AB15 -> 0 | I119: ='[4]Table-7'!AC15 -> 0 | J119: ='[4]Table-7'!AD15 -> 0 | ... U119: ='[4]Table-7'!AO15 -> 0
A120: ='[4]Table-7'!V16 -> 9 | B120: RAJKOT | C120: ='[4]Table-7'!W16 -> 20 | D120: ='[4]Table-7'!X16 -> 0 | E120: ='[4]Table-7'!Y16 -> 0 | F120: ='[4]Table-7'!Z16 -> 0 | G120: ='[4]Table-7'!AA16 -> 0 | H120: ='[4]Table-7'!AB16 -> 0 | I120: ='[4]Table-7'!AC16 -> 0 | J120: ='[4]Table-7'!AD16 -> 0 | ... U120: ='[4]Table-7'!AO16 -> 0
A121: ='[4]Table-7'!V17 -> 10 | B121: JAMNAGAR | C121: ='[4]Table-7'!W17 -> 12 | D121: ='[4]Table-7'!X17 -> 0 | E121: ='[4]Table-7'!Y17 -> 0 | F121: ='[4]Table-7'!Z17 -> 0 | G121: ='[4]Table-7'!AA17 -> 0 | H121: ='[4]Table-7'!AB17 -> 0 | I121: ='[4]Table-7'!AC17 -> 0 | J121: ='[4]Table-7'!AD17 -> 0 | ... U121: ='[4]Table-7'!AO17 -> 0
A122: ='[4]Table-7'!V18 -> 11 | B122: PORBANDAR | C122: ='[4]Table-7'!W18 -> 5 | D122: ='[4]Table-7'!X18 -> 0 | E122: ='[4]Table-7'!Y18 -> 0 | F122: ='[4]Table-7'!Z18 -> 0 | G122: ='[4]Table-7'!AA18 -> 0 | H122: ='[4]Table-7'!AB18 -> 0 | I122: ='[4]Table-7'!AC18 -> 0 | J122: ='[4]Table-7'!AD18 -> 0 | ... U122: ='[4]Table-7'!AO18 -> 0
A123: ='[4]Table-7'!V19 -> 12 | B123: JUNAGADH | C123: ='[4]Table-7'!W19 -> 16 | D123: ='[4]Table-7'!X19 -> 0 | E123: ='[4]Table-7'!Y19 -> 0 | F123: ='[4]Table-7'!Z19 -> 0 | G123: ='[4]Table-7'!AA19 -> 0 | H123: ='[4]Table-7'!AB19 -> 0 | I123: ='[4]Table-7'!AC19 -> 0 | J123: ='[4]Table-7'!AD19 -> 0 | ... U123: ='[4]Table-7'!AO19 -> 0
... A144: ='[4]Table-7'!V40 -> 33 | B144: MORBI | C144: ='[4]Table-7'!W40 -> 11 | D144: ='[4]Table-7'!X40 -> 0 | E144: ='[4]Table-7'!Y40 -> 0 | F144: ='[4]Table-7'!Z40 -> 0 | G144: ='[4]Table-7'!AA40 -> 0 | H144: ='[4]Table-7'!AB40 -> 0 | I144: ='[4]Table-7'!AC40 -> 0 | J144: ='[4]Table-7'!AD40 -> 0 | ... U144: ='[4]Table-7'!AO40 -> 0
A145: ='[4]Table-7'!V41 | C145: ='[4]Table-7'!W41 | D145: ='[4]Table-7'!X41 | E145: ='[4]Table-7'!Y41 | F145: ='[4]Table-7'!Z41 | G145: ='[4]Table-7'!AA41 | H145: ='[4]Table-7'!AB41 | I145: ='[4]Table-7'!AC41 | J145: ='[4]Table-7'!AD41 | ... U145: ='[4]Table-7'!AO41
A146: ='[4]Table-7'!V42 | C146: ='[4]Table-7'!W42 | D146: ='[4]Table-7'!X42 | E146: ='[4]Table-7'!Y42 | F146: ='[4]Table-7'!Z42 | G146: ='[4]Table-7'!AA42 | H146: ='[4]Table-7'!AB42 | I146: ='[4]Table-7'!AC42 | J146: ='[4]Table-7'!AD42 | ... U146: ='[4]Table-7'!AO42
A147: ='[4]Table-7'!V43 | C147: ='[4]Table-7'!W43 | D147: ='[4]Table-7'!X43 | E147: ='[4]Table-7'!Y43 | F147: ='[4]Table-7'!Z43 | G147: ='[4]Table-7'!AA43 | H147: ='[4]Table-7'!AB43 | I147: ='[4]Table-7'!AC43 | J147: ='[4]Table-7'!AD43 | ... U147: ='[4]Table-7'!AO43
A148: ='[4]Table-7'!V44 | C148: ='[4]Table-7'!W44 | D148: ='[4]Table-7'!X44 | E148: ='[4]Table-7'!Y44 | F148: ='[4]Table-7'!Z44 | G148: ='[4]Table-7'!AA44 | H148: ='[4]Table-7'!AB44 | I148: ='[4]Table-7'!AC44 | J148: ='[4]Table-7'!AD44 | ... U148: ='[4]Table-7'!AO44
A149: ='[4]Table-7'!V45 | C149: ='[4]Table-7'!W45 | D149: ='[4]Table-7'!X45 | E149: ='[4]Table-7'!Y45 | F149: ='[4]Table-7'!Z45 | G149: ='[4]Table-7'!AA45 | H149: ='[4]Table-7'!AB45 | I149: ='[4]Table-7'!AC45 | J149: ='[4]Table-7'!AD45 | ... U149: ='[4]Table-7'!AO45
A150: ='[4]Table-7'!V46 | C150: ='[4]Table-7'!W46 | D150: ='[4]Table-7'!X46 | E150: ='[4]Table-7'!Y46 | F150: ='[4]Table-7'!Z46 | G150: ='[4]Table-7'!AA46 | H150: ='[4]Table-7'!AB46 | I150: ='[4]Table-7'!AC46 | J150: ='[4]Table-7'!AD46 | ... U150: ='[4]Table-7'!AO46
A151: ='[4]Table-7'!V47 | C151: ='[4]Table-7'!W47 | D151: ='[4]Table-7'!X47 | E151: ='[4]Table-7'!Y47 | F151: ='[4]Table-7'!Z47 | G151: ='[4]Table-7'!AA47 | H151: ='[4]Table-7'!AB47 | I151: ='[4]Table-7'!AC47 | J151: ='[4]Table-7'!AD47 | ... U151: ='[4]Table-7'!AO47
A152: ='[4]Table-7'!V48 | C152: ='[4]Table-7'!W48 | D152: ='[4]Table-7'!X48 | E152: ='[4]Table-7'!Y48 | F152: ='[4]Table-7'!Z48 | G152: ='[4]Table-7'!AA48 | H152: ='[4]Table-7'!AB48 | I152: ='[4]Table-7'!AC48 | J152: ='[4]Table-7'!AD48 | ... U152: ='[4]Table-7'!AO48
A153: ='[4]Table-7'!V49 | C153: ='[4]Table-7'!W49 | D153: ='[4]Table-7'!X49 | E153: ='[4]Table-7'!Y49 | F153: ='[4]Table-7'!Z49 | G153: ='[4]Table-7'!AA49 | H153: ='[4]Table-7'!AB49 | I153: ='[4]Table-7'!AC49 | J153: ='[4]Table-7'!AD49 | ... U153: ='[4]Table-7'!AO49
A154: ='[4]Table-7'!V50 | C154: ='[4]Table-7'!W50 | D154: ='[4]Table-7'!X50 | E154: ='[4]Table-7'!Y50 | F154: ='[4]Table-7'!Z50 | G154: ='[4]Table-7'!AA50 | H154: ='[4]Table-7'!AB50 | I154: ='[4]Table-7'!AC50 | J154: ='[4]Table-7'!AD50 | ... U154: ='[4]Table-7'!AO50
A155: ='[4]Table-7'!V51 | C155: ='[4]Table-7'!W51 | D155: ='[4]Table-7'!X51 | E155: ='[4]Table-7'!Y51 | F155: ='[4]Table-7'!Z51 | G155: ='[4]Table-7'!AA51 | H155: ='[4]Table-7'!AB51 | I155: ='[4]Table-7'!AC51 | J155: ='[4]Table-7'!AD51 | ... U155: ='[4]Table-7'!AO51
A156: ='[4]Table-7'!V52 | C156: ='[4]Table-7'!W52 | D156: ='[4]Table-7'!X52 | E156: ='[4]Table-7'!Y52 | F156: ='[4]Table-7'!Z52 | G156: ='[4]Table-7'!AA52 | H156: ='[4]Table-7'!AB52 | I156: ='[4]Table-7'!AC52 | J156: ='[4]Table-7'!AD52 | ... U156: ='[4]Table-7'!AO52
... A203: ='[4]Table-7'!V99 -> TOTAL: | C203: ='[4]Table-7'!W99 -> 340 | D203: ='[4]Table-7'!X99 -> 0 | E203: ='[4]Table-7'!Y99 -> 0 | F203: ='[4]Table-7'!Z99 -> 0 | G203: ='[4]Table-7'!AA99 -> 0 | H203: ='[4]Table-7'!AB99 -> 0 | I203: ='[4]Table-7'!AC99 -> 0 | J203: ='[4]Table-7'!AD99 -> 0 | ... U203: ='[4]Table-7'!AO99 -> 0
A204: %AGE TO COL.(3) | D204: ='[4]Table-7'!X100 -> 0 | E204: ='[4]Table-7'!Y100 -> 0 | F204: ='[4]Table-7'!Z100 -> 0 | G204: ='[4]Table-7'!AA100 -> 0 | H204: ='[4]Table-7'!AB100 -> 0 | I204: ='[4]Table-7'!AC100 -> 0 | J204: ='[4]Table-7'!AD100 -> 0 | K204: ='[4]Table-7'!AE100 -> 0 | ... U204: ='[4]Table-7'!AO100 -> 0
A205: NOTE- (I) PERCENTAGE OF ALL COLUMNS EXCEPT COL.14 AND COL.15 ARE WITH THE REFERENCE TO COL.3
A206: (II) PERCENTAGE OF COL.14 AND COL.15 ARE WITH REFERENCE TO COL.13

Sheet RC1-A14
A1: T-13
A2: TABLE A-14: DISTRICTWISE DISTRIBUTION OF SAMPLE VILLAGES FOR WHICH THE AREAS UNDER CROPS ARE NOT AVAILABLE FOR PREVIOUS/CURRENT YEAR.
A3: =info!$E$2 -> STATE: GUJARAT | I3: YEAR: | K3: ='[1]Table-14'!J3 -> 2024-25 | O3: SEASON: | Q3: ='[1]Table-14'!P3 -> RABI(4) | Y3: ='RC1-A1'!$K$3 -> SAMPLE: CENTRAL
A4: DISTRICT | B4: DISTRICT NAME | C4: NO. OF VILLAGE ANALYSED | D4: NO.OF VILLAGES FOR WHICH AREA FIGURES FOR PREVIOUS YEAR ARE NOT AVAILABLE | R4: NO.OF VILLAGES FOR WHICH AREA FIGURES ARE NOT AVAILABLE FOR CURRENT YEAR FOR THE REASONS@
D6: FOR SELECTED CLUSTERS FOR THE REASONS@ | J6: FOR VILLAGES AS A WHOLE FOR THE REASONS@
D8: 0 | E8: 1 | F8: 2 | G8: 4 | H8: 6 | I8: 8 | J8: 0 | K8: 1 | L8: 2 | M8: 3 | N8: 4 | O8: 6 | P8: 7 | Q8: 8 | R8: 0 | S8: 1 | T8: 2 | U8: 3 | V8: 4 | W8: 6 | X8: 7 | Y8: 8
A9: 1 | B9: 2 | C9: 3 | D9: 4 | E9: 5 | F9: 6 | G9: 7 | H9: 8 | I9: 9 | J9: 10 | K9: 11 | L9: 12 | M9: 13 | N9: 14 | O9: 15 | P9: 16 | Q9: 17 | R9: 18 | S9: 19 | T9: 20 | U9: 21 | V9: 22 | W9: 23 | X9: 24 | Y9: 25
A10: ='[1]Table-14'!A10 -> 1 | B10: KACHCHH | C10: ='[1]Table-14'!B10 -> 18 | D10: ='[1]Table-14'!C10 -> 0 | E10: ='[1]Table-14'!D10 -> 0 | F10: ='[1]Table-14'!E10 -> 0 | G10: ='[1]Table-14'!F10 -> 18 | H10: ='[1]Table-14'!G10 -> 0 | I10: ='[1]Table-14'!H10 -> 0 | J10: ='[1]Table-14'!I10 -> 0 | ... Y10: ='[1]Table-14'!X10 -> 0
A11: ='[1]Table-14'!A11 -> 2 | B11: BANASKANTHA | C11: ='[1]Table-14'!B11 -> 30 | D11: ='[1]Table-14'!C11 -> 0 | E11: ='[1]Table-14'!D11 -> 0 | F11: ='[1]Table-14'!E11 -> 0 | G11: ='[1]Table-14'!F11 -> 30 | H11: ='[1]Table-14'!G11 -> 0 | I11: ='[1]Table-14'!H11 -> 0 | J11: ='[1]Table-14'!I11 -> 0 | ... Y11: ='[1]Table-14'!X11 -> 0
A12: ='[1]Table-14'!A12 -> 3 | B12: PATAN | C12: ='[1]Table-14'!B12 -> 13 | D12: ='[1]Table-14'!C12 -> 0 | E12: ='[1]Table-14'!D12 -> 0 | F12: ='[1]Table-14'!E12 -> 0 | G12: ='[1]Table-14'!F12 -> 13 | H12: ='[1]Table-14'!G12 -> 0 | I12: ='[1]Table-14'!H12 -> 0 | J12: ='[1]Table-14'!I12 -> 0 | ... Y12: ='[1]Table-14'!X12 -> 0
A13: ='[1]Table-14'!A13 -> 4 | B13: MEHSANA | C13: ='[1]Table-14'!B13 -> 12 | D13: ='[1]Table-14'!C13 -> 0 | E13: ='[1]Table-14'!D13 -> 0 | F13: ='[1]Table-14'!E13 -> 0 | G13: ='[1]Table-14'!F13 -> 12 | H13: ='[1]Table-14'!G13 -> 0 | I13: ='[1]Table-14'!H13 -> 0 | J13: ='[1]Table-14'!I13 -> 0 | ... Y13: ='[1]Table-14'!X13 -> 0
A14: ='[1]Table-14'!A14 -> 5 | B14: SABARKANTHA | C14: ='[1]Table-14'!B14 -> 9 | D14: ='[1]Table-14'!C14 -> 0 | E14: ='[1]Table-14'!D14 -> 0 | F14: ='[1]Table-14'!E14 -> 0 | G14: ='[1]Table-14'!F14 -> 9 | H14: ='[1]Table-14'!G14 -> 0 | I14: ='[1]Table-14'!H14 -> 0 | J14: ='[1]Table-14'!I14 -> 0 | ... Y14: ='[1]Table-14'!X14 -> 0
A15: ='[1]Table-14'!A15 -> 6 | B15: GANDHINAGAR | C15: ='[1]Table-14'!B15 -> 6 | D15: ='[1]Table-14'!C15 -> 0 | E15: ='[1]Table-14'!D15 -> 0 | F15: ='[1]Table-14'!E15 -> 0 | G15: ='[1]Table-14'!F15 -> 6 | H15: ='[1]Table-14'!G15 -> 0 | I15: ='[1]Table-14'!H15 -> 0 | J15: ='[1]Table-14'!I15 -> 0 | ... Y15: ='[1]Table-14'!X15 -> 0
A16: ='[1]Table-14'!A16 -> 7 | B16: AHMEDABAD | C16: ='[1]Table-14'!B16 -> 16 | D16: ='[1]Table-14'!C16 -> 0 | E16: ='[1]Table-14'!D16 -> 0 | F16: ='[1]Table-14'!E16 -> 0 | G16: ='[1]Table-14'!F16 -> 16 | H16: ='[1]Table-14'!G16 -> 0 | I16: ='[1]Table-14'!H16 -> 0 | J16: ='[1]Table-14'!I16 -> 0 | ... Y16: ='[1]Table-14'!X16 -> 0
A17: ='[1]Table-14'!A17 -> 8 | B17: SURENDRANAGAR | C17: ='[1]Table-14'!B17 -> 21 | D17: ='[1]Table-14'!C17 -> 0 | E17: ='[1]Table-14'!D17 -> 0 | F17: ='[1]Table-14'!E17 -> 0 | G17: ='[1]Table-14'!F17 -> 21 | H17: ='[1]Table-14'!G17 -> 0 | I17: ='[1]Table-14'!H17 -> 0 | J17: ='[1]Table-14'!I17 -> 0 | ... Y17: ='[1]Table-14'!X17 -> 0
A18: ='[1]Table-14'!A18 -> 9 | B18: RAJKOT | C18: ='[1]Table-14'!B18 -> 20 | D18: ='[1]Table-14'!C18 -> 0 | E18: ='[1]Table-14'!D18 -> 0 | F18: ='[1]Table-14'!E18 -> 0 | G18: ='[1]Table-14'!F18 -> 20 | H18: ='[1]Table-14'!G18 -> 0 | I18: ='[1]Table-14'!H18 -> 0 | J18: ='[1]Table-14'!I18 -> 0 | ... Y18: ='[1]Table-14'!X18 -> 0
A19: ='[1]Table-14'!A19 -> 10 | B19: JAMNAGAR | C19: ='[1]Table-14'!B19 -> 12 | D19: ='[1]Table-14'!C19 -> 0 | E19: ='[1]Table-14'!D19 -> 0 | F19: ='[1]Table-14'!E19 -> 0 | G19: ='[1]Table-14'!F19 -> 12 | H19: ='[1]Table-14'!G19 -> 0 | I19: ='[1]Table-14'!H19 -> 0 | J19: ='[1]Table-14'!I19 -> 0 | ... Y19: ='[1]Table-14'!X19 -> 0
A20: ='[1]Table-14'!A20 -> 11 | B20: PORBANDAR | C20: ='[1]Table-14'!B20 -> 5 | D20: ='[1]Table-14'!C20 -> 0 | E20: ='[1]Table-14'!D20 -> 0 | F20: ='[1]Table-14'!E20 -> 0 | G20: ='[1]Table-14'!F20 -> 5 | H20: ='[1]Table-14'!G20 -> 0 | I20: ='[1]Table-14'!H20 -> 0 | J20: ='[1]Table-14'!I20 -> 0 | ... Y20: ='[1]Table-14'!X20 -> 0
A21: ='[1]Table-14'!A21 -> 12 | B21: JUNAGADH | C21: ='[1]Table-14'!B21 -> 16 | D21: ='[1]Table-14'!C21 -> 0 | E21: ='[1]Table-14'!D21 -> 0 | F21: ='[1]Table-14'!E21 -> 0 | G21: ='[1]Table-14'!F21 -> 16 | H21: ='[1]Table-14'!G21 -> 0 | I21: ='[1]Table-14'!H21 -> 0 | J21: ='[1]Table-14'!I21 -> 0 | ... Y21: ='[1]Table-14'!X21 -> 0
... A42: ='[1]Table-14'!A42 -> 33 | B42: MORBI | C42: ='[1]Table-14'!B42 -> 11 | D42: ='[1]Table-14'!C42 -> 0 | E42: ='[1]Table-14'!D42 -> 0 | F42: ='[1]Table-14'!E42 -> 0 | G42: ='[1]Table-14'!F42 -> 11 | H42: ='[1]Table-14'!G42 -> 0 | I42: ='[1]Table-14'!H42 -> 0 | J42: ='[1]Table-14'!I42 -> 0 | ... Y42: ='[1]Table-14'!X42 -> 0
A43: ='[1]Table-14'!A43 | C43: ='[1]Table-14'!B43 | D43: ='[1]Table-14'!C43 | E43: ='[1]Table-14'!D43 | F43: ='[1]Table-14'!E43 | G43: ='[1]Table-14'!F43 | H43: ='[1]Table-14'!G43 | I43: ='[1]Table-14'!H43 | J43: ='[1]Table-14'!I43 | ... Y43: ='[1]Table-14'!X43
A44: ='[1]Table-14'!A44 | C44: ='[1]Table-14'!B44 | D44: ='[1]Table-14'!C44 | E44: ='[1]Table-14'!D44 | F44: ='[1]Table-14'!E44 | G44: ='[1]Table-14'!F44 | H44: ='[1]Table-14'!G44 | I44: ='[1]Table-14'!H44 | J44: ='[1]Table-14'!I44 | ... Y44: ='[1]Table-14'!X44
A45: ='[1]Table-14'!A45 | C45: ='[1]Table-14'!B45 | D45: ='[1]Table-14'!C45 | E45: ='[1]Table-14'!D45 | F45: ='[1]Table-14'!E45 | G45: ='[1]Table-14'!F45 | H45: ='[1]Table-14'!G45 | I45: ='[1]Table-14'!H45 | J45: ='[1]Table-14'!I45 | ... Y45: ='[1]Table-14'!X45
A46: ='[1]Table-14'!A46 | C46: ='[1]Table-14'!B46 | D46: ='[1]Table-14'!C46 | E46: ='[1]Table-14'!D46 | F46: ='[1]Table-14'!E46 | G46: ='[1]Table-14'!F46 | H46: ='[1]Table-14'!G46 | I46: ='[1]Table-14'!H46 | J46: ='[1]Table-14'!I46 | ... Y46: ='[1]Table-14'!X46
A47: ='[1]Table-14'!A47 | C47: ='[1]Table-14'!B47 | D47: ='[1]Table-14'!C47 | E47: ='[1]Table-14'!D47 | F47: ='[1]Table-14'!E47 | G47: ='[1]Table-14'!F47 | H47: ='[1]Table-14'!G47 | I47: ='[1]Table-14'!H47 | J47: ='[1]Table-14'!I47 | ... Y47: ='[1]Table-14'!X47
A48: ='[1]Table-14'!A48 | C48: ='[1]Table-14'!B48 | D48: ='[1]Table-14'!C48 | E48: ='[1]Table-14'!D48 | F48: ='[1]Table-14'!E48 | G48: ='[1]Table-14'!F48 | H48: ='[1]Table-14'!G48 | I48: ='[1]Table-14'!H48 | J48: ='[1]Table-14'!I48 | ... Y48: ='[1]Table-14'!X48
A49: ='[1]Table-14'!A49 | C49: ='[1]Table-14'!B49 | D49: ='[1]Table-14'!C49 | E49: ='[1]Table-14'!D49 | F49: ='[1]Table-14'!E49 | G49: ='[1]Table-14'!F49 | H49: ='[1]Table-14'!G49 | I49: ='[1]Table-14'!H49 | J49: ='[1]Table-14'!I49 | ... Y49: ='[1]Table-14'!X49
A50: ='[1]Table-14'!A50 | C50: ='[1]Table-14'!B50 | D50: ='[1]Table-14'!C50 | E50: ='[1]Table-14'!D50 | F50: ='[1]Table-14'!E50 | G50: ='[1]Table-14'!F50 | H50: ='[1]Table-14'!G50 | I50: ='[1]Table-14'!H50 | J50: ='[1]Table-14'!I50 | ... Y50: ='[1]Table-14'!X50
A51: ='[1]Table-14'!A51 | C51: ='[1]Table-14'!B51 | D51: ='[1]Table-14'!C51 | E51: ='[1]Table-14'!D51 | F51: ='[1]Table-14'!E51 | G51: ='[1]Table-14'!F51 | H51: ='[1]Table-14'!G51 | I51: ='[1]Table-14'!H51 | J51: ='[1]Table-14'!I51 | ... Y51: ='[1]Table-14'!X51
A52: ='[1]Table-14'!A52 | C52: ='[1]Table-14'!B52 | D52: ='[1]Table-14'!C52 | E52: ='[1]Table-14'!D52 | F52: ='[1]Table-14'!E52 | G52: ='[1]Table-14'!F52 | H52: ='[1]Table-14'!G52 | I52: ='[1]Table-14'!H52 | J52: ='[1]Table-14'!I52 | ... Y52: ='[1]Table-14'!X52
A53: ='[1]Table-14'!A53 | C53: ='[1]Table-14'!B53 | D53: ='[1]Table-14'!C53 | E53: ='[1]Table-14'!D53 | F53: ='[1]Table-14'!E53 | G53: ='[1]Table-14'!F53 | H53: ='[1]Table-14'!G53 | I53: ='[1]Table-14'!H53 | J53: ='[1]Table-14'!I53 | ... Y53: ='[1]Table-14'!X53
A54: ='[1]Table-14'!A54 | C54: ='[1]Table-14'!B54 | D54: ='[1]Table-14'!C54 | E54: ='[1]Table-14'!D54 | F54: ='[1]Table-14'!E54 | G54: ='[1]Table-14'!F54 | H54: ='[1]Table-14'!G54 | I54: ='[1]Table-14'!H54 | J54: ='[1]Table-14'!I54 | ... Y54: ='[1]Table-14'!X54
... A100: ='[1]Table-14'!A100 -> TOTAL | C100: ='[1]Table-14'!B100 -> 339 | D100: ='[1]Table-14'!C100 -> 0 | E100: ='[1]Table-14'!D100 -> 0 | F100: ='[1]Table-14'!E100 -> 0 | G100: ='[1]Table-14'!F100 -> 339 | H100: ='[1]Table-14'!G100 -> 0 | I100: ='[1]Table-14'!H100 -> 0 | J100: ='[1]Table-14'!I100 -> 0 | ... Y100: ='[1]Table-14'!X100 -> 0
A101: %AGE TO COL. (3) | D101: ='[1]Table-14'!C101 -> 0 | E101: ='[1]Table-14'!D101 -> 0 | F101: ='[1]Table-14'!E101 -> 0 | G101: ='[1]Table-14'!F101 -> 100 | H101: ='[1]Table-14'!G101 -> 0 | I101: ='[1]Table-14'!H101 -> 0 | J101: ='[1]Table-14'!I101 -> 0 | K101: ='[1]Table-14'!J101 -> 0 | ... Y101: ='[1]Table-14'!X101 -> 0
A102: NOTE: SYSTEM OF GIRDAWARI DOES NOT EXIST | L102: 0 | M102: GIRDAWARI NOT DONE FOR PREVIOUS/CURRENT YEAR | Y102: 1
A103: KHASHRA REGISTER/OTHER RECORDS/STATEMENT(SPECIFY) NOT AVAILABLE | L103: 2 | M103: GIRDAWARI COMPLETED BUT TRS STATEMENT NOT REPORTED | Y103: 3
A104: REASON FOR NON AVAILBILITY OF INFORMATION NOT KNOWN | L104: 4 | M104: NOT APPLICABLE AS FOR KERALA, ORISSA AND HILLY DISTRICT OF UTTAR PRADESH | Y104: 6
A105: AGGREGATION FIGURES NOT AVAILABLE AT VILLAGE LEVEL FOR KERALA AND ORISSA | L105: 7 | M105: ANY OTHER REASON (SPECIFY) | Y105: 8
A106: T-14
A107: TABLE A-14: DISTRICTWISE DISTRIBUTION OF SAMPLE VILLAGES FOR WHICH THE AREAS UNDER CROPS ARE NOT AVAILABLE FOR PREVIOUS/CURRENT YEAR.
A108: =A3 -> STATE: GUJARAT | I108: YEAR: | K108: ='[1]Table-14'!AI3 -> 2024-25 | O108: SEASON: | Q108: ='[1]Table-14'!AO3 -> RABI(4) | Y108: ='RC1-A1'!$K$103 -> SAMPLE: STATE
A109: DISTRICT | B109: DISTRICT NAME | C109: NO. OF VILLAGE ANALYSED | D109: NO.OF VILLAGES FOR WHICH AREA FIGURES FOR PREVIOUS YEAR ARE NOT AVAILABLE | R109: NO.OF VILLAGES FOR WHICH AREA FIGURES ARE NOT AVAILABLE FOR CURRENT YEAR FOR THE REASONS@
D111: FOR SELECTED CLUSTERS FOR THE REASONS@ | J111: FOR VILLAGES AS A WHOLE FOR THE REASONS@
D113: 0 | E113: 1 | F113: 2 | G113: 4 | H113: 6 | I113: 8 | J113: 0 | K113: 1 | L113: 2 | M113: 3 | N113: 4 | O113: 6 | P113: 7 | Q113: 8 | R113: 0 | S113: 1 | T113: 2 | U113: 3 | V113: 4 | W113: 6 | X113: 7 | Y113: 8
A114: 1 | B114: 2 | C114: 3 | D114: 4 | E114: 5 | F114: 6 | G114: 7 | H114: 8 | I114: 9 | J114: 10 | K114: 11 | L114: 12 | M114: 13 | N114: 14 | O114: 15 | P114: 16 | Q114: 17 | R114: 18 | S114: 19 | T114: 20 | U114: 21 | V114: 22 | W114: 23 | X114: 24 | Y114: 25
A115: ='[1]Table-14'!Z10 -> 1 | B115: KACHCHH | C115: ='[1]Table-14'!AA10 -> 18 | D115: ='[1]Table-14'!AB10 -> 0 | E115: ='[1]Table-14'!AC10 -> 0 | F115: ='[1]Table-14'!AD10 -> 0 | G115: ='[1]Table-14'!AE10 -> 18 | H115: ='[1]Table-14'!AF10 -> 0 | I115: ='[1]Table-14'!AG10 -> 0 | J115: ='[1]Table-14'!AH10 -> 0 | ... Y115: ='[1]Table-14'!AW10 -> 0
A116: ='[1]Table-14'!Z11 -> 2 | B116: BANASKANTHA | C116: ='[1]Table-14'!AA11 -> 30 | D116: ='[1]Table-14'!AB11 -> 0 | E116: ='[1]Table-14'!AC11 -> 0 | F116: ='[1]Table-14'!AD11 -> 0 | G116: ='[1]Table-14'!AE11 -> 30 | H116: ='[1]Table-14'!AF11 -> 0 | I116: ='[1]Table-14'!AG11 -> 0 | J116: ='[1]Table-14'!AH11 -> 0 | ... Y116: ='[1]Table-14'!AW11 -> 0
A117: ='[1]Table-14'!Z12 -> 3 | B117: PATAN | C117: ='[1]Table-14'!AA12 -> 13 | D117: ='[1]Table-14'!AB12 -> 0 | E117: ='[1]Table-14'!AC12 -> 0 | F117: ='[1]Table-14'!AD12 -> 0 | G117: ='[1]Table-14'!AE12 -> 13 | H117: ='[1]Table-14'!AF12 -> 0 | I117: ='[1]Table-14'!AG12 -> 0 | J117: ='[1]Table-14'!AH12 -> 0 | ... Y117: ='[1]Table-14'!AW12 -> 0
A118: ='[1]Table-14'!Z13 -> 4 | B118: MEHSANA | C118: ='[1]Table-14'!AA13 -> 12 | D118: ='[1]Table-14'!AB13 -> 0 | E118: ='[1]Table-14'!AC13 -> 0 | F118: ='[1]Table-14'!AD13 -> 0 | G118: ='[1]Table-14'!AE13 -> 12 | H118: ='[1]Table-14'!AF13 -> 0 | I118: ='[1]Table-14'!AG13 -> 0 | J118: ='[1]Table-14'!AH13 -> 0 | ... Y118: ='[1]Table-14'!AW13 -> 0
A119: ='[1]Table-14'!Z14 -> 5 | B119: SABARKANTHA | C119: ='[1]Table-14'!AA14 -> 9 | D119: ='[1]Table-14'!AB14 -> 0 | E119: ='[1]Table-14'!AC14 -> 0 | F119: ='[1]Table-14'!AD14 -> 0 | G119: ='[1]Table-14'!AE14 -> 9 | H119: ='[1]Table-14'!AF14 -> 0 | I119: ='[1]Table-14'!AG14 -> 0 | J119: ='[1]Table-14'!AH14 -> 0 | ... Y119: ='[1]Table-14'!AW14 -> 0
A120: ='[1]Table-14'!Z15 -> 6 | B120: GANDHINAGAR | C120: ='[1]Table-14'!AA15 -> 6 | D120: ='[1]Table-14'!AB15 -> 0 | E120: ='[1]Table-14'!AC15 -> 0 | F120: ='[1]Table-14'!AD15 -> 0 | G120: ='[1]Table-14'!AE15 -> 6 | H120: ='[1]Table-14'!AF15 -> 0 | I120: ='[1]Table-14'!AG15 -> 0 | J120: ='[1]Table-14'!AH15 -> 0 | ... Y120: ='[1]Table-14'!AW15 -> 0
A121: ='[1]Table-14'!Z16 -> 7 | B121: AHMEDABAD | C121: ='[1]Table-14'!AA16 -> 16 | D121: ='[1]Table-14'!AB16 -> 0 | E121: ='[1]Table-14'!AC16 -> 0 | F121: ='[1]Table-14'!AD16 -> 0 | G121: ='[1]Table-14'!AE16 -> 16 | H121: ='[1]Table-14'!AF16 -> 0 | I121: ='[1]Table-14'!AG16 -> 0 | J121: ='[1]Table-14'!AH16 -> 0 | ... Y121: ='[1]Table-14'!AW16 -> 0
A122: ='[1]Table-14'!Z17 -> 8 | B122: SURENDRANAGAR | C122: ='[1]Table-14'!AA17 -> 21 | D122: ='[1]Table-14'!AB17 -> 0 | E122: ='[1]Table-14'!AC17 -> 0 | F122: ='[1]Table-14'!AD17 -> 0 | G122: ='[1]Table-14'!AE17 -> 21 | H122: ='[1]Table-14'!AF17 -> 0 | I122: ='[1]Table-14'!AG17 -> 0 | J122: ='[1]Table-14'!AH17 -> 0 | ... Y122: ='[1]Table-14'!AW17 -> 0
A123: ='[1]Table-14'!Z18 -> 9 | B123: RAJKOT | C123: ='[1]Table-14'!AA18 -> 20 | D123: ='[1]Table-14'!AB18 -> 0 | E123: ='[1]Table-14'!AC18 -> 0 | F123: ='[1]Table-14'!AD18 -> 0 | G123: ='[1]Table-14'!AE18 -> 20 | H123: ='[1]Table-14'!AF18 -> 0 | I123: ='[1]Table-14'!AG18 -> 0 | J123: ='[1]Table-14'!AH18 -> 0 | ... Y123: ='[1]Table-14'!AW18 -> 0
A124: ='[1]Table-14'!Z19 -> 10 | B124: JAMNAGAR | C124: ='[1]Table-14'!AA19 -> 12 | D124: ='[1]Table-14'!AB19 -> 0 | E124: ='[1]Table-14'!AC19 -> 0 | F124: ='[1]Table-14'!AD19 -> 0 | G124: ='[1]Table-14'!AE19 -> 12 | H124: ='[1]Table-14'!AF19 -> 0 | I124: ='[1]Table-14'!AG19 -> 0 | J124: ='[1]Table-14'!AH19 -> 0 | ... Y124: ='[1]Table-14'!AW19 -> 0
A125: ='[1]Table-14'!Z20 -> 11 | B125: PORBANDAR | C125: ='[1]Table-14'!AA20 -> 5 | D125: ='[1]Table-14'!AB20 -> 0 | E125: ='[1]Table-14'!AC20 -> 0 | F125: ='[1]Table-14'!AD20 -> 0 | G125: ='[1]Table-14'!AE20 -> 5 | H125: ='[1]Table-14'!AF20 -> 0 | I125: ='[1]Table-14'!AG20 -> 0 | J125: ='[1]Table-14'!AH20 -> 0 | ... Y125: ='[1]Table-14'!AW20 -> 0
A126: ='[1]Table-14'!Z21 -> 12 | B126: JUNAGADH | C126: ='[1]Table-14'!AA21 -> 16 | D126: ='[1]Table-14'!AB21 -> 0 | E126: ='[1]Table-14'!AC21 -> 0 | F126: ='[1]Table-14'!AD21 -> 0 | G126: ='[1]Table-14'!AE21 -> 16 | H126: ='[1]Table-14'!AF21 -> 0 | I126: ='[1]Table-14'!AG21 -> 0 | J126: ='[1]Table-14'!AH21 -> 0 | ... Y126: ='[1]Table-14'!AW21 -> 0
... A147: ='[1]Table-14'!Z42 -> 33 | B147: MORBI | C147: ='[1]Table-14'!AA42 -> 11 | D147: ='[1]Table-14'!AB42 -> 0 | E147: ='[1]Table-14'!AC42 -> 0 | F147: ='[1]Table-14'!AD42 -> 0 | G147: ='[1]Table-14'!AE42 -> 11 | H147: ='[1]Table-14'!AF42 -> 0 | I147: ='[1]Table-14'!AG42 -> 0 | J147: ='[1]Table-14'!AH42 -> 0 | ... Y147: ='[1]Table-14'!AW42 -> 0
A148: ='[1]Table-14'!Z43 | C148: ='[1]Table-14'!AA43 | D148: ='[1]Table-14'!AB43 | E148: ='[1]Table-14'!AC43 | F148: ='[1]Table-14'!AD43 | G148: ='[1]Table-14'!AE43 | H148: ='[1]Table-14'!AF43 | I148: ='[1]Table-14'!AG43 | J148: ='[1]Table-14'!AH43 | ... Y148: ='[1]Table-14'!AW43
A149: ='[1]Table-14'!Z44 | C149: ='[1]Table-14'!AA44 | D149: ='[1]Table-14'!AB44 | E149: ='[1]Table-14'!AC44 | F149: ='[1]Table-14'!AD44 | G149: ='[1]Table-14'!AE44 | H149: ='[1]Table-14'!AF44 | I149: ='[1]Table-14'!AG44 | J149: ='[1]Table-14'!AH44 | ... Y149: ='[1]Table-14'!AW44
A150: ='[1]Table-14'!Z45 | C150: ='[1]Table-14'!AA45 | D150: ='[1]Table-14'!AB45 | E150: ='[1]Table-14'!AC45 | F150: ='[1]Table-14'!AD45 | G150: ='[1]Table-14'!AE45 | H150: ='[1]Table-14'!AF45 | I150: ='[1]Table-14'!AG45 | J150: ='[1]Table-14'!AH45 | ... Y150: ='[1]Table-14'!AW45
A151: ='[1]Table-14'!Z46 | C151: ='[1]Table-14'!AA46 | D151: ='[1]Table-14'!AB46 | E151: ='[1]Table-14'!AC46 | F151: ='[1]Table-14'!AD46 | G151: ='[1]Table-14'!AE46 | H151: ='[1]Table-14'!AF46 | I151: ='[1]Table-14'!AG46 | J151: ='[1]Table-14'!AH46 | ... Y151: ='[1]Table-14'!AW46
A152: ='[1]Table-14'!Z47 | C152: ='[1]Table-14'!AA47 | D152: ='[1]Table-14'!AB47 | E152: ='[1]Table-14'!AC47 | F152: ='[1]Table-14'!AD47 | G152: ='[1]Table-14'!AE47 | H152: ='[1]Table-14'!AF47 | I152: ='[1]Table-14'!AG47 | J152: ='[1]Table-14'!AH47 | ... Y152: ='[1]Table-14'!AW47
A153: ='[1]Table-14'!Z48 | C153: ='[1]Table-14'!AA48 | D153: ='[1]Table-14'!AB48 | E153: ='[1]Table-14'!AC48 | F153: ='[1]Table-14'!AD48 | G153: ='[1]Table-14'!AE48 | H153: ='[1]Table-14'!AF48 | I153: ='[1]Table-14'!AG48 | J153: ='[1]Table-14'!AH48 | ... Y153: ='[1]Table-14'!AW48
A154: ='[1]Table-14'!Z49 | C154: ='[1]Table-14'!AA49 | D154: ='[1]Table-14'!AB49 | E154: ='[1]Table-14'!AC49 | F154: ='[1]Table-14'!AD49 | G154: ='[1]Table-14'!AE49 | H154: ='[1]Table-14'!AF49 | I154: ='[1]Table-14'!AG49 | J154: ='[1]Table-14'!AH49 | ... Y154: ='[1]Table-14'!AW49
A155: ='[1]Table-14'!Z50 | C155: ='[1]Table-14'!AA50 | D155: ='[1]Table-14'!AB50 | E155: ='[1]Table-14'!AC50 | F155: ='[1]Table-14'!AD50 | G155: ='[1]Table-14'!AE50 | H155: ='[1]Table-14'!AF50 | I155: ='[1]Table-14'!AG50 | J155: ='[1]Table-14'!AH50 | ... Y155: ='[1]Table-14'!AW50
A156: ='[1]Table-14'!Z51 | C156: ='[1]Table-14'!AA51 | D156: ='[1]Table-14'!AB51 | E156: ='[1]Table-14'!AC51 | F156: ='[1]Table-14'!AD51 | G156: ='[1]Table-14'!AE51 | H156: ='[1]Table-14'!AF51 | I156: ='[1]Table-14'!AG51 | J156: ='[1]Table-14'!AH51 | ... Y156: ='[1]Table-14'!AW51
A157: ='[1]Table-14'!Z52 | C157: ='[1]Table-14'!AA52 | D157: ='[1]Table-14'!AB52 | E157: ='[1]Table-14'!AC52 | F157: ='[1]Table-14'!AD52 | G157: ='[1]Table-14'!AE52 | H157: ='[1]Table-14'!AF52 | I157: ='[1]Table-14'!AG52 | J157: ='[1]Table-14'!AH52 | ... Y157: ='[1]Table-14'!AW52
A158: ='[1]Table-14'!Z53 | C158: ='[1]Table-14'!AA53 | D158: ='[1]Table-14'!AB53 | E158: ='[1]Table-14'!AC53 | F158: ='[1]Table-14'!AD53 | G158: ='[1]Table-14'!AE53 | H158: ='[1]Table-14'!AF53 | I158: ='[1]Table-14'!AG53 | J158: ='[1]Table-14'!AH53 | ... Y158: ='[1]Table-14'!AW53
A159: ='[1]Table-14'!Z54 | C159: ='[1]Table-14'!AA54 | D159: ='[1]Table-14'!AB54 | E159: ='[1]Table-14'!AC54 | F159: ='[1]Table-14'!AD54 | G159: ='[1]Table-14'!AE54 | H159: ='[1]Table-14'!AF54 | I159: ='[1]Table-14'!AG54 | J159: ='[1]Table-14'!AH54 | ... Y159: ='[1]Table-14'!AW54
... A205: ='[1]Table-14'!Z100 -> TOTAL | C205: ='[1]Table-14'!AA100 -> 340 | D205: ='[1]Table-14'!AB100 -> 0 | E205: ='[1]Table-14'!AC100 -> 0 | F205: ='[1]Table-14'!AD100 -> 0 | G205: ='[1]Table-14'!AE100 -> 340 | H205: ='[1]Table-14'!AF100 -> 0 | I205: ='[1]Table-14'!AG100 -> 0 | J205: ='[1]Table-14'!AH100 -> 0 | ... Y205: ='[1]Table-14'!AW100 -> 0
A206: %AGE TO COL. (3) | D206: ='[1]Table-14'!AB101 -> 0 | E206: ='[1]Table-14'!AC101 -> 0 | F206: ='[1]Table-14'!AD101 -> 0 | G206: ='[1]Table-14'!AE101 -> 100 | H206: ='[1]Table-14'!AF101 -> 0 | I206: ='[1]Table-14'!AG101 -> 0 | J206: ='[1]Table-14'!AH101 -> 0 | K206: ='[1]Table-14'!AI101 -> 0 | ... Y206: ='[1]Table-14'!AW101 -> 0
A207: NOTE: SYSTEM OF GIRDAWARI DOES NOT EXIST | L207: 0 | M207: GIRDAWARI NOT DONE FOR PREVIOUS/CURRENT YEAR | Y207: 1
A208: KHASHRA REGISTER/OTHER RECORDS/STATEMENT(SPECIFY) NOT AVAILABLE | L208: 2 | M208: GIRDAWARI COMPLETED BUT TRS STATEMENT NOT REPORTED | Y208: 3
A209: REASON FOR NON AVAILBILITY OF INFORMATION NOT KNOWN | L209: 4 | M209: NOT APPLICABLE AS FOR KERALA, ORISSA AND HILLY DISTRICT OF UTTAR PRADESH | Y209: 6
A210: AGGREGATION FIGURES NOT AVAILABLE AT VILLAGE LEVEL FOR KERALA AND ORISSA | L210: 7 | M210: ANY OTHER REASON (SPECIFY) | Y210: 8

Sheet RC1-A14 (2)
A1: T-15
A2: TABLE A-14: DISTRICTWISE DISTRIBUTION OF SAMPLE VILLAGES FOR WHICH THE AREAS UNDER CROPS ARE NOT AVAILABLE FOR PREVIOUS/CURRENT YEAR.
A3: =info!$E$2 -> STATE: GUJARAT | I3: YEAR: | K3: ='[4]Table-14'!J3 -> 2024-25 | O3: SEASON: | Q3: ='[4]Table-14'!P3 -> SUMMER(5) | Y3: ='RC1-A1'!$K$3 -> SAMPLE: CENTRAL
A4: DISTRICT | B4: DISTRICT NAME | C4: NO. OF VILLAGE ANALYSED | D4: NO.OF VILLAGES FOR WHICH AREA FIGURES FOR PREVIOUS YEAR ARE NOT AVAILABLE | R4: NO.OF VILLAGES FOR WHICH AREA FIGURES ARE NOT AVAILABLE FOR CURRENT YEAR FOR THE REASONS@
D6: FOR SELECTED CLUSTERS FOR THE REASONS@ | J6: FOR VILLAGES AS A WHOLE FOR THE REASONS@
D8: 0 | E8: 1 | F8: 2 | G8: 4 | H8: 6 | I8: 8 | J8: 0 | K8: 1 | L8: 2 | M8: 3 | N8: 4 | O8: 6 | P8: 7 | Q8: 8 | R8: 0 | S8: 1 | T8: 2 | U8: 3 | V8: 4 | W8: 6 | X8: 7 | Y8: 8
A9: 1 | B9: 2 | C9: 3 | D9: 4 | E9: 5 | F9: 6 | G9: 7 | H9: 8 | I9: 9 | J9: 10 | K9: 11 | L9: 12 | M9: 13 | N9: 14 | O9: 15 | P9: 16 | Q9: 17 | R9: 18 | S9: 19 | T9: 20 | U9: 21 | V9: 22 | W9: 23 | X9: 24 | Y9: 25
A10: ='[4]Table-14'!A10 -> 1 | B10: KACHCHH | C10: ='[4]Table-14'!B10 -> 18 | D10: ='[4]Table-14'!C10 -> 0 | E10: ='[4]Table-14'!D10 -> 0 | F10: ='[4]Table-14'!E10 -> 0 | G10: ='[4]Table-14'!F10 -> 18 | H10: ='[4]Table-14'!G10 -> 0 | I10: ='[4]Table-14'!H10 -> 0 | J10: ='[4]Table-14'!I10 -> 0 | ... Y10: ='[4]Table-14'!X10 -> 0
A11: ='[4]Table-14'!A11 -> 2 | B11: BANASKANTHA | C11: ='[4]Table-14'!B11 -> 30 | D11: ='[4]Table-14'!C11 -> 0 | E11: ='[4]Table-14'!D11 -> 0 | F11: ='[4]Table-14'!E11 -> 0 | G11: ='[4]Table-14'!F11 -> 30 | H11: ='[4]Table-14'!G11 -> 0 | I11: ='[4]Table-14'!H11 -> 0 | J11: ='[4]Table-14'!I11 -> 0 | ... Y11: ='[4]Table-14'!X11 -> 0
A12: ='[4]Table-14'!A12 -> 3 | B12: PATAN | C12: ='[4]Table-14'!B12 -> 13 | D12: ='[4]Table-14'!C12 -> 0 | E12: ='[4]Table-14'!D12 -> 0 | F12: ='[4]Table-14'!E12 -> 0 | G12: ='[4]Table-14'!F12 -> 13 | H12: ='[4]Table-14'!G12 -> 0 | I12: ='[4]Table-14'!H12 -> 0 | J12: ='[4]Table-14'!I12 -> 0 | ... Y12: ='[4]Table-14'!X12 -> 0
A13: ='[4]Table-14'!A13 -> 4 | B13: MEHSANA | C13: ='[4]Table-14'!B13 -> 12 | D13: ='[4]Table-14'!C13 -> 0 | E13: ='[4]Table-14'!D13 -> 0 | F13: ='[4]Table-14'!E13 -> 0 | G13: ='[4]Table-14'!F13 -> 12 | H13: ='[4]Table-14'!G13 -> 0 | I13: ='[4]Table-14'!H13 -> 0 | J13: ='[4]Table-14'!I13 -> 0 | ... Y13: ='[4]Table-14'!X13 -> 0
A14: ='[4]Table-14'!A14 -> 5 | B14: SABARKANTHA | C14: ='[4]Table-14'!B14 -> 9 | D14: ='[4]Table-14'!C14 -> 0 | E14: ='[4]Table-14'!D14 -> 0 | F14: ='[4]Table-14'!E14 -> 0 | G14: ='[4]Table-14'!F14 -> 9 | H14: ='[4]Table-14'!G14 -> 0 | I14: ='[4]Table-14'!H14 -> 0 | J14: ='[4]Table-14'!I14 -> 0 | ... Y14: ='[4]Table-14'!X14 -> 0
A15: ='[4]Table-14'!A15 -> 6 | B15: GANDHINAGAR | C15: ='[4]Table-14'!B15 -> 6 | D15: ='[4]Table-14'!C15 -> 0 | E15: ='[4]Table-14'!D15 -> 0 | F15: ='[4]Table-14'!E15 -> 0 | G15: ='[4]Table-14'!F15 -> 6 | H15: ='[4]Table-14'!G15 -> 0 | I15: ='[4]Table-14'!H15 -> 0 | J15: ='[4]Table-14'!I15 -> 0 | ... Y15: ='[4]Table-14'!X15 -> 0
A16: ='[4]Table-14'!A16 -> 7 | B16: AHMEDABAD | C16: ='[4]Table-14'!B16 -> 16 | D16: ='[4]Table-14'!C16 -> 0 | E16: ='[4]Table-14'!D16 -> 0 | F16: ='[4]Table-14'!E16 -> 0 | G16: ='[4]Table-14'!F16 -> 16 | H16: ='[4]Table-14'!G16 -> 0 | I16: ='[4]Table-14'!H16 -> 0 | J16: ='[4]Table-14'!I16 -> 0 | ... Y16: ='[4]Table-14'!X16 -> 0
A17: ='[4]Table-14'!A17 -> 8 | B17: SURENDRANAGAR | C17: ='[4]Table-14'!B17 -> 21 | D17: ='[4]Table-14'!C17 -> 0 | E17: ='[4]Table-14'!D17 -> 0 | F17: ='[4]Table-14'!E17 -> 0 | G17: ='[4]Table-14'!F17 -> 21 | H17: ='[4]Table-14'!G17 -> 0 | I17: ='[4]Table-14'!H17 -> 0 | J17: ='[4]Table-14'!I17 -> 0 | ... Y17: ='[4]Table-14'!X17 -> 0
A18: ='[4]Table-14'!A18 -> 9 | B18: RAJKOT | C18: ='[4]Table-14'!B18 -> 20 | D18: ='[4]Table-14'!C18 -> 0 | E18: ='[4]Table-14'!D18 -> 0 | F18: ='[4]Table-14'!E18 -> 0 | G18: ='[4]Table-14'!F18 -> 20 | H18: ='[4]Table-14'!G18 -> 0 | I18: ='[4]Table-14'!H18 -> 0 | J18: ='[4]Table-14'!I18 -> 0 | ... Y18: ='[4]Table-14'!X18 -> 0
A19: ='[4]Table-14'!A19 -> 10 | B19: JAMNAGAR | C19: ='[4]Table-14'!B19 -> 12 | D19: ='[4]Table-14'!C19 -> 0 | E19: ='[4]Table-14'!D19 -> 0 | F19: ='[4]Table-14'!E19 -> 0 | G19: ='[4]Table-14'!F19 -> 12 | H19: ='[4]Table-14'!G19 -> 0 | I19: ='[4]Table-14'!H19 -> 0 | J19: ='[4]Table-14'!I19 -> 0 | ... Y19: ='[4]Table-14'!X19 -> 0
A20: ='[4]Table-14'!A20 -> 11 | B20: PORBANDAR | C20: ='[4]Table-14'!B20 -> 5 | D20: ='[4]Table-14'!C20 -> 0 | E20: ='[4]Table-14'!D20 -> 0 | F20: ='[4]Table-14'!E20 -> 0 | G20: ='[4]Table-14'!F20 -> 5 | H20: ='[4]Table-14'!G20 -> 0 | I20: ='[4]Table-14'!H20 -> 0 | J20: ='[4]Table-14'!I20 -> 0 | ... Y20: ='[4]Table-14'!X20 -> 0
A21: ='[4]Table-14'!A21 -> 12 | B21: JUNAGADH | C21: ='[4]Table-14'!B21 -> 16 | D21: ='[4]Table-14'!C21 -> 0 | E21: ='[4]Table-14'!D21 -> 0 | F21: ='[4]Table-14'!E21 -> 0 | G21: ='[4]Table-14'!F21 -> 16 | H21: ='[4]Table-14'!G21 -> 0 | I21: ='[4]Table-14'!H21 -> 0 | J21: ='[4]Table-14'!I21 -> 0 | ... Y21: ='[4]Table-14'!X21 -> 0
... A42: ='[4]Table-14'!A42 -> 33 | B42: MORBI | C42: ='[4]Table-14'!B42 -> 11 | D42: ='[4]Table-14'!C42 -> 0 | E42: ='[4]Table-14'!D42 -> 0 | F42: ='[4]Table-14'!E42 -> 0 | G42: ='[4]Table-14'!F42 -> 11 | H42: ='[4]Table-14'!G42 -> 0 | I42: ='[4]Table-14'!H42 -> 0 | J42: ='[4]Table-14'!I42 -> 0 | ... Y42: ='[4]Table-14'!X42 -> 0
A43: ='[4]Table-14'!A43 | C43: ='[4]Table-14'!B43 | D43: ='[4]Table-14'!C43 | E43: ='[4]Table-14'!D43 | F43: ='[4]Table-14'!E43 | G43: ='[4]Table-14'!F43 | H43: ='[4]Table-14'!G43 | I43: ='[4]Table-14'!H43 | J43: ='[4]Table-14'!I43 | ... Y43: ='[4]Table-14'!X43
A44: ='[4]Table-14'!A44 | C44: ='[4]Table-14'!B44 | D44: ='[4]Table-14'!C44 | E44: ='[4]Table-14'!D44 | F44: ='[4]Table-14'!E44 | G44: ='[4]Table-14'!F44 | H44: ='[4]Table-14'!G44 | I44: ='[4]Table-14'!H44 | J44: ='[4]Table-14'!I44 | ... Y44: ='[4]Table-14'!X44
A45: ='[4]Table-14'!A45 | C45: ='[4]Table-14'!B45 | D45: ='[4]Table-14'!C45 | E45: ='[4]Table-14'!D45 | F45: ='[4]Table-14'!E45 | G45: ='[4]Table-14'!F45 | H45: ='[4]Table-14'!G45 | I45: ='[4]Table-14'!H45 | J45: ='[4]Table-14'!I45 | ... Y45: ='[4]Table-14'!X45
A46: ='[4]Table-14'!A46 | C46: ='[4]Table-14'!B46 | D46: ='[4]Table-14'!C46 | E46: ='[4]Table-14'!D46 | F46: ='[4]Table-14'!E46 | G46: ='[4]Table-14'!F46 | H46: ='[4]Table-14'!G46 | I46: ='[4]Table-14'!H46 | J46: ='[4]Table-14'!I46 | ... Y46: ='[4]Table-14'!X46
A47: ='[4]Table-14'!A47 | C47: ='[4]Table-14'!B47 | D47: ='[4]Table-14'!C47 | E47: ='[4]Table-14'!D47 | F47: ='[4]Table-14'!E47 | G47: ='[4]Table-14'!F47 | H47: ='[4]Table-14'!G47 | I47: ='[4]Table-14'!H47 | J47: ='[4]Table-14'!I47 | ... Y47: ='[4]Table-14'!X47
A48: ='[4]Table-14'!A48 | C48: ='[4]Table-14'!B48 | D48: ='[4]Table-14'!C48 | E48: ='[4]Table-14'!D48 | F48: ='[4]Table-14'!E48 | G48: ='[4]Table-14'!F48 | H48: ='[4]Table-14'!G48 | I48: ='[4]Table-14'!H48 | J48: ='[4]Table-14'!I48 | ... Y48: ='[4]Table-14'!X48
A49: ='[4]Table-14'!A49 | C49: ='[4]Table-14'!B49 | D49: ='[4]Table-14'!C49 | E49: ='[4]Table-14'!D49 | F49: ='[4]Table-14'!E49 | G49: ='[4]Table-14'!F49 | H49: ='[4]Table-14'!G49 | I49: ='[4]Table-14'!H49 | J49: ='[4]Table-14'!I49 | ... Y49: ='[4]Table-14'!X49
A50: ='[4]Table-14'!A50 | C50: ='[4]Table-14'!B50 | D50: ='[4]Table-14'!C50 | E50: ='[4]Table-14'!D50 | F50: ='[4]Table-14'!E50 | G50: ='[4]Table-14'!F50 | H50: ='[4]Table-14'!G50 | I50: ='[4]Table-14'!H50 | J50: ='[4]Table-14'!I50 | ... Y50: ='[4]Table-14'!X50
A51: ='[4]Table-14'!A51 | C51: ='[4]Table-14'!B51 | D51: ='[4]Table-14'!C51 | E51: ='[4]Table-14'!D51 | F51: ='[4]Table-14'!E51 | G51: ='[4]Table-14'!F51 | H51: ='[4]Table-14'!G51 | I51: ='[4]Table-14'!H51 | J51: ='[4]Table-14'!I51 | ... Y51: ='[4]Table-14'!X51
A52: ='[4]Table-14'!A52 | C52: ='[4]Table-14'!B52 | D52: ='[4]Table-14'!C52 | E52: ='[4]Table-14'!D52 | F52: ='[4]Table-14'!E52 | G52: ='[4]Table-14'!F52 | H52: ='[4]Table-14'!G52 | I52: ='[4]Table-14'!H52 | J52: ='[4]Table-14'!I52 | ... Y52: ='[4]Table-14'!X52
A53: ='[4]Table-14'!A53 | C53: ='[4]Table-14'!B53 | D53: ='[4]Table-14'!C53 | E53: ='[4]Table-14'!D53 | F53: ='[4]Table-14'!E53 | G53: ='[4]Table-14'!F53 | H53: ='[4]Table-14'!G53 | I53: ='[4]Table-14'!H53 | J53: ='[4]Table-14'!I53 | ... Y53: ='[4]Table-14'!X53
A54: ='[4]Table-14'!A54 | C54: ='[4]Table-14'!B54 | D54: ='[4]Table-14'!C54 | E54: ='[4]Table-14'!D54 | F54: ='[4]Table-14'!E54 | G54: ='[4]Table-14'!F54 | H54: ='[4]Table-14'!G54 | I54: ='[4]Table-14'!H54 | J54: ='[4]Table-14'!I54 | ... Y54: ='[4]Table-14'!X54
... A100: ='[4]Table-14'!A100 -> TOTAL | C100: ='[4]Table-14'!B100 -> 339 | D100: ='[4]Table-14'!C100 -> 0 | E100: ='[4]Table-14'!D100 -> 0 | F100: ='[4]Table-14'!E100 -> 0 | G100: ='[4]Table-14'!F100 -> 339 | H100: ='[4]Table-14'!G100 -> 0 | I100: ='[4]Table-14'!H100 -> 0 | J100: ='[4]Table-14'!I100 -> 0 | ... Y100: ='[4]Table-14'!X100 -> 0
A101: %AGE TO COL. (3) | D101: ='[4]Table-14'!C101 -> 0 | E101: ='[4]Table-14'!D101 -> 0 | F101: ='[4]Table-14'!E101 -> 0 | G101: ='[4]Table-14'!F101 -> 100 | H101: ='[4]Table-14'!G101 -> 0 | I101: ='[4]Table-14'!H101 -> 0 | J101: ='[4]Table-14'!I101 -> 0 | K101: ='[4]Table-14'!J101 -> 0 | ... Y101: ='[4]Table-14'!X101 -> 0
A102: NOTE: SYSTEM OF GIRDAWARI DOES NOT EXIST | L102: 0 | M102: GIRDAWARI NOT DONE FOR PREVIOUS/CURRENT YEAR | Y102: 1
A103: KHASHRA REGISTER/OTHER RECORDS/STATEMENT(SPECIFY) NOT AVAILABLE | L103: 2 | M103: GIRDAWARI COMPLETED BUT TRS STATEMENT NOT REPORTED | Y103: 3
A104: REASON FOR NON AVAILBILITY OF INFORMATION NOT KNOWN | L104: 4 | M104: NOT APPLICABLE AS FOR KERALA, ORISSA AND HILLY DISTRICT OF UTTAR PRADESH | Y104: 6
A105: AGGREGATION FIGURES NOT AVAILABLE AT VILLAGE LEVEL FOR KERALA AND ORISSA | L105: 7 | M105: ANY OTHER REASON (SPECIFY) | Y105: 8
A106: T-16
A107: TABLE A-14: DISTRICTWISE DISTRIBUTION OF SAMPLE VILLAGES FOR WHICH THE AREAS UNDER CROPS ARE NOT AVAILABLE FOR PREVIOUS/CURRENT YEAR.
A108: =A3 -> STATE: GUJARAT | I108: YEAR: | K108: ='[4]Table-14'!AI3 -> 2024-25 | O108: SEASON: | Q108: ='[4]Table-14'!AO3 -> SUMMER(5) | Y108: ='RC1-A1'!$K$103 -> SAMPLE: STATE
A109: DISTRICT | B109: DISTRICT NAME | C109: NO. OF VILLAGE ANALYSED | D109: NO.OF VILLAGES FOR WHICH AREA FIGURES FOR PREVIOUS YEAR ARE NOT AVAILABLE | R109: NO.OF VILLAGES FOR WHICH AREA FIGURES ARE NOT AVAILABLE FOR CURRENT YEAR FOR THE REASONS@
D111: FOR SELECTED CLUSTERS FOR THE REASONS@ | J111: FOR VILLAGES AS A WHOLE FOR THE REASONS@
D113: 0 | E113: 1 | F113: 2 | G113: 4 | H113: 6 | I113: 8 | J113: 0 | K113: 1 | L113: 2 | M113: 3 | N113: 4 | O113: 6 | P113: 7 | Q113: 8 | R113: 0 | S113: 1 | T113: 2 | U113: 3 | V113: 4 | W113: 6 | X113: 7 | Y113: 8
A114: 1 | B114: 2 | C114: 3 | D114: 4 | E114: 5 | F114: 6 | G114: 7 | H114: 8 | I114: 9 | J114: 10 | K114: 11 | L114: 12 | M114: 13 | N114: 14 | O114: 15 | P114: 16 | Q114: 17 | R114: 18 | S114: 19 | T114: 20 | U114: 21 | V114: 22 | W114: 23 | X114: 24 | Y114: 25
A115: ='[4]Table-14'!Z10 -> 1 | B115: KACHCHH | C115: ='[4]Table-14'!AA10 -> 18 | D115: ='[4]Table-14'!AB10 -> 0 | E115: ='[4]Table-14'!AC10 -> 0 | F115: ='[4]Table-14'!AD10 -> 0 | G115: ='[4]Table-14'!AE10 -> 18 | H115: ='[4]Table-14'!AF10 -> 0 | I115: ='[4]Table-14'!AG10 -> 0 | J115: ='[4]Table-14'!AH10 -> 0 | ... Y115: ='[4]Table-14'!AW10 -> 0
A116: ='[4]Table-14'!Z11 -> 2 | B116: BANASKANTHA | C116: ='[4]Table-14'!AA11 -> 30 | D116: ='[4]Table-14'!AB11 -> 0 | E116: ='[4]Table-14'!AC11 -> 0 | F116: ='[4]Table-14'!AD11 -> 0 | G116: ='[4]Table-14'!AE11 -> 30 | H116: ='[4]Table-14'!AF11 -> 0 | I116: ='[4]Table-14'!AG11 -> 0 | J116: ='[4]Table-14'!AH11 -> 0 | ... Y116: ='[4]Table-14'!AW11 -> 0
A117: ='[4]Table-14'!Z12 -> 3 | B117: PATAN | C117: ='[4]Table-14'!AA12 -> 13 | D117: ='[4]Table-14'!AB12 -> 0 | E117: ='[4]Table-14'!AC12 -> 0 | F117: ='[4]Table-14'!AD12 -> 0 | G117: ='[4]Table-14'!AE12 -> 13 | H117: ='[4]Table-14'!AF12 -> 0 | I117: ='[4]Table-14'!AG12 -> 0 | J117: ='[4]Table-14'!AH12 -> 0 | ... Y117: ='[4]Table-14'!AW12 -> 0
A118: ='[4]Table-14'!Z13 -> 4 | B118: MEHSANA | C118: ='[4]Table-14'!AA13 -> 12 | D118: ='[4]Table-14'!AB13 -> 0 | E118: ='[4]Table-14'!AC13 -> 0 | F118: ='[4]Table-14'!AD13 -> 0 | G118: ='[4]Table-14'!AE13 -> 12 | H118: ='[4]Table-14'!AF13 -> 0 | I118: ='[4]Table-14'!AG13 -> 0 | J118: ='[4]Table-14'!AH13 -> 0 | ... Y118: ='[4]Table-14'!AW13 -> 0
A119: ='[4]Table-14'!Z14 -> 5 | B119: SABARKANTHA | C119: ='[4]Table-14'!AA14 -> 9 | D119: ='[4]Table-14'!AB14 -> 0 | E119: ='[4]Table-14'!AC14 -> 0 | F119: ='[4]Table-14'!AD14 -> 0 | G119: ='[4]Table-14'!AE14 -> 9 | H119: ='[4]Table-14'!AF14 -> 0 | I119: ='[4]Table-14'!AG14 -> 0 | J119: ='[4]Table-14'!AH14 -> 0 | ... Y119: ='[4]Table-14'!AW14 -> 0
A120: ='[4]Table-14'!Z15 -> 6 | B120: GANDHINAGAR | C120: ='[4]Table-14'!AA15 -> 6 | D120: ='[4]Table-14'!AB15 -> 0 | E120: ='[4]Table-14'!AC15 -> 0 | F120: ='[4]Table-14'!AD15 -> 0 | G120: ='[4]Table-14'!AE15 -> 6 | H120: ='[4]Table-14'!AF15 -> 0 | I120: ='[4]Table-14'!AG15 -> 0 | J120: ='[4]Table-14'!AH15 -> 0 | ... Y120: ='[4]Table-14'!AW15 -> 0
A121: ='[4]Table-14'!Z16 -> 7 | B121: AHMEDABAD | C121: ='[4]Table-14'!AA16 -> 16 | D121: ='[4]Table-14'!AB16 -> 0 | E121: ='[4]Table-14'!AC16 -> 0 | F121: ='[4]Table-14'!AD16 -> 0 | G121: ='[4]Table-14'!AE16 -> 16 | H121: ='[4]Table-14'!AF16 -> 0 | I121: ='[4]Table-14'!AG16 -> 0 | J121: ='[4]Table-14'!AH16 -> 0 | ... Y121: ='[4]Table-14'!AW16 -> 0
A122: ='[4]Table-14'!Z17 -> 8 | B122: SURENDRANAGAR | C122: ='[4]Table-14'!AA17 -> 21 | D122: ='[4]Table-14'!AB17 -> 1 | E122: ='[4]Table-14'!AC17 -> 0 | F122: ='[4]Table-14'!AD17 -> 0 | G122: ='[4]Table-14'!AE17 -> 20 | H122: ='[4]Table-14'!AF17 -> 0 | I122: ='[4]Table-14'!AG17 -> 0 | J122: ='[4]Table-14'!AH17 -> 1 | ... Y122: ='[4]Table-14'!AW17 -> 0
A123: ='[4]Table-14'!Z18 -> 9 | B123: RAJKOT | C123: ='[4]Table-14'!AA18 -> 20 | D123: ='[4]Table-14'!AB18 -> 0 | E123: ='[4]Table-14'!AC18 -> 0 | F123: ='[4]Table-14'!AD18 -> 0 | G123: ='[4]Table-14'!AE18 -> 20 | H123: ='[4]Table-14'!AF18 -> 0 | I123: ='[4]Table-14'!AG18 -> 0 | J123: ='[4]Table-14'!AH18 -> 0 | ... Y123: ='[4]Table-14'!AW18 -> 0
A124: ='[4]Table-14'!Z19 -> 10 | B124: JAMNAGAR | C124: ='[4]Table-14'!AA19 -> 12 | D124: ='[4]Table-14'!AB19 -> 0 | E124: ='[4]Table-14'!AC19 -> 0 | F124: ='[4]Table-14'!AD19 -> 0 | G124: ='[4]Table-14'!AE19 -> 12 | H124: ='[4]Table-14'!AF19 -> 0 | I124: ='[4]Table-14'!AG19 -> 0 | J124: ='[4]Table-14'!AH19 -> 0 | ... Y124: ='[4]Table-14'!AW19 -> 0
A125: ='[4]Table-14'!Z20 -> 11 | B125: PORBANDAR | C125: ='[4]Table-14'!AA20 -> 5 | D125: ='[4]Table-14'!AB20 -> 0 | E125: ='[4]Table-14'!AC20 -> 0 | F125: ='[4]Table-14'!AD20 -> 0 | G125: ='[4]Table-14'!AE20 -> 5 | H125: ='[4]Table-14'!AF20 -> 0 | I125: ='[4]Table-14'!AG20 -> 0 | J125: ='[4]Table-14'!AH20 -> 0 | ... Y125: ='[4]Table-14'!AW20 -> 0
A126: ='[4]Table-14'!Z21 -> 12 | B126: JUNAGADH | C126: ='[4]Table-14'!AA21 -> 16 | D126: ='[4]Table-14'!AB21 -> 0 | E126: ='[4]Table-14'!AC21 -> 0 | F126: ='[4]Table-14'!AD21 -> 0 | G126: ='[4]Table-14'!AE21 -> 16 | H126: ='[4]Table-14'!AF21 -> 0 | I126: ='[4]Table-14'!AG21 -> 0 | J126: ='[4]Table-14'!AH21 -> 0 | ... Y126: ='[4]Table-14'!AW21 -> 0
... A147: ='[4]Table-14'!Z42 -> 33 | B147: MORBI | C147: ='[4]Table-14'!AA42 -> 11 | D147: ='[4]Table-14'!AB42 -> 0 | E147: ='[4]Table-14'!AC42 -> 0 | F147: ='[4]Table-14'!AD42 -> 0 | G147: ='[4]Table-14'!AE42 -> 11 | H147: ='[4]Table-14'!AF42 -> 0 | I147: ='[4]Table-14'!AG42 -> 0 | J147: ='[4]Table-14'!AH42 -> 0 | ... Y147: ='[4]Table-14'!AW42 -> 0
A148: ='[4]Table-14'!Z43 | C148: ='[4]Table-14'!AA43 | D148: ='[4]Table-14'!AB43 | E148: ='[4]Table-14'!AC43 | F148: ='[4]Table-14'!AD43 | G148: ='[4]Table-14'!AE43 | H148: ='[4]Table-14'!AF43 | I148: ='[4]Table-14'!AG43 | J148: ='[4]Table-14'!AH43 | ... Y148: ='[4]Table-14'!AW43
A149: ='[4]Table-14'!Z44 | C149: ='[4]Table-14'!AA44 | D149: ='[4]Table-14'!AB44 | E149: ='[4]Table-14'!AC44 | F149: ='[4]Table-14'!AD44 | G149: ='[4]Table-14'!AE44 | H149: ='[4]Table-14'!AF44 | I149: ='[4]Table-14'!AG44 | J149: ='[4]Table-14'!AH44 | ... Y149: ='[4]Table-14'!AW44
A150: ='[4]Table-14'!Z45 | C150: ='[4]Table-14'!AA45 | D150: ='[4]Table-14'!AB45 | E150: ='[4]Table-14'!AC45 | F150: ='[4]Table-14'!AD45 | G150: ='[4]Table-14'!AE45 | H150: ='[4]Table-14'!AF45 | I150: ='[4]Table-14'!AG45 | J150: ='[4]Table-14'!AH45 | ... Y150: ='[4]Table-14'!AW45
A151: ='[4]Table-14'!Z46 | C151: ='[4]Table-14'!AA46 | D151: ='[4]Table-14'!AB46 | E151: ='[4]Table-14'!AC46 | F151: ='[4]Table-14'!AD46 | G151: ='[4]Table-14'!AE46 | H151: ='[4]Table-14'!AF46 | I151: ='[4]Table-14'!AG46 | J151: ='[4]Table-14'!AH46 | ... Y151: ='[4]Table-14'!AW46
A152: ='[4]Table-14'!Z47 | C152: ='[4]Table-14'!AA47 | D152: ='[4]Table-14'!AB47 | E152: ='[4]Table-14'!AC47 | F152: ='[4]Table-14'!AD47 | G152: ='[4]Table-14'!AE47 | H152: ='[4]Table-14'!AF47 | I152: ='[4]Table-14'!AG47 | J152: ='[4]Table-14'!AH47 | ... Y152: ='[4]Table-14'!AW47
A153: ='[4]Table-14'!Z48 | C153: ='[4]Table-14'!AA48 | D153: ='[4]Table-14'!AB48 | E153: ='[4]Table-14'!AC48 | F153: ='[4]Table-14'!AD48 | G153: ='[4]Table-14'!AE48 | H153: ='[4]Table-14'!AF48 | I153: ='[4]Table-14'!AG48 | J153: ='[4]Table-14'!AH48 | ... Y153: ='[4]Table-14'!AW48
A154: ='[4]Table-14'!Z49 | C154: ='[4]Table-14'!AA49 | D154: ='[4]Table-14'!AB49 | E154: ='[4]Table-14'!AC49 | F154: ='[4]Table-14'!AD49 | G154: ='[4]Table-14'!AE49 | H154: ='[4]Table-14'!AF49 | I154: ='[4]Table-14'!AG49 | J154: ='[4]Table-14'!AH49 | ... Y154: ='[4]Table-14'!AW49
A155: ='[4]Table-14'!Z50 | C155: ='[4]Table-14'!AA50 | D155: ='[4]Table-14'!AB50 | E155: ='[4]Table-14'!AC50 | F155: ='[4]Table-14'!AD50 | G155: ='[4]Table-14'!AE50 | H155: ='[4]Table-14'!AF50 | I155: ='[4]Table-14'!AG50 | J155: ='[4]Table-14'!AH50 | ... Y155: ='[4]Table-14'!AW50
A156: ='[4]Table-14'!Z51 | C156: ='[4]Table-14'!AA51 | D156: ='[4]Table-14'!AB51 | E156: ='[4]Table-14'!AC51 | F156: ='[4]Table-14'!AD51 | G156: ='[4]Table-14'!AE51 | H156: ='[4]Table-14'!AF51 | I156: ='[4]Table-14'!AG51 | J156: ='[4]Table-14'!AH51 | ... Y156: ='[4]Table-14'!AW51
A157: ='[4]Table-14'!Z52 | C157: ='[4]Table-14'!AA52 | D157: ='[4]Table-14'!AB52 | E157: ='[4]Table-14'!AC52 | F157: ='[4]Table-14'!AD52 | G157: ='[4]Table-14'!AE52 | H157: ='[4]Table-14'!AF52 | I157: ='[4]Table-14'!AG52 | J157: ='[4]Table-14'!AH52 | ... Y157: ='[4]Table-14'!AW52
A158: ='[4]Table-14'!Z53 | C158: ='[4]Table-14'!AA53 | D158: ='[4]Table-14'!AB53 | E158: ='[4]Table-14'!AC53 | F158: ='[4]Table-14'!AD53 | G158: ='[4]Table-14'!AE53 | H158: ='[4]Table-14'!AF53 | I158: ='[4]Table-14'!AG53 | J158: ='[4]Table-14'!AH53 | ... Y158: ='[4]Table-14'!AW53
A159: ='[4]Table-14'!Z54 | C159: ='[4]Table-14'!AA54 | D159: ='[4]Table-14'!AB54 | E159: ='[4]Table-14'!AC54 | F159: ='[4]Table-14'!AD54 | G159: ='[4]Table-14'!AE54 | H159: ='[4]Table-14'!AF54 | I159: ='[4]Table-14'!AG54 | J159: ='[4]Table-14'!AH54 | ... Y159: ='[4]Table-14'!AW54
... A205: ='[4]Table-14'!Z100 -> TOTAL | C205: ='[4]Table-14'!AA100 -> 340 | D205: ='[4]Table-14'!AB100 -> 1 | E205: ='[4]Table-14'!AC100 -> 0 | F205: ='[4]Table-14'!AD100 -> 0 | G205: ='[4]Table-14'!AE100 -> 339 | H205: ='[4]Table-14'!AF100 -> 0 | I205: ='[4]Table-14'!AG100 -> 0 | J205: ='[4]Table-14'!AH100 -> 1 | ... Y205: ='[4]Table-14'!AW100 -> 0
A206: %AGE TO COL. (3) | D206: ='[4]Table-14'!AB101 -> 0.29 | E206: ='[4]Table-14'!AC101 -> 0 | F206: ='[4]Table-14'!AD101 -> 0 | G206: ='[4]Table-14'!AE101 -> 99.71 | H206: ='[4]Table-14'!AF101 -> 0 | I206: ='[4]Table-14'!AG101 -> 0 | J206: ='[4]Table-14'!AH101 -> 0.29 | K206: ='[4]Table-14'!AI101 -> 0 | ... Y206: ='[4]Table-14'!AW101 -> 0
A207: NOTE: SYSTEM OF GIRDAWARI DOES NOT EXIST | L207: 0 | M207: GIRDAWARI NOT DONE FOR PREVIOUS/CURRENT YEAR | Y207: 1
A208: KHASHRA REGISTER/OTHER RECORDS/STATEMENT(SPECIFY) NOT AVAILABLE | L208: 2 | M208: GIRDAWARI COMPLETED BUT TRS STATEMENT NOT REPORTED | Y208: 3
A209: REASON FOR NON AVAILBILITY OF INFORMATION NOT KNOWN | L209: 4 | M209: NOT APPLICABLE AS FOR KERALA, ORISSA AND HILLY DISTRICT OF UTTAR PRADESH | Y209: 6
A210: AGGREGATION FIGURES NOT AVAILABLE AT VILLAGE LEVEL FOR KERALA AND ORISSA | L210: 7 | M210: ANY OTHER REASON (SPECIFY) | Y210: 8
