Workbook

Sheet Basicdata
A1: ='[1]RC-1(PY)'!A1 -> RC | B1: ='[1]RC-1(PY)'!B1 -> ST | C1: ='[1]RC-1(PY)'!C1 -> YR | D1: ='[1]RC-1(PY)'!D1 -> SESON | E1: ='[1]RC-1(PY)'!E1 -> NOVP | F1: ='[1]RC-1(PY)'!F1 -> NOVCOD | G1: ='[1]RC-1(PY)'!G1 -> STAT | H1: ='[1]RC-1(PY)'!H1 -> DIST | ... AI1: ='[1]RC-1(PY)'!AI1 -> REJ
A2: ='[1]RC-1(PY)'!A2 -> 1 | B2: ='[1]RC-1(PY)'!B2 -> 1 | C2: ='[1]RC-1(PY)'!C2 -> 2024 | D2: ='[1]RC-1(PY)'!D2 -> 4 | E2: ='[1]RC-1(PY)'!E2 -> 340 | F2: ='[1]RC-1(PY)'!F2 -> 320 | G2: ='[1]RC-1(PY)'!G2 -> 24 | H2: ='[1]RC-1(PY)'!H2 -> 1 | ... AI2: ='[1]RC-1(PY)'!AI2 -> 0
A3: ='[1]RC-1(PY)'!A3 -> 1 | B3: ='[1]RC-1(PY)'!B3 -> 1 | C3: ='[1]RC-1(PY)'!C3 -> 2024 | D3: ='[1]RC-1(PY)'!D3 -> 4 | E3: ='[1]RC-1(PY)'!E3 -> 340 | F3: ='[1]RC-1(PY)'!F3 -> 320 | G3: ='[1]RC-1(PY)'!G3 -> 24 | H3: ='[1]RC-1(PY)'!H3 -> 2 | ... AI3: ='[1]RC-1(PY)'!AI3 -> 0
A4: ='[1]RC-1(PY)'!A4 -> 1 | B4: ='[1]RC-1(PY)'!B4 -> 1 | C4: ='[1]RC-1(PY)'!C4 -> 2024 | D4: ='[1]RC-1(PY)'!D4 -> 4 | E4: ='[1]RC-1(PY)'!E4 -> 340 | F4: ='[1]RC-1(PY)'!F4 -> 320 | G4: ='[1]RC-1(PY)'!G4 -> 24 | H4: ='[1]RC-1(PY)'!H4 -> 3 | ... AI4: ='[1]RC-1(PY)'!AI4 -> 0
A5: ='[1]RC-1(PY)'!A5 -> 1 | B5: ='[1]RC-1(PY)'!B5 -> 1 | C5: ='[1]RC-1(PY)'!C5 -> 2024 | D5: ='[1]RC-1(PY)'!D5 -> 4 | E5: ='[1]RC-1(PY)'!E5 -> 340 | F5: ='[1]RC-1(PY)'!F5 -> 320 | G5: ='[1]RC-1(PY)'!G5 -> 24 | H5: ='[1]RC-1(PY)'!H5 -> 4 | ... AI5: ='[1]RC-1(PY)'!AI5 -> 0
A6: ='[1]RC-1(PY)'!A6 -> 1 | B6: ='[1]RC-1(PY)'!B6 -> 1 | C6: ='[1]RC-1(PY)'!C6 -> 2024 | D6: ='[1]RC-1(PY)'!D6 -> 4 | E6: ='[1]RC-1(PY)'!E6 -> 340 | F6: ='[1]RC-1(PY)'!F6 -> 320 | G6: ='[1]RC-1(PY)'!G6 -> 24 | H6: ='[1]RC-1(PY)'!H6 -> 5 | ... AI6: ='[1]RC-1(PY)'!AI6 -> 0
A7: ='[1]RC-1(PY)'!A7 -> 1 | B7: ='[1]RC-1(PY)'!B7 -> 1 | C7: ='[1]RC-1(PY)'!C7 -> 2024 | D7: ='[1]RC-1(PY)'!D7 -> 4 | E7: ='[1]RC-1(PY)'!E7 -> 340 | F7: ='[1]RC-1(PY)'!F7 -> 320 | G7: ='[1]RC-1(PY)'!G7 -> 24 | H7: ='[1]RC-1(PY)'!H7 -> 7 | ... AI7: ='[1]RC-1(PY)'!AI7 -> 0
A8: ='[1]RC-1(PY)'!A8 -> 1 | B8: ='[1]RC-1(PY)'!B8 -> 1 | C8: ='[1]RC-1(PY)'!C8 -> 2024 | D8: ='[1]RC-1(PY)'!D8 -> 4 | E8: ='[1]RC-1(PY)'!E8 -> 340 | F8: ='[1]RC-1(PY)'!F8 -> 320 | G8: ='[1]RC-1(PY)'!G8 -> 24 | H8: ='[1]RC-1(PY)'!H8 -> 8 | ... AI8: ='[1]RC-1(PY)'!AI8 -> 0
A9: ='[1]RC-1(PY)'!A9 -> 1 | B9: ='[1]RC-1(PY)'!B9 -> 1 | C9: ='[1]RC-1(PY)'!C9 -> 2024 | D9: ='[1]RC-1(PY)'!D9 -> 4 | E9: ='[1]RC-1(PY)'!E9 -> 340 | F9: ='[1]RC-1(PY)'!F9 -> 320 | G9: ='[1]RC-1(PY)'!G9 -> 24 | H9: ='[1]RC-1(PY)'!H9 -> 9 | ... AI9: ='[1]RC-1(PY)'!AI9 -> 0
A10: ='[1]RC-1(PY)'!A10 -> 1 | B10: ='[1]RC-1(PY)'!B10 -> 1 | C10: ='[1]RC-1(PY)'!C10 -> 2024 | D10: ='[1]RC-1(PY)'!D10 -> 4 | E10: ='[1]RC-1(PY)'!E10 -> 340 | F10: ='[1]RC-1(PY)'!F10 -> 320 | G10: ='[1]RC-1(PY)'!G10 -> 24 | H10: ='[1]RC-1(PY)'!H10 -> 10 | ... AI10: ='[1]RC-1(PY)'!AI10 -> 0
A11: ='[1]RC-1(PY)'!A11 -> 1 | B11: ='[1]RC-1(PY)'!B11 -> 1 | C11: ='[1]RC-1(PY)'!C11 -> 2024 | D11: ='[1]RC-1(PY)'!D11 -> 4 | E11: ='[1]RC-1(PY)'!E11 -> 340 | F11: ='[1]RC-1(PY)'!F11 -> 320 | G11: ='[1]RC-1(PY)'!G11 -> 24 | H11: ='[1]RC-1(PY)'!H11 -> 11 | ... AI11: ='[1]RC-1(PY)'!AI11 -> 0
A12: ='[1]RC-1(PY)'!A12 -> 1 | B12: ='[1]RC-1(PY)'!B12 -> 1 | C12: ='[1]RC-1(PY)'!C12 -> 2024 | D12: ='[1]RC-1(PY)'!D12 -> 4 | E12: ='[1]RC-1(PY)'!E12 -> 340 | F12: ='[1]RC-1(PY)'!F12 -> 320 | G12: ='[1]RC-1(PY)'!G12 -> 24 | H12: ='[1]RC-1(PY)'!H12 -> 12 | ... AI12: ='[1]RC-1(PY)'!AI12 -> 0
... A2500: ='[1]RC-1(PY)'!A2500 -> 0 | B2500: ='[1]RC-1(PY)'!B2500 -> 0 | C2500: ='[1]RC-1(PY)'!C2500 -> 0 | D2500: ='[1]RC-1(PY)'!D2500 -> 0 | E2500: ='[1]RC-1(PY)'!E2500 -> 0 | F2500: ='[1]RC-1(PY)'!F2500 -> 0 | G2500: ='[1]RC-1(PY)'!G2500 -> 0 | H2500: ='[1]RC-1(PY)'!H2500 -> 0 | ... AI2500: ='[1]RC-1(PY)'!AI2500 -> 0

Sheet Crops
A1: ='[1]Crops(PY)'!A1 -> STATE | B1: ='[1]Crops(PY)'!B1 -> Code | C1: ='[1]Crops(PY)'!C1 -> Sample Type | D1: ='[1]Crops(PY)'!D1 -> code | M1: =[2]Crops!M1 -> District
A2: ='[1]Crops(PY)'!A2 -> GUJARAT | B2: ='[1]Crops(PY)'!B2 -> 24 | C2: ='[1]Crops(PY)'!C2 -> CENTRAL | D2: ='[1]Crops(PY)'!D2 -> 1 | F2: Don't cut/delete the cell | M2: =[2]Crops!M2 -> 1
A3: ='[1]Crops(PY)'!A3 -> YEAR | B3: ='[1]Crops(PY)'!B3 -> 2023-24 | C3: ='[1]Crops(PY)'!C3 -> STATE | D3: ='[1]Crops(PY)'!D3 -> 2 | M3: =[2]Crops!M3 -> 2
A4: ='[1]Crops(PY)'!A4 -> Season | B4: ='[1]Crops(PY)'!B4 -> code | C4: ='[1]Crops(PY)'!C4 -> Season | D4: ='[1]Crops(PY)'!D4 -> code | M4: =[2]Crops!M4 -> 3
A5: ='[1]Crops(PY)'!A5 -> RABI | B5: ='[1]Crops(PY)'!B5 -> 4 | C5: ='[1]Crops(PY)'!C5 -> SUMMER | D5: ='[1]Crops(PY)'!D5 -> 5 | M5: =[2]Crops!M5 -> 4
A6: ='[1]Crops(PY)'!A6 -> Crop | B6: ='[1]Crops(PY)'!B6 -> Code | C6: ='[1]Crops(PY)'!C6 -> Crop | D6: ='[1]Crops(PY)'!D6 -> Code | M6: =[2]Crops!M6 -> 5
A7: ='[1]Crops(PY)'!A7 -> WHEAT | B7: ='[1]Crops(PY)'!B7 -> 8 | C7: ='[1]Crops(PY)'!C7 -> OTHERS | D7: ='[1]Crops(PY)'!D7 -> 99 | M7: =[2]Crops!M7 -> 6
A8: ='[1]Crops(PY)'!A8 -> GRAM | B8: ='[1]Crops(PY)'!B8 -> 10 | C8: ='[1]Crops(PY)'!C8 -> 0 | D8: ='[1]Crops(PY)'!D8 -> 0 | M8: =[2]Crops!M8 -> 7
A9: ='[1]Crops(PY)'!A9 -> R&M | B9: ='[1]Crops(PY)'!B9 -> 17 | C9: ='[1]Crops(PY)'!C9 -> 0 | D9: ='[1]Crops(PY)'!D9 -> 0 | M9: =[2]Crops!M9 -> 8
A10: ='[1]Crops(PY)'!A10 -> OTHERS | B10: ='[1]Crops(PY)'!B10 -> 99 | C10: ='[1]Crops(PY)'!C10 -> 0 | D10: ='[1]Crops(PY)'!D10 -> 0 | M10: =[2]Crops!M10 -> 9
A11: ='[1]Crops(PY)'!A11 -> 0 | B11: ='[1]Crops(PY)'!B11 -> 0 | C11: ='[1]Crops(PY)'!C11 -> 0 | D11: ='[1]Crops(PY)'!D11 -> 0 | M11: =[2]Crops!M11 -> 10
A12: ='[1]Crops(PY)'!A12 -> 0 | B12: ='[1]Crops(PY)'!B12 -> 0 | C12: ='[1]Crops(PY)'!C12 -> 0 | D12: ='[1]Crops(PY)'!D12 -> 0 | M12: =[2]Crops!M12 -> 11
A13: ='[1]Crops(PY)'!A13 -> 0 | B13: ='[1]Crops(PY)'!B13 -> 0 | C13: ='[1]Crops(PY)'!C13 -> 0 | D13: ='[1]Crops(PY)'!D13 -> 0 | M13: =[2]Crops!M13 -> 12
A14: ='[1]Crops(PY)'!A14 -> 0 | B14: ='[1]Crops(PY)'!B14 -> 0 | C14: ='[1]Crops(PY)'!C14 -> 0 | D14: ='[1]Crops(PY)'!D14 -> 0 | M14: =[2]Crops!M14 -> 13
... A21: ='[1]Crops(PY)'!A21 -> 0 | B21: ='[1]Crops(PY)'!B21 -> 0 | C21: ='[1]Crops(PY)'!C21 -> 0 | D21: ='[1]Crops(PY)'!D21 -> 0 | M21: =[2]Crops!M21 -> 20
M22: =[2]Crops!M22 -> 21
M23: =[2]Crops!M23 -> 22
M24: =[2]Crops!M24 -> 23
M25: =[2]Crops!M25 -> 24
M26: =[2]Crops!M26 -> 25
M27: =[2]Crops!M27 -> 26
M28: =[2]Crops!M28 -> 27
M29: =[2]Crops!M29 -> 28
M30: =[2]Crops!M30 -> 29
M31: =[2]Crops!M31 -> 30
M32: =[2]Crops!M32 -> 31
M33: =[2]Crops!M33 -> 32
... M219: =[2]Crops!M219 -> 218

Sheet Table-1
A2: TABLE :A-1 : DISTRICTWISE DISTRIBUTION OF SELECTED VILLAGES FOR CHECK ON ENUMERATION OF AREA AND RESPONSE ACHIEVED. | L2: TABLE :A-1 : DISTRICTWISE DISTRIBUTION OF SELECTED VILLAGES FOR CHECK ON ENUMERATION OF AREA AND RESPONSE ACHIEVED.
A3: STATE: | B3: =Crops!$A$2&"("&Crops!$B$2&")" -> GUJARAT(24) | D3: YEAR: | E3: =Crops!$B$3 -> 2023-24 | F3: SEASON: | G3: =Crops!$C$5&"("&Crops!$D$5&")" -> SUMMER(5) | H3: SAMPLE: | I3: ="CENTRAL"&"("&1&")" -> CENTRAL(1) | L3: STATE: | M3: =Crops!$A$2&"("&Crops!$B$2&")" -> GUJARAT(24) | O3: YEAR: | P3: =Crops!$B$3 -> 2023-24 | Q3: SEASON: | R3: =Crops!$C$5&"("&Crops!$D$5&")" -> SUMMER(5) | S3: SAMPLE: | T3: ="STATE"&"("&2&")" -> STATE(2)
A4: DISTRICT | B4: NO.OF VILLAGES FOR WHICH SCHEDULE AS 1.0 RECEIVED | C4: NO. OF VILLAGES FOR WHICH SCHEDULE AS 1.0 IS ANALYSED | G4: PERCENTAGE RESPONSE TO COL.(2) | L4: DISTRICT | M4: NO.OF VILLAGES FOR WHICH SCHEDULE AS 1.0 RECEIVED | N4: NO. OF VILLAGES FOR WHICH SCHEDULE AS 1.0 IS ANALYSED | R4: PERCENTAGE RESPONSE TO COL.(2)
C5: WITH 'a' AND 'b' ENTRIES TOGETHER | D5: WITH 'a' AND 'b' ENTRIES SEPARATELY | E5: WITH 'a' ENTRIES ONLY | F5: TOTAL | G5: WITH 'a' AND 'b' ENTRIES TOGETHER | H5: WITH 'a' AND 'b' ENTRIES SEPARATELY | I5: WITH 'a' ENTRIES ONLY | J5: TOTAL | N5: WITH 'a' AND 'b' ENTRIES TOGETHER | O5: WITH 'a' AND 'b' ENTRIES SEPARATELY | P5: WITH 'a' ENTRIES ONLY | Q5: TOTAL | R5: WITH 'a' AND 'b' ENTRIES TOGETHER | S5: WITH 'a' AND 'b' ENTRIES SEPARATELY | T5: WITH 'a' ENTRIES ONLY | U5: TOTAL
A10: 1 | B10: 2 | C10: 3 | D10: 4 | E10: 5 | F10: 7 | G10: 8 | H10: 9 | I10: 10 | J10: 11 | L10: 1 | M10: 2 | N10: 3 | O10: 4 | P10: 5 | Q10: 7 | R10: 8 | S10: 9 | T10: 10 | U10: 11
A11: =IF(COUNTIFS(Basicdata!$B$2:$B$2500,1,Basicdata!$D$2:$D$2500,Crops!$D$5,Basicdata!$H$2:$H$2500,Crops!$M2)>0,Crops!$M2,"") -> 1 | B11: =IF(A11="","",COUNTIFS(Basicdata!$B$2:$B$2500,1,Basicdata!$D$2:$D$2500,Crops!$D$5,Basicdata!$H$2:$H$2500,Crops!$M2)) -> 17 | C11: =IF(A11="","",COUNTIFS(Basicdata!$B$2:$B$2500,1,Basicdata!$D$2:$D$2500,Crops!$D$5,Basicdata!$H$2:$H$2500,Crops!$M2,Basicdata!$K$2:$K$2500,1,Basicdata!$AI$2:$AI$2500,0)) -> 0 | D11: =IF(A11="","",COUNTIFS(Basicdata!$B$2:$B$2500,1,Basicdata!$D$2:$D$2500,Crops!$D$5,Basicdata!$H$2:$H$2500,Crops!$M2,Basicdata!$K$2:$K$2500,2,Basicdata!$AI$2:$AI$2500,0)) -> 0 | E11: =IF(A11="","",COUNTIFS(Basicdata!$B$2:$B$2500,1,Basicdata!$D$2:$D$2500,Crops!$D$5,Basicdata!$H$2:$H$2500,Crops!$M2,Basicdata!$K$2:$K$2500,3,Basicdata!$AI$2:$AI$2500,0)) -> 17 | F11: =IF(A11="","",C11+D11+E11) -> 17 | G11: =IF(OR(F11="",F11=0),"",C11*100/B11) -> 0 | H11: =IF(OR(F11="",F11=0),"",D11*100/B11) -> 0 | I11: =IF(OR(F11="",F11=0),"",J11-G11-H11) -> 100 | J11: =IF(OR(F11="",F11=0),"",F11*100/B11) -> 100 | L11: =IF(COUNTIFS(Basicdata!$B$2:$B$2500,2,Basicdata!$D$2:$D$2500,Crops!$D$5,Basicdata!$H$2:$H$2500,Crops!$M2)>0,Crops!$M2,"") -> 1 | M11: =IF(L11="","",COUNTIFS(Basicdata!$B$2:$B$2500,2,Basicdata!$D$2:$D$2500,Crops!$D$5,Basicdata!$H$2:$H$2500,Crops!$M2)) -> 17 | N11: =IF(L11="","",COUNTIFS(Basicdata!$B$2:$B$2500,2,Basicdata!$D$2:$D$2500,Crops!$D$5,Basicdata!$H$2:$H$2500,Crops!$M2,Basicdata!$K$2:$K$2500,1,Basicdata!$AI$2:$AI$2500,0)) -> 0 | O11: =IF(L11="","",COUNTIFS(Basicdata!$B$2:$B$2500,2,Basicdata!$D$2:$D$2500,Crops!$D$5,Basicdata!$H$2:$H$2500,Crops!$M2,Basicdata!$K$2:$K$2500,2,Basicdata!$AI$2:$AI$2500,0)) -> 0 | P11: =IF(L11="","",COUNTIFS(Basicdata!$B$2:$B$2500,2,Basicdata!$D$2:$D$2500,Crops!$D$5,Basicdata!$H$2:$H$2500,Crops!$M2,Basicdata!$K$2:$K$2500,3,Basicdata!$AI$2:$AI$2500,0)) -> 17 | Q11: =IF(L11="","",N11+O11+P11) -> 17 | R11: =IF(OR(Q11="",Q11=0),"",N11*100/M11) -> 0 | S11: =IF(OR(Q11="",Q11=0),"",O11*100/M11) -> 0 | T11: =IF(OR(Q11="",Q11=0),"",U11-R11-S11) -> 100 | U11: =IF(OR(Q11="",Q11=0),"",Q11*100/M11) -> 100
A12: =IF(COUNTIFS(Basicdata!$B$2:$B$2500,1,Basicdata!$D$2:$D$2500,Crops!$D$5,Basicdata!$H$2:$H$2500,Crops!$M3)>0,Crops!$M3,"") -> 2 | B12: =IF(A12="","",COUNTIFS(Basicdata!$B$2:$B$2500,1,Basicdata!$D$2:$D$2500,Crops!$D$5,Basicdata!$H$2:$H$2500,Crops!$M3)) -> 33 | C12: =IF(A12="","",COUNTIFS(Basicdata!$B$2:$B$2500,1,Basicdata!$D$2:$D$2500,Crops!$D$5,Basicdata!$H$2:$H$2500,Crops!$M3,Basicdata!$K$2:$K$2500,1,Basicdata!$AI$2:$AI$2500,0)) -> 0 | D12: =IF(A12="","",COUNTIFS(Basicdata!$B$2:$B$2500,1,Basicdata!$D$2:$D$2500,Crops!$D$5,Basicdata!$H$2:$H$2500,Crops!$M3,Basicdata!$K$2:$K$2500,2,Basicdata!$AI$2:$AI$2500,0)) -> 0 | E12: =IF(A12="","",COUNTIFS(Basicdata!$B$2:$B$2500,1,Basicdata!$D$2:$D$2500,Crops!$D$5,Basicdata!$H$2:$H$2500,Crops!$M3,Basicdata!$K$2:$K$2500,3,Basicdata!$AI$2:$AI$2500,0)) -> 32 | F12: =IF(A12="","",C12+D12+E12) -> 32 | G12: =IF(OR(F12="",F12=0),"",C12*100/B12) -> 0 | H12: =IF(OR(F12="",F12=0),"",D12*100/B12) -> 0 | I12: =IF(OR(F12="",F12=0),"",J12-G12-H12) -> 96.969697 | J12: =IF(OR(F12="",F12=0),"",F12*100/B12) -> 96.969697 | L12: =IF(COUNTIFS(Basicdata!$B$2:$B$2500,2,Basicdata!$D$2:$D$2500,Crops!$D$5,Basicdata!$H$2:$H$2500,Crops!$M3)>0,Crops!$M3,"") -> 2 | M12: =IF(L12="","",COUNTIFS(Basicdata!$B$2:$B$2500,2,Basicdata!$D$2:$D$2500,Crops!$D$5,Basicdata!$H$2:$H$2500,Crops!$M3)) -> 33 | N12: =IF(L12="","",COUNTIFS(Basicdata!$B$2:$B$2500,2,Basicdata!$D$2:$D$2500,Crops!$D$5,Basicdata!$H$2:$H$2500,Crops!$M3,Basicdata!$K$2:$K$2500,1,Basicdata!$AI$2:$AI$2500,0)) -> 0 | O12: =IF(L12="","",COUNTIFS(Basicdata!$B$2:$B$2500,2,Basicdata!$D$2:$D$2500,Crops!$D$5,Basicdata!$H$2:$H$2500,Crops!$M3,Basicdata!$K$2:$K$2500,2,Basicdata!$AI$2:$AI$2500,0)) -> 0 | P12: =IF(L12="","",COUNTIFS(Basicdata!$B$2:$B$2500,2,Basicdata!$D$2:$D$2500,Crops!$D$5,Basicdata!$H$2:$H$2500,Crops!$M3,Basicdata!$K$2:$K$2500,3,Basicdata!$AI$2:$AI$2500,0)) -> 33 | Q12: =IF(L12="","",N12+O12+P12) -> 33 | R12: =IF(OR(Q12="",Q12=0),"",N12*100/M12) -> 0 | S12: =IF(OR(Q12="",Q12=0),"",O12*100/M12) -> 0 | T12: =IF(OR(Q12="",Q12=0),"",U12-R12-S12) -> 100 | U12: =IF(OR(Q12="",Q12=0),"",Q12*100/M12) -> 100
A13: =IF(COUNTIFS(Basicdata!$B$2:$B$2500,1,Basicdata!$D$2:$D$2500,Crops!$D$5,Basicdata!$H$2:$H$2500,Crops!$M4)>0,Crops!$M4,"") -> 3 | B13: =IF(A13="","",COUNTIFS(Basicdata!$B$2:$B$2500,1,Basicdata!$D$2:$D$2500,Crops!$D$5,Basicdata!$H$2:$H$2500,Crops!$M4)) -> 18 | C13: =IF(A13="","",COUNTIFS(Basicdata!$B$2:$B$2500,1,Basicdata!$D$2:$D$2500,Crops!$D$5,Basicdata!$H$2:$H$2500,Crops!$M4,Basicdata!$K$2:$K$2500,1,Basicdata!$AI$2:$AI$2500,0)) -> 0 | D13: =IF(A13="","",COUNTIFS(Basicdata!$B$2:$B$2500,1,Basicdata!$D$2:$D$2500,Crops!$D$5,Basicdata!$H$2:$H$2500,Crops!$M4,Basicdata!$K$2:$K$2500,2,Basicdata!$AI$2:$AI$2500,0)) -> 0 | E13: =IF(A13="","",COUNTIFS(Basicdata!$B$2:$B$2500,1,Basicdata!$D$2:$D$2500,Crops!$D$5,Basicdata!$H$2:$H$2500,Crops!$M4,Basicdata!$K$2:$K$2500,3,Basicdata!$AI$2:$AI$2500,0)) -> 18 | F13: =IF(A13="","",C13+D13+E13) -> 18 | G13: =IF(OR(F13="",F13=0),"",C13*100/B13) -> 0 | H13: =IF(OR(F13="",F13=0),"",D13*100/B13) -> 0 | I13: =IF(OR(F13="",F13=0),"",J13-G13-H13) -> 100 | J13: =IF(OR(F13="",F13=0),"",F13*100/B13) -> 100 | L13: =IF(COUNTIFS(Basicdata!$B$2:$B$2500,2,Basicdata!$D$2:$D$2500,Crops!$D$5,Basicdata!$H$2:$H$2500,Crops!$M4)>0,Crops!$M4,"") -> 3 | M13: =IF(L13="","",COUNTIFS(Basicdata!$B$2:$B$2500,2,Basicdata!$D$2:$D$2500,Crops!$D$5,Basicdata!$H$2:$H$2500,Crops!$M4)) -> 18 | N13: =IF(L13="","",COUNTIFS(Basicdata!$B$2:$B$2500,2,Basicdata!$D$2:$D$2500,Crops!$D$5,Basicdata!$H$2:$H$2500,Crops!$M4,Basicdata!$K$2:$K$2500,1,Basicdata!$AI$2:$AI$2500,0)) -> 0 | O13: =IF(L13="","",COUNTIFS(Basicdata!$B$2:$B$2500,2,Basicdata!$D$2:$D$2500,Crops!$D$5,Basicdata!$H$2:$H$2500,Crops!$M4,Basicdata!$K$2:$K$2500,2,Basicdata!$AI$2:$AI$2500,0)) -> 0 | P13: =IF(L13="","",COUNTIFS(Basicdata!$B$2:$B$2500,2,Basicdata!$D$2:$D$2500,Crops!$D$5,Basicdata!$H$2:$H$2500,Crops!$M4,Basicdata!$K$2:$K$2500,3,Basicdata!$AI$2:$AI$2500,0)) -> 18 | Q13: =IF(L13="","",N13+O13+P13) -> 18 | R13: =IF(OR(Q13="",Q13=0),"",N13*100/M13) -> 0 | S13: =IF(OR(Q13="",Q13=0),"",O13*100/M13) -> 0 | T13: =IF(OR(Q13="",Q13=0),"",U13-R13-S13) -> 100 | U13: =IF(OR(Q13="",Q13=0),"",Q13*100/M13) -> 100
A14: =IF(COUNTIFS(Basicdata!$B$2:$B$2500,1,Basicdata!$D$2:$D$2500,Crops!$D$5,Basicdata!$H$2:$H$2500,Crops!$M5)>0,Crops!$M5,"") -> 4 | B14: =IF(A14="","",COUNTIFS(Basicdata!$B$2:$B$2500,1,Basicdata!$D$2:$D$2500,Crops!$D$5,Basicdata!$H$2:$H$2500,Crops!$M5)) -> 14 | C14: =IF(A14="","",COUNTIFS(Basicdata!$B$2:$B$2500,1,Basicdata!$D$2:$D$2500,Crops!$D$5,Basicdata!$H$2:$H$2500,Crops!$M5,Basicdata!$K$2:$K$2500,1,Basicdata!$AI$2:$AI$2500,0)) -> 0 | D14: =IF(A14="","",COUNTIFS(Basicdata!$B$2:$B$2500,1,Basicdata!$D$2:$D$2500,Crops!$D$5,Basicdata!$H$2:$H$2500,Crops!$M5,Basicdata!$K$2:$K$2500,2,Basicdata!$AI$2:$AI$2500,0)) -> 0 | E14: =IF(A14="","",COUNTIFS(Basicdata!$B$2:$B$2500,1,Basicdata!$D$2:$D$2500,Crops!$D$5,Basicdata!$H$2:$H$2500,Crops!$M5,Basicdata!$K$2:$K$2500,3,Basicdata!$AI$2:$AI$2500,0)) -> 14 | F14: =IF(A14="","",C14+D14+E14) -> 14 | G14: =IF(OR(F14="",F14=0),"",C14*100/B14) -> 0 | H14: =IF(OR(F14="",F14=0),"",D14*100/B14) -> 0 | I14: =IF(OR(F14="",F14=0),"",J14-G14-H14) -> 100 | J14: =IF(OR(F14="",F14=0),"",F14*100/B14) -> 100 | L14: =IF(COUNTIFS(Basicdata!$B$2:$B$2500,2,Basicdata!$D$2:$D$2500,Crops!$D$5,Basicdata!$H$2:$H$2500,Crops!$M5)>0,Crops!$M5,"") -> 4 | M14: =IF(L14="","",COUNTIFS(Basicdata!$B$2:$B$2500,2,Basicdata!$D$2:$D$2500,Crops!$D$5,Basicdata!$H$2:$H$2500,Crops!$M5)) -> 14 | N14: =IF(L14="","",COUNTIFS(Basicdata!$B$2:$B$2500,2,Basicdata!$D$2:$D$2500,Crops!$D$5,Basicdata!$H$2:$H$2500,Crops!$M5,Basicdata!$K$2:$K$2500,1,Basicdata!$AI$2:$AI$2500,0)) -> 0 | O14: =IF(L14="","",COUNTIFS(Basicdata!$B$2:$B$2500,2,Basicdata!$D$2:$D$2500,Crops!$D$5,Basicdata!$H$2:$H$2500,Crops!$M5,Basicdata!$K$2:$K$2500,2,Basicdata!$AI$2:$AI$2500,0)) -> 0 | P14: =IF(L14="","",COUNTIFS(Basicdata!$B$2:$B$2500,2,Basicdata!$D$2:$D$2500,Crops!$D$5,Basicdata!$H$2:$H$2500,Crops!$M5,Basicdata!$K$2:$K$2500,3,Basicdata!$AI$2:$AI$2500,0)) -> 14 | Q14: =IF(L14="","",N14+O14+P14) -> 14 | R14: =IF(OR(Q14="",Q14=0),"",N14*100/M14) -> 0 | S14: =IF(OR(Q14="",Q14=0),"",O14*100/M14) -> 0 | T14: =IF(OR(Q14="",Q14=0),"",U14-R14-S14) -> 100 | U14: =IF(OR(Q14="",Q14=0),"",Q14*100/M14) -> 100
A15: =IF(COUNTIFS(Basicdata!$B$2:$B$2500,1,Basicdata!$D$2:$D$2500,Crops!$D$5,Basicdata!$H$2:$H$2500,Crops!$M6)>0,Crops!$M6,"") -> 5 | B15: =IF(A15="","",COUNTIFS(Basicdata!$B$2:$B$2500,1,Basicdata!$D$2:$D$2500,Crops!$D$5,Basicdata!$H$2:$H$2500,Crops!$M6)) -> 10 | C15: =IF(A15="","",COUNTIFS(Basicdata!$B$2:$B$2500,1,Basicdata!$D$2:$D$2500,Crops!$D$5,Basicdata!$H$2:$H$2500,Crops!$M6,Basicdata!$K$2:$K$2500,1,Basicdata!$AI$2:$AI$2500,0)) -> 0 | D15: =IF(A15="","",COUNTIFS(Basicdata!$B$2:$B$2500,1,Basicdata!$D$2:$D$2500,Crops!$D$5,Basicdata!$H$2:$H$2500,Crops!$M6,Basicdata!$K$2:$K$2500,2,Basicdata!$AI$2:$AI$2500,0)) -> 0 | E15: =IF(A15="","",COUNTIFS(Basicdata!$B$2:$B$2500,1,Basicdata!$D$2:$D$2500,Crops!$D$5,Basicdata!$H$2:$H$2500,Crops!$M6,Basicdata!$K$2:$K$2500,3,Basicdata!$AI$2:$AI$2500,0)) -> 10 | F15: =IF(A15="","",C15+D15+E15) -> 10 | G15: =IF(OR(F15="",F15=0),"",C15*100/B15) -> 0 | H15: =IF(OR(F15="",F15=0),"",D15*100/B15) -> 0 | I15: =IF(OR(F15="",F15=0),"",J15-G15-H15) -> 100 | J15: =IF(OR(F15="",F15=0),"",F15*100/B15) -> 100 | L15: =IF(COUNTIFS(Basicdata!$B$2:$B$2500,2,Basicdata!$D$2:$D$2500,Crops!$D$5,Basicdata!$H$2:$H$2500,Crops!$M6)>0,Crops!$M6,"") -> 5 | M15: =IF(L15="","",COUNTIFS(Basicdata!$B$2:$B$2500,2,Basicdata!$D$2:$D$2500,Crops!$D$5,Basicdata!$H$2:$H$2500,Crops!$M6)) -> 10 | N15: =IF(L15="","",COUNTIFS(Basicdata!$B$2:$B$2500,2,Basicdata!$D$2:$D$2500,Crops!$D$5,Basicdata!$H$2:$H$2500,Crops!$M6,Basicdata!$K$2:$K$2500,1,Basicdata!$AI$2:$AI$2500,0)) -> 0 | O15: =IF(L15="","",COUNTIFS(Basicdata!$B$2:$B$2500,2,Basicdata!$D$2:$D$2500,Crops!$D$5,Basicdata!$H$2:$H$2500,Crops!$M6,Basicdata!$K$2:$K$2500,2,Basicdata!$AI$2:$AI$2500,0)) -> 0 | P15: =IF(L15="","",COUNTIFS(Basicdata!$B$2:$B$2500,2,Basicdata!$D$2:$D$2500,Crops!$D$5,Basicdata!$H$2:$H$2500,Crops!$M6,Basicdata!$K$2:$K$2500,3,Basicdata!$AI$2:$AI$2500,0)) -> 10 | Q15: =IF(L15="","",N15+O15+P15) -> 10 | R15: =IF(OR(Q15="",Q15=0),"",N15*100/M15) -> 0 | S15: =IF(OR(Q15="",Q15=0),"",O15*100/M15) -> 0 | T15: =IF(OR(Q15="",Q15=0),"",U15-R15-S15) -> 100 | U15: =IF(OR(Q15="",Q15=0),"",Q15*100/M15) -> 100
A16: =IF(COUNTIFS(Basicdata!$B$2:$B$2500,1,Basicdata!$D$2:$D$2500,Crops!$D$5,Basicdata!$H$2:$H$2500,Crops!$M7)>0,Crops!$M7,"") -> 6 | B16: =IF(A16="","",COUNTIFS(Basicdata!$B$2:$B$2500,1,Basicdata!$D$2:$D$2500,Crops!$D$5,Basicdata!$H$2:$H$2500,Crops!$M7)) -> 8 | C16: =IF(A16="","",COUNTIFS(Basicdata!$B$2:$B$2500,1,Basicdata!$D$2:$D$2500,Crops!$D$5,Basicdata!$H$2:$H$2500,Crops!$M7,Basicdata!$K$2:$K$2500,1,Basicdata!$AI$2:$AI$2500,0)) -> 0 | D16: =IF(A16="","",COUNTIFS(Basicdata!$B$2:$B$2500,1,Basicdata!$D$2:$D$2500,Crops!$D$5,Basicdata!$H$2:$H$2500,Crops!$M7,Basicdata!$K$2:$K$2500,2,Basicdata!$AI$2:$AI$2500,0)) -> 0 | E16: =IF(A16="","",COUNTIFS(Basicdata!$B$2:$B$2500,1,Basicdata!$D$2:$D$2500,Crops!$D$5,Basicdata!$H$2:$H$2500,Crops!$M7,Basicdata!$K$2:$K$2500,3,Basicdata!$AI$2:$AI$2500,0)) -> 8 | F16: =IF(A16="","",C16+D16+E16) -> 8 | G16: =IF(OR(F16="",F16=0),"",C16*100/B16) -> 0 | H16: =IF(OR(F16="",F16=0),"",D16*100/B16) -> 0 | I16: =IF(OR(F16="",F16=0),"",J16-G16-H16) -> 100 | J16: =IF(OR(F16="",F16=0),"",F16*100/B16) -> 100 | L16: =IF(COUNTIFS(Basicdata!$B$2:$B$2500,2,Basicdata!$D$2:$D$2500,Crops!$D$5,Basicdata!$H$2:$H$2500,Crops!$M7)>0,Crops!$M7,"") -> 6 | M16: =IF(L16="","",COUNTIFS(Basicdata!$B$2:$B$2500,2,Basicdata!$D$2:$D$2500,Crops!$D$5,Basicdata!$H$2:$H$2500,Crops!$M7)) -> 8 | N16: =IF(L16="","",COUNTIFS(Basicdata!$B$2:$B$2500,2,Basicdata!$D$2:$D$2500,Crops!$D$5,Basicdata!$H$2:$H$2500,Crops!$M7,Basicdata!$K$2:$K$2500,1,Basicdata!$AI$2:$AI$2500,0)) -> 0 | O16: =IF(L16="","",COUNTIFS(Basicdata!$B$2:$B$2500,2,Basicdata!$D$2:$D$2500,Crops!$D$5,Basicdata!$H$2:$H$2500,Crops!$M7,Basicdata!$K$2:$K$2500,2,Basicdata!$AI$2:$AI$2500,0)) -> 0 | P16: =IF(L16="","",COUNTIFS(Basicdata!$B$2:$B$2500,2,Basicdata!$D$2:$D$2500,Crops!$D$5,Basicdata!$H$2:$H$2500,Crops!$M7,Basicdata!$K$2:$K$2500,3,Basicdata!$AI$2:$AI$2500,0)) -> 8 | Q16: =IF(L16="","",N16+O16+P16) -> 8 | R16: =IF(OR(Q16="",Q16=0),"",N16*100/M16) -> 0 | S16: =IF(OR(Q16="",Q16=0),"",O16*100/M16) -> 0 | T16: =IF(OR(Q16="",Q16=0),"",U16-R16-S16) -> 100 | U16: =IF(OR(Q16="",Q16=0),"",Q16*100/M16) -> 100
A17: =IF(COUNTIFS(Basicdata!$B$2:$B$2500,1,Basicdata!$D$2:$D$2500,Crops!$D$5,Basicdata!$H$2:$H$2500,Crops!$M8)>0,Crops!$M8,"") -> 7 | B17: =IF(A17="","",COUNTIFS(Basicdata!$B$2:$B$2500,1,Basicdata!$D$2:$D$2500,Crops!$D$5,Basicdata!$H$2:$H$2500,Crops!$M8)) -> 16 | C17: =IF(A17="","",COUNTIFS(Basicdata!$B$2:$B$2500,1,Basicdata!$D$2:$D$2500,Crops!$D$5,Basicdata!$H$2:$H$2500,Crops!$M8,Basicdata!$K$2:$K$2500,1,Basicdata!$AI$2:$AI$2500,0)) -> 0 | D17: =IF(A17="","",COUNTIFS(Basicdata!$B$2:$B$2500,1,Basicdata!$D$2:$D$2500,Crops!$D$5,Basicdata!$H$2:$H$2500,Crops!$M8,Basicdata!$K$2:$K$2500,2,Basicdata!$AI$2:$AI$2500,0)) -> 0 | E17: =IF(A17="","",COUNTIFS(Basicdata!$B$2:$B$2500,1,Basicdata!$D$2:$D$2500,Crops!$D$5,Basicdata!$H$2:$H$2500,Crops!$M8,Basicdata!$K$2:$K$2500,3,Basicdata!$AI$2:$AI$2500,0)) -> 16 | F17: =IF(A17="","",C17+D17+E17) -> 16 | G17: =IF(OR(F17="",F17=0),"",C17*100/B17) -> 0 | H17: =IF(OR(F17="",F17=0),"",D17*100/B17) -> 0 | I17: =IF(OR(F17="",F17=0),"",J17-G17-H17) -> 100 | J17: =IF(OR(F17="",F17=0),"",F17*100/B17) -> 100 | L17: =IF(COUNTIFS(Basicdata!$B$2:$B$2500,2,Basicdata!$D$2:$D$2500,Crops!$D$5,Basicdata!$H$2:$H$2500,Crops!$M8)>0,Crops!$M8,"") -> 7 | M17: =IF(L17="","",COUNTIFS(Basicdata!$B$2:$B$2500,2,Basicdata!$D$2:$D$2500,Crops!$D$5,Basicdata!$H$2:$H$2500,Crops!$M8)) -> 16 | N17: =IF(L17="","",COUNTIFS(Basicdata!$B$2:$B$2500,2,Basicdata!$D$2:$D$2500,Crops!$D$5,Basicdata!$H$2:$H$2500,Crops!$M8,Basicdata!$K$2:$K$2500,1,Basicdata!$AI$2:$AI$2500,0)) -> 0 | O17: =IF(L17="","",COUNTIFS(Basicdata!$B$2:$B$2500,2,Basicdata!$D$2:$D$2500,Crops!$D$5,Basicdata!$H$2:$H$2500,Crops!$M8,Basicdata!$K$2:$K$2500,2,Basicdata!$AI$2:$AI$2500,0)) -> 0 | P17: =IF(L17="","",COUNTIFS(Basicdata!$B$2:$B$2500,2,Basicdata!$D$2:$D$2500,Crops!$D$5,Basicdata!$H$2:$H$2500,Crops!$M8,Basicdata!$K$2:$K$2500,3,Basicdata!$AI$2:$AI$2500,0)) -> 16 | Q17: =IF(L17="","",N17+O17+P17) -> 16 | R17: =IF(OR(Q17="",Q17=0),"",N17*100/M17) -> 0 | S17: =IF(OR(Q17="",Q17=0),"",O17*100/M17) -> 0 | T17: =IF(OR(Q17="",Q17=0),"",U17-R17-S17) -> 100 | U17: =IF(OR(Q17="",Q17=0),"",Q17*100/M17) -> 100
A18: =IF(COUNTIFS(Basicdata!$B$2:$B$2500,1,Basicdata!$D$2:$D$2500,Crops!$D$5,Basicdata!$H$2:$H$2500,Crops!$M9)>0,Crops!$M9,"") -> 8 | B18: =IF(A18="","",COUNTIFS(Basicdata!$B$2:$B$2500,1,Basicdata!$D$2:$D$2500,Crops!$D$5,Basicdata!$H$2:$H$2500,Crops!$M9)) -> 20 | C18: =IF(A18="","",COUNTIFS(Basicdata!$B$2:$B$2500,1,Basicdata!$D$2:$D$2500,Crops!$D$5,Basicdata!$H$2:$H$2500,Crops!$M9,Basicdata!$K$2:$K$2500,1,Basicdata!$AI$2:$AI$2500,0)) -> 0 | D18: =IF(A18="","",COUNTIFS(Basicdata!$B$2:$B$2500,1,Basicdata!$D$2:$D$2500,Crops!$D$5,Basicdata!$H$2:$H$2500,Crops!$M9,Basicdata!$K$2:$K$2500,2,Basicdata!$AI$2:$AI$2500,0)) -> 0 | E18: =IF(A18="","",COUNTIFS(Basicdata!$B$2:$B$2500,1,Basicdata!$D$2:$D$2500,Crops!$D$5,Basicdata!$H$2:$H$2500,Crops!$M9,Basicdata!$K$2:$K$2500,3,Basicdata!$AI$2:$AI$2500,0)) -> 20 | F18: =IF(A18="","",C18+D18+E18) -> 20 | G18: =IF(OR(F18="",F18=0),"",C18*100/B18) -> 0 | H18: =IF(OR(F18="",F18=0),"",D18*100/B18) -> 0 | I18: =IF(OR(F18="",F18=0),"",J18-G18-H18) -> 100 | J18: =IF(OR(F18="",F18=0),"",F18*100/B18) -> 100 | L18: =IF(COUNTIFS(Basicdata!$B$2:$B$2500,2,Basicdata!$D$2:$D$2500,Crops!$D$5,Basicdata!$H$2:$H$2500,Crops!$M9)>0,Crops!$M9,"") -> 8 | M18: =IF(L18="","",COUNTIFS(Basicdata!$B$2:$B$2500,2,Basicdata!$D$2:$D$2500,Crops!$D$5,Basicdata!$H$2:$H$2500,Crops!$M9)) -> 20 | N18: =IF(L18="","",COUNTIFS(Basicdata!$B$2:$B$2500,2,Basicdata!$D$2:$D$2500,Crops!$D$5,Basicdata!$H$2:$H$2500,Crops!$M9,Basicdata!$K$2:$K$2500,1,Basicdata!$AI$2:$AI$2500,0)) -> 0 | O18: =IF(L18="","",COUNTIFS(Basicdata!$B$2:$B$2500,2,Basicdata!$D$2:$D$2500,Crops!$D$5,Basicdata!$H$2:$H$2500,Crops!$M9,Basicdata!$K$2:$K$2500,2,Basicdata!$AI$2:$AI$2500,0)) -> 0 | P18: =IF(L18="","",COUNTIFS(Basicdata!$B$2:$B$2500,2,Basicdata!$D$2:$D$2500,Crops!$D$5,Basicdata!$H$2:$H$2500,Crops!$M9,Basicdata!$K$2:$K$2500,3,Basicdata!$AI$2:$AI$2500,0)) -> 20 | Q18: =IF(L18="","",N18+O18+P18) -> 20 | R18: =IF(OR(Q18="",Q18=0),"",N18*100/M18) -> 0 | S18: =IF(OR(Q18="",Q18=0),"",O18*100/M18) -> 0 | T18: =IF(OR(Q18="",Q18=0),"",U18-R18-S18) -> 100 | U18: =IF(OR(Q18="",Q18=0),"",Q18*100/M18) -> 100
A19: =IF(COUNTIFS(Basicdata!$B$2:$B$2500,1,Basicdata!$D$2:$D$2500,Crops!$D$5,Basicdata!$H$2:$H$2500,Crops!$M10)>0,Crops!$M10,"") -> 9 | B19: =IF(A19="","",COUNTIFS(Basicdata!$B$2:$B$2500,1,Basicdata!$D$2:$D$2500,Crops!$D$5,Basicdata!$H$2:$H$2500,Crops!$M10)) -> 16 | C19: =IF(A19="","",COUNTIFS(Basicdata!$B$2:$B$2500,1,Basicdata!$D$2:$D$2500,Crops!$D$5,Basicdata!$H$2:$H$2500,Crops!$M10,Basicdata!$K$2:$K$2500,1,Basicdata!$AI$2:$AI$2500,0)) -> 0 | D19: =IF(A19="","",COUNTIFS(Basicdata!$B$2:$B$2500,1,Basicdata!$D$2:$D$2500,Crops!$D$5,Basicdata!$H$2:$H$2500,Crops!$M10,Basicdata!$K$2:$K$2500,2,Basicdata!$AI$2:$AI$2500,0)) -> 0 | E19: =IF(A19="","",COUNTIFS(Basicdata!$B$2:$B$2500,1,Basicdata!$D$2:$D$2500,Crops!$D$5,Basicdata!$H$2:$H$2500,Crops!$M10,Basicdata!$K$2:$K$2500,3,Basicdata!$AI$2:$AI$2500,0)) -> 16 | F19: =IF(A19="","",C19+D19+E19) -> 16 | G19: =IF(OR(F19="",F19=0),"",C19*100/B19) -> 0 | H19: =IF(OR(F19="",F19=0),"",D19*100/B19) -> 0 | I19: =IF(OR(F19="",F19=0),"",J19-G19-H19) -> 100 | J19: =IF(OR(F19="",F19=0),"",F19*100/B19) -> 100 | L19: =IF(COUNTIFS(Basicdata!$B$2:$B$2500,2,Basicdata!$D$2:$D$2500,Crops!$D$5,Basicdata!$H$2:$H$2500,Crops!$M10)>0,Crops!$M10,"") -> 9 | M19: =IF(L19="","",COUNTIFS(Basicdata!$B$2:$B$2500,2,Basicdata!$D$2:$D$2500,Crops!$D$5,Basicdata!$H$2:$H$2500,Crops!$M10)) -> 16 | N19: =IF(L19="","",COUNTIFS(Basicdata!$B$2:$B$2500,2,Basicdata!$D$2:$D$2500,Crops!$D$5,Basicdata!$H$2:$H$2500,Crops!$M10,Basicdata!$K$2:$K$2500,1,Basicdata!$AI$2:$AI$2500,0)) -> 0 | O19: =IF(L19="","",COUNTIFS(Basicdata!$B$2:$B$2500,2,Basicdata!$D$2:$D$2500,Crops!$D$5,Basicdata!$H$2:$H$2500,Crops!$M10,Basicdata!$K$2:$K$2500,2,Basicdata!$AI$2:$AI$2500,0)) -> 0 | P19: =IF(L19="","",COUNTIFS(Basicdata!$B$2:$B$2500,2,Basicdata!$D$2:$D$2500,Crops!$D$5,Basicdata!$H$2:$H$2500,Crops!$M10,Basicdata!$K$2:$K$2500,3,Basicdata!$AI$2:$AI$2500,0)) -> 16 | Q19: =IF(L19="","",N19+O19+P19) -> 16 | R19: =IF(OR(Q19="",Q19=0),"",N19*100/M19) -> 0 | S19: =IF(OR(Q19="",Q19=0),"",O19*100/M19) -> 0 | T19: =IF(OR(Q19="",Q19=0),"",U19-R19-S19) -> 100 | U19: =IF(OR(Q19="",Q19=0),"",Q19*100/M19) -> 100
A20: =IF(COUNTIFS(Basicdata!$B$2:$B$2500,1,Basicdata!$D$2:$D$2500,Crops!$D$5,Basicdata!$H$2:$H$2500,Crops!$M11)>0,Crops!$M11,"") -> 10 | B20: =IF(A20="","",COUNTIFS(Basicdata!$B$2:$B$2500,1,Basicdata!$D$2:$D$2500,Crops!$D$5,Basicdata!$H$2:$H$2500,Crops!$M11)) -> 10 | C20: =IF(A20="","",COUNTIFS(Basicdata!$B$2:$B$2500,1,Basicdata!$D$2:$D$2500,Crops!$D$5,Basicdata!$H$2:$H$2500,Crops!$M11,Basicdata!$K$2:$K$2500,1,Basicdata!$AI$2:$AI$2500,0)) -> 0 | D20: =IF(A20="","",COUNTIFS(Basicdata!$B$2:$B$2500,1,Basicdata!$D$2:$D$2500,Crops!$D$5,Basicdata!$H$2:$H$2500,Crops!$M11,Basicdata!$K$2:$K$2500,2,Basicdata!$AI$2:$AI$2500,0)) -> 0 | E20: =IF(A20="","",COUNTIFS(Basicdata!$B$2:$B$2500,1,Basicdata!$D$2:$D$2500,Crops!$D$5,Basicdata!$H$2:$H$2500,Crops!$M11,Basicdata!$K$2:$K$2500,3,Basicdata!$AI$2:$AI$2500,0)) -> 10 | F20: =IF(A20="","",C20+D20+E20) -> 10 | G20: =IF(OR(F20="",F20=0),"",C20*100/B20) -> 0 | H20: =IF(OR(F20="",F20=0),"",D20*100/B20) -> 0 | I20: =IF(OR(F20="",F20=0),"",J20-G20-H20) -> 100 | J20: =IF(OR(F20="",F20=0),"",F20*100/B20) -> 100 | L20: =IF(COUNTIFS(Basicdata!$B$2:$B$2500,2,Basicdata!$D$2:$D$2500,Crops!$D$5,Basicdata!$H$2:$H$2500,Crops!$M11)>0,Crops!$M11,"") -> 10 | M20: =IF(L20="","",COUNTIFS(Basicdata!$B$2:$B$2500,2,Basicdata!$D$2:$D$2500,Crops!$D$5,Basicdata!$H$2:$H$2500,Crops!$M11)) -> 10 | N20: =IF(L20="","",COUNTIFS(Basicdata!$B$2:$B$2500,2,Basicdata!$D$2:$D$2500,Crops!$D$5,Basicdata!$H$2:$H$2500,Crops!$M11,Basicdata!$K$2:$K$2500,1,Basicdata!$AI$2:$AI$2500,0)) -> 0 | O20: =IF(L20="","",COUNTIFS(Basicdata!$B$2:$B$2500,2,Basicdata!$D$2:$D$2500,Crops!$D$5,Basicdata!$H$2:$H$2500,Crops!$M11,Basicdata!$K$2:$K$2500,2,Basicdata!$AI$2:$AI$2500,0)) -> 0 | P20: =IF(L20="","",COUNTIFS(Basicdata!$B$2:$B$2500,2,Basicdata!$D$2:$D$2500,Crops!$D$5,Basicdata!$H$2:$H$2500,Crops!$M11,Basicdata!$K$2:$K$2500,3,Basicdata!$AI$2:$AI$2500,0)) -> 10 | Q20: =IF(L20="","",N20+O20+P20) -> 10 | R20: =IF(OR(Q20="",Q20=0),"",N20*100/M20) -> 0 | S20: =IF(OR(Q20="",Q20=0),"",O20*100/M20) -> 0 | T20: =IF(OR(Q20="",Q20=0),"",U20-R20-S20) -> 100 | U20: =IF(OR(Q20="",Q20=0),"",Q20*100/M20) -> 100
A21: =IF(COUNTIFS(Basicdata!$B$2:$B$2500,1,Basicdata!$D$2:$D$2500,Crops!$D$5,Basicdata!$H$2:$H$2500,Crops!$M12)>0,Crops!$M12,"") -> 11 | B21: =IF(A21="","",COUNTIFS(Basicdata!$B$2:$B$2500,1,Basicdata!$D$2:$D$2500,Crops!$D$5,Basicdata!$H$2:$H$2500,Crops!$M12)) -> 5 | C21: =IF(A21="","",COUNTIFS(Basicdata!$B$2:$B$2500,1,Basicdata!$D$2:$D$2500,Crops!$D$5,Basicdata!$H$2:$H$2500,Crops!$M12,Basicdata!$K$2:$K$2500,1,Basicdata!$AI$2:$AI$2500,0)) -> 0 | D21: =IF(A21="","",COUNTIFS(Basicdata!$B$2:$B$2500,1,Basicdata!$D$2:$D$2500,Crops!$D$5,Basicdata!$H$2:$H$2500,Crops!$M12,Basicdata!$K$2:$K$2500,2,Basicdata!$AI$2:$AI$2500,0)) -> 0 | E21: =IF(A21="","",COUNTIFS(Basicdata!$B$2:$B$2500,1,Basicdata!$D$2:$D$2500,Crops!$D$5,Basicdata!$H$2:$H$2500,Crops!$M12,Basicdata!$K$2:$K$2500,3,Basicdata!$AI$2:$AI$2500,0)) -> 5 | F21: =IF(A21="","",C21+D21+E21) -> 5 | G21: =IF(OR(F21="",F21=0),"",C21*100/B21) -> 0 | H21: =IF(OR(F21="",F21=0),"",D21*100/B21) -> 0 | I21: =IF(OR(F21="",F21=0),"",J21-G21-H21) -> 100 | J21: =IF(OR(F21="",F21=0),"",F21*100/B21) -> 100 | L21: =IF(COUNTIFS(Basicdata!$B$2:$B$2500,2,Basicdata!$D$2:$D$2500,Crops!$D$5,Basicdata!$H$2:$H$2500,Crops!$M12)>0,Crops!$M12,"") -> 11 | M21: =IF(L21="","",COUNTIFS(Basicdata!$B$2:$B$2500,2,Basicdata!$D$2:$D$2500,Crops!$D$5,Basicdata!$H$2:$H$2500,Crops!$M12)) -> 5 | N21: =IF(L21="","",COUNTIFS(Basicdata!$B$2:$B$2500,2,Basicdata!$D$2:$D$2500,Crops!$D$5,Basicdata!$H$2:$H$2500,Crops!$M12,Basicdata!$K$2:$K$2500,1,Basicdata!$AI$2:$AI$2500,0)) -> 0 | O21: =IF(L21="","",COUNTIFS(Basicdata!$B$2:$B$2500,2,Basicdata!$D$2:$D$2500,Crops!$D$5,Basicdata!$H$2:$H$2500,Crops!$M12,Basicdata!$K$2:$K$2500,2,Basicdata!$AI$2:$AI$2500,0)) -> 0 | P21: =IF(L21="","",COUNTIFS(Basicdata!$B$2:$B$2500,2,Basicdata!$D$2:$D$2500,Crops!$D$5,Basicdata!$H$2:$H$2500,Crops!$M12,Basicdata!$K$2:$K$2500,3,Basicdata!$AI$2:$AI$2500,0)) -> 5 | Q21: =IF(L21="","",N21+O21+P21) -> 5 | R21: =IF(OR(Q21="",Q21=0),"",N21*100/M21) -> 0 | S21: =IF(OR(Q21="",Q21=0),"",O21*100/M21) -> 0 | T21: =IF(OR(Q21="",Q21=0),"",U21-R21-S21) -> 100 | U21: =IF(OR(Q21="",Q21=0),"",Q21*100/M21) -> 100
A22: =IF(COUNTIFS(Basicdata!$B$2:$B$2500,1,Basicdata!$D$2:$D$2500,Crops!$D$5,Basicdata!$H$2:$H$2500,Crops!$M13)>0,Crops!$M13,"") -> 12 | B22: =IF(A22="","",COUNTIFS(Basicdata!$B$2:$B$2500,1,Basicdata!$D$2:$D$2500,Crops!$D$5,Basicdata!$H$2:$H$2500,Crops!$M13)) -> 14 | C22: =IF(A22="","",COUNTIFS(Basicdata!$B$2:$B$2500,1,Basicdata!$D$2:$D$2500,Crops!$D$5,Basicdata!$H$2:$H$2500,Crops!$M13,Basicdata!$K$2:$K$2500,1,Basicdata!$AI$2:$AI$2500,0)) -> 0 | D22: =IF(A22="","",COUNTIFS(Basicdata!$B$2:$B$2500,1,Basicdata!$D$2:$D$2500,Crops!$D$5,Basicdata!$H$2:$H$2500,Crops!$M13,Basicdata!$K$2:$K$2500,2,Basicdata!$AI$2:$AI$2500,0)) -> 0 | E22: =IF(A22="","",COUNTIFS(Basicdata!$B$2:$B$2500,1,Basicdata!$D$2:$D$2500,Crops!$D$5,Basicdata!$H$2:$H$2500,Crops!$M13,Basicdata!$K$2:$K$2500,3,Basicdata!$AI$2:$AI$2500,0)) -> 14 | F22: =IF(A22="","",C22+D22+E22) -> 14 | G22: =IF(OR(F22="",F22=0),"",C22*100/B22) -> 0 | H22: =IF(OR(F22="",F22=0),"",D22*100/B22) -> 0 | I22: =IF(OR(F22="",F22=0),"",J22-G22-H22) -> 100 | J22: =IF(OR(F22="",F22=0),"",F22*100/B22) -> 100 | L22: =IF(COUNTIFS(Basicdata!$B$2:$B$2500,2,Basicdata!$D$2:$D$2500,Crops!$D$5,Basicdata!$H$2:$H$2500,Crops!$M13)>0,Crops!$M13,"") -> 12 | M22: =IF(L22="","",COUNTIFS(Basicdata!$B$2:$B$2500,2,Basicdata!$D$2:$D$2500,Crops!$D$5,Basicdata!$H$2:$H$2500,Crops!$M13)) -> 14 | N22: =IF(L22="","",COUNTIFS(Basicdata!$B$2:$B$2500,2,Basicdata!$D$2:$D$2500,Crops!$D$5,Basicdata!$H$2:$H$2500,Crops!$M13,Basicdata!$K$2:$K$2500,1,Basicdata!$AI$2:$AI$2500,0)) -> 0 | O22: =IF(L22="","",COUNTIFS(Basicdata!$B$2:$B$2500,2,Basicdata!$D$2:$D$2500,Crops!$D$5,Basicdata!$H$2:$H$2500,Crops!$M13,Basicdata!$K$2:$K$2500,2,Basicdata!$AI$2:$AI$2500,0)) -> 0 | P22: =IF(L22="","",COUNTIFS(Basicdata!$B$2:$B$2500,2,Basicdata!$D$2:$D$2500,Crops!$D$5,Basicdata!$H$2:$H$2500,Crops!$M13,Basicdata!$K$2:$K$2500,3,Basicdata!$AI$2:$AI$2500,0)) -> 14 | Q22: =IF(L22="","",N22+O22+P22) -> 14 | R22: =IF(OR(Q22="",Q22=0),"",N22*100/M22) -> 0 | S22: =IF(OR(Q22="",Q22=0),"",O22*100/M22) -> 0 | T22: =IF(OR(Q22="",Q22=0),"",U22-R22-S22) -> 100 | U22: =IF(OR(Q22="",Q22=0),"",Q22*100/M22) -> 100
... A97: =IF(COUNTIFS(Basicdata!$B$2:$B$2500,1,Basicdata!$D$2:$D$2500,Crops!$D$5,Basicdata!$H$2:$H$2500,Crops!$M88)>0,Crops!$M88,"") | B97: =IF(A97="","",COUNTIFS(Basicdata!$B$2:$B$2500,1,Basicdata!$D$2:$D$2500,Crops!$D$5,Basicdata!$H$2:$H$2500,Crops!$M88)) | C97: =IF(A97="","",COUNTIFS(Basicdata!$B$2:$B$2500,1,Basicdata!$D$2:$D$2500,Crops!$D$5,Basicdata!$H$2:$H$2500,Crops!$M88,Basicdata!$K$2:$K$2500,1,Basicdata!$AI$2:$AI$2500,0)) | D97: =IF(A97="","",COUNTIFS(Basicdata!$B$2:$B$2500,1,Basicdata!$D$2:$D$2500,Crops!$D$5,Basicdata!$H$2:$H$2500,Crops!$M88,Basicdata!$K$2:$K$2500,2,Basicdata!$AI$2:$AI$2500,0)) | E97: =IF(A97="","",COUNTIFS(Basicdata!$B$2:$B$2500,1,Basicdata!$D$2:$D$2500,Crops!$D$5,Basicdata!$H$2:$H$2500,Crops!$M88,Basicdata!$K$2:$K$2500,3,Basicdata!$AI$2:$AI$2500,0)) | F97: =IF(A97="","",C97+D97+E97) | G97: =IF(OR(F97="",F97=0),"",C97*100/B97) | H97: =IF(OR(F97="",F97=0),"",D97*100/B97) | I97: =IF(OR(F97="",F97=0),"",J97-G97-H97) | J97: =IF(OR(F97="",F97=0),"",F97*100/B97) | L97: =IF(COUNTIFS(Basicdata!$B$2:$B$2500,2,Basicdata!$D$2:$D$2500,Crops!$D$5,Basicdata!$H$2:$H$2500,Crops!$M88)>0,Crops!$M88,"") | M97: =IF(L97="","",COUNTIFS(Basicdata!$B$2:$B$2500,2,Basicdata!$D$2:$D$2500,Crops!$D$5,Basicdata!$H$2:$H$2500,Crops!$M88)) | N97: =IF(L97="","",COUNTIFS(Basicdata!$B$2:$B$2500,2,Basicdata!$D$2:$D$2500,Crops!$D$5,Basicdata!$H$2:$H$2500,Crops!$M88,Basicdata!$K$2:$K$2500,1,Basicdata!$AI$2:$AI$2500,0)) | O97: =IF(L97="","",COUNTIFS(Basicdata!$B$2:$B$2500,2,Basicdata!$D$2:$D$2500,Crops!$D$5,Basicdata!$H$2:$H$2500,Crops!$M88,Basicdata!$K$2:$K$2500,2,Basicdata!$AI$2:$AI$2500,0)) | P97: =IF(L97="","",COUNTIFS(Basicdata!$B$2:$B$2500,2,Basicdata!$D$2:$D$2500,Crops!$D$5,Basicdata!$H$2:$H$2500,Crops!$M88,Basicdata!$K$2:$K$2500,3,Basicdata!$AI$2:$AI$2500,0)) | Q97: =IF(L97="","",N97+O97+P97) | R97: =IF(OR(Q97="",Q97=0),"",N97*100/M97) | S97: =IF(OR(Q97="",Q97=0),"",O97*100/M97) | T97: =IF(OR(Q97="",Q97=0),"",U97-R97-S97) | U97: =IF(OR(Q97="",Q97=0),"",Q97*100/M97)
A98: STATE: | B98: =SUM(B11:B97) -> 340 | C98: =SUM(C11:C97) -> 0 | D98: =SUM(D11:D97) -> 0 | E98: =SUM(E11:E97) -> 339 | F98: =SUM(F11:F97) -> 339 | G98: =ROUND(C98*100/$B98,2) -> 0 | H98: =ROUND(D98*100/$B98,2) -> 0 | I98: =J98-G98-H98 -> 99.71 | J98: =ROUND(F98*100/$B98,2) -> 99.71 | L98: STATE: | M98: =SUM(M11:M97) -> 340 | N98: =SUM(N11:N97) -> 0 | O98: =SUM(O11:O97) -> 0 | P98: =SUM(P11:P97) -> 339 | Q98: =SUM(Q11:Q97) -> 339 | R98: =ROUND(N98*100/$M98,2) -> 0 | S98: =ROUND(O98*100/$M98,2) -> 0 | T98: =U98-R98-S98 -> 99.71 | U98: =ROUND(Q98*100/$M98,2) -> 99.71
A99: NOTE: "A" ENTRIES= AS PER SUPERVISOR, "B" ENTRIES= AS PER PATWARI. | L99: NOTE: "A" ENTRIES= AS PER SUPERVISOR, "B" ENTRIES= AS PER PATWARI.
A100: Developed by: Deepak Kumar Agrawal, Senior Statistical Officer, NSSO (FOD), Faridabad, Haryana | L100: Developed by: Deepak Kumar Agrawal, Senior Statistical Officer, NSSO (FOD), Faridabad, Haryana

Sheet Table-1(p)
A2: TABLE :A-1 : DISTRICTWISE DISTRIBUTION OF SELECTED VILLAGES FOR CHECK ON ENUMERATION OF AREA AND RESPONSE ACHIEVED.
A3: STATE: | B3: ='Table-1'!B3 -> GUJARAT(24) | D3: YEAR: | E3: ='Table-1'!E3 -> 2023-24 | F3: SEASON: | G3: ='Table-1'!G3 -> SUMMER(5) | H3: SAMPLE: | I3: ='Table-1'!I3 -> CENTRAL(1)
A4: DISTRICT | B4: NO.OF VILLAGES FOR WHICH SCHEDULE AS 1.0 RECEIVED | C4: NO. OF VILLAGES FOR WHICH SCHEDULE AS 1.0 IS ANALYSED | G4: PERCENTAGE RESPONSE TO COL.(2)
C5: WITH 'a' AND 'b' ENTRIES TOGETHER | D5: WITH 'a' AND 'b' ENTRIES SEPARATELY | E5: WITH 'a' ENTRIES ONLY | F5: TOTAL | G5: WITH 'a' AND 'b' ENTRIES TOGETHER | H5: WITH 'a' AND 'b' ENTRIES SEPARATELY | I5: WITH 'a' ENTRIES ONLY | J5: TOTAL
A10: 1 | B10: 2 | C10: 3 | D10: 4 | E10: 5 | F10: 7 | G10: 8 | H10: 9 | I10: 10 | J10: 11
A11: ='Table-1'!A11 -> 1 | B11: ='Table-1'!B11 -> 17 | C11: ='Table-1'!C11 -> 0 | D11: ='Table-1'!D11 -> 0 | E11: ='Table-1'!E11 -> 17 | F11: ='Table-1'!F11 -> 17 | G11: ='Table-1'!G11 -> 0 | H11: ='Table-1'!H11 -> 0 | ... J11: ='Table-1'!J11 -> 100
A12: ='Table-1'!A12 -> 2 | B12: ='Table-1'!B12 -> 33 | C12: ='Table-1'!C12 -> 0 | D12: ='Table-1'!D12 -> 0 | E12: ='Table-1'!E12 -> 32 | F12: ='Table-1'!F12 -> 32 | G12: ='Table-1'!G12 -> 0 | H12: ='Table-1'!H12 -> 0 | ... J12: ='Table-1'!J12 -> 96.969697
A13: ='Table-1'!A13 -> 3 | B13: ='Table-1'!B13 -> 18 | C13: ='Table-1'!C13 -> 0 | D13: ='Table-1'!D13 -> 0 | E13: ='Table-1'!E13 -> 18 | F13: ='Table-1'!F13 -> 18 | G13: ='Table-1'!G13 -> 0 | H13: ='Table-1'!H13 -> 0 | ... J13: ='Table-1'!J13 -> 100
A14: ='Table-1'!A14 -> 4 | B14: ='Table-1'!B14 -> 14 | C14: ='Table-1'!C14 -> 0 | D14: ='Table-1'!D14 -> 0 | E14: ='Table-1'!E14 -> 14 | F14: ='Table-1'!F14 -> 14 | G14: ='Table-1'!G14 -> 0 | H14: ='Table-1'!H14 -> 0 | ... J14: ='Table-1'!J14 -> 100
A15: ='Table-1'!A15 -> 5 | B15: ='Table-1'!B15 -> 10 | C15: ='Table-1'!C15 -> 0 | D15: ='Table-1'!D15 -> 0 | E15: ='Table-1'!E15 -> 10 | F15: ='Table-1'!F15 -> 10 | G15: ='Table-1'!G15 -> 0 | H15: ='Table-1'!H15 -> 0 | ... J15: ='Table-1'!J15 -> 100
A16: ='Table-1'!A16 -> 6 | B16: ='Table-1'!B16 -> 8 | C16: ='Table-1'!C16 -> 0 | D16: ='Table-1'!D16 -> 0 | E16: ='Table-1'!E16 -> 8 | F16: ='Table-1'!F16 -> 8 | G16: ='Table-1'!G16 -> 0 | H16: ='Table-1'!H16 -> 0 | ... J16: ='Table-1'!J16 -> 100
A17: ='Table-1'!A17 -> 7 | B17: ='Table-1'!B17 -> 16 | C17: ='Table-1'!C17 -> 0 | D17: ='Table-1'!D17 -> 0 | E17: ='Table-1'!E17 -> 16 | F17: ='Table-1'!F17 -> 16 | G17: ='Table-1'!G17 -> 0 | H17: ='Table-1'!H17 -> 0 | ... J17: ='Table-1'!J17 -> 100
A18: ='Table-1'!A18 -> 8 | B18: ='Table-1'!B18 -> 20 | C18: ='Table-1'!C18 -> 0 | D18: ='Table-1'!D18 -> 0 | E18: ='Table-1'!E18 -> 20 | F18: ='Table-1'!F18 -> 20 | G18: ='Table-1'!G18 -> 0 | H18: ='Table-1'!H18 -> 0 | ... J18: ='Table-1'!J18 -> 100
A19: ='Table-1'!A19 -> 9 | B19: ='Table-1'!B19 -> 16 | C19: ='Table-1'!C19 -> 0 | D19: ='Table-1'!D19 -> 0 | E19: ='Table-1'!E19 -> 16 | F19: ='Table-1'!F19 -> 16 | G19: ='Table-1'!G19 -> 0 | H19: ='Table-1'!H19 -> 0 | ... J19: ='Table-1'!J19 -> 100
A20: ='Table-1'!A20 -> 10 | B20: ='Table-1'!B20 -> 10 | C20: ='Table-1'!C20 -> 0 | D20: ='Table-1'!D20 -> 0 | E20: ='Table-1'!E20 -> 10 | F20: ='Table-1'!F20 -> 10 | G20: ='Table-1'!G20 -> 0 | H20: ='Table-1'!H20 -> 0 | ... J20: ='Table-1'!J20 -> 100
A21: ='Table-1'!A21 -> 11 | B21: ='Table-1'!B21 -> 5 | C21: ='Table-1'!C21 -> 0 | D21: ='Table-1'!D21 -> 0 | E21: ='Table-1'!E21 -> 5 | F21: ='Table-1'!F21 -> 5 | G21: ='Table-1'!G21 -> 0 | H21: ='Table-1'!H21 -> 0 | ... J21: ='Table-1'!J21 -> 100
A22: ='Table-1'!A22 -> 12 | B22: ='Table-1'!B22 -> 14 | C22: ='Table-1'!C22 -> 0 | D22: ='Table-1'!D22 -> 0 | E22: ='Table-1'!E22 -> 14 | F22: ='Table-1'!F22 -> 14 | G22: ='Table-1'!G22 -> 0 | H22: ='Table-1'!H22 -> 0 | ... J22: ='Table-1'!J22 -> 100
... A98: ='Table-1'!A98 -> STATE: | B98: ='Table-1'!B98 -> 340 | C98: ='Table-1'!C98 -> 0 | D98: ='Table-1'!D98 -> 0 | E98: ='Table-1'!E98 -> 339 | F98: ='Table-1'!F98 -> 339 | G98: ='Table-1'!G98 -> 0 | H98: ='Table-1'!H98 -> 0 | ... J98: ='Table-1'!J98 -> 99.71
A99: NOTE: "A" ENTRIES= AS PER SUPERVISOR, "B" ENTRIES= AS PER PATWARI.
A100: Developed by: Deepak Kumar Agrawal, Senior Statistical Officer, NSSO (FOD), Faridabad, Haryana
A102: TABLE :A-1 : DISTRICTWISE DISTRIBUTION OF SELECTED VILLAGES FOR CHECK ON ENUMERATION OF AREA AND RESPONSE ACHIEVED.
A103: STATE: | B103: ='Table-1'!M3 -> GUJARAT(24) | D103: YEAR: | E103: ='Table-1'!P3 -> 2023-24 | F103: SEASON: | G103: ='Table-1'!R3 -> SUMMER(5) | H103: SAMPLE: | I103: ='Table-1'!T3 -> STATE(2)
A104: DISTRICT | B104: NO.OF VILLAGES FOR WHICH SCHEDULE AS 1.0 RECEIVED | C104: NO. OF VILLAGES FOR WHICH SCHEDULE AS 1.0 IS ANALYSED | G104: PERCENTAGE RESPONSE TO COL.(2)
C105: WITH 'a' AND 'b' ENTRIES TOGETHER | D105: WITH 'a' AND 'b' ENTRIES SEPARATELY | E105: WITH 'a' ENTRIES ONLY | F105: TOTAL | G105: WITH 'a' AND 'b' ENTRIES TOGETHER | H105: WITH 'a' AND 'b' ENTRIES SEPARATELY | I105: WITH 'a' ENTRIES ONLY | J105: TOTAL
A110: 1 | B110: 2 | C110: 3 | D110: 4 | E110: 5 | F110: 7 | G110: 8 | H110: 9 | I110: 10 | J110: 11
A111: ='Table-1'!L11 -> 1 | B111: ='Table-1'!M11 -> 17 | C111: ='Table-1'!N11 -> 0 | D111: ='Table-1'!O11 -> 0 | E111: ='Table-1'!P11 -> 17 | F111: ='Table-1'!Q11 -> 17 | G111: ='Table-1'!R11 -> 0 | H111: ='Table-1'!S11 -> 0 | ... J111: ='Table-1'!U11 -> 100
A112: ='Table-1'!L12 -> 2 | B112: ='Table-1'!M12 -> 33 | C112: ='Table-1'!N12 -> 0 | D112: ='Table-1'!O12 -> 0 | E112: ='Table-1'!P12 -> 33 | F112: ='Table-1'!Q12 -> 33 | G112: ='Table-1'!R12 -> 0 | H112: ='Table-1'!S12 -> 0 | ... J112: ='Table-1'!U12 -> 100
A113: ='Table-1'!L13 -> 3 | B113: ='Table-1'!M13 -> 18 | C113: ='Table-1'!N13 -> 0 | D113: ='Table-1'!O13 -> 0 | E113: ='Table-1'!P13 -> 18 | F113: ='Table-1'!Q13 -> 18 | G113: ='Table-1'!R13 -> 0 | H113: ='Table-1'!S13 -> 0 | ... J113: ='Table-1'!U13 -> 100
A114: ='Table-1'!L14 -> 4 | B114: ='Table-1'!M14 -> 14 | C114: ='Table-1'!N14 -> 0 | D114: ='Table-1'!O14 -> 0 | E114: ='Table-1'!P14 -> 14 | F114: ='Table-1'!Q14 -> 14 | G114: ='Table-1'!R14 -> 0 | H114: ='Table-1'!S14 -> 0 | ... J114: ='Table-1'!U14 -> 100
A115: ='Table-1'!L15 -> 5 | B115: ='Table-1'!M15 -> 10 | C115: ='Table-1'!N15 -> 0 | D115: ='Table-1'!O15 -> 0 | E115: ='Table-1'!P15 -> 10 | F115: ='Table-1'!Q15 -> 10 | G115: ='Table-1'!R15 -> 0 | H115: ='Table-1'!S15 -> 0 | ... J115: ='Table-1'!U15 -> 100
A116: ='Table-1'!L16 -> 6 | B116: ='Table-1'!M16 -> 8 | C116: ='Table-1'!N16 -> 0 | D116: ='Table-1'!O16 -> 0 | E116: ='Table-1'!P16 -> 8 | F116: ='Table-1'!Q16 -> 8 | G116: ='Table-1'!R16 -> 0 | H116: ='Table-1'!S16 -> 0 | ... J116: ='Table-1'!U16 -> 100
A117: ='Table-1'!L17 -> 7 | B117: ='Table-1'!M17 -> 16 | C117: ='Table-1'!N17 -> 0 | D117: ='Table-1'!O17 -> 0 | E117: ='Table-1'!P17 -> 16 | F117: ='Table-1'!Q17 -> 16 | G117: ='Table-1'!R17 -> 0 | H117: ='Table-1'!S17 -> 0 | ... J117: ='Table-1'!U17 -> 100
A118: ='Table-1'!L18 -> 8 | B118: ='Table-1'!M18 -> 20 | C118: ='Table-1'!N18 -> 0 | D118: ='Table-1'!O18 -> 0 | E118: ='Table-1'!P18 -> 20 | F118: ='Table-1'!Q18 -> 20 | G118: ='Table-1'!R18 -> 0 | H118: ='Table-1'!S18 -> 0 | ... J118: ='Table-1'!U18 -> 100
A119: ='Table-1'!L19 -> 9 | B119: ='Table-1'!M19 -> 16 | C119: ='Table-1'!N19 -> 0 | D119: ='Table-1'!O19 -> 0 | E119: ='Table-1'!P19 -> 16 | F119: ='Table-1'!Q19 -> 16 | G119: ='Table-1'!R19 -> 0 | H119: ='Table-1'!S19 -> 0 | ... J119: ='Table-1'!U19 -> 100
A120: ='Table-1'!L20 -> 10 | B120: ='Table-1'!M20 -> 10 | C120: ='Table-1'!N20 -> 0 | D120: ='Table-1'!O20 -> 0 | E120: ='Table-1'!P20 -> 10 | F120: ='Table-1'!Q20 -> 10 | G120: ='Table-1'!R20 -> 0 | H120: ='Table-1'!S20 -> 0 | ... J120: ='Table-1'!U20 -> 100
A121: ='Table-1'!L21 -> 11 | B121: ='Table-1'!M21 -> 5 | C121: ='Table-1'!N21 -> 0 | D121: ='Table-1'!O21 -> 0 | E121: ='Table-1'!P21 -> 5 | F121: ='Table-1'!Q21 -> 5 | G121: ='Table-1'!R21 -> 0 | H121: ='Table-1'!S21 -> 0 | ... J121: ='Table-1'!U21 -> 100
A122: ='Table-1'!L22 -> 12 | B122: ='Table-1'!M22 -> 14 | C122: ='Table-1'!N22 -> 0 | D122: ='Table-1'!O22 -> 0 | E122: ='Table-1'!P22 -> 14 | F122: ='Table-1'!Q22 -> 14 | G122: ='Table-1'!R22 -> 0 | H122: ='Table-1'!S22 -> 0 | ... J122: ='Table-1'!U22 -> 100
... A198: ='Table-1'!L98 -> STATE: | B198: ='Table-1'!M98 -> 340 | C198: ='Table-1'!N98 -> 0 | D198: ='Table-1'!O98 -> 0 | E198: ='Table-1'!P98 -> 339 | F198: ='Table-1'!Q98 -> 339 | G198: ='Table-1'!R98 -> 0 | H198: ='Table-1'!S98 -> 0 | ... J198: ='Table-1'!U98 -> 99.71
A199: NOTE: "A" ENTRIES= AS PER SUPERVISOR, "B" ENTRIES= AS PER PATWARI.
A200: Developed by: Deepak Kumar Agrawal, Senior Statistical Officer, NSSO (FOD), Faridabad, Haryana

Sheet Table-2
A2: Table A-2 : DISTRICTWISE DISTRIBUTION OF SELECTED VILLAGES ACCORDING TO TIME LAG BETWEEN THE YEAR OF SURVEY AND UPDATING OF MAPS. | O2: Table A-2 : DISTRICTWISE DISTRIBUTION OF SELECTED VILLAGES ACCORDING TO TIME LAG BETWEEN THE YEAR OF SURVEY AND UPDATING OF MAPS.
A3: STATE: | B3: =Crops!$A$2&"("&Crops!$B$2&")" -> GUJARAT(24) | E3: YEAR: | F3: =Crops!$B$3 -> 2023-24 | H3: SEASON: | I3: =Crops!$C$5&"("&Crops!$D$5&")" -> SUMMER(5) | K3: SAMPLE: | L3: ="CENTRAL"&"("&1&")" -> CENTRAL(1) | O3: STATE: | P3: =Crops!$A$2&"("&Crops!$B$2&")" -> GUJARAT(24) | S3: YEAR: | T3: =Crops!$B$3 -> 2023-24 | V3: SEASON: | W3: =Crops!$C$5&"("&Crops!$D$5&")" -> SUMMER(5) | Y3: SAMPLE: | Z3: ="STATE"&"("&2&")" -> STATE(2)
A4: DISTRICT | B4: NO. OF VILLAGES ANALYSED | C4: NO. OF VILLAGES ACCORDING TO TIME LAG (YEARS) BETWEEN SURVEY AND UPDATING OF MAP. | H4: NO OF VILLAGES | J4: NO OF VILLAGES FOR WHICH | O4: DISTRICT | P4: NO. OF VILLAGES ANALYSED | Q4: NO. OF VILLAGES ACCORDING TO TIME LAG (YEARS) BETWEEN SURVEY AND UPDATING OF MAP. | V4: NO OF VILLAGES | X4: NO OF VILLAGES FOR WHICH
H5: UNSURVEYED AND INFORMATION NOT APPLICABLE | I5: FOR INFORMATION NOT AVAILABLE | J5: MAPS ARE AVAILABLE WITH PATWARI | M5: MAPS NOT AVAILABLE | V5: UNSURVEYED AND INFORMATION NOT APPLICABLE | W5: FOR INFORMATION NOT AVAILABLE | X5: MAPS ARE AVAILABLE WITH PATWARI | AA5: MAPS NOT AVAILABLE
C6: 1 | D6: 2 TO 5 | E6: 6 TO 10 | F6: 11 TO 20 | G6: ABOVE 20 | J6: USEABLE | K6: UN-USEABLE | L6: TOTAL | Q6: 1 | R6: 2 TO 5 | S6: 6 TO 10 | T6: 11 TO 20 | U6: ABOVE 20 | X6: USEABLE | Y6: UN-USEABLE | Z6: TOTAL
A7: 1 | B7: 2 | C7: 3 | D7: 4 | E7: 5 | F7: 6 | G7: 7 | H7: 8 | I7: 9 | J7: 10 | K7: 11 | L7: 12 | M7: 13 | O7: 1 | P7: 2 | Q7: 3 | R7: 4 | S7: 5 | T7: 6 | U7: 7 | V7: 8 | W7: 9 | X7: 10 | Y7: 11 | Z7: 12 | AA7: 13
A8: =IF(COUNTIFS(Basicdata!$B$2:$B$2500,1,Basicdata!$D$2:$D$2500,Crops!$D$5,Basicdata!$H$2:$H$2500,Crops!$M2,Basicdata!$AI$2:$AI$2500,0)>0,Crops!$M2,"") -> 1 | B8: =IF(A8="","",COUNTIFS(Basicdata!$B$2:$B$2500,1,Basicdata!$D$2:$D$2500,Crops!$D$5,Basicdata!$H$2:$H$2500,Crops!$M2,Basicdata!$AI$2:$AI$2500,0)) -> 17 | C8: =IF(A8="","",COUNTIFS(Basicdata!$B$2:$B$2500,1,Basicdata!$D$2:$D$2500,Crops!$D$5,Basicdata!$H$2:$H$2500,Crops!$M2,Basicdata!$O$2:$O$2500,1,Basicdata!$AI$2:$AI$2500,0)) -> 0 | D8: =IF(A8="","",COUNTIFS(Basicdata!$B$2:$B$2500,1,Basicdata!$D$2:$D$2500,Crops!$D$5,Basicdata!$H$2:$H$2500,Crops!$M2,Basicdata!$O$2:$O$2500,2,Basicdata!$AI$2:$AI$2500,0)) -> 0 | E8: =IF(A8="","",COUNTIFS(Basicdata!$B$2:$B$2500,1,Basicdata!$D$2:$D$2500,Crops!$D$5,Basicdata!$H$2:$H$2500,Crops!$M2,Basicdata!$O$2:$O$2500,3,Basicdata!$AI$2:$AI$2500,0)) -> 4 | F8: =IF(A8="","",COUNTIFS(Basicdata!$B$2:$B$2500,1,Basicdata!$D$2:$D$2500,Crops!$D$5,Basicdata!$H$2:$H$2500,Crops!$M2,Basicdata!$O$2:$O$2500,4,Basicdata!$AI$2:$AI$2500,0)) -> 1 | G8: =IF(A8="","",COUNTIFS(Basicdata!$B$2:$B$2500,1,Basicdata!$D$2:$D$2500,Crops!$D$5,Basicdata!$H$2:$H$2500,Crops!$M2,Basicdata!$O$2:$O$2500,5,Basicdata!$AI$2:$AI$2500,0)) -> 4 | H8: =IF(A8="","",COUNTIFS(Basicdata!$B$2:$B$2500,1,Basicdata!$D$2:$D$2500,Crops!$D$5,Basicdata!$H$2:$H$2500,Crops!$M2,Basicdata!$N$2:$N$2500,3,Basicdata!$AI$2:$AI$2500,0)) -> 4 | I8: =IF(A8="","",B8-C8-D8-E8-F8-G8-H8) -> 4 | J8: =IF(A8="","",COUNTIFS(Basicdata!$B$2:$B$2500,1,Basicdata!$D$2:$D$2500,Crops!$D$5,Basicdata!$H$2:$H$2500,Crops!$M2,Basicdata!$P$2:$P$2500,1,Basicdata!$Q$2:$Q$2500,1,Basicdata!$AI$2:$AI$2500,0)) -> 17 | K8: =IF(A8="","",COUNTIFS(Basicdata!$B$2:$B$2500,1,Basicdata!$D$2:$D$2500,Crops!$D$5,Basicdata!$H$2:$H$2500,Crops!$M2,Basicdata!$P$2:$P$2500,1,Basicdata!$Q$2:$Q$2500,0,Basicdata!$AI$2:$AI$2500,0)) -> 0 | L8: =IF(A8="","",J8+K8) -> 17 | M8: =IF(A8="","",B8-L8) -> 0 | O8: =IF(COUNTIFS(Basicdata!$B$2:$B$2500,2,Basicdata!$D$2:$D$2500,Crops!$D$5,Basicdata!$H$2:$H$2500,Crops!$M2,Basicdata!$AI$2:$AI$2500,0)>0,Crops!$M2,"") -> 1 | P8: =IF(O8="","",COUNTIFS(Basicdata!$B$2:$B$2500,2,Basicdata!$D$2:$D$2500,Crops!$D$5,Basicdata!$H$2:$H$2500,Crops!$M2,Basicdata!$AI$2:$AI$2500,0)) -> 17 | Q8: =IF(O8="","",COUNTIFS(Basicdata!$B$2:$B$2500,2,Basicdata!$D$2:$D$2500,Crops!$D$5,Basicdata!$H$2:$H$2500,Crops!$M2,Basicdata!$O$2:$O$2500,1,Basicdata!$AI$2:$AI$2500,0)) -> 0 | R8: =IF(O8="","",COUNTIFS(Basicdata!$B$2:$B$2500,2,Basicdata!$D$2:$D$2500,Crops!$D$5,Basicdata!$H$2:$H$2500,Crops!$M2,Basicdata!$O$2:$O$2500,2,Basicdata!$AI$2:$AI$2500,0)) -> 0 | S8: =IF(O8="","",COUNTIFS(Basicdata!$B$2:$B$2500,2,Basicdata!$D$2:$D$2500,Crops!$D$5,Basicdata!$H$2:$H$2500,Crops!$M2,Basicdata!$O$2:$O$2500,3,Basicdata!$AI$2:$AI$2500,0)) -> 0 | T8: =IF(O8="","",COUNTIFS(Basicdata!$B$2:$B$2500,2,Basicdata!$D$2:$D$2500,Crops!$D$5,Basicdata!$H$2:$H$2500,Crops!$M2,Basicdata!$O$2:$O$2500,4,Basicdata!$AI$2:$AI$2500,0)) -> 0 | U8: =IF(O8="","",COUNTIFS(Basicdata!$B$2:$B$2500,2,Basicdata!$D$2:$D$2500,Crops!$D$5,Basicdata!$H$2:$H$2500,Crops!$M2,Basicdata!$O$2:$O$2500,5,Basicdata!$AI$2:$AI$2500,0)) -> 17 | V8: =IF(O8="","",COUNTIFS(Basicdata!$B$2:$B$2500,2,Basicdata!$D$2:$D$2500,Crops!$D$5,Basicdata!$H$2:$H$2500,Crops!$M2,Basicdata!$N$2:$N$2500,3,Basicdata!$AI$2:$AI$2500,0)) -> 0 | W8: =IF(O8="","",P8-Q8-R8-S8-T8-U8-V8) -> 0 | X8: =IF(O8="","",COUNTIFS(Basicdata!$B$2:$B$2500,2,Basicdata!$D$2:$D$2500,Crops!$D$5,Basicdata!$H$2:$H$2500,Crops!$M2,Basicdata!$P$2:$P$2500,1,Basicdata!$Q$2:$Q$2500,1,Basicdata!$AI$2:$AI$2500,0)) -> 5 | Y8: =IF(O8="","",COUNTIFS(Basicdata!$B$2:$B$2500,2,Basicdata!$D$2:$D$2500,Crops!$D$5,Basicdata!$H$2:$H$2500,Crops!$M2,Basicdata!$P$2:$P$2500,1,Basicdata!$Q$2:$Q$2500,0,Basicdata!$AI$2:$AI$2500,0)) -> 0 | Z8: =IF(O8="","",X8+Y8) -> 5 | AA8: =IF(O8="","",P8-Z8) -> 12
A9: =IF(COUNTIFS(Basicdata!$B$2:$B$2500,1,Basicdata!$D$2:$D$2500,Crops!$D$5,Basicdata!$H$2:$H$2500,Crops!$M3,Basicdata!$AI$2:$AI$2500,0)>0,Crops!$M3,"") -> 2 | B9: =IF(A9="","",COUNTIFS(Basicdata!$B$2:$B$2500,1,Basicdata!$D$2:$D$2500,Crops!$D$5,Basicdata!$H$2:$H$2500,Crops!$M3,Basicdata!$AI$2:$AI$2500,0)) -> 32 | C9: =IF(A9="","",COUNTIFS(Basicdata!$B$2:$B$2500,1,Basicdata!$D$2:$D$2500,Crops!$D$5,Basicdata!$H$2:$H$2500,Crops!$M3,Basicdata!$O$2:$O$2500,1,Basicdata!$AI$2:$AI$2500,0)) -> 0 | D9: =IF(A9="","",COUNTIFS(Basicdata!$B$2:$B$2500,1,Basicdata!$D$2:$D$2500,Crops!$D$5,Basicdata!$H$2:$H$2500,Crops!$M3,Basicdata!$O$2:$O$2500,2,Basicdata!$AI$2:$AI$2500,0)) -> 25 | E9: =IF(A9="","",COUNTIFS(Basicdata!$B$2:$B$2500,1,Basicdata!$D$2:$D$2500,Crops!$D$5,Basicdata!$H$2:$H$2500,Crops!$M3,Basicdata!$O$2:$O$2500,3,Basicdata!$AI$2:$AI$2500,0)) -> 0 | F9: =IF(A9="","",COUNTIFS(Basicdata!$B$2:$B$2500,1,Basicdata!$D$2:$D$2500,Crops!$D$5,Basicdata!$H$2:$H$2500,Crops!$M3,Basicdata!$O$2:$O$2500,4,Basicdata!$AI$2:$AI$2500,0)) -> 7 | G9: =IF(A9="","",COUNTIFS(Basicdata!$B$2:$B$2500,1,Basicdata!$D$2:$D$2500,Crops!$D$5,Basicdata!$H$2:$H$2500,Crops!$M3,Basicdata!$O$2:$O$2500,5,Basicdata!$AI$2:$AI$2500,0)) -> 0 | H9: =IF(A9="","",COUNTIFS(Basicdata!$B$2:$B$2500,1,Basicdata!$D$2:$D$2500,Crops!$D$5,Basicdata!$H$2:$H$2500,Crops!$M3,Basicdata!$N$2:$N$2500,3,Basicdata!$AI$2:$AI$2500,0)) -> 0 | I9: =IF(A9="","",B9-C9-D9-E9-F9-G9-H9) -> 0 | J9: =IF(A9="","",COUNTIFS(Basicdata!$B$2:$B$2500,1,Basicdata!$D$2:$D$2500,Crops!$D$5,Basicdata!$H$2:$H$2500,Crops!$M3,Basicdata!$P$2:$P$2500,1,Basicdata!$Q$2:$Q$2500,1,Basicdata!$AI$2:$AI$2500,0)) -> 25 | K9: =IF(A9="","",COUNTIFS(Basicdata!$B$2:$B$2500,1,Basicdata!$D$2:$D$2500,Crops!$D$5,Basicdata!$H$2:$H$2500,Crops!$M3,Basicdata!$P$2:$P$2500,1,Basicdata!$Q$2:$Q$2500,0,Basicdata!$AI$2:$AI$2500,0)) -> 7 | L9: =IF(A9="","",J9+K9) -> 32 | M9: =IF(A9="","",B9-L9) -> 0 | O9: =IF(COUNTIFS(Basicdata!$B$2:$B$2500,2,Basicdata!$D$2:$D$2500,Crops!$D$5,Basicdata!$H$2:$H$2500,Crops!$M3,Basicdata!$AI$2:$AI$2500,0)>0,Crops!$M3,"") -> 2 | P9: =IF(O9="","",COUNTIFS(Basicdata!$B$2:$B$2500,2,Basicdata!$D$2:$D$2500,Crops!$D$5,Basicdata!$H$2:$H$2500,Crops!$M3,Basicdata!$AI$2:$AI$2500,0)) -> 33 | Q9: =IF(O9="","",COUNTIFS(Basicdata!$B$2:$B$2500,2,Basicdata!$D$2:$D$2500,Crops!$D$5,Basicdata!$H$2:$H$2500,Crops!$M3,Basicdata!$O$2:$O$2500,1,Basicdata!$AI$2:$AI$2500,0)) -> 0 | R9: =IF(O9="","",COUNTIFS(Basicdata!$B$2:$B$2500,2,Basicdata!$D$2:$D$2500,Crops!$D$5,Basicdata!$H$2:$H$2500,Crops!$M3,Basicdata!$O$2:$O$2500,2,Basicdata!$AI$2:$AI$2500,0)) -> 0 | S9: =IF(O9="","",COUNTIFS(Basicdata!$B$2:$B$2500,2,Basicdata!$D$2:$D$2500,Crops!$D$5,Basicdata!$H$2:$H$2500,Crops!$M3,Basicdata!$O$2:$O$2500,3,Basicdata!$AI$2:$AI$2500,0)) -> 0 | T9: =IF(O9="","",COUNTIFS(Basicdata!$B$2:$B$2500,2,Basicdata!$D$2:$D$2500,Crops!$D$5,Basicdata!$H$2:$H$2500,Crops!$M3,Basicdata!$O$2:$O$2500,4,Basicdata!$AI$2:$AI$2500,0)) -> 0 | U9: =IF(O9="","",COUNTIFS(Basicdata!$B$2:$B$2500,2,Basicdata!$D$2:$D$2500,Crops!$D$5,Basicdata!$H$2:$H$2500,Crops!$M3,Basicdata!$O$2:$O$2500,5,Basicdata!$AI$2:$AI$2500,0)) -> 0 | V9: =IF(O9="","",COUNTIFS(Basicdata!$B$2:$B$2500,2,Basicdata!$D$2:$D$2500,Crops!$D$5,Basicdata!$H$2:$H$2500,Crops!$M3,Basicdata!$N$2:$N$2500,3,Basicdata!$AI$2:$AI$2500,0)) -> 0 | W9: =IF(O9="","",P9-Q9-R9-S9-T9-U9-V9) -> 33 | X9: =IF(O9="","",COUNTIFS(Basicdata!$B$2:$B$2500,2,Basicdata!$D$2:$D$2500,Crops!$D$5,Basicdata!$H$2:$H$2500,Crops!$M3,Basicdata!$P$2:$P$2500,1,Basicdata!$Q$2:$Q$2500,1,Basicdata!$AI$2:$AI$2500,0)) -> 3 | Y9: =IF(O9="","",COUNTIFS(Basicdata!$B$2:$B$2500,2,Basicdata!$D$2:$D$2500,Crops!$D$5,Basicdata!$H$2:$H$2500,Crops!$M3,Basicdata!$P$2:$P$2500,1,Basicdata!$Q$2:$Q$2500,0,Basicdata!$AI$2:$AI$2500,0)) -> 24 | Z9: =IF(O9="","",X9+Y9) -> 27 | AA9: =IF(O9="","",P9-Z9) -> 6
A10: =IF(COUNTIFS(Basicdata!$B$2:$B$2500,1,Basicdata!$D$2:$D$2500,Crops!$D$5,Basicdata!$H$2:$H$2500,Crops!$M4,Basicdata!$AI$2:$AI$2500,0)>0,Crops!$M4,"") -> 3 | B10: =IF(A10="","",COUNTIFS(Basicdata!$B$2:$B$2500,1,Basicdata!$D$2:$D$2500,Crops!$D$5,Basicdata!$H$2:$H$2500,Crops!$M4,Basicdata!$AI$2:$AI$2500,0)) -> 18 | C10: =IF(A10="","",COUNTIFS(Basicdata!$B$2:$B$2500,1,Basicdata!$D$2:$D$2500,Crops!$D$5,Basicdata!$H$2:$H$2500,Crops!$M4,Basicdata!$O$2:$O$2500,1,Basicdata!$AI$2:$AI$2500,0)) -> 12 | D10: =IF(A10="","",COUNTIFS(Basicdata!$B$2:$B$2500,1,Basicdata!$D$2:$D$2500,Crops!$D$5,Basicdata!$H$2:$H$2500,Crops!$M4,Basicdata!$O$2:$O$2500,2,Basicdata!$AI$2:$AI$2500,0)) -> 4 | E10: =IF(A10="","",COUNTIFS(Basicdata!$B$2:$B$2500,1,Basicdata!$D$2:$D$2500,Crops!$D$5,Basicdata!$H$2:$H$2500,Crops!$M4,Basicdata!$O$2:$O$2500,3,Basicdata!$AI$2:$AI$2500,0)) -> 0 | F10: =IF(A10="","",COUNTIFS(Basicdata!$B$2:$B$2500,1,Basicdata!$D$2:$D$2500,Crops!$D$5,Basicdata!$H$2:$H$2500,Crops!$M4,Basicdata!$O$2:$O$2500,4,Basicdata!$AI$2:$AI$2500,0)) -> 2 | G10: =IF(A10="","",COUNTIFS(Basicdata!$B$2:$B$2500,1,Basicdata!$D$2:$D$2500,Crops!$D$5,Basicdata!$H$2:$H$2500,Crops!$M4,Basicdata!$O$2:$O$2500,5,Basicdata!$AI$2:$AI$2500,0)) -> 0 | H10: =IF(A10="","",COUNTIFS(Basicdata!$B$2:$B$2500,1,Basicdata!$D$2:$D$2500,Crops!$D$5,Basicdata!$H$2:$H$2500,Crops!$M4,Basicdata!$N$2:$N$2500,3,Basicdata!$AI$2:$AI$2500,0)) -> 0 | I10: =IF(A10="","",B10-C10-D10-E10-F10-G10-H10) -> 0 | J10: =IF(A10="","",COUNTIFS(Basicdata!$B$2:$B$2500,1,Basicdata!$D$2:$D$2500,Crops!$D$5,Basicdata!$H$2:$H$2500,Crops!$M4,Basicdata!$P$2:$P$2500,1,Basicdata!$Q$2:$Q$2500,1,Basicdata!$AI$2:$AI$2500,0)) -> 16 | K10: =IF(A10="","",COUNTIFS(Basicdata!$B$2:$B$2500,1,Basicdata!$D$2:$D$2500,Crops!$D$5,Basicdata!$H$2:$H$2500,Crops!$M4,Basicdata!$P$2:$P$2500,1,Basicdata!$Q$2:$Q$2500,0,Basicdata!$AI$2:$AI$2500,0)) -> 1 | L10: =IF(A10="","",J10+K10) -> 17 | M10: =IF(A10="","",B10-L10) -> 1 | O10: =IF(COUNTIFS(Basicdata!$B$2:$B$2500,2,Basicdata!$D$2:$D$2500,Crops!$D$5,Basicdata!$H$2:$H$2500,Crops!$M4,Basicdata!$AI$2:$AI$2500,0)>0,Crops!$M4,"") -> 3 | P10: =IF(O10="","",COUNTIFS(Basicdata!$B$2:$B$2500,2,Basicdata!$D$2:$D$2500,Crops!$D$5,Basicdata!$H$2:$H$2500,Crops!$M4,Basicdata!$AI$2:$AI$2500,0)) -> 18 | Q10: =IF(O10="","",COUNTIFS(Basicdata!$B$2:$B$2500,2,Basicdata!$D$2:$D$2500,Crops!$D$5,Basicdata!$H$2:$H$2500,Crops!$M4,Basicdata!$O$2:$O$2500,1,Basicdata!$AI$2:$AI$2500,0)) -> 0 | R10: =IF(O10="","",COUNTIFS(Basicdata!$B$2:$B$2500,2,Basicdata!$D$2:$D$2500,Crops!$D$5,Basicdata!$H$2:$H$2500,Crops!$M4,Basicdata!$O$2:$O$2500,2,Basicdata!$AI$2:$AI$2500,0)) -> 0 | S10: =IF(O10="","",COUNTIFS(Basicdata!$B$2:$B$2500,2,Basicdata!$D$2:$D$2500,Crops!$D$5,Basicdata!$H$2:$H$2500,Crops!$M4,Basicdata!$O$2:$O$2500,3,Basicdata!$AI$2:$AI$2500,0)) -> 0 | T10: =IF(O10="","",COUNTIFS(Basicdata!$B$2:$B$2500,2,Basicdata!$D$2:$D$2500,Crops!$D$5,Basicdata!$H$2:$H$2500,Crops!$M4,Basicdata!$O$2:$O$2500,4,Basicdata!$AI$2:$AI$2500,0)) -> 0 | U10: =IF(O10="","",COUNTIFS(Basicdata!$B$2:$B$2500,2,Basicdata!$D$2:$D$2500,Crops!$D$5,Basicdata!$H$2:$H$2500,Crops!$M4,Basicdata!$O$2:$O$2500,5,Basicdata!$AI$2:$AI$2500,0)) -> 1 | V10: =IF(O10="","",COUNTIFS(Basicdata!$B$2:$B$2500,2,Basicdata!$D$2:$D$2500,Crops!$D$5,Basicdata!$H$2:$H$2500,Crops!$M4,Basicdata!$N$2:$N$2500,3,Basicdata!$AI$2:$AI$2500,0)) -> 0 | W10: =IF(O10="","",P10-Q10-R10-S10-T10-U10-V10) -> 17 | X10: =IF(O10="","",COUNTIFS(Basicdata!$B$2:$B$2500,2,Basicdata!$D$2:$D$2500,Crops!$D$5,Basicdata!$H$2:$H$2500,Crops!$M4,Basicdata!$P$2:$P$2500,1,Basicdata!$Q$2:$Q$2500,1,Basicdata!$AI$2:$AI$2500,0)) -> 1 | Y10: =IF(O10="","",COUNTIFS(Basicdata!$B$2:$B$2500,2,Basicdata!$D$2:$D$2500,Crops!$D$5,Basicdata!$H$2:$H$2500,Crops!$M4,Basicdata!$P$2:$P$2500,1,Basicdata!$Q$2:$Q$2500,0,Basicdata!$AI$2:$AI$2500,0)) -> 0 | Z10: =IF(O10="","",X10+Y10) -> 1 | AA10: =IF(O10="","",P10-Z10) -> 17
A11: =IF(COUNTIFS(Basicdata!$B$2:$B$2500,1,Basicdata!$D$2:$D$2500,Crops!$D$5,Basicdata!$H$2:$H$2500,Crops!$M5,Basicdata!$AI$2:$AI$2500,0)>0,Crops!$M5,"") -> 4 | B11: =IF(A11="","",COUNTIFS(Basicdata!$B$2:$B$2500,1,Basicdata!$D$2:$D$2500,Crops!$D$5,Basicdata!$H$2:$H$2500,Crops!$M5,Basicdata!$AI$2:$AI$2500,0)) -> 14 | C11: =IF(A11="","",COUNTIFS(Basicdata!$B$2:$B$2500,1,Basicdata!$D$2:$D$2500,Crops!$D$5,Basicdata!$H$2:$H$2500,Crops!$M5,Basicdata!$O$2:$O$2500,1,Basicdata!$AI$2:$AI$2500,0)) -> 5 | D11: =IF(A11="","",COUNTIFS(Basicdata!$B$2:$B$2500,1,Basicdata!$D$2:$D$2500,Crops!$D$5,Basicdata!$H$2:$H$2500,Crops!$M5,Basicdata!$O$2:$O$2500,2,Basicdata!$AI$2:$AI$2500,0)) -> 9 | E11: =IF(A11="","",COUNTIFS(Basicdata!$B$2:$B$2500,1,Basicdata!$D$2:$D$2500,Crops!$D$5,Basicdata!$H$2:$H$2500,Crops!$M5,Basicdata!$O$2:$O$2500,3,Basicdata!$AI$2:$AI$2500,0)) -> 0 | F11: =IF(A11="","",COUNTIFS(Basicdata!$B$2:$B$2500,1,Basicdata!$D$2:$D$2500,Crops!$D$5,Basicdata!$H$2:$H$2500,Crops!$M5,Basicdata!$O$2:$O$2500,4,Basicdata!$AI$2:$AI$2500,0)) -> 0 | G11: =IF(A11="","",COUNTIFS(Basicdata!$B$2:$B$2500,1,Basicdata!$D$2:$D$2500,Crops!$D$5,Basicdata!$H$2:$H$2500,Crops!$M5,Basicdata!$O$2:$O$2500,5,Basicdata!$AI$2:$AI$2500,0)) -> 0 | H11: =IF(A11="","",COUNTIFS(Basicdata!$B$2:$B$2500,1,Basicdata!$D$2:$D$2500,Crops!$D$5,Basicdata!$H$2:$H$2500,Crops!$M5,Basicdata!$N$2:$N$2500,3,Basicdata!$AI$2:$AI$2500,0)) -> 0 | I11: =IF(A11="","",B11-C11-D11-E11-F11-G11-H11) -> 0 | J11: =IF(A11="","",COUNTIFS(Basicdata!$B$2:$B$2500,1,Basicdata!$D$2:$D$2500,Crops!$D$5,Basicdata!$H$2:$H$2500,Crops!$M5,Basicdata!$P$2:$P$2500,1,Basicdata!$Q$2:$Q$2500,1,Basicdata!$AI$2:$AI$2500,0)) -> 12 | K11: =IF(A11="","",COUNTIFS(Basicdata!$B$2:$B$2500,1,Basicdata!$D$2:$D$2500,Crops!$D$5,Basicdata!$H$2:$H$2500,Crops!$M5,Basicdata!$P$2:$P$2500,1,Basicdata!$Q$2:$Q$2500,0,Basicdata!$AI$2:$AI$2500,0)) -> 2 | L11: =IF(A11="","",J11+K11) -> 14 | M11: =IF(A11="","",B11-L11) -> 0 | O11: =IF(COUNTIFS(Basicdata!$B$2:$B$2500,2,Basicdata!$D$2:$D$2500,Crops!$D$5,Basicdata!$H$2:$H$2500,Crops!$M5,Basicdata!$AI$2:$AI$2500,0)>0,Crops!$M5,"") -> 4 | P11: =IF(O11="","",COUNTIFS(Basicdata!$B$2:$B$2500,2,Basicdata!$D$2:$D$2500,Crops!$D$5,Basicdata!$H$2:$H$2500,Crops!$M5,Basicdata!$AI$2:$AI$2500,0)) -> 14 | Q11: =IF(O11="","",COUNTIFS(Basicdata!$B$2:$B$2500,2,Basicdata!$D$2:$D$2500,Crops!$D$5,Basicdata!$H$2:$H$2500,Crops!$M5,Basicdata!$O$2:$O$2500,1,Basicdata!$AI$2:$AI$2500,0)) -> 0 | R11: =IF(O11="","",COUNTIFS(Basicdata!$B$2:$B$2500,2,Basicdata!$D$2:$D$2500,Crops!$D$5,Basicdata!$H$2:$H$2500,Crops!$M5,Basicdata!$O$2:$O$2500,2,Basicdata!$AI$2:$AI$2500,0)) -> 0 | S11: =IF(O11="","",COUNTIFS(Basicdata!$B$2:$B$2500,2,Basicdata!$D$2:$D$2500,Crops!$D$5,Basicdata!$H$2:$H$2500,Crops!$M5,Basicdata!$O$2:$O$2500,3,Basicdata!$AI$2:$AI$2500,0)) -> 0 | T11: =IF(O11="","",COUNTIFS(Basicdata!$B$2:$B$2500,2,Basicdata!$D$2:$D$2500,Crops!$D$5,Basicdata!$H$2:$H$2500,Crops!$M5,Basicdata!$O$2:$O$2500,4,Basicdata!$AI$2:$AI$2500,0)) -> 0 | U11: =IF(O11="","",COUNTIFS(Basicdata!$B$2:$B$2500,2,Basicdata!$D$2:$D$2500,Crops!$D$5,Basicdata!$H$2:$H$2500,Crops!$M5,Basicdata!$O$2:$O$2500,5,Basicdata!$AI$2:$AI$2500,0)) -> 14 | V11: =IF(O11="","",COUNTIFS(Basicdata!$B$2:$B$2500,2,Basicdata!$D$2:$D$2500,Crops!$D$5,Basicdata!$H$2:$H$2500,Crops!$M5,Basicdata!$N$2:$N$2500,3,Basicdata!$AI$2:$AI$2500,0)) -> 0 | W11: =IF(O11="","",P11-Q11-R11-S11-T11-U11-V11) -> 0 | X11: =IF(O11="","",COUNTIFS(Basicdata!$B$2:$B$2500,2,Basicdata!$D$2:$D$2500,Crops!$D$5,Basicdata!$H$2:$H$2500,Crops!$M5,Basicdata!$P$2:$P$2500,1,Basicdata!$Q$2:$Q$2500,1,Basicdata!$AI$2:$AI$2500,0)) -> 0 | Y11: =IF(O11="","",COUNTIFS(Basicdata!$B$2:$B$2500,2,Basicdata!$D$2:$D$2500,Crops!$D$5,Basicdata!$H$2:$H$2500,Crops!$M5,Basicdata!$P$2:$P$2500,1,Basicdata!$Q$2:$Q$2500,0,Basicdata!$AI$2:$AI$2500,0)) -> 13 | Z11: =IF(O11="","",X11+Y11) -> 13 | AA11: =IF(O11="","",P11-Z11) -> 1
A12: =IF(COUNTIFS(Basicdata!$B$2:$B$2500,1,Basicdata!$D$2:$D$2500,Crops!$D$5,Basicdata!$H$2:$H$2500,Crops!$M6,Basicdata!$AI$2:$AI$2500,0)>0,Crops!$M6,"") -> 5 | B12: =IF(A12="","",COUNTIFS(Basicdata!$B$2:$B$2500,1,Basicdata!$D$2:$D$2500,Crops!$D$5,Basicdata!$H$2:$H$2500,Crops!$M6,Basicdata!$AI$2:$AI$2500,0)) -> 10 | C12: =IF(A12="","",COUNTIFS(Basicdata!$B$2:$B$2500,1,Basicdata!$D$2:$D$2500,Crops!$D$5,Basicdata!$H$2:$H$2500,Crops!$M6,Basicdata!$O$2:$O$2500,1,Basicdata!$AI$2:$AI$2500,0)) -> 0 | D12: =IF(A12="","",COUNTIFS(Basicdata!$B$2:$B$2500,1,Basicdata!$D$2:$D$2500,Crops!$D$5,Basicdata!$H$2:$H$2500,Crops!$M6,Basicdata!$O$2:$O$2500,2,Basicdata!$AI$2:$AI$2500,0)) -> 2 | E12: =IF(A12="","",COUNTIFS(Basicdata!$B$2:$B$2500,1,Basicdata!$D$2:$D$2500,Crops!$D$5,Basicdata!$H$2:$H$2500,Crops!$M6,Basicdata!$O$2:$O$2500,3,Basicdata!$AI$2:$AI$2500,0)) -> 7 | F12: =IF(A12="","",COUNTIFS(Basicdata!$B$2:$B$2500,1,Basicdata!$D$2:$D$2500,Crops!$D$5,Basicdata!$H$2:$H$2500,Crops!$M6,Basicdata!$O$2:$O$2500,4,Basicdata!$AI$2:$AI$2500,0)) -> 0 | G12: =IF(A12="","",COUNTIFS(Basicdata!$B$2:$B$2500,1,Basicdata!$D$2:$D$2500,Crops!$D$5,Basicdata!$H$2:$H$2500,Crops!$M6,Basicdata!$O$2:$O$2500,5,Basicdata!$AI$2:$AI$2500,0)) -> 0 | H12: =IF(A12="","",COUNTIFS(Basicdata!$B$2:$B$2500,1,Basicdata!$D$2:$D$2500,Crops!$D$5,Basicdata!$H$2:$H$2500,Crops!$M6,Basicdata!$N$2:$N$2500,3,Basicdata!$AI$2:$AI$2500,0)) -> 0 | I12: =IF(A12="","",B12-C12-D12-E12-F12-G12-H12) -> 1 | J12: =IF(A12="","",COUNTIFS(Basicdata!$B$2:$B$2500,1,Basicdata!$D$2:$D$2500,Crops!$D$5,Basicdata!$H$2:$H$2500,Crops!$M6,Basicdata!$P$2:$P$2500,1,Basicdata!$Q$2:$Q$2500,1,Basicdata!$AI$2:$AI$2500,0)) -> 9 | K12: =IF(A12="","",COUNTIFS(Basicdata!$B$2:$B$2500,1,Basicdata!$D$2:$D$2500,Crops!$D$5,Basicdata!$H$2:$H$2500,Crops!$M6,Basicdata!$P$2:$P$2500,1,Basicdata!$Q$2:$Q$2500,0,Basicdata!$AI$2:$AI$2500,0)) -> 0 | L12: =IF(A12="","",J12+K12) -> 9 | M12: =IF(A12="","",B12-L12) -> 1 | O12: =IF(COUNTIFS(Basicdata!$B$2:$B$2500,2,Basicdata!$D$2:$D$2500,Crops!$D$5,Basicdata!$H$2:$H$2500,Crops!$M6,Basicdata!$AI$2:$AI$2500,0)>0,Crops!$M6,"") -> 5 | P12: =IF(O12="","",COUNTIFS(Basicdata!$B$2:$B$2500,2,Basicdata!$D$2:$D$2500,Crops!$D$5,Basicdata!$H$2:$H$2500,Crops!$M6,Basicdata!$AI$2:$AI$2500,0)) -> 10 | Q12: =IF(O12="","",COUNTIFS(Basicdata!$B$2:$B$2500,2,Basicdata!$D$2:$D$2500,Crops!$D$5,Basicdata!$H$2:$H$2500,Crops!$M6,Basicdata!$O$2:$O$2500,1,Basicdata!$AI$2:$AI$2500,0)) -> 0 | R12: =IF(O12="","",COUNTIFS(Basicdata!$B$2:$B$2500,2,Basicdata!$D$2:$D$2500,Crops!$D$5,Basicdata!$H$2:$H$2500,Crops!$M6,Basicdata!$O$2:$O$2500,2,Basicdata!$AI$2:$AI$2500,0)) -> 0 | S12: =IF(O12="","",COUNTIFS(Basicdata!$B$2:$B$2500,2,Basicdata!$D$2:$D$2500,Crops!$D$5,Basicdata!$H$2:$H$2500,Crops!$M6,Basicdata!$O$2:$O$2500,3,Basicdata!$AI$2:$AI$2500,0)) -> 0 | T12: =IF(O12="","",COUNTIFS(Basicdata!$B$2:$B$2500,2,Basicdata!$D$2:$D$2500,Crops!$D$5,Basicdata!$H$2:$H$2500,Crops!$M6,Basicdata!$O$2:$O$2500,4,Basicdata!$AI$2:$AI$2500,0)) -> 0 | U12: =IF(O12="","",COUNTIFS(Basicdata!$B$2:$B$2500,2,Basicdata!$D$2:$D$2500,Crops!$D$5,Basicdata!$H$2:$H$2500,Crops!$M6,Basicdata!$O$2:$O$2500,5,Basicdata!$AI$2:$AI$2500,0)) -> 2 | V12: =IF(O12="","",COUNTIFS(Basicdata!$B$2:$B$2500,2,Basicdata!$D$2:$D$2500,Crops!$D$5,Basicdata!$H$2:$H$2500,Crops!$M6,Basicdata!$N$2:$N$2500,3,Basicdata!$AI$2:$AI$2500,0)) -> 0 | W12: =IF(O12="","",P12-Q12-R12-S12-T12-U12-V12) -> 8 | X12: =IF(O12="","",COUNTIFS(Basicdata!$B$2:$B$2500,2,Basicdata!$D$2:$D$2500,Crops!$D$5,Basicdata!$H$2:$H$2500,Crops!$M6,Basicdata!$P$2:$P$2500,1,Basicdata!$Q$2:$Q$2500,1,Basicdata!$AI$2:$AI$2500,0)) -> 8 | Y12: =IF(O12="","",COUNTIFS(Basicdata!$B$2:$B$2500,2,Basicdata!$D$2:$D$2500,Crops!$D$5,Basicdata!$H$2:$H$2500,Crops!$M6,Basicdata!$P$2:$P$2500,1,Basicdata!$Q$2:$Q$2500,0,Basicdata!$AI$2:$AI$2500,0)) -> 0 | Z12: =IF(O12="","",X12+Y12) -> 8 | AA12: =IF(O12="","",P12-Z12) -> 2
A13: =IF(COUNTIFS(Basicdata!$B$2:$B$2500,1,Basicdata!$D$2:$D$2500,Crops!$D$5,Basicdata!$H$2:$H$2500,Crops!$M7,Basicdata!$AI$2:$AI$2500,0)>0,Crops!$M7,"") -> 6 | B13: =IF(A13="","",COUNTIFS(Basicdata!$B$2:$B$2500,1,Basicdata!$D$2:$D$2500,Crops!$D$5,Basicdata!$H$2:$H$2500,Crops!$M7,Basicdata!$AI$2:$AI$2500,0)) -> 8 | C13: =IF(A13="","",COUNTIFS(Basicdata!$B$2:$B$2500,1,Basicdata!$D$2:$D$2500,Crops!$D$5,Basicdata!$H$2:$H$2500,Crops!$M7,Basicdata!$O$2:$O$2500,1,Basicdata!$AI$2:$AI$2500,0)) -> 0 | D13: =IF(A13="","",COUNTIFS(Basicdata!$B$2:$B$2500,1,Basicdata!$D$2:$D$2500,Crops!$D$5,Basicdata!$H$2:$H$2500,Crops!$M7,Basicdata!$O$2:$O$2500,2,Basicdata!$AI$2:$AI$2500,0)) -> 0 | E13: =IF(A13="","",COUNTIFS(Basicdata!$B$2:$B$2500,1,Basicdata!$D$2:$D$2500,Crops!$D$5,Basicdata!$H$2:$H$2500,Crops!$M7,Basicdata!$O$2:$O$2500,3,Basicdata!$AI$2:$AI$2500,0)) -> 1 | F13: =IF(A13="","",COUNTIFS(Basicdata!$B$2:$B$2500,1,Basicdata!$D$2:$D$2500,Crops!$D$5,Basicdata!$H$2:$H$2500,Crops!$M7,Basicdata!$O$2:$O$2500,4,Basicdata!$AI$2:$AI$2500,0)) -> 0 | G13: =IF(A13="","",COUNTIFS(Basicdata!$B$2:$B$2500,1,Basicdata!$D$2:$D$2500,Crops!$D$5,Basicdata!$H$2:$H$2500,Crops!$M7,Basicdata!$O$2:$O$2500,5,Basicdata!$AI$2:$AI$2500,0)) -> 4 | H13: =IF(A13="","",COUNTIFS(Basicdata!$B$2:$B$2500,1,Basicdata!$D$2:$D$2500,Crops!$D$5,Basicdata!$H$2:$H$2500,Crops!$M7,Basicdata!$N$2:$N$2500,3,Basicdata!$AI$2:$AI$2500,0)) -> 0 | I13: =IF(A13="","",B13-C13-D13-E13-F13-G13-H13) -> 3 | J13: =IF(A13="","",COUNTIFS(Basicdata!$B$2:$B$2500,1,Basicdata!$D$2:$D$2500,Crops!$D$5,Basicdata!$H$2:$H$2500,Crops!$M7,Basicdata!$P$2:$P$2500,1,Basicdata!$Q$2:$Q$2500,1,Basicdata!$AI$2:$AI$2500,0)) -> 4 | K13: =IF(A13="","",COUNTIFS(Basicdata!$B$2:$B$2500,1,Basicdata!$D$2:$D$2500,Crops!$D$5,Basicdata!$H$2:$H$2500,Crops!$M7,Basicdata!$P$2:$P$2500,1,Basicdata!$Q$2:$Q$2500,0,Basicdata!$AI$2:$AI$2500,0)) -> 1 | L13: =IF(A13="","",J13+K13) -> 5 | M13: =IF(A13="","",B13-L13) -> 3 | O13: =IF(COUNTIFS(Basicdata!$B$2:$B$2500,2,Basicdata!$D$2:$D$2500,Crops!$D$5,Basicdata!$H$2:$H$2500,Crops!$M7,Basicdata!$AI$2:$AI$2500,0)>0,Crops!$M7,"") -> 6 | P13: =IF(O13="","",COUNTIFS(Basicdata!$B$2:$B$2500,2,Basicdata!$D$2:$D$2500,Crops!$D$5,Basicdata!$H$2:$H$2500,Crops!$M7,Basicdata!$AI$2:$AI$2500,0)) -> 8 | Q13: =IF(O13="","",COUNTIFS(Basicdata!$B$2:$B$2500,2,Basicdata!$D$2:$D$2500,Crops!$D$5,Basicdata!$H$2:$H$2500,Crops!$M7,Basicdata!$O$2:$O$2500,1,Basicdata!$AI$2:$AI$2500,0)) -> 0 | R13: =IF(O13="","",COUNTIFS(Basicdata!$B$2:$B$2500,2,Basicdata!$D$2:$D$2500,Crops!$D$5,Basicdata!$H$2:$H$2500,Crops!$M7,Basicdata!$O$2:$O$2500,2,Basicdata!$AI$2:$AI$2500,0)) -> 0 | S13: =IF(O13="","",COUNTIFS(Basicdata!$B$2:$B$2500,2,Basicdata!$D$2:$D$2500,Crops!$D$5,Basicdata!$H$2:$H$2500,Crops!$M7,Basicdata!$O$2:$O$2500,3,Basicdata!$AI$2:$AI$2500,0)) -> 0 | T13: =IF(O13="","",COUNTIFS(Basicdata!$B$2:$B$2500,2,Basicdata!$D$2:$D$2500,Crops!$D$5,Basicdata!$H$2:$H$2500,Crops!$M7,Basicdata!$O$2:$O$2500,4,Basicdata!$AI$2:$AI$2500,0)) -> 0 | U13: =IF(O13="","",COUNTIFS(Basicdata!$B$2:$B$2500,2,Basicdata!$D$2:$D$2500,Crops!$D$5,Basicdata!$H$2:$H$2500,Crops!$M7,Basicdata!$O$2:$O$2500,5,Basicdata!$AI$2:$AI$2500,0)) -> 8 | V13: =IF(O13="","",COUNTIFS(Basicdata!$B$2:$B$2500,2,Basicdata!$D$2:$D$2500,Crops!$D$5,Basicdata!$H$2:$H$2500,Crops!$M7,Basicdata!$N$2:$N$2500,3,Basicdata!$AI$2:$AI$2500,0)) -> 0 | W13: =IF(O13="","",P13-Q13-R13-S13-T13-U13-V13) -> 0 | X13: =IF(O13="","",COUNTIFS(Basicdata!$B$2:$B$2500,2,Basicdata!$D$2:$D$2500,Crops!$D$5,Basicdata!$H$2:$H$2500,Crops!$M7,Basicdata!$P$2:$P$2500,1,Basicdata!$Q$2:$Q$2500,1,Basicdata!$AI$2:$AI$2500,0)) -> 2 | Y13: =IF(O13="","",COUNTIFS(Basicdata!$B$2:$B$2500,2,Basicdata!$D$2:$D$2500,Crops!$D$5,Basicdata!$H$2:$H$2500,Crops!$M7,Basicdata!$P$2:$P$2500,1,Basicdata!$Q$2:$Q$2500,0,Basicdata!$AI$2:$AI$2500,0)) -> 5 | Z13: =IF(O13="","",X13+Y13) -> 7 | AA13: =IF(O13="","",P13-Z13) -> 1
A14: =IF(COUNTIFS(Basicdata!$B$2:$B$2500,1,Basicdata!$D$2:$D$2500,Crops!$D$5,Basicdata!$H$2:$H$2500,Crops!$M8,Basicdata!$AI$2:$AI$2500,0)>0,Crops!$M8,"") -> 7 | B14: =IF(A14="","",COUNTIFS(Basicdata!$B$2:$B$2500,1,Basicdata!$D$2:$D$2500,Crops!$D$5,Basicdata!$H$2:$H$2500,Crops!$M8,Basicdata!$AI$2:$AI$2500,0)) -> 16 | C14: =IF(A14="","",COUNTIFS(Basicdata!$B$2:$B$2500,1,Basicdata!$D$2:$D$2500,Crops!$D$5,Basicdata!$H$2:$H$2500,Crops!$M8,Basicdata!$O$2:$O$2500,1,Basicdata!$AI$2:$AI$2500,0)) -> 0 | D14: =IF(A14="","",COUNTIFS(Basicdata!$B$2:$B$2500,1,Basicdata!$D$2:$D$2500,Crops!$D$5,Basicdata!$H$2:$H$2500,Crops!$M8,Basicdata!$O$2:$O$2500,2,Basicdata!$AI$2:$AI$2500,0)) -> 0 | E14: =IF(A14="","",COUNTIFS(Basicdata!$B$2:$B$2500,1,Basicdata!$D$2:$D$2500,Crops!$D$5,Basicdata!$H$2:$H$2500,Crops!$M8,Basicdata!$O$2:$O$2500,3,Basicdata!$AI$2:$AI$2500,0)) -> 0 | F14: =IF(A14="","",COUNTIFS(Basicdata!$B$2:$B$2500,1,Basicdata!$D$2:$D$2500,Crops!$D$5,Basicdata!$H$2:$H$2500,Crops!$M8,Basicdata!$O$2:$O$2500,4,Basicdata!$AI$2:$AI$2500,0)) -> 0 | G14: =IF(A14="","",COUNTIFS(Basicdata!$B$2:$B$2500,1,Basicdata!$D$2:$D$2500,Crops!$D$5,Basicdata!$H$2:$H$2500,Crops!$M8,Basicdata!$O$2:$O$2500,5,Basicdata!$AI$2:$AI$2500,0)) -> 5 | H14: =IF(A14="","",COUNTIFS(Basicdata!$B$2:$B$2500,1,Basicdata!$D$2:$D$2500,Crops!$D$5,Basicdata!$H$2:$H$2500,Crops!$M8,Basicdata!$N$2:$N$2500,3,Basicdata!$AI$2:$AI$2500,0)) -> 1 | I14: =IF(A14="","",B14-C14-D14-E14-F14-G14-H14) -> 10 | J14: =IF(A14="","",COUNTIFS(Basicdata!$B$2:$B$2500,1,Basicdata!$D$2:$D$2500,Crops!$D$5,Basicdata!$H$2:$H$2500,Crops!$M8,Basicdata!$P$2:$P$2500,1,Basicdata!$Q$2:$Q$2500,1,Basicdata!$AI$2:$AI$2500,0)) -> 6 | K14: =IF(A14="","",COUNTIFS(Basicdata!$B$2:$B$2500,1,Basicdata!$D$2:$D$2500,Crops!$D$5,Basicdata!$H$2:$H$2500,Crops!$M8,Basicdata!$P$2:$P$2500,1,Basicdata!$Q$2:$Q$2500,0,Basicdata!$AI$2:$AI$2500,0)) -> 1 | L14: =IF(A14="","",J14+K14) -> 7 | M14: =IF(A14="","",B14-L14) -> 9 | O14: =IF(COUNTIFS(Basicdata!$B$2:$B$2500,2,Basicdata!$D$2:$D$2500,Crops!$D$5,Basicdata!$H$2:$H$2500,Crops!$M8,Basicdata!$AI$2:$AI$2500,0)>0,Crops!$M8,"") -> 7 | P14: =IF(O14="","",COUNTIFS(Basicdata!$B$2:$B$2500,2,Basicdata!$D$2:$D$2500,Crops!$D$5,Basicdata!$H$2:$H$2500,Crops!$M8,Basicdata!$AI$2:$AI$2500,0)) -> 16 | Q14: =IF(O14="","",COUNTIFS(Basicdata!$B$2:$B$2500,2,Basicdata!$D$2:$D$2500,Crops!$D$5,Basicdata!$H$2:$H$2500,Crops!$M8,Basicdata!$O$2:$O$2500,1,Basicdata!$AI$2:$AI$2500,0)) -> 0 | R14: =IF(O14="","",COUNTIFS(Basicdata!$B$2:$B$2500,2,Basicdata!$D$2:$D$2500,Crops!$D$5,Basicdata!$H$2:$H$2500,Crops!$M8,Basicdata!$O$2:$O$2500,2,Basicdata!$AI$2:$AI$2500,0)) -> 0 | S14: =IF(O14="","",COUNTIFS(Basicdata!$B$2:$B$2500,2,Basicdata!$D$2:$D$2500,Crops!$D$5,Basicdata!$H$2:$H$2500,Crops!$M8,Basicdata!$O$2:$O$2500,3,Basicdata!$AI$2:$AI$2500,0)) -> 0 | T14: =IF(O14="","",COUNTIFS(Basicdata!$B$2:$B$2500,2,Basicdata!$D$2:$D$2500,Crops!$D$5,Basicdata!$H$2:$H$2500,Crops!$M8,Basicdata!$O$2:$O$2500,4,Basicdata!$AI$2:$AI$2500,0)) -> 0 | U14: =IF(O14="","",COUNTIFS(Basicdata!$B$2:$B$2500,2,Basicdata!$D$2:$D$2500,Crops!$D$5,Basicdata!$H$2:$H$2500,Crops!$M8,Basicdata!$O$2:$O$2500,5,Basicdata!$AI$2:$AI$2500,0)) -> 16 | V14: =IF(O14="","",COUNTIFS(Basicdata!$B$2:$B$2500,2,Basicdata!$D$2:$D$2500,Crops!$D$5,Basicdata!$H$2:$H$2500,Crops!$M8,Basicdata!$N$2:$N$2500,3,Basicdata!$AI$2:$AI$2500,0)) -> 0 | W14: =IF(O14="","",P14-Q14-R14-S14-T14-U14-V14) -> 0 | X14: =IF(O14="","",COUNTIFS(Basicdata!$B$2:$B$2500,2,Basicdata!$D$2:$D$2500,Crops!$D$5,Basicdata!$H$2:$H$2500,Crops!$M8,Basicdata!$P$2:$P$2500,1,Basicdata!$Q$2:$Q$2500,1,Basicdata!$AI$2:$AI$2500,0)) -> 16 | Y14: =IF(O14="","",COUNTIFS(Basicdata!$B$2:$B$2500,2,Basicdata!$D$2:$D$2500,Crops!$D$5,Basicdata!$H$2:$H$2500,Crops!$M8,Basicdata!$P$2:$P$2500,1,Basicdata!$Q$2:$Q$2500,0,Basicdata!$AI$2:$AI$2500,0)) -> 0 | Z14: =IF(O14="","",X14+Y14) -> 16 | AA14: =IF(O14="","",P14-Z14) -> 0
A15: =IF(COUNTIFS(Basicdata!$B$2:$B$2500,1,Basicdata!$D$2:$D$2500,Crops!$D$5,Basicdata!$H$2:$H$2500,Crops!$M9,Basicdata!$AI$2:$AI$2500,0)>0,Crops!$M9,"") -> 8 | B15: =IF(A15="","",COUNTIFS(Basicdata!$B$2:$B$2500,1,Basicdata!$D$2:$D$2500,Crops!$D$5,Basicdata!$H$2:$H$2500,Crops!$M9,Basicdata!$AI$2:$AI$2500,0)) -> 20 | C15: =IF(A15="","",COUNTIFS(Basicdata!$B$2:$B$2500,1,Basicdata!$D$2:$D$2500,Crops!$D$5,Basicdata!$H$2:$H$2500,Crops!$M9,Basicdata!$O$2:$O$2500,1,Basicdata!$AI$2:$AI$2500,0)) -> 1 | D15: =IF(A15="","",COUNTIFS(Basicdata!$B$2:$B$2500,1,Basicdata!$D$2:$D$2500,Crops!$D$5,Basicdata!$H$2:$H$2500,Crops!$M9,Basicdata!$O$2:$O$2500,2,Basicdata!$AI$2:$AI$2500,0)) -> 10 | E15: =IF(A15="","",COUNTIFS(Basicdata!$B$2:$B$2500,1,Basicdata!$D$2:$D$2500,Crops!$D$5,Basicdata!$H$2:$H$2500,Crops!$M9,Basicdata!$O$2:$O$2500,3,Basicdata!$AI$2:$AI$2500,0)) -> 6 | F15: =IF(A15="","",COUNTIFS(Basicdata!$B$2:$B$2500,1,Basicdata!$D$2:$D$2500,Crops!$D$5,Basicdata!$H$2:$H$2500,Crops!$M9,Basicdata!$O$2:$O$2500,4,Basicdata!$AI$2:$AI$2500,0)) -> 0 | G15: =IF(A15="","",COUNTIFS(Basicdata!$B$2:$B$2500,1,Basicdata!$D$2:$D$2500,Crops!$D$5,Basicdata!$H$2:$H$2500,Crops!$M9,Basicdata!$O$2:$O$2500,5,Basicdata!$AI$2:$AI$2500,0)) -> 3 | H15: =IF(A15="","",COUNTIFS(Basicdata!$B$2:$B$2500,1,Basicdata!$D$2:$D$2500,Crops!$D$5,Basicdata!$H$2:$H$2500,Crops!$M9,Basicdata!$N$2:$N$2500,3,Basicdata!$AI$2:$AI$2500,0)) -> 0 | I15: =IF(A15="","",B15-C15-D15-E15-F15-G15-H15) -> 0 | J15: =IF(A15="","",COUNTIFS(Basicdata!$B$2:$B$2500,1,Basicdata!$D$2:$D$2500,Crops!$D$5,Basicdata!$H$2:$H$2500,Crops!$M9,Basicdata!$P$2:$P$2500,1,Basicdata!$Q$2:$Q$2500,1,Basicdata!$AI$2:$AI$2500,0)) -> 15 | K15: =IF(A15="","",COUNTIFS(Basicdata!$B$2:$B$2500,1,Basicdata!$D$2:$D$2500,Crops!$D$5,Basicdata!$H$2:$H$2500,Crops!$M9,Basicdata!$P$2:$P$2500,1,Basicdata!$Q$2:$Q$2500,0,Basicdata!$AI$2:$AI$2500,0)) -> 3 | L15: =IF(A15="","",J15+K15) -> 18 | M15: =IF(A15="","",B15-L15) -> 2 | O15: =IF(COUNTIFS(Basicdata!$B$2:$B$2500,2,Basicdata!$D$2:$D$2500,Crops!$D$5,Basicdata!$H$2:$H$2500,Crops!$M9,Basicdata!$AI$2:$AI$2500,0)>0,Crops!$M9,"") -> 8 | P15: =IF(O15="","",COUNTIFS(Basicdata!$B$2:$B$2500,2,Basicdata!$D$2:$D$2500,Crops!$D$5,Basicdata!$H$2:$H$2500,Crops!$M9,Basicdata!$AI$2:$AI$2500,0)) -> 20 | Q15: =IF(O15="","",COUNTIFS(Basicdata!$B$2:$B$2500,2,Basicdata!$D$2:$D$2500,Crops!$D$5,Basicdata!$H$2:$H$2500,Crops!$M9,Basicdata!$O$2:$O$2500,1,Basicdata!$AI$2:$AI$2500,0)) -> 0 | R15: =IF(O15="","",COUNTIFS(Basicdata!$B$2:$B$2500,2,Basicdata!$D$2:$D$2500,Crops!$D$5,Basicdata!$H$2:$H$2500,Crops!$M9,Basicdata!$O$2:$O$2500,2,Basicdata!$AI$2:$AI$2500,0)) -> 0 | S15: =IF(O15="","",COUNTIFS(Basicdata!$B$2:$B$2500,2,Basicdata!$D$2:$D$2500,Crops!$D$5,Basicdata!$H$2:$H$2500,Crops!$M9,Basicdata!$O$2:$O$2500,3,Basicdata!$AI$2:$AI$2500,0)) -> 0 | T15: =IF(O15="","",COUNTIFS(Basicdata!$B$2:$B$2500,2,Basicdata!$D$2:$D$2500,Crops!$D$5,Basicdata!$H$2:$H$2500,Crops!$M9,Basicdata!$O$2:$O$2500,4,Basicdata!$AI$2:$AI$2500,0)) -> 0 | U15: =IF(O15="","",COUNTIFS(Basicdata!$B$2:$B$2500,2,Basicdata!$D$2:$D$2500,Crops!$D$5,Basicdata!$H$2:$H$2500,Crops!$M9,Basicdata!$O$2:$O$2500,5,Basicdata!$AI$2:$AI$2500,0)) -> 19 | V15: =IF(O15="","",COUNTIFS(Basicdata!$B$2:$B$2500,2,Basicdata!$D$2:$D$2500,Crops!$D$5,Basicdata!$H$2:$H$2500,Crops!$M9,Basicdata!$N$2:$N$2500,3,Basicdata!$AI$2:$AI$2500,0)) -> 0 | W15: =IF(O15="","",P15-Q15-R15-S15-T15-U15-V15) -> 1 | X15: =IF(O15="","",COUNTIFS(Basicdata!$B$2:$B$2500,2,Basicdata!$D$2:$D$2500,Crops!$D$5,Basicdata!$H$2:$H$2500,Crops!$M9,Basicdata!$P$2:$P$2500,1,Basicdata!$Q$2:$Q$2500,1,Basicdata!$AI$2:$AI$2500,0)) -> 2 | Y15: =IF(O15="","",COUNTIFS(Basicdata!$B$2:$B$2500,2,Basicdata!$D$2:$D$2500,Crops!$D$5,Basicdata!$H$2:$H$2500,Crops!$M9,Basicdata!$P$2:$P$2500,1,Basicdata!$Q$2:$Q$2500,0,Basicdata!$AI$2:$AI$2500,0)) -> 0 | Z15: =IF(O15="","",X15+Y15) -> 2 | AA15: =IF(O15="","",P15-Z15) -> 18
A16: =IF(COUNTIFS(Basicdata!$B$2:$B$2500,1,Basicdata!$D$2:$D$2500,Crops!$D$5,Basicdata!$H$2:$H$2500,Crops!$M10,Basicdata!$AI$2:$AI$2500,0)>0,Crops!$M10,"") -> 9 | B16: =IF(A16="","",COUNTIFS(Basicdata!$B$2:$B$2500,1,Basicdata!$D$2:$D$2500,Crops!$D$5,Basicdata!$H$2:$H$2500,Crops!$M10,Basicdata!$AI$2:$AI$2500,0)) -> 16 | C16: =IF(A16="","",COUNTIFS(Basicdata!$B$2:$B$2500,1,Basicdata!$D$2:$D$2500,Crops!$D$5,Basicdata!$H$2:$H$2500,Crops!$M10,Basicdata!$O$2:$O$2500,1,Basicdata!$AI$2:$AI$2500,0)) -> 0 | D16: =IF(A16="","",COUNTIFS(Basicdata!$B$2:$B$2500,1,Basicdata!$D$2:$D$2500,Crops!$D$5,Basicdata!$H$2:$H$2500,Crops!$M10,Basicdata!$O$2:$O$2500,2,Basicdata!$AI$2:$AI$2500,0)) -> 0 | E16: =IF(A16="","",COUNTIFS(Basicdata!$B$2:$B$2500,1,Basicdata!$D$2:$D$2500,Crops!$D$5,Basicdata!$H$2:$H$2500,Crops!$M10,Basicdata!$O$2:$O$2500,3,Basicdata!$AI$2:$AI$2500,0)) -> 0 | F16: =IF(A16="","",COUNTIFS(Basicdata!$B$2:$B$2500,1,Basicdata!$D$2:$D$2500,Crops!$D$5,Basicdata!$H$2:$H$2500,Crops!$M10,Basicdata!$O$2:$O$2500,4,Basicdata!$AI$2:$AI$2500,0)) -> 0 | G16: =IF(A16="","",COUNTIFS(Basicdata!$B$2:$B$2500,1,Basicdata!$D$2:$D$2500,Crops!$D$5,Basicdata!$H$2:$H$2500,Crops!$M10,Basicdata!$O$2:$O$2500,5,Basicdata!$AI$2:$AI$2500,0)) -> 6 | H16: =IF(A16="","",COUNTIFS(Basicdata!$B$2:$B$2500,1,Basicdata!$D$2:$D$2500,Crops!$D$5,Basicdata!$H$2:$H$2500,Crops!$M10,Basicdata!$N$2:$N$2500,3,Basicdata!$AI$2:$AI$2500,0)) -> 10 | I16: =IF(A16="","",B16-C16-D16-E16-F16-G16-H16) -> 0 | J16: =IF(A16="","",COUNTIFS(Basicdata!$B$2:$B$2500,1,Basicdata!$D$2:$D$2500,Crops!$D$5,Basicdata!$H$2:$H$2500,Crops!$M10,Basicdata!$P$2:$P$2500,1,Basicdata!$Q$2:$Q$2500,1,Basicdata!$AI$2:$AI$2500,0)) -> 16 | K16: =IF(A16="","",COUNTIFS(Basicdata!$B$2:$B$2500,1,Basicdata!$D$2:$D$2500,Crops!$D$5,Basicdata!$H$2:$H$2500,Crops!$M10,Basicdata!$P$2:$P$2500,1,Basicdata!$Q$2:$Q$2500,0,Basicdata!$AI$2:$AI$2500,0)) -> 0 | L16: =IF(A16="","",J16+K16) -> 16 | M16: =IF(A16="","",B16-L16) -> 0 | O16: =IF(COUNTIFS(Basicdata!$B$2:$B$2500,2,Basicdata!$D$2:$D$2500,Crops!$D$5,Basicdata!$H$2:$H$2500,Crops!$M10,Basicdata!$AI$2:$AI$2500,0)>0,Crops!$M10,"") -> 9 | P16: =IF(O16="","",COUNTIFS(Basicdata!$B$2:$B$2500,2,Basicdata!$D$2:$D$2500,Crops!$D$5,Basicdata!$H$2:$H$2500,Crops!$M10,Basicdata!$AI$2:$AI$2500,0)) -> 16 | Q16: =IF(O16="","",COUNTIFS(Basicdata!$B$2:$B$2500,2,Basicdata!$D$2:$D$2500,Crops!$D$5,Basicdata!$H$2:$H$2500,Crops!$M10,Basicdata!$O$2:$O$2500,1,Basicdata!$AI$2:$AI$2500,0)) -> 0 | R16: =IF(O16="","",COUNTIFS(Basicdata!$B$2:$B$2500,2,Basicdata!$D$2:$D$2500,Crops!$D$5,Basicdata!$H$2:$H$2500,Crops!$M10,Basicdata!$O$2:$O$2500,2,Basicdata!$AI$2:$AI$2500,0)) -> 0 | S16: =IF(O16="","",COUNTIFS(Basicdata!$B$2:$B$2500,2,Basicdata!$D$2:$D$2500,Crops!$D$5,Basicdata!$H$2:$H$2500,Crops!$M10,Basicdata!$O$2:$O$2500,3,Basicdata!$AI$2:$AI$2500,0)) -> 0 | T16: =IF(O16="","",COUNTIFS(Basicdata!$B$2:$B$2500,2,Basicdata!$D$2:$D$2500,Crops!$D$5,Basicdata!$H$2:$H$2500,Crops!$M10,Basicdata!$O$2:$O$2500,4,Basicdata!$AI$2:$AI$2500,0)) -> 0 | U16: =IF(O16="","",COUNTIFS(Basicdata!$B$2:$B$2500,2,Basicdata!$D$2:$D$2500,Crops!$D$5,Basicdata!$H$2:$H$2500,Crops!$M10,Basicdata!$O$2:$O$2500,5,Basicdata!$AI$2:$AI$2500,0)) -> 13 | V16: =IF(O16="","",COUNTIFS(Basicdata!$B$2:$B$2500,2,Basicdata!$D$2:$D$2500,Crops!$D$5,Basicdata!$H$2:$H$2500,Crops!$M10,Basicdata!$N$2:$N$2500,3,Basicdata!$AI$2:$AI$2500,0)) -> 0 | W16: =IF(O16="","",P16-Q16-R16-S16-T16-U16-V16) -> 3 | X16: =IF(O16="","",COUNTIFS(Basicdata!$B$2:$B$2500,2,Basicdata!$D$2:$D$2500,Crops!$D$5,Basicdata!$H$2:$H$2500,Crops!$M10,Basicdata!$P$2:$P$2500,1,Basicdata!$Q$2:$Q$2500,1,Basicdata!$AI$2:$AI$2500,0)) -> 13 | Y16: =IF(O16="","",COUNTIFS(Basicdata!$B$2:$B$2500,2,Basicdata!$D$2:$D$2500,Crops!$D$5,Basicdata!$H$2:$H$2500,Crops!$M10,Basicdata!$P$2:$P$2500,1,Basicdata!$Q$2:$Q$2500,0,Basicdata!$AI$2:$AI$2500,0)) -> 0 | Z16: =IF(O16="","",X16+Y16) -> 13 | AA16: =IF(O16="","",P16-Z16) -> 3
A17: =IF(COUNTIFS(Basicdata!$B$2:$B$2500,1,Basicdata!$D$2:$D$2500,Crops!$D$5,Basicdata!$H$2:$H$2500,Crops!$M11,Basicdata!$AI$2:$AI$2500,0)>0,Crops!$M11,"") -> 10 | B17: =IF(A17="","",COUNTIFS(Basicdata!$B$2:$B$2500,1,Basicdata!$D$2:$D$2500,Crops!$D$5,Basicdata!$H$2:$H$2500,Crops!$M11,Basicdata!$AI$2:$AI$2500,0)) -> 10 | C17: =IF(A17="","",COUNTIFS(Basicdata!$B$2:$B$2500,1,Basicdata!$D$2:$D$2500,Crops!$D$5,Basicdata!$H$2:$H$2500,Crops!$M11,Basicdata!$O$2:$O$2500,1,Basicdata!$AI$2:$AI$2500,0)) -> 0 | D17: =IF(A17="","",COUNTIFS(Basicdata!$B$2:$B$2500,1,Basicdata!$D$2:$D$2500,Crops!$D$5,Basicdata!$H$2:$H$2500,Crops!$M11,Basicdata!$O$2:$O$2500,2,Basicdata!$AI$2:$AI$2500,0)) -> 0 | E17: =IF(A17="","",COUNTIFS(Basicdata!$B$2:$B$2500,1,Basicdata!$D$2:$D$2500,Crops!$D$5,Basicdata!$H$2:$H$2500,Crops!$M11,Basicdata!$O$2:$O$2500,3,Basicdata!$AI$2:$AI$2500,0)) -> 0 | F17: =IF(A17="","",COUNTIFS(Basicdata!$B$2:$B$2500,1,Basicdata!$D$2:$D$2500,Crops!$D$5,Basicdata!$H$2:$H$2500,Crops!$M11,Basicdata!$O$2:$O$2500,4,Basicdata!$AI$2:$AI$2500,0)) -> 0 | G17: =IF(A17="","",COUNTIFS(Basicdata!$B$2:$B$2500,1,Basicdata!$D$2:$D$2500,Crops!$D$5,Basicdata!$H$2:$H$2500,Crops!$M11,Basicdata!$O$2:$O$2500,5,Basicdata!$AI$2:$AI$2500,0)) -> 2 | H17: =IF(A17="","",COUNTIFS(Basicdata!$B$2:$B$2500,1,Basicdata!$D$2:$D$2500,Crops!$D$5,Basicdata!$H$2:$H$2500,Crops!$M11,Basicdata!$N$2:$N$2500,3,Basicdata!$AI$2:$AI$2500,0)) -> 8 | I17: =IF(A17="","",B17-C17-D17-E17-F17-G17-H17) -> 0 | J17: =IF(A17="","",COUNTIFS(Basicdata!$B$2:$B$2500,1,Basicdata!$D$2:$D$2500,Crops!$D$5,Basicdata!$H$2:$H$2500,Crops!$M11,Basicdata!$P$2:$P$2500,1,Basicdata!$Q$2:$Q$2500,1,Basicdata!$AI$2:$AI$2500,0)) -> 9 | K17: =IF(A17="","",COUNTIFS(Basicdata!$B$2:$B$2500,1,Basicdata!$D$2:$D$2500,Crops!$D$5,Basicdata!$H$2:$H$2500,Crops!$M11,Basicdata!$P$2:$P$2500,1,Basicdata!$Q$2:$Q$2500,0,Basicdata!$AI$2:$AI$2500,0)) -> 0 | L17: =IF(A17="","",J17+K17) -> 9 | M17: =IF(A17="","",B17-L17) -> 1 | O17: =IF(COUNTIFS(Basicdata!$B$2:$B$2500,2,Basicdata!$D$2:$D$2500,Crops!$D$5,Basicdata!$H$2:$H$2500,Crops!$M11,Basicdata!$AI$2:$AI$2500,0)>0,Crops!$M11,"") -> 10 | P17: =IF(O17="","",COUNTIFS(Basicdata!$B$2:$B$2500,2,Basicdata!$D$2:$D$2500,Crops!$D$5,Basicdata!$H$2:$H$2500,Crops!$M11,Basicdata!$AI$2:$AI$2500,0)) -> 10 | Q17: =IF(O17="","",COUNTIFS(Basicdata!$B$2:$B$2500,2,Basicdata!$D$2:$D$2500,Crops!$D$5,Basicdata!$H$2:$H$2500,Crops!$M11,Basicdata!$O$2:$O$2500,1,Basicdata!$AI$2:$AI$2500,0)) -> 0 | R17: =IF(O17="","",COUNTIFS(Basicdata!$B$2:$B$2500,2,Basicdata!$D$2:$D$2500,Crops!$D$5,Basicdata!$H$2:$H$2500,Crops!$M11,Basicdata!$O$2:$O$2500,2,Basicdata!$AI$2:$AI$2500,0)) -> 0 | S17: =IF(O17="","",COUNTIFS(Basicdata!$B$2:$B$2500,2,Basicdata!$D$2:$D$2500,Crops!$D$5,Basicdata!$H$2:$H$2500,Crops!$M11,Basicdata!$O$2:$O$2500,3,Basicdata!$AI$2:$AI$2500,0)) -> 0 | T17: =IF(O17="","",COUNTIFS(Basicdata!$B$2:$B$2500,2,Basicdata!$D$2:$D$2500,Crops!$D$5,Basicdata!$H$2:$H$2500,Crops!$M11,Basicdata!$O$2:$O$2500,4,Basicdata!$AI$2:$AI$2500,0)) -> 0 | U17: =IF(O17="","",COUNTIFS(Basicdata!$B$2:$B$2500,2,Basicdata!$D$2:$D$2500,Crops!$D$5,Basicdata!$H$2:$H$2500,Crops!$M11,Basicdata!$O$2:$O$2500,5,Basicdata!$AI$2:$AI$2500,0)) -> 10 | V17: =IF(O17="","",COUNTIFS(Basicdata!$B$2:$B$2500,2,Basicdata!$D$2:$D$2500,Crops!$D$5,Basicdata!$H$2:$H$2500,Crops!$M11,Basicdata!$N$2:$N$2500,3,Basicdata!$AI$2:$AI$2500,0)) -> 0 | W17: =IF(O17="","",P17-Q17-R17-S17-T17-U17-V17) -> 0 | X17: =IF(O17="","",COUNTIFS(Basicdata!$B$2:$B$2500,2,Basicdata!$D$2:$D$2500,Crops!$D$5,Basicdata!$H$2:$H$2500,Crops!$M11,Basicdata!$P$2:$P$2500,1,Basicdata!$Q$2:$Q$2500,1,Basicdata!$AI$2:$AI$2500,0)) -> 10 | Y17: =IF(O17="","",COUNTIFS(Basicdata!$B$2:$B$2500,2,Basicdata!$D$2:$D$2500,Crops!$D$5,Basicdata!$H$2:$H$2500,Crops!$M11,Basicdata!$P$2:$P$2500,1,Basicdata!$Q$2:$Q$2500,0,Basicdata!$AI$2:$AI$2500,0)) -> 0 | Z17: =IF(O17="","",X17+Y17) -> 10 | AA17: =IF(O17="","",P17-Z17) -> 0
A18: =IF(COUNTIFS(Basicdata!$B$2:$B$2500,1,Basicdata!$D$2:$D$2500,Crops!$D$5,Basicdata!$H$2:$H$2500,Crops!$M12,Basicdata!$AI$2:$AI$2500,0)>0,Crops!$M12,"") -> 11 | B18: =IF(A18="","",COUNTIFS(Basicdata!$B$2:$B$2500,1,Basicdata!$D$2:$D$2500,Crops!$D$5,Basicdata!$H$2:$H$2500,Crops!$M12,Basicdata!$AI$2:$AI$2500,0)) -> 5 | C18: =IF(A18="","",COUNTIFS(Basicdata!$B$2:$B$2500,1,Basicdata!$D$2:$D$2500,Crops!$D$5,Basicdata!$H$2:$H$2500,Crops!$M12,Basicdata!$O$2:$O$2500,1,Basicdata!$AI$2:$AI$2500,0)) -> 0 | D18: =IF(A18="","",COUNTIFS(Basicdata!$B$2:$B$2500,1,Basicdata!$D$2:$D$2500,Crops!$D$5,Basicdata!$H$2:$H$2500,Crops!$M12,Basicdata!$O$2:$O$2500,2,Basicdata!$AI$2:$AI$2500,0)) -> 0 | E18: =IF(A18="","",COUNTIFS(Basicdata!$B$2:$B$2500,1,Basicdata!$D$2:$D$2500,Crops!$D$5,Basicdata!$H$2:$H$2500,Crops!$M12,Basicdata!$O$2:$O$2500,3,Basicdata!$AI$2:$AI$2500,0)) -> 0 | F18: =IF(A18="","",COUNTIFS(Basicdata!$B$2:$B$2500,1,Basicdata!$D$2:$D$2500,Crops!$D$5,Basicdata!$H$2:$H$2500,Crops!$M12,Basicdata!$O$2:$O$2500,4,Basicdata!$AI$2:$AI$2500,0)) -> 0 | G18: =IF(A18="","",COUNTIFS(Basicdata!$B$2:$B$2500,1,Basicdata!$D$2:$D$2500,Crops!$D$5,Basicdata!$H$2:$H$2500,Crops!$M12,Basicdata!$O$2:$O$2500,5,Basicdata!$AI$2:$AI$2500,0)) -> 0 | H18: =IF(A18="","",COUNTIFS(Basicdata!$B$2:$B$2500,1,Basicdata!$D$2:$D$2500,Crops!$D$5,Basicdata!$H$2:$H$2500,Crops!$M12,Basicdata!$N$2:$N$2500,3,Basicdata!$AI$2:$AI$2500,0)) -> 5 | I18: =IF(A18="","",B18-C18-D18-E18-F18-G18-H18) -> 0 | J18: =IF(A18="","",COUNTIFS(Basicdata!$B$2:$B$2500,1,Basicdata!$D$2:$D$2500,Crops!$D$5,Basicdata!$H$2:$H$2500,Crops!$M12,Basicdata!$P$2:$P$2500,1,Basicdata!$Q$2:$Q$2500,1,Basicdata!$AI$2:$AI$2500,0)) -> 5 | K18: =IF(A18="","",COUNTIFS(Basicdata!$B$2:$B$2500,1,Basicdata!$D$2:$D$2500,Crops!$D$5,Basicdata!$H$2:$H$2500,Crops!$M12,Basicdata!$P$2:$P$2500,1,Basicdata!$Q$2:$Q$2500,0,Basicdata!$AI$2:$AI$2500,0)) -> 0 | L18: =IF(A18="","",J18+K18) -> 5 | M18: =IF(A18="","",B18-L18) -> 0 | O18: =IF(COUNTIFS(Basicdata!$B$2:$B$2500,2,Basicdata!$D$2:$D$2500,Crops!$D$5,Basicdata!$H$2:$H$2500,Crops!$M12,Basicdata!$AI$2:$AI$2500,0)>0,Crops!$M12,"") -> 11 | P18: =IF(O18="","",COUNTIFS(Basicdata!$B$2:$B$2500,2,Basicdata!$D$2:$D$2500,Crops!$D$5,Basicdata!$H$2:$H$2500,Crops!$M12,Basicdata!$AI$2:$AI$2500,0)) -> 5 | Q18: =IF(O18="","",COUNTIFS(Basicdata!$B$2:$B$2500,2,Basicdata!$D$2:$D$2500,Crops!$D$5,Basicdata!$H$2:$H$2500,Crops!$M12,Basicdata!$O$2:$O$2500,1,Basicdata!$AI$2:$AI$2500,0)) -> 0 | R18: =IF(O18="","",COUNTIFS(Basicdata!$B$2:$B$2500,2,Basicdata!$D$2:$D$2500,Crops!$D$5,Basicdata!$H$2:$H$2500,Crops!$M12,Basicdata!$O$2:$O$2500,2,Basicdata!$AI$2:$AI$2500,0)) -> 0 | S18: =IF(O18="","",COUNTIFS(Basicdata!$B$2:$B$2500,2,Basicdata!$D$2:$D$2500,Crops!$D$5,Basicdata!$H$2:$H$2500,Crops!$M12,Basicdata!$O$2:$O$2500,3,Basicdata!$AI$2:$AI$2500,0)) -> 0 | T18: =IF(O18="","",COUNTIFS(Basicdata!$B$2:$B$2500,2,Basicdata!$D$2:$D$2500,Crops!$D$5,Basicdata!$H$2:$H$2500,Crops!$M12,Basicdata!$O$2:$O$2500,4,Basicdata!$AI$2:$AI$2500,0)) -> 0 | U18: =IF(O18="","",COUNTIFS(Basicdata!$B$2:$B$2500,2,Basicdata!$D$2:$D$2500,Crops!$D$5,Basicdata!$H$2:$H$2500,Crops!$M12,Basicdata!$O$2:$O$2500,5,Basicdata!$AI$2:$AI$2500,0)) -> 5 | V18: =IF(O18="","",COUNTIFS(Basicdata!$B$2:$B$2500,2,Basicdata!$D$2:$D$2500,Crops!$D$5,Basicdata!$H$2:$H$2500,Crops!$M12,Basicdata!$N$2:$N$2500,3,Basicdata!$AI$2:$AI$2500,0)) -> 0 | W18: =IF(O18="","",P18-Q18-R18-S18-T18-U18-V18) -> 0 | X18: =IF(O18="","",COUNTIFS(Basicdata!$B$2:$B$2500,2,Basicdata!$D$2:$D$2500,Crops!$D$5,Basicdata!$H$2:$H$2500,Crops!$M12,Basicdata!$P$2:$P$2500,1,Basicdata!$Q$2:$Q$2500,1,Basicdata!$AI$2:$AI$2500,0)) -> 5 | Y18: =IF(O18="","",COUNTIFS(Basicdata!$B$2:$B$2500,2,Basicdata!$D$2:$D$2500,Crops!$D$5,Basicdata!$H$2:$H$2500,Crops!$M12,Basicdata!$P$2:$P$2500,1,Basicdata!$Q$2:$Q$2500,0,Basicdata!$AI$2:$AI$2500,0)) -> 0 | Z18: =IF(O18="","",X18+Y18) -> 5 | AA18: =IF(O18="","",P18-Z18) -> 0
A19: =IF(COUNTIFS(Basicdata!$B$2:$B$2500,1,Basicdata!$D$2:$D$2500,Crops!$D$5,Basicdata!$H$2:$H$2500,Crops!$M13,Basicdata!$AI$2:$AI$2500,0)>0,Crops!$M13,"") -> 12 | B19: =IF(A19="","",COUNTIFS(Basicdata!$B$2:$B$2500,1,Basicdata!$D$2:$D$2500,Crops!$D$5,Basicdata!$H$2:$H$2500,Crops!$M13,Basicdata!$AI$2:$AI$2500,0)) -> 14 | C19: =IF(A19="","",COUNTIFS(Basicdata!$B$2:$B$2500,1,Basicdata!$D$2:$D$2500,Crops!$D$5,Basicdata!$H$2:$H$2500,Crops!$M13,Basicdata!$O$2:$O$2500,1,Basicdata!$AI$2:$AI$2500,0)) -> 0 | D19: =IF(A19="","",COUNTIFS(Basicdata!$B$2:$B$2500,1,Basicdata!$D$2:$D$2500,Crops!$D$5,Basicdata!$H$2:$H$2500,Crops!$M13,Basicdata!$O$2:$O$2500,2,Basicdata!$AI$2:$AI$2500,0)) -> 0 | E19: =IF(A19="","",COUNTIFS(Basicdata!$B$2:$B$2500,1,Basicdata!$D$2:$D$2500,Crops!$D$5,Basicdata!$H$2:$H$2500,Crops!$M13,Basicdata!$O$2:$O$2500,3,Basicdata!$AI$2:$AI$2500,0)) -> 0 | F19: =IF(A19="","",COUNTIFS(Basicdata!$B$2:$B$2500,1,Basicdata!$D$2:$D$2500,Crops!$D$5,Basicdata!$H$2:$H$2500,Crops!$M13,Basicdata!$O$2:$O$2500,4,Basicdata!$AI$2:$AI$2500,0)) -> 0 | G19: =IF(A19="","",COUNTIFS(Basicdata!$B$2:$B$2500,1,Basicdata!$D$2:$D$2500,Crops!$D$5,Basicdata!$H$2:$H$2500,Crops!$M13,Basicdata!$O$2:$O$2500,5,Basicdata!$AI$2:$AI$2500,0)) -> 14 | H19: =IF(A19="","",COUNTIFS(Basicdata!$B$2:$B$2500,1,Basicdata!$D$2:$D$2500,Crops!$D$5,Basicdata!$H$2:$H$2500,Crops!$M13,Basicdata!$N$2:$N$2500,3,Basicdata!$AI$2:$AI$2500,0)) -> 0 | I19: =IF(A19="","",B19-C19-D19-E19-F19-G19-H19) -> 0 | J19: =IF(A19="","",COUNTIFS(Basicdata!$B$2:$B$2500,1,Basicdata!$D$2:$D$2500,Crops!$D$5,Basicdata!$H$2:$H$2500,Crops!$M13,Basicdata!$P$2:$P$2500,1,Basicdata!$Q$2:$Q$2500,1,Basicdata!$AI$2:$AI$2500,0)) -> 7 | K19: =IF(A19="","",COUNTIFS(Basicdata!$B$2:$B$2500,1,Basicdata!$D$2:$D$2500,Crops!$D$5,Basicdata!$H$2:$H$2500,Crops!$M13,Basicdata!$P$2:$P$2500,1,Basicdata!$Q$2:$Q$2500,0,Basicdata!$AI$2:$AI$2500,0)) -> 6 | L19: =IF(A19="","",J19+K19) -> 13 | M19: =IF(A19="","",B19-L19) -> 1 | O19: =IF(COUNTIFS(Basicdata!$B$2:$B$2500,2,Basicdata!$D$2:$D$2500,Crops!$D$5,Basicdata!$H$2:$H$2500,Crops!$M13,Basicdata!$AI$2:$AI$2500,0)>0,Crops!$M13,"") -> 12 | P19: =IF(O19="","",COUNTIFS(Basicdata!$B$2:$B$2500,2,Basicdata!$D$2:$D$2500,Crops!$D$5,Basicdata!$H$2:$H$2500,Crops!$M13,Basicdata!$AI$2:$AI$2500,0)) -> 14 | Q19: =IF(O19="","",COUNTIFS(Basicdata!$B$2:$B$2500,2,Basicdata!$D$2:$D$2500,Crops!$D$5,Basicdata!$H$2:$H$2500,Crops!$M13,Basicdata!$O$2:$O$2500,1,Basicdata!$AI$2:$AI$2500,0)) -> 0 | R19: =IF(O19="","",COUNTIFS(Basicdata!$B$2:$B$2500,2,Basicdata!$D$2:$D$2500,Crops!$D$5,Basicdata!$H$2:$H$2500,Crops!$M13,Basicdata!$O$2:$O$2500,2,Basicdata!$AI$2:$AI$2500,0)) -> 0 | S19: =IF(O19="","",COUNTIFS(Basicdata!$B$2:$B$2500,2,Basicdata!$D$2:$D$2500,Crops!$D$5,Basicdata!$H$2:$H$2500,Crops!$M13,Basicdata!$O$2:$O$2500,3,Basicdata!$AI$2:$AI$2500,0)) -> 0 | T19: =IF(O19="","",COUNTIFS(Basicdata!$B$2:$B$2500,2,Basicdata!$D$2:$D$2500,Crops!$D$5,Basicdata!$H$2:$H$2500,Crops!$M13,Basicdata!$O$2:$O$2500,4,Basicdata!$AI$2:$AI$2500,0)) -> 0 | U19: =IF(O19="","",COUNTIFS(Basicdata!$B$2:$B$2500,2,Basicdata!$D$2:$D$2500,Crops!$D$5,Basicdata!$H$2:$H$2500,Crops!$M13,Basicdata!$O$2:$O$2500,5,Basicdata!$AI$2:$AI$2500,0)) -> 14 | V19: =IF(O19="","",COUNTIFS(Basicdata!$B$2:$B$2500,2,Basicdata!$D$2:$D$2500,Crops!$D$5,Basicdata!$H$2:$H$2500,Crops!$M13,Basicdata!$N$2:$N$2500,3,Basicdata!$AI$2:$AI$2500,0)) -> 0 | W19: =IF(O19="","",P19-Q19-R19-S19-T19-U19-V19) -> 0 | X19: =IF(O19="","",COUNTIFS(Basicdata!$B$2:$B$2500,2,Basicdata!$D$2:$D$2500,Crops!$D$5,Basicdata!$H$2:$H$2500,Crops!$M13,Basicdata!$P$2:$P$2500,1,Basicdata!$Q$2:$Q$2500,1,Basicdata!$AI$2:$AI$2500,0)) -> 14 | Y19: =IF(O19="","",COUNTIFS(Basicdata!$B$2:$B$2500,2,Basicdata!$D$2:$D$2500,Crops!$D$5,Basicdata!$H$2:$H$2500,Crops!$M13,Basicdata!$P$2:$P$2500,1,Basicdata!$Q$2:$Q$2500,0,Basicdata!$AI$2:$AI$2500,0)) -> 0 | Z19: =IF(O19="","",X19+Y19) -> 14 | AA19: =IF(O19="","",P19-Z19) -> 0
... A100: =IF(COUNTIFS(Basicdata!$B$2:$B$2500,1,Basicdata!$D$2:$D$2500,Crops!$D$5,Basicdata!$H$2:$H$2500,Crops!$M94,Basicdata!$AI$2:$AI$2500,0)>0,Crops!$M94,"") | B100: =IF(A100="","",COUNTIFS(Basicdata!$B$2:$B$2500,1,Basicdata!$D$2:$D$2500,Crops!$D$5,Basicdata!$H$2:$H$2500,Crops!$M94,Basicdata!$AI$2:$AI$2500,0)) | C100: =IF(A100="","",COUNTIFS(Basicdata!$B$2:$B$2500,1,Basicdata!$D$2:$D$2500,Crops!$D$5,Basicdata!$H$2:$H$2500,Crops!$M94,Basicdata!$O$2:$O$2500,1,Basicdata!$AI$2:$AI$2500,0)) | D100: =IF(A100="","",COUNTIFS(Basicdata!$B$2:$B$2500,1,Basicdata!$D$2:$D$2500,Crops!$D$5,Basicdata!$H$2:$H$2500,Crops!$M94,Basicdata!$O$2:$O$2500,2,Basicdata!$AI$2:$AI$2500,0)) | E100: =IF(A100="","",COUNTIFS(Basicdata!$B$2:$B$2500,1,Basicdata!$D$2:$D$2500,Crops!$D$5,Basicdata!$H$2:$H$2500,Crops!$M94,Basicdata!$O$2:$O$2500,3,Basicdata!$AI$2:$AI$2500,0)) | F100: =IF(A100="","",COUNTIFS(Basicdata!$B$2:$B$2500,1,Basicdata!$D$2:$D$2500,Crops!$D$5,Basicdata!$H$2:$H$2500,Crops!$M94,Basicdata!$O$2:$O$2500,4,Basicdata!$AI$2:$AI$2500,0)) | G100: =IF(A100="","",COUNTIFS(Basicdata!$B$2:$B$2500,1,Basicdata!$D$2:$D$2500,Crops!$D$5,Basicdata!$H$2:$H$2500,Crops!$M94,Basicdata!$O$2:$O$2500,5,Basicdata!$AI$2:$AI$2500,0)) | H100: =IF(A100="","",COUNTIFS(Basicdata!$B$2:$B$2500,1,Basicdata!$D$2:$D$2500,Crops!$D$5,Basicdata!$H$2:$H$2500,Crops!$M94,Basicdata!$N$2:$N$2500,3,Basicdata!$AI$2:$AI$2500,0)) | I100: =IF(A100="","",B100-C100-D100-E100-F100-G100-H100) | J100: =IF(A100="","",COUNTIFS(Basicdata!$B$2:$B$2500,1,Basicdata!$D$2:$D$2500,Crops!$D$5,Basicdata!$H$2:$H$2500,Crops!$M94,Basicdata!$P$2:$P$2500,1,Basicdata!$Q$2:$Q$2500,1,Basicdata!$AI$2:$AI$2500,0)) | K100: =IF(A100="","",COUNTIFS(Basicdata!$B$2:$B$2500,1,Basicdata!$D$2:$D$2500,Crops!$D$5,Basicdata!$H$2:$H$2500,Crops!$M94,Basicdata!$P$2:$P$2500,1,Basicdata!$Q$2:$Q$2500,0,Basicdata!$AI$2:$AI$2500,0)) | L100: =IF(A100="","",J100+K100) | M100: =IF(A100="","",B100-L100) | O100: =IF(COUNTIFS(Basicdata!$B$2:$B$2500,2,Basicdata!$D$2:$D$2500,Crops!$D$5,Basicdata!$H$2:$H$2500,Crops!$M94,Basicdata!$AI$2:$AI$2500,0)>0,Crops!$M94,"") | P100: =IF(O100="","",COUNTIFS(Basicdata!$B$2:$B$2500,2,Basicdata!$D$2:$D$2500,Crops!$D$5,Basicdata!$H$2:$H$2500,Crops!$M94,Basicdata!$AI$2:$AI$2500,0)) | Q100: =IF(O100="","",COUNTIFS(Basicdata!$B$2:$B$2500,2,Basicdata!$D$2:$D$2500,Crops!$D$5,Basicdata!$H$2:$H$2500,Crops!$M94,Basicdata!$O$2:$O$2500,1,Basicdata!$AI$2:$AI$2500,0)) | R100: =IF(O100="","",COUNTIFS(Basicdata!$B$2:$B$2500,2,Basicdata!$D$2:$D$2500,Crops!$D$5,Basicdata!$H$2:$H$2500,Crops!$M94,Basicdata!$O$2:$O$2500,2,Basicdata!$AI$2:$AI$2500,0)) | S100: =IF(O100="","",COUNTIFS(Basicdata!$B$2:$B$2500,2,Basicdata!$D$2:$D$2500,Crops!$D$5,Basicdata!$H$2:$H$2500,Crops!$M94,Basicdata!$O$2:$O$2500,3,Basicdata!$AI$2:$AI$2500,0)) | T100: =IF(O100="","",COUNTIFS(Basicdata!$B$2:$B$2500,2,Basicdata!$D$2:$D$2500,Crops!$D$5,Basicdata!$H$2:$H$2500,Crops!$M94,Basicdata!$O$2:$O$2500,4,Basicdata!$AI$2:$AI$2500,0)) | U100: =IF(O100="","",COUNTIFS(Basicdata!$B$2:$B$2500,2,Basicdata!$D$2:$D$2500,Crops!$D$5,Basicdata!$H$2:$H$2500,Crops!$M94,Basicdata!$O$2:$O$2500,5,Basicdata!$AI$2:$AI$2500,0)) | V100: =IF(O100="","",COUNTIFS(Basicdata!$B$2:$B$2500,2,Basicdata!$D$2:$D$2500,Crops!$D$5,Basicdata!$H$2:$H$2500,Crops!$M94,Basicdata!$N$2:$N$2500,3,Basicdata!$AI$2:$AI$2500,0)) | W100: =IF(O100="","",P100-Q100-R100-S100-T100-U100-V100) | X100: =IF(O100="","",COUNTIFS(Basicdata!$B$2:$B$2500,2,Basicdata!$D$2:$D$2500,Crops!$D$5,Basicdata!$H$2:$H$2500,Crops!$M94,Basicdata!$P$2:$P$2500,1,Basicdata!$Q$2:$Q$2500,1,Basicdata!$AI$2:$AI$2500,0)) | Y100: =IF(O100="","",COUNTIFS(Basicdata!$B$2:$B$2500,2,Basicdata!$D$2:$D$2500,Crops!$D$5,Basicdata!$H$2:$H$2500,Crops!$M94,Basicdata!$P$2:$P$2500,1,Basicdata!$Q$2:$Q$2500,0,Basicdata!$AI$2:$AI$2500,0)) | Z100: =IF(O100="","",X100+Y100) | AA100: =IF(O100="","",P100-Z100)
A101: STATE: | B101: =SUM(B8:B100) -> 339 | C101: =SUM(C8:C100) -> 18 | D101: =SUM(D8:D100) -> 64 | E101: =SUM(E8:E100) -> 60 | F101: =SUM(F8:F100) -> 15 | G101: =SUM(G8:G100) -> 105 | H101: =SUM(H8:H100) -> 44 | I101: =SUM(I8:I100) -> 33 | ... M101: =SUM(M8:M100) -> 50 | O101: STATE: | P101: =SUM(P8:P100) -> 339 | Q101: =SUM(Q8:Q100) -> 0 | R101: =SUM(R8:R100) -> 0 | S101: =SUM(S8:S100) -> 0 | T101: =SUM(T8:T100) -> 0 | U101: =SUM(U8:U100) -> 246 | V101: =SUM(V8:V100) -> 10 | W101: =SUM(W8:W100) -> 83 | ... AA101: =SUM(AA8:AA100) -> 104
A102: %AGE TO COL (2) | C102: =ROUND(C101*100/B101,2) -> 5.31 | D102: =ROUND(D101*100/B101,2) -> 18.88 | E102: =ROUND(E101*100/B101,2) -> 17.7 | F102: =ROUND(F101*100/B101,2) -> 4.42 | G102: =ROUND(G101*100/B101,2) -> 30.97 | H102: =ROUND(H101*100/B101,2) -> 12.98 | I102: =100-C102-D102-E102-F102-G102-H102 -> 9.74 | J102: =ROUND(J101*100/B101,2) -> 73.75 | K102: =L102-J102 -> 11.5 | L102: =100-M102 -> 85.25 | M102: =ROUND(M101*100/B101,2) -> 14.75 | O102: %AGE TO COL (2) | Q102: =ROUND(Q101*100/P101,2) -> 0 | R102: =ROUND(R101*100/P101,2) -> 0 | S102: =ROUND(S101*100/P101,2) -> 0 | T102: =ROUND(T101*100/P101,2) -> 0 | U102: =ROUND(U101*100/P101,2) -> 72.57 | V102: =ROUND(V101*100/P101,2) -> 2.95 | W102: =100-Q102-R102-S102-T102-U102-V102 -> 24.48 | X102: =ROUND(X101*100/P101,2) -> 55.46 | Y102: =Z102-X102 -> 13.86 | Z102: =100-AA102 -> 69.32 | AA102: =ROUND(AA101*100/P101,2) -> 30.68
A103: NOTE: THIS TABLE WILL BE PREPARED ONLY FOR THE FIRST SEASON OF THE YEAR | O103: NOTE: THIS TABLE WILL BE PREPARED ONLY FOR THE FIRST SEASON OF THE YEAR
A104: COL.2=(COL 3 TO COL 9)=COL.12+COL.13 | O104: COL.2=(COL 3 TO COL 9)=COL.12+COL.13
A105: Developed by: Deepak Kumar Agrawal, Senior Statistical Officer, NSSO (FOD), Faridabad, Haryana | O105: Developed by: Deepak Kumar Agrawal, Senior Statistical Officer, NSSO (FOD), Faridabad, Haryana

Sheet Table-2(p)
A2: Table A-2 : DISTRICTWISE DISTRIBUTION OF SELECTED VILLAGES ACCORDING TO TIME LAG BETWEEN THE YEAR OF SURVEY AND UPDATING OF MAPS.
A3: STATE: | B3: ='Table-2'!B3 -> GUJARAT(24) | E3: YEAR: | F3: ='Table-2'!F3 -> 2023-24 | H3: SEASON: | I3: ='Table-2'!I3 -> SUMMER(5) | K3: SAMPLE: | L3: ='Table-2'!L3 -> CENTRAL(1)
A4: DISTRICT | B4: NO. OF VILLAGES ANALYSED | C4: NO. OF VILLAGES ACCORDING TO TIME LAG (YEARS) BETWEEN SURVEY AND UPDATING OF MAP. | H4: NO OF VILLAGES | J4: NO OF VILLAGES FOR WHICH
H5: UNSURVEYED AND INFORMATION NOT APPLICABLE | I5: FOR INFORMATION NOT AVAILABLE | J5: MAPS ARE AVAILABLE WITH PATWARI | M5: MAPS NOT AVAILABLE
C6: 1 | D6: 2 TO 5 | E6: 6 TO 10 | F6: 11 TO 20 | G6: ABOVE 20 | J6: USEABLE | K6: UN-USEABLE | L6: TOTAL
A7: 1 | B7: 2 | C7: 3 | D7: 4 | E7: 5 | F7: 6 | G7: 7 | H7: 8 | I7: 9 | J7: 10 | K7: 11 | L7: 12 | M7: 13
A8: ='Table-2'!A8 -> 1 | B8: ='Table-2'!B8 -> 17 | C8: ='Table-2'!C8 -> 0 | D8: ='Table-2'!D8 -> 0 | E8: ='Table-2'!E8 -> 4 | F8: ='Table-2'!F8 -> 1 | G8: ='Table-2'!G8 -> 4 | H8: ='Table-2'!H8 -> 4 | ... M8: ='Table-2'!M8 -> 0
A9: ='Table-2'!A9 -> 2 | B9: ='Table-2'!B9 -> 32 | C9: ='Table-2'!C9 -> 0 | D9: ='Table-2'!D9 -> 25 | E9: ='Table-2'!E9 -> 0 | F9: ='Table-2'!F9 -> 7 | G9: ='Table-2'!G9 -> 0 | H9: ='Table-2'!H9 -> 0 | ... M9: ='Table-2'!M9 -> 0
A10: ='Table-2'!A10 -> 3 | B10: ='Table-2'!B10 -> 18 | C10: ='Table-2'!C10 -> 12 | D10: ='Table-2'!D10 -> 4 | E10: ='Table-2'!E10 -> 0 | F10: ='Table-2'!F10 -> 2 | G10: ='Table-2'!G10 -> 0 | H10: ='Table-2'!H10 -> 0 | ... M10: ='Table-2'!M10 -> 1
A11: ='Table-2'!A11 -> 4 | B11: ='Table-2'!B11 -> 14 | C11: ='Table-2'!C11 -> 5 | D11: ='Table-2'!D11 -> 9 | E11: ='Table-2'!E11 -> 0 | F11: ='Table-2'!F11 -> 0 | G11: ='Table-2'!G11 -> 0 | H11: ='Table-2'!H11 -> 0 | ... M11: ='Table-2'!M11 -> 0
A12: ='Table-2'!A12 -> 5 | B12: ='Table-2'!B12 -> 10 | C12: ='Table-2'!C12 -> 0 | D12: ='Table-2'!D12 -> 2 | E12: ='Table-2'!E12 -> 7 | F12: ='Table-2'!F12 -> 0 | G12: ='Table-2'!G12 -> 0 | H12: ='Table-2'!H12 -> 0 | ... M12: ='Table-2'!M12 -> 1
A13: ='Table-2'!A13 -> 6 | B13: ='Table-2'!B13 -> 8 | C13: ='Table-2'!C13 -> 0 | D13: ='Table-2'!D13 -> 0 | E13: ='Table-2'!E13 -> 1 | F13: ='Table-2'!F13 -> 0 | G13: ='Table-2'!G13 -> 4 | H13: ='Table-2'!H13 -> 0 | ... M13: ='Table-2'!M13 -> 3
A14: ='Table-2'!A14 -> 7 | B14: ='Table-2'!B14 -> 16 | C14: ='Table-2'!C14 -> 0 | D14: ='Table-2'!D14 -> 0 | E14: ='Table-2'!E14 -> 0 | F14: ='Table-2'!F14 -> 0 | G14: ='Table-2'!G14 -> 5 | H14: ='Table-2'!H14 -> 1 | ... M14: ='Table-2'!M14 -> 9
A15: ='Table-2'!A15 -> 8 | B15: ='Table-2'!B15 -> 20 | C15: ='Table-2'!C15 -> 1 | D15: ='Table-2'!D15 -> 10 | E15: ='Table-2'!E15 -> 6 | F15: ='Table-2'!F15 -> 0 | G15: ='Table-2'!G15 -> 3 | H15: ='Table-2'!H15 -> 0 | ... M15: ='Table-2'!M15 -> 2
A16: ='Table-2'!A16 -> 9 | B16: ='Table-2'!B16 -> 16 | C16: ='Table-2'!C16 -> 0 | D16: ='Table-2'!D16 -> 0 | E16: ='Table-2'!E16 -> 0 | F16: ='Table-2'!F16 -> 0 | G16: ='Table-2'!G16 -> 6 | H16: ='Table-2'!H16 -> 10 | ... M16: ='Table-2'!M16 -> 0
A17: ='Table-2'!A17 -> 10 | B17: ='Table-2'!B17 -> 10 | C17: ='Table-2'!C17 -> 0 | D17: ='Table-2'!D17 -> 0 | E17: ='Table-2'!E17 -> 0 | F17: ='Table-2'!F17 -> 0 | G17: ='Table-2'!G17 -> 2 | H17: ='Table-2'!H17 -> 8 | ... M17: ='Table-2'!M17 -> 1
A18: ='Table-2'!A18 -> 11 | B18: ='Table-2'!B18 -> 5 | C18: ='Table-2'!C18 -> 0 | D18: ='Table-2'!D18 -> 0 | E18: ='Table-2'!E18 -> 0 | F18: ='Table-2'!F18 -> 0 | G18: ='Table-2'!G18 -> 0 | H18: ='Table-2'!H18 -> 5 | ... M18: ='Table-2'!M18 -> 0
A19: ='Table-2'!A19 -> 12 | B19: ='Table-2'!B19 -> 14 | C19: ='Table-2'!C19 -> 0 | D19: ='Table-2'!D19 -> 0 | E19: ='Table-2'!E19 -> 0 | F19: ='Table-2'!F19 -> 0 | G19: ='Table-2'!G19 -> 14 | H19: ='Table-2'!H19 -> 0 | ... M19: ='Table-2'!M19 -> 1
... A101: ='Table-2'!A101 -> STATE: | B101: ='Table-2'!B101 -> 339 | C101: ='Table-2'!C101 -> 18 | D101: ='Table-2'!D101 -> 64 | E101: ='Table-2'!E101 -> 60 | F101: ='Table-2'!F101 -> 15 | G101: ='Table-2'!G101 -> 105 | H101: ='Table-2'!H101 -> 44 | ... M101: ='Table-2'!M101 -> 50
A102: %AGE TO COL (2) | C102: ='Table-2'!C102 -> 5.31 | D102: ='Table-2'!D102 -> 18.88 | E102: ='Table-2'!E102 -> 17.7 | F102: ='Table-2'!F102 -> 4.42 | G102: ='Table-2'!G102 -> 30.97 | H102: ='Table-2'!H102 -> 12.98 | I102: ='Table-2'!I102 -> 9.74 | J102: ='Table-2'!J102 -> 73.75 | ... M102: ='Table-2'!M102 -> 14.75
A103: NOTE: THIS TABLE WILL BE PREPARED ONLY FOR THE FIRST SEASON OF THE YEAR
A104: COL.2=(COL 3 TO COL 9)=COL.12+COL.13
A105: Developed by: Deepak Kumar Agrawal, Senior Statistical Officer, NSSO (FOD), Faridabad, Haryana
A107: Table A-2 : DISTRICTWISE DISTRIBUTION OF SELECTED VILLAGES ACCORDING TO TIME LAG BETWEEN THE YEAR OF SURVEY AND UPDATING OF MAPS.
A108: STATE: | B108: ='Table-2'!P3 -> GUJARAT(24) | E108: YEAR: | F108: ='Table-2'!T3 -> 2023-24 | H108: SEASON: | I108: ='Table-2'!W3 -> SUMMER(5) | K108: SAMPLE: | L108: ='Table-2'!Z3 -> STATE(2)
A109: DISTRICT | B109: NO. OF VILLAGES ANALYSED | C109: NO. OF VILLAGES ACCORDING TO TIME LAG (YEARS) BETWEEN SURVEY AND UPDATING OF MAP. | H109: NO OF VILLAGES | J109: NO OF VILLAGES FOR WHICH
H110: UNSURVEYED AND INFORMATION NOT APPLICABLE | I110: FOR INFORMATION NOT AVAILABLE | J110: MAPS ARE AVAILABLE WITH PATWARI | M110: MAPS NOT AVAILABLE
C111: 1 | D111: 2 TO 5 | E111: 6 TO 10 | F111: 11 TO 20 | G111: ABOVE 20 | J111: USEABLE | K111: UN-USEABLE | L111: TOTAL
A112: 1 | B112: 2 | C112: 3 | D112: 4 | E112: 5 | F112: 6 | G112: 7 | H112: 8 | I112: 9 | J112: 10 | K112: 11 | L112: 12 | M112: 13
A113: ='Table-2'!O8 -> 1 | B113: ='Table-2'!P8 -> 17 | C113: ='Table-2'!Q8 -> 0 | D113: ='Table-2'!R8 -> 0 | E113: ='Table-2'!S8 -> 0 | F113: ='Table-2'!T8 -> 0 | G113: ='Table-2'!U8 -> 17 | H113: ='Table-2'!V8 -> 0 | ... M113: ='Table-2'!AA8 -> 12
A114: ='Table-2'!O9 -> 2 | B114: ='Table-2'!P9 -> 33 | C114: ='Table-2'!Q9 -> 0 | D114: ='Table-2'!R9 -> 0 | E114: ='Table-2'!S9 -> 0 | F114: ='Table-2'!T9 -> 0 | G114: ='Table-2'!U9 -> 0 | H114: ='Table-2'!V9 -> 0 | ... M114: ='Table-2'!AA9 -> 6
A115: ='Table-2'!O10 -> 3 | B115: ='Table-2'!P10 -> 18 | C115: ='Table-2'!Q10 -> 0 | D115: ='Table-2'!R10 -> 0 | E115: ='Table-2'!S10 -> 0 | F115: ='Table-2'!T10 -> 0 | G115: ='Table-2'!U10 -> 1 | H115: ='Table-2'!V10 -> 0 | ... M115: ='Table-2'!AA10 -> 17
A116: ='Table-2'!O11 -> 4 | B116: ='Table-2'!P11 -> 14 | C116: ='Table-2'!Q11 -> 0 | D116: ='Table-2'!R11 -> 0 | E116: ='Table-2'!S11 -> 0 | F116: ='Table-2'!T11 -> 0 | G116: ='Table-2'!U11 -> 14 | H116: ='Table-2'!V11 -> 0 | ... M116: ='Table-2'!AA11 -> 1
A117: ='Table-2'!O12 -> 5 | B117: ='Table-2'!P12 -> 10 | C117: ='Table-2'!Q12 -> 0 | D117: ='Table-2'!R12 -> 0 | E117: ='Table-2'!S12 -> 0 | F117: ='Table-2'!T12 -> 0 | G117: ='Table-2'!U12 -> 2 | H117: ='Table-2'!V12 -> 0 | ... M117: ='Table-2'!AA12 -> 2
A118: ='Table-2'!O13 -> 6 | B118: ='Table-2'!P13 -> 8 | C118: ='Table-2'!Q13 -> 0 | D118: ='Table-2'!R13 -> 0 | E118: ='Table-2'!S13 -> 0 | F118: ='Table-2'!T13 -> 0 | G118: ='Table-2'!U13 -> 8 | H118: ='Table-2'!V13 -> 0 | ... M118: ='Table-2'!AA13 -> 1
A119: ='Table-2'!O14 -> 7 | B119: ='Table-2'!P14 -> 16 | C119: ='Table-2'!Q14 -> 0 | D119: ='Table-2'!R14 -> 0 | E119: ='Table-2'!S14 -> 0 | F119: ='Table-2'!T14 -> 0 | G119: ='Table-2'!U14 -> 16 | H119: ='Table-2'!V14 -> 0 | ... M119: ='Table-2'!AA14 -> 0
A120: ='Table-2'!O15 -> 8 | B120: ='Table-2'!P15 -> 20 | C120: ='Table-2'!Q15 -> 0 | D120: ='Table-2'!R15 -> 0 | E120: ='Table-2'!S15 -> 0 | F120: ='Table-2'!T15 -> 0 | G120: ='Table-2'!U15 -> 19 | H120: ='Table-2'!V15 -> 0 | ... M120: ='Table-2'!AA15 -> 18
A121: ='Table-2'!O16 -> 9 | B121: ='Table-2'!P16 -> 16 | C121: ='Table-2'!Q16 -> 0 | D121: ='Table-2'!R16 -> 0 | E121: ='Table-2'!S16 -> 0 | F121: ='Table-2'!T16 -> 0 | G121: ='Table-2'!U16 -> 13 | H121: ='Table-2'!V16 -> 0 | ... M121: ='Table-2'!AA16 -> 3
A122: ='Table-2'!O17 -> 10 | B122: ='Table-2'!P17 -> 10 | C122: ='Table-2'!Q17 -> 0 | D122: ='Table-2'!R17 -> 0 | E122: ='Table-2'!S17 -> 0 | F122: ='Table-2'!T17 -> 0 | G122: ='Table-2'!U17 -> 10 | H122: ='Table-2'!V17 -> 0 | ... M122: ='Table-2'!AA17 -> 0
A123: ='Table-2'!O18 -> 11 | B123: ='Table-2'!P18 -> 5 | C123: ='Table-2'!Q18 -> 0 | D123: ='Table-2'!R18 -> 0 | E123: ='Table-2'!S18 -> 0 | F123: ='Table-2'!T18 -> 0 | G123: ='Table-2'!U18 -> 5 | H123: ='Table-2'!V18 -> 0 | ... M123: ='Table-2'!AA18 -> 0
A124: ='Table-2'!O19 -> 12 | B124: ='Table-2'!P19 -> 14 | C124: ='Table-2'!Q19 -> 0 | D124: ='Table-2'!R19 -> 0 | E124: ='Table-2'!S19 -> 0 | F124: ='Table-2'!T19 -> 0 | G124: ='Table-2'!U19 -> 14 | H124: ='Table-2'!V19 -> 0 | ... M124: ='Table-2'!AA19 -> 0
... A206: ='Table-2'!O101 -> STATE: | B206: ='Table-2'!P101 -> 339 | C206: ='Table-2'!Q101 -> 0 | D206: ='Table-2'!R101 -> 0 | E206: ='Table-2'!S101 -> 0 | F206: ='Table-2'!T101 -> 0 | G206: ='Table-2'!U101 -> 246 | H206: ='Table-2'!V101 -> 10 | ... M206: ='Table-2'!AA101 -> 104
A207: %AGE TO COL (2) | C207: ='Table-2'!Q102 -> 0 | D207: ='Table-2'!R102 -> 0 | E207: ='Table-2'!S102 -> 0 | F207: ='Table-2'!T102 -> 0 | G207: ='Table-2'!U102 -> 72.57 | H207: ='Table-2'!V102 -> 2.95 | I207: ='Table-2'!W102 -> 24.48 | J207: ='Table-2'!X102 -> 55.46 | ... M207: ='Table-2'!AA102 -> 30.68
A208: NOTE: THIS TABLE WILL BE PREPARED ONLY FOR THE FIRST SEASON OF THE YEAR
A209: COL.2=(COL 3 TO COL 9)=COL.12+COL.13
A210: Developed by: Deepak Kumar Agrawal, Senior Statistical Officer, NSSO (FOD), Faridabad, Haryana

Sheet Table-3
A2: TABLE A-3: DISTRICTWISE AVERAGE WORKLOAD PER PATWARI IN THE SELECTED VILLAGES | G2: TABLE A-3: DISTRICTWISE AVERAGE WORKLOAD PER PATWARI IN THE SELECTED VILLAGES
A3: ="STATE:"&Crops!$A$2&"("&Crops!$B$2&")" -> STATE:GUJARAT(24) | C3: ="YEAR:"&Crops!$B$3 -> YEAR:2023-24 | D3: ="SEASON:"&Crops!$C$5&"("&Crops!$D$5&")" -> SEASON:SUMMER(5) | E3: ="SAMPLE:CENTRAL"&"("&1&")" -> SAMPLE:CENTRAL(1) | G3: ="STATE:"&Crops!$A$2&"("&Crops!$B$2&")" -> STATE:GUJARAT(24) | I3: ="YEAR:"&Crops!$B$3 -> YEAR:2023-24 | J3: ="SEASON:"&Crops!$C$5&"("&Crops!$D$5&")" -> SEASON:SUMMER(5) | K3: ="SAMPLE:STATE"&"("&2&")" -> SAMPLE:STATE(2)
A4: DISTRICT | B4: AVERAGE NUMBER OF VILLAGES ALLOTTED PER PATWARI(0.0) | D4: AVERAGE WORKLOAD PER VILLAGE IN TERM OF | G4: DISTRICT | H4: AVERAGE NUMBER OF VILLAGES ALLOTTED PER PATWARI(0.0) | J4: AVERAGE WORKLOAD PER VILLAGE IN TERM OF
B5: TOTAL | C5: TRS | D5: SURVEY NUMBER | E5: GEOGRAPHICAL AREA (HA) | H5: TOTAL | I5: TRS | J5: SURVEY NUMBER | K5: GEOGRAPHICAL AREA (HA)
A7: 1 | B7: 2 | C7: 3 | D7: 4 | E7: 5 | G7: 1 | H7: 2 | I7: 3 | J7: 4 | K7: 5
A8: =IF(COUNTIFS(Basicdata!$B$2:$B$2500,1,Basicdata!$D$2:$D$2500,Crops!$D$5,Basicdata!$H$2:$H$2500,Crops!$M2,Basicdata!$AI$2:$AI$2500,0)>0,Crops!$M2,"") -> 1 | B8: =IF(A8="","",AVERAGEIFS(Basicdata!$L$2:$L$2500,Basicdata!$B$2:$B$2500,1,Basicdata!$D$2:$D$2500,Crops!$D$5,Basicdata!$H$2:$H$2500,Crops!$M2,Basicdata!$AI$2:$AI$2500,0)) -> 3.1176471 | C8: =IF(A8="","",AVERAGEIFS(Basicdata!$M$2:$M$2500,Basicdata!$B$2:$B$2500,1,Basicdata!$D$2:$D$2500,Crops!$D$5,Basicdata!$H$2:$H$2500,Crops!$M2,Basicdata!$AI$2:$AI$2500,0)) -> 1 | D8: =IF(A8="","",AVERAGEIFS(Basicdata!$AA$2:$AA$2500,Basicdata!$B$2:$B$2500,1,Basicdata!$D$2:$D$2500,Crops!$D$5,Basicdata!$H$2:$H$2500,Crops!$M2,Basicdata!$AI$2:$AI$2500,0)) -> 1144.1176 | E8: =IF(A8="","",AVERAGEIFS(Basicdata!$AB$2:$AB$2500,Basicdata!$B$2:$B$2500,1,Basicdata!$D$2:$D$2500,Crops!$D$5,Basicdata!$H$2:$H$2500,Crops!$M2,Basicdata!$AI$2:$AI$2500,0)) -> 3292.9953 | G8: =IF(COUNTIFS(Basicdata!$B$2:$B$2500,2,Basicdata!$D$2:$D$2500,Crops!$D$5,Basicdata!$H$2:$H$2500,Crops!$M2,Basicdata!$AI$2:$AI$2500,0)>0,Crops!$M2,"") -> 1 | H8: =IF(G8="","",AVERAGEIFS(Basicdata!$L$2:$L$2500,Basicdata!$B$2:$B$2500,2,Basicdata!$D$2:$D$2500,Crops!$D$5,Basicdata!$H$2:$H$2500,Crops!$M2,Basicdata!$AI$2:$AI$2500,0)) -> 1.1176471 | I8: =IF(G8="","",AVERAGEIFS(Basicdata!$M$2:$M$2500,Basicdata!$B$2:$B$2500,2,Basicdata!$D$2:$D$2500,Crops!$D$5,Basicdata!$H$2:$H$2500,Crops!$M2,Basicdata!$AI$2:$AI$2500,0)) -> 1 | J8: =IF(G8="","",AVERAGEIFS(Basicdata!$AA$2:$AA$2500,Basicdata!$B$2:$B$2500,2,Basicdata!$D$2:$D$2500,Crops!$D$5,Basicdata!$H$2:$H$2500,Crops!$M2,Basicdata!$AI$2:$AI$2500,0)) -> 1165.1176 | K8: =IF(G8="","",AVERAGEIFS(Basicdata!$AB$2:$AB$2500,Basicdata!$B$2:$B$2500,2,Basicdata!$D$2:$D$2500,Crops!$D$5,Basicdata!$H$2:$H$2500,Crops!$M2,Basicdata!$AI$2:$AI$2500,0)) -> 615.86773
A9: =IF(COUNTIFS(Basicdata!$B$2:$B$2500,1,Basicdata!$D$2:$D$2500,Crops!$D$5,Basicdata!$H$2:$H$2500,Crops!$M3,Basicdata!$AI$2:$AI$2500,0)>0,Crops!$M3,"") -> 2 | B9: =IF(A9="","",AVERAGEIFS(Basicdata!$L$2:$L$2500,Basicdata!$B$2:$B$2500,1,Basicdata!$D$2:$D$2500,Crops!$D$5,Basicdata!$H$2:$H$2500,Crops!$M3,Basicdata!$AI$2:$AI$2500,0)) -> 2.5625 | C9: =IF(A9="","",AVERAGEIFS(Basicdata!$M$2:$M$2500,Basicdata!$B$2:$B$2500,1,Basicdata!$D$2:$D$2500,Crops!$D$5,Basicdata!$H$2:$H$2500,Crops!$M3,Basicdata!$AI$2:$AI$2500,0)) -> 1.03125 | D9: =IF(A9="","",AVERAGEIFS(Basicdata!$AA$2:$AA$2500,Basicdata!$B$2:$B$2500,1,Basicdata!$D$2:$D$2500,Crops!$D$5,Basicdata!$H$2:$H$2500,Crops!$M3,Basicdata!$AI$2:$AI$2500,0)) -> 596.03125 | E9: =IF(A9="","",AVERAGEIFS(Basicdata!$AB$2:$AB$2500,Basicdata!$B$2:$B$2500,1,Basicdata!$D$2:$D$2500,Crops!$D$5,Basicdata!$H$2:$H$2500,Crops!$M3,Basicdata!$AI$2:$AI$2500,0)) -> 1020.3728 | G9: =IF(COUNTIFS(Basicdata!$B$2:$B$2500,2,Basicdata!$D$2:$D$2500,Crops!$D$5,Basicdata!$H$2:$H$2500,Crops!$M3,Basicdata!$AI$2:$AI$2500,0)>0,Crops!$M3,"") -> 2 | H9: =IF(G9="","",AVERAGEIFS(Basicdata!$L$2:$L$2500,Basicdata!$B$2:$B$2500,2,Basicdata!$D$2:$D$2500,Crops!$D$5,Basicdata!$H$2:$H$2500,Crops!$M3,Basicdata!$AI$2:$AI$2500,0)) -> 1.7878788 | I9: =IF(G9="","",AVERAGEIFS(Basicdata!$M$2:$M$2500,Basicdata!$B$2:$B$2500,2,Basicdata!$D$2:$D$2500,Crops!$D$5,Basicdata!$H$2:$H$2500,Crops!$M3,Basicdata!$AI$2:$AI$2500,0)) -> 1 | J9: =IF(G9="","",AVERAGEIFS(Basicdata!$AA$2:$AA$2500,Basicdata!$B$2:$B$2500,2,Basicdata!$D$2:$D$2500,Crops!$D$5,Basicdata!$H$2:$H$2500,Crops!$M3,Basicdata!$AI$2:$AI$2500,0)) -> 535.90909 | K9: =IF(G9="","",AVERAGEIFS(Basicdata!$AB$2:$AB$2500,Basicdata!$B$2:$B$2500,2,Basicdata!$D$2:$D$2500,Crops!$D$5,Basicdata!$H$2:$H$2500,Crops!$M3,Basicdata!$AI$2:$AI$2500,0)) -> 837.01407
A10: =IF(COUNTIFS(Basicdata!$B$2:$B$2500,1,Basicdata!$D$2:$D$2500,Crops!$D$5,Basicdata!$H$2:$H$2500,Crops!$M4,Basicdata!$AI$2:$AI$2500,0)>0,Crops!$M4,"") -> 3 | B10: =IF(A10="","",AVERAGEIFS(Basicdata!$L$2:$L$2500,Basicdata!$B$2:$B$2500,1,Basicdata!$D$2:$D$2500,Crops!$D$5,Basicdata!$H$2:$H$2500,Crops!$M4,Basicdata!$AI$2:$AI$2500,0)) -> 1.9444444 | C10: =IF(A10="","",AVERAGEIFS(Basicdata!$M$2:$M$2500,Basicdata!$B$2:$B$2500,1,Basicdata!$D$2:$D$2500,Crops!$D$5,Basicdata!$H$2:$H$2500,Crops!$M4,Basicdata!$AI$2:$AI$2500,0)) -> 1 | D10: =IF(A10="","",AVERAGEIFS(Basicdata!$AA$2:$AA$2500,Basicdata!$B$2:$B$2500,1,Basicdata!$D$2:$D$2500,Crops!$D$5,Basicdata!$H$2:$H$2500,Crops!$M4,Basicdata!$AI$2:$AI$2500,0)) -> 764.33333 | E10: =IF(A10="","",AVERAGEIFS(Basicdata!$AB$2:$AB$2500,Basicdata!$B$2:$B$2500,1,Basicdata!$D$2:$D$2500,Crops!$D$5,Basicdata!$H$2:$H$2500,Crops!$M4,Basicdata!$AI$2:$AI$2500,0)) -> 862.20111 | G10: =IF(COUNTIFS(Basicdata!$B$2:$B$2500,2,Basicdata!$D$2:$D$2500,Crops!$D$5,Basicdata!$H$2:$H$2500,Crops!$M4,Basicdata!$AI$2:$AI$2500,0)>0,Crops!$M4,"") -> 3 | H10: =IF(G10="","",AVERAGEIFS(Basicdata!$L$2:$L$2500,Basicdata!$B$2:$B$2500,2,Basicdata!$D$2:$D$2500,Crops!$D$5,Basicdata!$H$2:$H$2500,Crops!$M4,Basicdata!$AI$2:$AI$2500,0)) -> 1 | I10: =IF(G10="","",AVERAGEIFS(Basicdata!$M$2:$M$2500,Basicdata!$B$2:$B$2500,2,Basicdata!$D$2:$D$2500,Crops!$D$5,Basicdata!$H$2:$H$2500,Crops!$M4,Basicdata!$AI$2:$AI$2500,0)) -> 1 | J10: =IF(G10="","",AVERAGEIFS(Basicdata!$AA$2:$AA$2500,Basicdata!$B$2:$B$2500,2,Basicdata!$D$2:$D$2500,Crops!$D$5,Basicdata!$H$2:$H$2500,Crops!$M4,Basicdata!$AI$2:$AI$2500,0)) -> 1078.1667 | K10: =IF(G10="","",AVERAGEIFS(Basicdata!$AB$2:$AB$2500,Basicdata!$B$2:$B$2500,2,Basicdata!$D$2:$D$2500,Crops!$D$5,Basicdata!$H$2:$H$2500,Crops!$M4,Basicdata!$AI$2:$AI$2500,0)) -> 1308.1825
A11: =IF(COUNTIFS(Basicdata!$B$2:$B$2500,1,Basicdata!$D$2:$D$2500,Crops!$D$5,Basicdata!$H$2:$H$2500,Crops!$M5,Basicdata!$AI$2:$AI$2500,0)>0,Crops!$M5,"") -> 4 | B11: =IF(A11="","",AVERAGEIFS(Basicdata!$L$2:$L$2500,Basicdata!$B$2:$B$2500,1,Basicdata!$D$2:$D$2500,Crops!$D$5,Basicdata!$H$2:$H$2500,Crops!$M5,Basicdata!$AI$2:$AI$2500,0)) -> 1.4285714 | C11: =IF(A11="","",AVERAGEIFS(Basicdata!$M$2:$M$2500,Basicdata!$B$2:$B$2500,1,Basicdata!$D$2:$D$2500,Crops!$D$5,Basicdata!$H$2:$H$2500,Crops!$M5,Basicdata!$AI$2:$AI$2500,0)) -> 1 | D11: =IF(A11="","",AVERAGEIFS(Basicdata!$AA$2:$AA$2500,Basicdata!$B$2:$B$2500,1,Basicdata!$D$2:$D$2500,Crops!$D$5,Basicdata!$H$2:$H$2500,Crops!$M5,Basicdata!$AI$2:$AI$2500,0)) -> 1560.7857 | E11: =IF(A11="","",AVERAGEIFS(Basicdata!$AB$2:$AB$2500,Basicdata!$B$2:$B$2500,1,Basicdata!$D$2:$D$2500,Crops!$D$5,Basicdata!$H$2:$H$2500,Crops!$M5,Basicdata!$AI$2:$AI$2500,0)) -> 949.37786 | G11: =IF(COUNTIFS(Basicdata!$B$2:$B$2500,2,Basicdata!$D$2:$D$2500,Crops!$D$5,Basicdata!$H$2:$H$2500,Crops!$M5,Basicdata!$AI$2:$AI$2500,0)>0,Crops!$M5,"") -> 4 | H11: =IF(G11="","",AVERAGEIFS(Basicdata!$L$2:$L$2500,Basicdata!$B$2:$B$2500,2,Basicdata!$D$2:$D$2500,Crops!$D$5,Basicdata!$H$2:$H$2500,Crops!$M5,Basicdata!$AI$2:$AI$2500,0)) -> 1.2857143 | I11: =IF(G11="","",AVERAGEIFS(Basicdata!$M$2:$M$2500,Basicdata!$B$2:$B$2500,2,Basicdata!$D$2:$D$2500,Crops!$D$5,Basicdata!$H$2:$H$2500,Crops!$M5,Basicdata!$AI$2:$AI$2500,0)) -> 1 | J11: =IF(G11="","",AVERAGEIFS(Basicdata!$AA$2:$AA$2500,Basicdata!$B$2:$B$2500,2,Basicdata!$D$2:$D$2500,Crops!$D$5,Basicdata!$H$2:$H$2500,Crops!$M5,Basicdata!$AI$2:$AI$2500,0)) -> 838.64286 | K11: =IF(G11="","",AVERAGEIFS(Basicdata!$AB$2:$AB$2500,Basicdata!$B$2:$B$2500,2,Basicdata!$D$2:$D$2500,Crops!$D$5,Basicdata!$H$2:$H$2500,Crops!$M5,Basicdata!$AI$2:$AI$2500,0)) -> 506.04571
A12: =IF(COUNTIFS(Basicdata!$B$2:$B$2500,1,Basicdata!$D$2:$D$2500,Crops!$D$5,Basicdata!$H$2:$H$2500,Crops!$M6,Basicdata!$AI$2:$AI$2500,0)>0,Crops!$M6,"") -> 5 | B12: =IF(A12="","",AVERAGEIFS(Basicdata!$L$2:$L$2500,Basicdata!$B$2:$B$2500,1,Basicdata!$D$2:$D$2500,Crops!$D$5,Basicdata!$H$2:$H$2500,Crops!$M6,Basicdata!$AI$2:$AI$2500,0)) -> 2 | C12: =IF(A12="","",AVERAGEIFS(Basicdata!$M$2:$M$2500,Basicdata!$B$2:$B$2500,1,Basicdata!$D$2:$D$2500,Crops!$D$5,Basicdata!$H$2:$H$2500,Crops!$M6,Basicdata!$AI$2:$AI$2500,0)) -> 1 | D12: =IF(A12="","",AVERAGEIFS(Basicdata!$AA$2:$AA$2500,Basicdata!$B$2:$B$2500,1,Basicdata!$D$2:$D$2500,Crops!$D$5,Basicdata!$H$2:$H$2500,Crops!$M6,Basicdata!$AI$2:$AI$2500,0)) -> 534 | E12: =IF(A12="","",AVERAGEIFS(Basicdata!$AB$2:$AB$2500,Basicdata!$B$2:$B$2500,1,Basicdata!$D$2:$D$2500,Crops!$D$5,Basicdata!$H$2:$H$2500,Crops!$M6,Basicdata!$AI$2:$AI$2500,0)) -> 550.672 | G12: =IF(COUNTIFS(Basicdata!$B$2:$B$2500,2,Basicdata!$D$2:$D$2500,Crops!$D$5,Basicdata!$H$2:$H$2500,Crops!$M6,Basicdata!$AI$2:$AI$2500,0)>0,Crops!$M6,"") -> 5 | H12: =IF(G12="","",AVERAGEIFS(Basicdata!$L$2:$L$2500,Basicdata!$B$2:$B$2500,2,Basicdata!$D$2:$D$2500,Crops!$D$5,Basicdata!$H$2:$H$2500,Crops!$M6,Basicdata!$AI$2:$AI$2500,0)) -> 2.2 | I12: =IF(G12="","",AVERAGEIFS(Basicdata!$M$2:$M$2500,Basicdata!$B$2:$B$2500,2,Basicdata!$D$2:$D$2500,Crops!$D$5,Basicdata!$H$2:$H$2500,Crops!$M6,Basicdata!$AI$2:$AI$2500,0)) -> 1.1 | J12: =IF(G12="","",AVERAGEIFS(Basicdata!$AA$2:$AA$2500,Basicdata!$B$2:$B$2500,2,Basicdata!$D$2:$D$2500,Crops!$D$5,Basicdata!$H$2:$H$2500,Crops!$M6,Basicdata!$AI$2:$AI$2500,0)) -> 634 | K12: =IF(G12="","",AVERAGEIFS(Basicdata!$AB$2:$AB$2500,Basicdata!$B$2:$B$2500,2,Basicdata!$D$2:$D$2500,Crops!$D$5,Basicdata!$H$2:$H$2500,Crops!$M6,Basicdata!$AI$2:$AI$2500,0)) -> 339.52308
A13: =IF(COUNTIFS(Basicdata!$B$2:$B$2500,1,Basicdata!$D$2:$D$2500,Crops!$D$5,Basicdata!$H$2:$H$2500,Crops!$M7,Basicdata!$AI$2:$AI$2500,0)>0,Crops!$M7,"") -> 6 | B13: =IF(A13="","",AVERAGEIFS(Basicdata!$L$2:$L$2500,Basicdata!$B$2:$B$2500,1,Basicdata!$D$2:$D$2500,Crops!$D$5,Basicdata!$H$2:$H$2500,Crops!$M7,Basicdata!$AI$2:$AI$2500,0)) -> 4.5 | C13: =IF(A13="","",AVERAGEIFS(Basicdata!$M$2:$M$2500,Basicdata!$B$2:$B$2500,1,Basicdata!$D$2:$D$2500,Crops!$D$5,Basicdata!$H$2:$H$2500,Crops!$M7,Basicdata!$AI$2:$AI$2500,0)) -> 1.625 | D13: =IF(A13="","",AVERAGEIFS(Basicdata!$AA$2:$AA$2500,Basicdata!$B$2:$B$2500,1,Basicdata!$D$2:$D$2500,Crops!$D$5,Basicdata!$H$2:$H$2500,Crops!$M7,Basicdata!$AI$2:$AI$2500,0)) -> 1263.125 | E13: =IF(A13="","",AVERAGEIFS(Basicdata!$AB$2:$AB$2500,Basicdata!$B$2:$B$2500,1,Basicdata!$D$2:$D$2500,Crops!$D$5,Basicdata!$H$2:$H$2500,Crops!$M7,Basicdata!$AI$2:$AI$2500,0)) -> 1251.6452 | G13: =IF(COUNTIFS(Basicdata!$B$2:$B$2500,2,Basicdata!$D$2:$D$2500,Crops!$D$5,Basicdata!$H$2:$H$2500,Crops!$M7,Basicdata!$AI$2:$AI$2500,0)>0,Crops!$M7,"") -> 6 | H13: =IF(G13="","",AVERAGEIFS(Basicdata!$L$2:$L$2500,Basicdata!$B$2:$B$2500,2,Basicdata!$D$2:$D$2500,Crops!$D$5,Basicdata!$H$2:$H$2500,Crops!$M7,Basicdata!$AI$2:$AI$2500,0)) -> 1 | I13: =IF(G13="","",AVERAGEIFS(Basicdata!$M$2:$M$2500,Basicdata!$B$2:$B$2500,2,Basicdata!$D$2:$D$2500,Crops!$D$5,Basicdata!$H$2:$H$2500,Crops!$M7,Basicdata!$AI$2:$AI$2500,0)) -> 1 | J13: =IF(G13="","",AVERAGEIFS(Basicdata!$AA$2:$AA$2500,Basicdata!$B$2:$B$2500,2,Basicdata!$D$2:$D$2500,Crops!$D$5,Basicdata!$H$2:$H$2500,Crops!$M7,Basicdata!$AI$2:$AI$2500,0)) -> 812.875 | K13: =IF(G13="","",AVERAGEIFS(Basicdata!$AB$2:$AB$2500,Basicdata!$B$2:$B$2500,2,Basicdata!$D$2:$D$2500,Crops!$D$5,Basicdata!$H$2:$H$2500,Crops!$M7,Basicdata!$AI$2:$AI$2500,0)) -> 870.90236
A14: =IF(COUNTIFS(Basicdata!$B$2:$B$2500,1,Basicdata!$D$2:$D$2500,Crops!$D$5,Basicdata!$H$2:$H$2500,Crops!$M8,Basicdata!$AI$2:$AI$2500,0)>0,Crops!$M8,"") -> 7 | B14: =IF(A14="","",AVERAGEIFS(Basicdata!$L$2:$L$2500,Basicdata!$B$2:$B$2500,1,Basicdata!$D$2:$D$2500,Crops!$D$5,Basicdata!$H$2:$H$2500,Crops!$M8,Basicdata!$AI$2:$AI$2500,0)) -> 1.75 | C14: =IF(A14="","",AVERAGEIFS(Basicdata!$M$2:$M$2500,Basicdata!$B$2:$B$2500,1,Basicdata!$D$2:$D$2500,Crops!$D$5,Basicdata!$H$2:$H$2500,Crops!$M8,Basicdata!$AI$2:$AI$2500,0)) -> 1.25 | D14: =IF(A14="","",AVERAGEIFS(Basicdata!$AA$2:$AA$2500,Basicdata!$B$2:$B$2500,1,Basicdata!$D$2:$D$2500,Crops!$D$5,Basicdata!$H$2:$H$2500,Crops!$M8,Basicdata!$AI$2:$AI$2500,0)) -> 967.4375 | E14: =IF(A14="","",AVERAGEIFS(Basicdata!$AB$2:$AB$2500,Basicdata!$B$2:$B$2500,1,Basicdata!$D$2:$D$2500,Crops!$D$5,Basicdata!$H$2:$H$2500,Crops!$M8,Basicdata!$AI$2:$AI$2500,0)) -> 1429.22 | G14: =IF(COUNTIFS(Basicdata!$B$2:$B$2500,2,Basicdata!$D$2:$D$2500,Crops!$D$5,Basicdata!$H$2:$H$2500,Crops!$M8,Basicdata!$AI$2:$AI$2500,0)>0,Crops!$M8,"") -> 7 | H14: =IF(G14="","",AVERAGEIFS(Basicdata!$L$2:$L$2500,Basicdata!$B$2:$B$2500,2,Basicdata!$D$2:$D$2500,Crops!$D$5,Basicdata!$H$2:$H$2500,Crops!$M8,Basicdata!$AI$2:$AI$2500,0)) -> 1.625 | I14: =IF(G14="","",AVERAGEIFS(Basicdata!$M$2:$M$2500,Basicdata!$B$2:$B$2500,2,Basicdata!$D$2:$D$2500,Crops!$D$5,Basicdata!$H$2:$H$2500,Crops!$M8,Basicdata!$AI$2:$AI$2500,0)) -> 1 | J14: =IF(G14="","",AVERAGEIFS(Basicdata!$AA$2:$AA$2500,Basicdata!$B$2:$B$2500,2,Basicdata!$D$2:$D$2500,Crops!$D$5,Basicdata!$H$2:$H$2500,Crops!$M8,Basicdata!$AI$2:$AI$2500,0)) -> 792.3125 | K14: =IF(G14="","",AVERAGEIFS(Basicdata!$AB$2:$AB$2500,Basicdata!$B$2:$B$2500,2,Basicdata!$D$2:$D$2500,Crops!$D$5,Basicdata!$H$2:$H$2500,Crops!$M8,Basicdata!$AI$2:$AI$2500,0)) -> 1476.8902
A15: =IF(COUNTIFS(Basicdata!$B$2:$B$2500,1,Basicdata!$D$2:$D$2500,Crops!$D$5,Basicdata!$H$2:$H$2500,Crops!$M9,Basicdata!$AI$2:$AI$2500,0)>0,Crops!$M9,"") -> 8 | B15: =IF(A15="","",AVERAGEIFS(Basicdata!$L$2:$L$2500,Basicdata!$B$2:$B$2500,1,Basicdata!$D$2:$D$2500,Crops!$D$5,Basicdata!$H$2:$H$2500,Crops!$M9,Basicdata!$AI$2:$AI$2500,0)) -> 1.5 | C15: =IF(A15="","",AVERAGEIFS(Basicdata!$M$2:$M$2500,Basicdata!$B$2:$B$2500,1,Basicdata!$D$2:$D$2500,Crops!$D$5,Basicdata!$H$2:$H$2500,Crops!$M9,Basicdata!$AI$2:$AI$2500,0)) -> 1.05 | D15: =IF(A15="","",AVERAGEIFS(Basicdata!$AA$2:$AA$2500,Basicdata!$B$2:$B$2500,1,Basicdata!$D$2:$D$2500,Crops!$D$5,Basicdata!$H$2:$H$2500,Crops!$M9,Basicdata!$AI$2:$AI$2500,0)) -> 851.95 | E15: =IF(A15="","",AVERAGEIFS(Basicdata!$AB$2:$AB$2500,Basicdata!$B$2:$B$2500,1,Basicdata!$D$2:$D$2500,Crops!$D$5,Basicdata!$H$2:$H$2500,Crops!$M9,Basicdata!$AI$2:$AI$2500,0)) -> 2000.0846 | G15: =IF(COUNTIFS(Basicdata!$B$2:$B$2500,2,Basicdata!$D$2:$D$2500,Crops!$D$5,Basicdata!$H$2:$H$2500,Crops!$M9,Basicdata!$AI$2:$AI$2500,0)>0,Crops!$M9,"") -> 8 | H15: =IF(G15="","",AVERAGEIFS(Basicdata!$L$2:$L$2500,Basicdata!$B$2:$B$2500,2,Basicdata!$D$2:$D$2500,Crops!$D$5,Basicdata!$H$2:$H$2500,Crops!$M9,Basicdata!$AI$2:$AI$2500,0)) -> 4.55 | I15: =IF(G15="","",AVERAGEIFS(Basicdata!$M$2:$M$2500,Basicdata!$B$2:$B$2500,2,Basicdata!$D$2:$D$2500,Crops!$D$5,Basicdata!$H$2:$H$2500,Crops!$M9,Basicdata!$AI$2:$AI$2500,0)) -> 1.1 | J15: =IF(G15="","",AVERAGEIFS(Basicdata!$AA$2:$AA$2500,Basicdata!$B$2:$B$2500,2,Basicdata!$D$2:$D$2500,Crops!$D$5,Basicdata!$H$2:$H$2500,Crops!$M9,Basicdata!$AI$2:$AI$2500,0)) -> 662.4 | K15: =IF(G15="","",AVERAGEIFS(Basicdata!$AB$2:$AB$2500,Basicdata!$B$2:$B$2500,2,Basicdata!$D$2:$D$2500,Crops!$D$5,Basicdata!$H$2:$H$2500,Crops!$M9,Basicdata!$AI$2:$AI$2500,0)) -> 1219.151
A16: =IF(COUNTIFS(Basicdata!$B$2:$B$2500,1,Basicdata!$D$2:$D$2500,Crops!$D$5,Basicdata!$H$2:$H$2500,Crops!$M10,Basicdata!$AI$2:$AI$2500,0)>0,Crops!$M10,"") -> 9 | B16: =IF(A16="","",AVERAGEIFS(Basicdata!$L$2:$L$2500,Basicdata!$B$2:$B$2500,1,Basicdata!$D$2:$D$2500,Crops!$D$5,Basicdata!$H$2:$H$2500,Crops!$M10,Basicdata!$AI$2:$AI$2500,0)) -> 1.9375 | C16: =IF(A16="","",AVERAGEIFS(Basicdata!$M$2:$M$2500,Basicdata!$B$2:$B$2500,1,Basicdata!$D$2:$D$2500,Crops!$D$5,Basicdata!$H$2:$H$2500,Crops!$M10,Basicdata!$AI$2:$AI$2500,0)) -> 1 | D16: =IF(A16="","",AVERAGEIFS(Basicdata!$AA$2:$AA$2500,Basicdata!$B$2:$B$2500,1,Basicdata!$D$2:$D$2500,Crops!$D$5,Basicdata!$H$2:$H$2500,Crops!$M10,Basicdata!$AI$2:$AI$2500,0)) -> 678.125 | E16: =IF(A16="","",AVERAGEIFS(Basicdata!$AB$2:$AB$2500,Basicdata!$B$2:$B$2500,1,Basicdata!$D$2:$D$2500,Crops!$D$5,Basicdata!$H$2:$H$2500,Crops!$M10,Basicdata!$AI$2:$AI$2500,0)) -> 1106.7613 | G16: =IF(COUNTIFS(Basicdata!$B$2:$B$2500,2,Basicdata!$D$2:$D$2500,Crops!$D$5,Basicdata!$H$2:$H$2500,Crops!$M10,Basicdata!$AI$2:$AI$2500,0)>0,Crops!$M10,"") -> 9 | H16: =IF(G16="","",AVERAGEIFS(Basicdata!$L$2:$L$2500,Basicdata!$B$2:$B$2500,2,Basicdata!$D$2:$D$2500,Crops!$D$5,Basicdata!$H$2:$H$2500,Crops!$M10,Basicdata!$AI$2:$AI$2500,0)) -> 1.5625 | I16: =IF(G16="","",AVERAGEIFS(Basicdata!$M$2:$M$2500,Basicdata!$B$2:$B$2500,2,Basicdata!$D$2:$D$2500,Crops!$D$5,Basicdata!$H$2:$H$2500,Crops!$M10,Basicdata!$AI$2:$AI$2500,0)) -> 1.1875 | J16: =IF(G16="","",AVERAGEIFS(Basicdata!$AA$2:$AA$2500,Basicdata!$B$2:$B$2500,2,Basicdata!$D$2:$D$2500,Crops!$D$5,Basicdata!$H$2:$H$2500,Crops!$M10,Basicdata!$AI$2:$AI$2500,0)) -> 748.3125 | K16: =IF(G16="","",AVERAGEIFS(Basicdata!$AB$2:$AB$2500,Basicdata!$B$2:$B$2500,2,Basicdata!$D$2:$D$2500,Crops!$D$5,Basicdata!$H$2:$H$2500,Crops!$M10,Basicdata!$AI$2:$AI$2500,0)) -> 1091.8105
A17: =IF(COUNTIFS(Basicdata!$B$2:$B$2500,1,Basicdata!$D$2:$D$2500,Crops!$D$5,Basicdata!$H$2:$H$2500,Crops!$M11,Basicdata!$AI$2:$AI$2500,0)>0,Crops!$M11,"") -> 10 | B17: =IF(A17="","",AVERAGEIFS(Basicdata!$L$2:$L$2500,Basicdata!$B$2:$B$2500,1,Basicdata!$D$2:$D$2500,Crops!$D$5,Basicdata!$H$2:$H$2500,Crops!$M11,Basicdata!$AI$2:$AI$2500,0)) -> 5.7 | C17: =IF(A17="","",AVERAGEIFS(Basicdata!$M$2:$M$2500,Basicdata!$B$2:$B$2500,1,Basicdata!$D$2:$D$2500,Crops!$D$5,Basicdata!$H$2:$H$2500,Crops!$M11,Basicdata!$AI$2:$AI$2500,0)) -> 1.2 | D17: =IF(A17="","",AVERAGEIFS(Basicdata!$AA$2:$AA$2500,Basicdata!$B$2:$B$2500,1,Basicdata!$D$2:$D$2500,Crops!$D$5,Basicdata!$H$2:$H$2500,Crops!$M11,Basicdata!$AI$2:$AI$2500,0)) -> 669 | E17: =IF(A17="","",AVERAGEIFS(Basicdata!$AB$2:$AB$2500,Basicdata!$B$2:$B$2500,1,Basicdata!$D$2:$D$2500,Crops!$D$5,Basicdata!$H$2:$H$2500,Crops!$M11,Basicdata!$AI$2:$AI$2500,0)) -> 1439.256 | G17: =IF(COUNTIFS(Basicdata!$B$2:$B$2500,2,Basicdata!$D$2:$D$2500,Crops!$D$5,Basicdata!$H$2:$H$2500,Crops!$M11,Basicdata!$AI$2:$AI$2500,0)>0,Crops!$M11,"") -> 10 | H17: =IF(G17="","",AVERAGEIFS(Basicdata!$L$2:$L$2500,Basicdata!$B$2:$B$2500,2,Basicdata!$D$2:$D$2500,Crops!$D$5,Basicdata!$H$2:$H$2500,Crops!$M11,Basicdata!$AI$2:$AI$2500,0)) -> 3.2 | I17: =IF(G17="","",AVERAGEIFS(Basicdata!$M$2:$M$2500,Basicdata!$B$2:$B$2500,2,Basicdata!$D$2:$D$2500,Crops!$D$5,Basicdata!$H$2:$H$2500,Crops!$M11,Basicdata!$AI$2:$AI$2500,0)) -> 1 | J17: =IF(G17="","",AVERAGEIFS(Basicdata!$AA$2:$AA$2500,Basicdata!$B$2:$B$2500,2,Basicdata!$D$2:$D$2500,Crops!$D$5,Basicdata!$H$2:$H$2500,Crops!$M11,Basicdata!$AI$2:$AI$2500,0)) -> 641 | K17: =IF(G17="","",AVERAGEIFS(Basicdata!$AB$2:$AB$2500,Basicdata!$B$2:$B$2500,2,Basicdata!$D$2:$D$2500,Crops!$D$5,Basicdata!$H$2:$H$2500,Crops!$M11,Basicdata!$AI$2:$AI$2500,0)) -> 284.53234
A18: =IF(COUNTIFS(Basicdata!$B$2:$B$2500,1,Basicdata!$D$2:$D$2500,Crops!$D$5,Basicdata!$H$2:$H$2500,Crops!$M12,Basicdata!$AI$2:$AI$2500,0)>0,Crops!$M12,"") -> 11 | B18: =IF(A18="","",AVERAGEIFS(Basicdata!$L$2:$L$2500,Basicdata!$B$2:$B$2500,1,Basicdata!$D$2:$D$2500,Crops!$D$5,Basicdata!$H$2:$H$2500,Crops!$M12,Basicdata!$AI$2:$AI$2500,0)) -> 2 | C18: =IF(A18="","",AVERAGEIFS(Basicdata!$M$2:$M$2500,Basicdata!$B$2:$B$2500,1,Basicdata!$D$2:$D$2500,Crops!$D$5,Basicdata!$H$2:$H$2500,Crops!$M12,Basicdata!$AI$2:$AI$2500,0)) -> 1 | D18: =IF(A18="","",AVERAGEIFS(Basicdata!$AA$2:$AA$2500,Basicdata!$B$2:$B$2500,1,Basicdata!$D$2:$D$2500,Crops!$D$5,Basicdata!$H$2:$H$2500,Crops!$M12,Basicdata!$AI$2:$AI$2500,0)) -> 1152.4 | E18: =IF(A18="","",AVERAGEIFS(Basicdata!$AB$2:$AB$2500,Basicdata!$B$2:$B$2500,1,Basicdata!$D$2:$D$2500,Crops!$D$5,Basicdata!$H$2:$H$2500,Crops!$M12,Basicdata!$AI$2:$AI$2500,0)) -> 1835.128 | G18: =IF(COUNTIFS(Basicdata!$B$2:$B$2500,2,Basicdata!$D$2:$D$2500,Crops!$D$5,Basicdata!$H$2:$H$2500,Crops!$M12,Basicdata!$AI$2:$AI$2500,0)>0,Crops!$M12,"") -> 11 | H18: =IF(G18="","",AVERAGEIFS(Basicdata!$L$2:$L$2500,Basicdata!$B$2:$B$2500,2,Basicdata!$D$2:$D$2500,Crops!$D$5,Basicdata!$H$2:$H$2500,Crops!$M12,Basicdata!$AI$2:$AI$2500,0)) -> 1.4 | I18: =IF(G18="","",AVERAGEIFS(Basicdata!$M$2:$M$2500,Basicdata!$B$2:$B$2500,2,Basicdata!$D$2:$D$2500,Crops!$D$5,Basicdata!$H$2:$H$2500,Crops!$M12,Basicdata!$AI$2:$AI$2500,0)) -> 1 | J18: =IF(G18="","",AVERAGEIFS(Basicdata!$AA$2:$AA$2500,Basicdata!$B$2:$B$2500,2,Basicdata!$D$2:$D$2500,Crops!$D$5,Basicdata!$H$2:$H$2500,Crops!$M12,Basicdata!$AI$2:$AI$2500,0)) -> 1291.2 | K18: =IF(G18="","",AVERAGEIFS(Basicdata!$AB$2:$AB$2500,Basicdata!$B$2:$B$2500,2,Basicdata!$D$2:$D$2500,Crops!$D$5,Basicdata!$H$2:$H$2500,Crops!$M12,Basicdata!$AI$2:$AI$2500,0)) -> 1956.3472
A19: =IF(COUNTIFS(Basicdata!$B$2:$B$2500,1,Basicdata!$D$2:$D$2500,Crops!$D$5,Basicdata!$H$2:$H$2500,Crops!$M13,Basicdata!$AI$2:$AI$2500,0)>0,Crops!$M13,"") -> 12 | B19: =IF(A19="","",AVERAGEIFS(Basicdata!$L$2:$L$2500,Basicdata!$B$2:$B$2500,1,Basicdata!$D$2:$D$2500,Crops!$D$5,Basicdata!$H$2:$H$2500,Crops!$M13,Basicdata!$AI$2:$AI$2500,0)) -> 2 | C19: =IF(A19="","",AVERAGEIFS(Basicdata!$M$2:$M$2500,Basicdata!$B$2:$B$2500,1,Basicdata!$D$2:$D$2500,Crops!$D$5,Basicdata!$H$2:$H$2500,Crops!$M13,Basicdata!$AI$2:$AI$2500,0)) -> 1.1428571 | D19: =IF(A19="","",AVERAGEIFS(Basicdata!$AA$2:$AA$2500,Basicdata!$B$2:$B$2500,1,Basicdata!$D$2:$D$2500,Crops!$D$5,Basicdata!$H$2:$H$2500,Crops!$M13,Basicdata!$AI$2:$AI$2500,0)) -> 690.71429 | E19: =IF(A19="","",AVERAGEIFS(Basicdata!$AB$2:$AB$2500,Basicdata!$B$2:$B$2500,1,Basicdata!$D$2:$D$2500,Crops!$D$5,Basicdata!$H$2:$H$2500,Crops!$M13,Basicdata!$AI$2:$AI$2500,0)) -> 870.25243 | G19: =IF(COUNTIFS(Basicdata!$B$2:$B$2500,2,Basicdata!$D$2:$D$2500,Crops!$D$5,Basicdata!$H$2:$H$2500,Crops!$M13,Basicdata!$AI$2:$AI$2500,0)>0,Crops!$M13,"") -> 12 | H19: =IF(G19="","",AVERAGEIFS(Basicdata!$L$2:$L$2500,Basicdata!$B$2:$B$2500,2,Basicdata!$D$2:$D$2500,Crops!$D$5,Basicdata!$H$2:$H$2500,Crops!$M13,Basicdata!$AI$2:$AI$2500,0)) -> 2.4285714 | I19: =IF(G19="","",AVERAGEIFS(Basicdata!$M$2:$M$2500,Basicdata!$B$2:$B$2500,2,Basicdata!$D$2:$D$2500,Crops!$D$5,Basicdata!$H$2:$H$2500,Crops!$M13,Basicdata!$AI$2:$AI$2500,0)) -> 1.1428571 | J19: =IF(G19="","",AVERAGEIFS(Basicdata!$AA$2:$AA$2500,Basicdata!$B$2:$B$2500,2,Basicdata!$D$2:$D$2500,Crops!$D$5,Basicdata!$H$2:$H$2500,Crops!$M13,Basicdata!$AI$2:$AI$2500,0)) -> 491 | K19: =IF(G19="","",AVERAGEIFS(Basicdata!$AB$2:$AB$2500,Basicdata!$B$2:$B$2500,2,Basicdata!$D$2:$D$2500,Crops!$D$5,Basicdata!$H$2:$H$2500,Crops!$M13,Basicdata!$AI$2:$AI$2500,0)) -> 744.89069
... A100: =IF(COUNTIFS(Basicdata!$B$2:$B$2500,1,Basicdata!$D$2:$D$2500,Crops!$D$5,Basicdata!$H$2:$H$2500,Crops!$M94,Basicdata!$AI$2:$AI$2500,0)>0,Crops!$M94,"") | B100: =IF(A100="","",AVERAGEIFS(Basicdata!$L$2:$L$2500,Basicdata!$B$2:$B$2500,1,Basicdata!$D$2:$D$2500,Crops!$D$5,Basicdata!$H$2:$H$2500,Crops!$M94,Basicdata!$AI$2:$AI$2500,0)) | C100: =IF(A100="","",AVERAGEIFS(Basicdata!$M$2:$M$2500,Basicdata!$B$2:$B$2500,1,Basicdata!$D$2:$D$2500,Crops!$D$5,Basicdata!$H$2:$H$2500,Crops!$M94,Basicdata!$AI$2:$AI$2500,0)) | D100: =IF(A100="","",AVERAGEIFS(Basicdata!$AA$2:$AA$2500,Basicdata!$B$2:$B$2500,1,Basicdata!$D$2:$D$2500,Crops!$D$5,Basicdata!$H$2:$H$2500,Crops!$M94,Basicdata!$AI$2:$AI$2500,0)) | E100: =IF(A100="","",AVERAGEIFS(Basicdata!$AB$2:$AB$2500,Basicdata!$B$2:$B$2500,1,Basicdata!$D$2:$D$2500,Crops!$D$5,Basicdata!$H$2:$H$2500,Crops!$M94,Basicdata!$AI$2:$AI$2500,0)) | G100: =IF(COUNTIFS(Basicdata!$B$2:$B$2500,2,Basicdata!$D$2:$D$2500,Crops!$D$5,Basicdata!$H$2:$H$2500,Crops!$M94,Basicdata!$AI$2:$AI$2500,0)>0,Crops!$M94,"") | H100: =IF(G100="","",AVERAGEIFS(Basicdata!$L$2:$L$2500,Basicdata!$B$2:$B$2500,2,Basicdata!$D$2:$D$2500,Crops!$D$5,Basicdata!$H$2:$H$2500,Crops!$M94,Basicdata!$AI$2:$AI$2500,0)) | I100: =IF(G100="","",AVERAGEIFS(Basicdata!$M$2:$M$2500,Basicdata!$B$2:$B$2500,2,Basicdata!$D$2:$D$2500,Crops!$D$5,Basicdata!$H$2:$H$2500,Crops!$M94,Basicdata!$AI$2:$AI$2500,0)) | J100: =IF(G100="","",AVERAGEIFS(Basicdata!$AA$2:$AA$2500,Basicdata!$B$2:$B$2500,2,Basicdata!$D$2:$D$2500,Crops!$D$5,Basicdata!$H$2:$H$2500,Crops!$M94,Basicdata!$AI$2:$AI$2500,0)) | K100: =IF(G100="","",AVERAGEIFS(Basicdata!$AB$2:$AB$2500,Basicdata!$B$2:$B$2500,2,Basicdata!$D$2:$D$2500,Crops!$D$5,Basicdata!$H$2:$H$2500,Crops!$M94,Basicdata!$AI$2:$AI$2500,0))
A101: STATE: | B101: =AVERAGEIFS(Basicdata!$L$2:$L$2500,Basicdata!$B$2:$B$2500,1,Basicdata!$D$2:$D$2500,Crops!$D$5,Basicdata!$AI$2:$AI$2500,0) -> 2.6902655 | C101: =AVERAGEIFS(Basicdata!$M$2:$M$2500,Basicdata!$B$2:$B$2500,1,Basicdata!$D$2:$D$2500,Crops!$D$5,Basicdata!$AI$2:$AI$2500,0) -> 1.1061947 | D101: =AVERAGEIFS(Basicdata!$AA$2:$AA$2500,Basicdata!$B$2:$B$2500,1,Basicdata!$D$2:$D$2500,Crops!$D$5,Basicdata!$AI$2:$AI$2500,0) -> 759.07375 | E101: =AVERAGEIFS(Basicdata!$AB$2:$AB$2500,Basicdata!$B$2:$B$2500,1,Basicdata!$D$2:$D$2500,Crops!$D$5,Basicdata!$AI$2:$AI$2500,0) -> 1297.2536 | G101: STATE: | H101: =AVERAGEIFS(Basicdata!$L$2:$L$2500,Basicdata!$B$2:$B$2500,2,Basicdata!$D$2:$D$2500,Crops!$D$5,Basicdata!$AI$2:$AI$2500,0) -> 2.1769912 | I101: =AVERAGEIFS(Basicdata!$M$2:$M$2500,Basicdata!$B$2:$B$2500,2,Basicdata!$D$2:$D$2500,Crops!$D$5,Basicdata!$AI$2:$AI$2500,0) -> 1.1061947 | J101: =AVERAGEIFS(Basicdata!$AA$2:$AA$2500,Basicdata!$B$2:$B$2500,2,Basicdata!$D$2:$D$2500,Crops!$D$5,Basicdata!$AI$2:$AI$2500,0) -> 710.31268 | K101: =AVERAGEIFS(Basicdata!$AB$2:$AB$2500,Basicdata!$B$2:$B$2500,2,Basicdata!$D$2:$D$2500,Crops!$D$5,Basicdata!$AI$2:$AI$2500,0) -> 956.56599
A102: NOTE: (i) THIS TABLE WILL BE PREPARED ONLY FOR THE FIRST SEASON OF THE YEAR | G102: NOTE: (i) THIS TABLE WILL BE PREPARED ONLY FOR THE FIRST SEASON OF THE YEAR
A103: (II) COL.3 IS NOT APPLICABLE FOR EARAS STATE | G103: (II) COL.3 IS NOT APPLICABLE FOR EARAS STATE
A104: Developed by: Deepak Kumar Agrawal, Senior Statistical Officer, NSSO (FOD), Faridabad, Haryana | G104: Developed by: Deepak Kumar Agrawal, Senior Statistical Officer, NSSO (FOD), Faridabad, Haryana

Sheet Table-3(p)
A2: TABLE A-3: DISTRICTWISE AVERAGE WORKLOAD PER PATWARI IN THE SELECTED VILLAGES
A3: ='Table-3'!A3 -> STATE:GUJARAT(24) | C3: ='Table-3'!C3 -> YEAR:2023-24 | D3: ='Table-3'!D3 -> SEASON:SUMMER(5) | E3: ='Table-3'!E3 -> SAMPLE:CENTRAL(1)
A4: DISTRICT | B4: AVERAGE NUMBER OF VILLAGES ALLOTTED PER PATWARI(0.0) | D4: AVERAGE WORKLOAD PER VILLAGE IN TERM OF
B5: TOTAL | C5: TRS | D5: SURVEY NUMBER | E5: GEOGRAPHICAL AREA (HA)
A7: 1 | B7: 2 | C7: 3 | D7: 4 | E7: 5
A8: ='Table-3'!A8 -> 1 | B8: ='Table-3'!B8 -> 3.1176471 | C8: ='Table-3'!C8 -> 1 | D8: ='Table-3'!D8 -> 1144.1176 | E8: ='Table-3'!E8 -> 3292.9953
A9: ='Table-3'!A9 -> 2 | B9: ='Table-3'!B9 -> 2.5625 | C9: ='Table-3'!C9 -> 1.03125 | D9: ='Table-3'!D9 -> 596.03125 | E9: ='Table-3'!E9 -> 1020.3728
A10: ='Table-3'!A10 -> 3 | B10: ='Table-3'!B10 -> 1.9444444 | C10: ='Table-3'!C10 -> 1 | D10: ='Table-3'!D10 -> 764.33333 | E10: ='Table-3'!E10 -> 862.20111
A11: ='Table-3'!A11 -> 4 | B11: ='Table-3'!B11 -> 1.4285714 | C11: ='Table-3'!C11 -> 1 | D11: ='Table-3'!D11 -> 1560.7857 | E11: ='Table-3'!E11 -> 949.37786
A12: ='Table-3'!A12 -> 5 | B12: ='Table-3'!B12 -> 2 | C12: ='Table-3'!C12 -> 1 | D12: ='Table-3'!D12 -> 534 | E12: ='Table-3'!E12 -> 550.672
A13: ='Table-3'!A13 -> 6 | B13: ='Table-3'!B13 -> 4.5 | C13: ='Table-3'!C13 -> 1.625 | D13: ='Table-3'!D13 -> 1263.125 | E13: ='Table-3'!E13 -> 1251.6452
A14: ='Table-3'!A14 -> 7 | B14: ='Table-3'!B14 -> 1.75 | C14: ='Table-3'!C14 -> 1.25 | D14: ='Table-3'!D14 -> 967.4375 | E14: ='Table-3'!E14 -> 1429.22
A15: ='Table-3'!A15 -> 8 | B15: ='Table-3'!B15 -> 1.5 | C15: ='Table-3'!C15 -> 1.05 | D15: ='Table-3'!D15 -> 851.95 | E15: ='Table-3'!E15 -> 2000.0846
A16: ='Table-3'!A16 -> 9 | B16: ='Table-3'!B16 -> 1.9375 | C16: ='Table-3'!C16 -> 1 | D16: ='Table-3'!D16 -> 678.125 | E16: ='Table-3'!E16 -> 1106.7613
A17: ='Table-3'!A17 -> 10 | B17: ='Table-3'!B17 -> 5.7 | C17: ='Table-3'!C17 -> 1.2 | D17: ='Table-3'!D17 -> 669 | E17: ='Table-3'!E17 -> 1439.256
A18: ='Table-3'!A18 -> 11 | B18: ='Table-3'!B18 -> 2 | C18: ='Table-3'!C18 -> 1 | D18: ='Table-3'!D18 -> 1152.4 | E18: ='Table-3'!E18 -> 1835.128
A19: ='Table-3'!A19 -> 12 | B19: ='Table-3'!B19 -> 2 | C19: ='Table-3'!C19 -> 1.1428571 | D19: ='Table-3'!D19 -> 690.71429 | E19: ='Table-3'!E19 -> 870.25243
... A101: ='Table-3'!A101 -> STATE: | B101: ='Table-3'!B101 -> 2.6902655 | C101: ='Table-3'!C101 -> 1.1061947 | D101: ='Table-3'!D101 -> 759.07375 | E101: ='Table-3'!E101 -> 1297.2536
A102: NOTE: (i) THIS TABLE WILL BE PREPARED ONLY FOR THE FIRST SEASON OF THE YEAR
A103: (II) COL.3 IS NOT APPLICABLE FOR EARAS STATE
A104: Developed by: Deepak Kumar Agrawal, Senior Statistical Officer, NSSO (FOD), Faridabad, Haryana
A106: TABLE A-3: DISTRICTWISE AVERAGE WORKLOAD PER PATWARI IN THE SELECTED VILLAGES
A107: ='Table-3'!G3 -> STATE:GUJARAT(24) | C107: ='Table-3'!I3 -> YEAR:2023-24 | D107: ='Table-3'!J3 -> SEASON:SUMMER(5) | E107: ='Table-3'!K3 -> SAMPLE:STATE(2)
A108: DISTRICT | B108: AVERAGE NUMBER OF VILLAGES ALLOTTED PER PATWARI(0.0) | D108: AVERAGE WORKLOAD PER VILLAGE IN TERM OF
B109: TOTAL | C109: TRS | D109: SURVEY NUMBER | E109: GEOGRAPHICAL AREA (HA)
A111: 1 | B111: 2 | C111: 3 | D111: 4 | E111: 5
A112: ='Table-3'!G8 -> 1 | B112: ='Table-3'!H8 -> 1.1176471 | C112: ='Table-3'!I8 -> 1 | D112: ='Table-3'!J8 -> 1165.1176 | E112: ='Table-3'!K8 -> 615.86773
A113: ='Table-3'!G9 -> 2 | B113: ='Table-3'!H9 -> 1.7878788 | C113: ='Table-3'!I9 -> 1 | D113: ='Table-3'!J9 -> 535.90909 | E113: ='Table-3'!K9 -> 837.01407
A114: ='Table-3'!G10 -> 3 | B114: ='Table-3'!H10 -> 1 | C114: ='Table-3'!I10 -> 1 | D114: ='Table-3'!J10 -> 1078.1667 | E114: ='Table-3'!K10 -> 1308.1825
A115: ='Table-3'!G11 -> 4 | B115: ='Table-3'!H11 -> 1.2857143 | C115: ='Table-3'!I11 -> 1 | D115: ='Table-3'!J11 -> 838.64286 | E115: ='Table-3'!K11 -> 506.04571
A116: ='Table-3'!G12 -> 5 | B116: ='Table-3'!H12 -> 2.2 | C116: ='Table-3'!I12 -> 1.1 | D116: ='Table-3'!J12 -> 634 | E116: ='Table-3'!K12 -> 339.52308
A117: ='Table-3'!G13 -> 6 | B117: ='Table-3'!H13 -> 1 | C117: ='Table-3'!I13 -> 1 | D117: ='Table-3'!J13 -> 812.875 | E117: ='Table-3'!K13 -> 870.90236
A118: ='Table-3'!G14 -> 7 | B118: ='Table-3'!H14 -> 1.625 | C118: ='Table-3'!I14 -> 1 | D118: ='Table-3'!J14 -> 792.3125 | E118: ='Table-3'!K14 -> 1476.8902
A119: ='Table-3'!G15 -> 8 | B119: ='Table-3'!H15 -> 4.55 | C119: ='Table-3'!I15 -> 1.1 | D119: ='Table-3'!J15 -> 662.4 | E119: ='Table-3'!K15 -> 1219.151
A120: ='Table-3'!G16 -> 9 | B120: ='Table-3'!H16 -> 1.5625 | C120: ='Table-3'!I16 -> 1.1875 | D120: ='Table-3'!J16 -> 748.3125 | E120: ='Table-3'!K16 -> 1091.8105
A121: ='Table-3'!G17 -> 10 | B121: ='Table-3'!H17 -> 3.2 | C121: ='Table-3'!I17 -> 1 | D121: ='Table-3'!J17 -> 641 | E121: ='Table-3'!K17 -> 284.53234
A122: ='Table-3'!G18 -> 11 | B122: ='Table-3'!H18 -> 1.4 | C122: ='Table-3'!I18 -> 1 | D122: ='Table-3'!J18 -> 1291.2 | E122: ='Table-3'!K18 -> 1956.3472
A123: ='Table-3'!G19 -> 12 | B123: ='Table-3'!H19 -> 2.4285714 | C123: ='Table-3'!I19 -> 1.1428571 | D123: ='Table-3'!J19 -> 491 | E123: ='Table-3'!K19 -> 744.89069
... A205: ='Table-3'!G101 -> STATE: | B205: ='Table-3'!H101 -> 2.1769912 | C205: ='Table-3'!I101 -> 1.1061947 | D205: ='Table-3'!J101 -> 710.31268 | E205: ='Table-3'!K101 -> 956.56599
A206: NOTE: (i) THIS TABLE WILL BE PREPARED ONLY FOR THE FIRST SEASON OF THE YEAR
A207: (II) COL.3 IS NOT APPLICABLE FOR EARAS STATE
A208: Developed by: Deepak Kumar Agrawal, Senior Statistical Officer, NSSO (FOD), Faridabad, Haryana

Sheet Table-4
A3: TABLE A-4:BIVARIATE FREQUENCY DISTRIBUTION OF SELECTED VILLAGE ACCORDING TO TOTAL NUMBER OR SERIAL/SURVEY NUMBERS AND GEOGRAPHICAL AREA | O3: TABLE A-4:BIVARIATE FREQUENCY DISTRIBUTION OF SELECTED VILLAGE ACCORDING TO TOTAL NUMBER OR SERIAL/SURVEY NUMBERS AND GEOGRAPHICAL AREA
A5: STATE: | B5: =Crops!$A$2&"("&Crops!$B$2&")" -> GUJARAT(24) | E5: YEAR: | F5: =Crops!$B$3 -> 2023-24 | H5: SEASON: | I5: =Crops!$C$5&"("&Crops!$D$5&")" -> SUMMER(5) | K5: SAMPLE: | L5: ="CENTRAL"&"("&1&")" -> CENTRAL(1) | O5: STATE: | P5: =Crops!$A$2&"("&Crops!$B$2&")" -> GUJARAT(24) | S5: YEAR: | T5: =Crops!$B$3 -> 2023-24 | V5: SEASON: | W5: =Crops!$C$5&"("&Crops!$D$5&")" -> SUMMER(5) | Y5: SAMPLE: | Z5: ="STATE"&"("&2&")" -> STATE(2)
A6: CLASS INTERVAL OF SERIAL/ SURVEY (CODE) | B6: CLASS INTERVAL OF GEOGRAPHICAL AREA(HA) | O6: CLASS INTERVAL OF SERIAL/ SURVEY (CODE) | P6: CLASS INTERVAL OF GEOGRAPHICAL AREA(HA)
B7: UP TO 50 | C7: 51 TO 100 | D7: 101 TO 200 | E7: 201 TO 400 | F7: 401 TO 600 | G7: 601 TO 800 | H7: 801 TO 1000 | I7: 1001 TO 3000 | J7: ABOVE TO 3001 | K7: NOT REPORTED | L7: TOTAL | M7: %AGE | P7: UP TO 50 | Q7: 51 TO 100 | R7: 101 TO 200 | S7: 201 TO 400 | T7: 401 TO 600 | U7: 601 TO 800 | V7: 801 TO 1000 | W7: 1001 TO 3000 | X7: ABOVE TO 3001 | Y7: NOT REPORTED | Z7: TOTAL | AA7: %AGE
A8: upto 50 | B8: =COUNTIFS(Basicdata!$B$2:$B$2500,1,Basicdata!$D$2:$D$2500,Crops!$D$5,Basicdata!$AA$2:$AA$2500,">0",Basicdata!$AA$2:$AA$2500,"<=50",Basicdata!$AB$2:$AB$2500,">0",Basicdata!$AB$2:$AB$2500,"<=50",Basicdata!$AI$2:$AI$2500,0) -> 0 | C8: =COUNTIFS(Basicdata!$B$2:$B$2500,1,Basicdata!$D$2:$D$2500,Crops!$D$5,Basicdata!$AA$2:$AA$2500,">0",Basicdata!$AA$2:$AA$2500,"<=50",Basicdata!$AB$2:$AB$2500,">50",Basicdata!$AB$2:$AB$2500,"<=100",Basicdata!$AI$2:$AI$2500,0) -> 0 | D8: =COUNTIFS(Basicdata!$B$2:$B$2500,1,Basicdata!$D$2:$D$2500,Crops!$D$5,Basicdata!$AA$2:$AA$2500,">0",Basicdata!$AA$2:$AA$2500,"<=50",Basicdata!$AB$2:$AB$2500,">100",Basicdata!$AB$2:$AB$2500,"<=200",Basicdata!$AI$2:$AI$2500,0) -> 2 | E8: =COUNTIFS(Basicdata!$B$2:$B$2500,1,Basicdata!$D$2:$D$2500,Crops!$D$5,Basicdata!$AA$2:$AA$2500,">0",Basicdata!$AA$2:$AA$2500,"<=50",Basicdata!$AB$2:$AB$2500,">200",Basicdata!$AB$2:$AB$2500,"<=400",Basicdata!$AI$2:$AI$2500,0) -> 3 | F8: =COUNTIFS(Basicdata!$B$2:$B$2500,1,Basicdata!$D$2:$D$2500,Crops!$D$5,Basicdata!$AA$2:$AA$2500,">0",Basicdata!$AA$2:$AA$2500,"<=50",Basicdata!$AB$2:$AB$2500,">400",Basicdata!$AB$2:$AB$2500,"<=600",Basicdata!$AI$2:$AI$2500,0) -> 0 | G8: =COUNTIFS(Basicdata!$B$2:$B$2500,1,Basicdata!$D$2:$D$2500,Crops!$D$5,Basicdata!$AA$2:$AA$2500,">0",Basicdata!$AA$2:$AA$2500,"<=50",Basicdata!$AB$2:$AB$2500,">600",Basicdata!$AB$2:$AB$2500,"<=800",Basicdata!$AI$2:$AI$2500,0) -> 1 | H8: =COUNTIFS(Basicdata!$B$2:$B$2500,1,Basicdata!$D$2:$D$2500,Crops!$D$5,Basicdata!$AA$2:$AA$2500,">0",Basicdata!$AA$2:$AA$2500,"<=50",Basicdata!$AB$2:$AB$2500,">800",Basicdata!$AB$2:$AB$2500,"<=1000",Basicdata!$AI$2:$AI$2500,0) -> 0 | I8: =COUNTIFS(Basicdata!$B$2:$B$2500,1,Basicdata!$D$2:$D$2500,Crops!$D$5,Basicdata!$AA$2:$AA$2500,">0",Basicdata!$AA$2:$AA$2500,"<=50",Basicdata!$AB$2:$AB$2500,">1000",Basicdata!$AB$2:$AB$2500,"<=3000",Basicdata!$AI$2:$AI$2500,0) -> 1 | J8: =COUNTIFS(Basicdata!$B$2:$B$2500,1,Basicdata!$D$2:$D$2500,Crops!$D$5,Basicdata!$AA$2:$AA$2500,">0",Basicdata!$AA$2:$AA$2500,"<=50",Basicdata!$AB$2:$AB$2500,">3000",Basicdata!$AI$2:$AI$2500,0) -> 0 | K8: =COUNTIFS(Basicdata!$B$2:$B$2500,1,Basicdata!$D$2:$D$2500,Crops!$D$5,Basicdata!$AA$2:$AA$2500,">0",Basicdata!$AA$2:$AA$2500,"<=50",Basicdata!$AB$2:$AB$2500,0,Basicdata!$AI$2:$AI$2500,0) -> 0 | L8: =SUM(B8:K8) -> 7 | M8: =ROUND(L8*100/L$18,2) -> 2.06 | O8: upto 50 | P8: =COUNTIFS(Basicdata!$B$2:$B$2500,2,Basicdata!$D$2:$D$2500,Crops!$D$5,Basicdata!$AA$2:$AA$2500,">0",Basicdata!$AA$2:$AA$2500,"<=50",Basicdata!$AB$2:$AB$2500,">0",Basicdata!$AB$2:$AB$2500,"<=50",Basicdata!$AI$2:$AI$2500,0) -> 0 | Q8: =COUNTIFS(Basicdata!$B$2:$B$2500,2,Basicdata!$D$2:$D$2500,Crops!$D$5,Basicdata!$AA$2:$AA$2500,">0",Basicdata!$AA$2:$AA$2500,"<=50",Basicdata!$AB$2:$AB$2500,">50",Basicdata!$AB$2:$AB$2500,"<=100",Basicdata!$AI$2:$AI$2500,0) -> 1 | R8: =COUNTIFS(Basicdata!$B$2:$B$2500,2,Basicdata!$D$2:$D$2500,Crops!$D$5,Basicdata!$AA$2:$AA$2500,">0",Basicdata!$AA$2:$AA$2500,"<=50",Basicdata!$AB$2:$AB$2500,">100",Basicdata!$AB$2:$AB$2500,"<=200",Basicdata!$AI$2:$AI$2500,0) -> 0 | S8: =COUNTIFS(Basicdata!$B$2:$B$2500,2,Basicdata!$D$2:$D$2500,Crops!$D$5,Basicdata!$AA$2:$AA$2500,">0",Basicdata!$AA$2:$AA$2500,"<=50",Basicdata!$AB$2:$AB$2500,">200",Basicdata!$AB$2:$AB$2500,"<=400",Basicdata!$AI$2:$AI$2500,0) -> 0 | T8: =COUNTIFS(Basicdata!$B$2:$B$2500,2,Basicdata!$D$2:$D$2500,Crops!$D$5,Basicdata!$AA$2:$AA$2500,">0",Basicdata!$AA$2:$AA$2500,"<=50",Basicdata!$AB$2:$AB$2500,">400",Basicdata!$AB$2:$AB$2500,"<=600",Basicdata!$AI$2:$AI$2500,0) -> 1 | U8: =COUNTIFS(Basicdata!$B$2:$B$2500,2,Basicdata!$D$2:$D$2500,Crops!$D$5,Basicdata!$AA$2:$AA$2500,">0",Basicdata!$AA$2:$AA$2500,"<=50",Basicdata!$AB$2:$AB$2500,">600",Basicdata!$AB$2:$AB$2500,"<=800",Basicdata!$AI$2:$AI$2500,0) -> 0 | V8: =COUNTIFS(Basicdata!$B$2:$B$2500,2,Basicdata!$D$2:$D$2500,Crops!$D$5,Basicdata!$AA$2:$AA$2500,">0",Basicdata!$AA$2:$AA$2500,"<=50",Basicdata!$AB$2:$AB$2500,">800",Basicdata!$AB$2:$AB$2500,"<=1000",Basicdata!$AI$2:$AI$2500,0) -> 0 | W8: =COUNTIFS(Basicdata!$B$2:$B$2500,2,Basicdata!$D$2:$D$2500,Crops!$D$5,Basicdata!$AA$2:$AA$2500,">0",Basicdata!$AA$2:$AA$2500,"<=50",Basicdata!$AB$2:$AB$2500,">1000",Basicdata!$AB$2:$AB$2500,"<=3000",Basicdata!$AI$2:$AI$2500,0) -> 0 | X8: =COUNTIFS(Basicdata!$B$2:$B$2500,2,Basicdata!$D$2:$D$2500,Crops!$D$5,Basicdata!$AA$2:$AA$2500,">0",Basicdata!$AA$2:$AA$2500,"<=50",Basicdata!$AB$2:$AB$2500,">3000",Basicdata!$AI$2:$AI$2500,0) -> 0 | Y8: =COUNTIFS(Basicdata!$B$2:$B$2500,2,Basicdata!$D$2:$D$2500,Crops!$D$5,Basicdata!$AA$2:$AA$2500,">0",Basicdata!$AA$2:$AA$2500,"<=50",Basicdata!$AB$2:$AB$2500,0,Basicdata!$AI$2:$AI$2500,0) -> 0 | Z8: =SUM(P8:Y8) -> 2 | AA8: =ROUND(Z8*100/Z$18,2) -> 0.59
A9: 51 to 100 | B9: =COUNTIFS(Basicdata!$B$2:$B$2500,1,Basicdata!$D$2:$D$2500,Crops!$D$5,Basicdata!$AA$2:$AA$2500,">50",Basicdata!$AA$2:$AA$2500,"<=100",Basicdata!$AB$2:$AB$2500,">0",Basicdata!$AB$2:$AB$2500,"<=50",Basicdata!$AI$2:$AI$2500,0) -> 1 | C9: =COUNTIFS(Basicdata!$B$2:$B$2500,1,Basicdata!$D$2:$D$2500,Crops!$D$5,Basicdata!$AA$2:$AA$2500,">50",Basicdata!$AA$2:$AA$2500,"<=100",Basicdata!$AB$2:$AB$2500,">50",Basicdata!$AB$2:$AB$2500,"<=100",Basicdata!$AI$2:$AI$2500,0) -> 1 | D9: =COUNTIFS(Basicdata!$B$2:$B$2500,1,Basicdata!$D$2:$D$2500,Crops!$D$5,Basicdata!$AA$2:$AA$2500,">50",Basicdata!$AA$2:$AA$2500,"<=100",Basicdata!$AB$2:$AB$2500,">100",Basicdata!$AB$2:$AB$2500,"<=200",Basicdata!$AI$2:$AI$2500,0) -> 4 | E9: =COUNTIFS(Basicdata!$B$2:$B$2500,1,Basicdata!$D$2:$D$2500,Crops!$D$5,Basicdata!$AA$2:$AA$2500,">50",Basicdata!$AA$2:$AA$2500,"<=100",Basicdata!$AB$2:$AB$2500,">200",Basicdata!$AB$2:$AB$2500,"<=400",Basicdata!$AI$2:$AI$2500,0) -> 1 | F9: =COUNTIFS(Basicdata!$B$2:$B$2500,1,Basicdata!$D$2:$D$2500,Crops!$D$5,Basicdata!$AA$2:$AA$2500,">50",Basicdata!$AA$2:$AA$2500,"<=100",Basicdata!$AB$2:$AB$2500,">400",Basicdata!$AB$2:$AB$2500,"<=600",Basicdata!$AI$2:$AI$2500,0) -> 0 | G9: =COUNTIFS(Basicdata!$B$2:$B$2500,1,Basicdata!$D$2:$D$2500,Crops!$D$5,Basicdata!$AA$2:$AA$2500,">50",Basicdata!$AA$2:$AA$2500,"<=100",Basicdata!$AB$2:$AB$2500,">600",Basicdata!$AB$2:$AB$2500,"<=800",Basicdata!$AI$2:$AI$2500,0) -> 1 | H9: =COUNTIFS(Basicdata!$B$2:$B$2500,1,Basicdata!$D$2:$D$2500,Crops!$D$5,Basicdata!$AA$2:$AA$2500,">50",Basicdata!$AA$2:$AA$2500,"<=100",Basicdata!$AB$2:$AB$2500,">800",Basicdata!$AB$2:$AB$2500,"<=1000",Basicdata!$AI$2:$AI$2500,0) -> 0 | I9: =COUNTIFS(Basicdata!$B$2:$B$2500,1,Basicdata!$D$2:$D$2500,Crops!$D$5,Basicdata!$AA$2:$AA$2500,">50",Basicdata!$AA$2:$AA$2500,"<=100",Basicdata!$AB$2:$AB$2500,">1000",Basicdata!$AB$2:$AB$2500,"<=3000",Basicdata!$AI$2:$AI$2500,0) -> 1 | J9: =COUNTIFS(Basicdata!$B$2:$B$2500,1,Basicdata!$D$2:$D$2500,Crops!$D$5,Basicdata!$AA$2:$AA$2500,">50",Basicdata!$AA$2:$AA$2500,"<=100",Basicdata!$AB$2:$AB$2500,">3000",Basicdata!$AI$2:$AI$2500,0) -> 0 | K9: =COUNTIFS(Basicdata!$B$2:$B$2500,1,Basicdata!$D$2:$D$2500,Crops!$D$5,Basicdata!$AA$2:$AA$2500,">50",Basicdata!$AA$2:$AA$2500,"<=100",Basicdata!$AB$2:$AB$2500,0,Basicdata!$AI$2:$AI$2500,0) -> 0 | L9: =SUM(B9:K9) -> 9 | M9: =ROUND(L9*100/L$18,2) -> 2.65 | O9: 51 to 100 | P9: =COUNTIFS(Basicdata!$B$2:$B$2500,2,Basicdata!$D$2:$D$2500,Crops!$D$5,Basicdata!$AA$2:$AA$2500,">50",Basicdata!$AA$2:$AA$2500,"<=100",Basicdata!$AB$2:$AB$2500,">0",Basicdata!$AB$2:$AB$2500,"<=50",Basicdata!$AI$2:$AI$2500,0) -> 0 | Q9: =COUNTIFS(Basicdata!$B$2:$B$2500,2,Basicdata!$D$2:$D$2500,Crops!$D$5,Basicdata!$AA$2:$AA$2500,">50",Basicdata!$AA$2:$AA$2500,"<=100",Basicdata!$AB$2:$AB$2500,">50",Basicdata!$AB$2:$AB$2500,"<=100",Basicdata!$AI$2:$AI$2500,0) -> 3 | R9: =COUNTIFS(Basicdata!$B$2:$B$2500,2,Basicdata!$D$2:$D$2500,Crops!$D$5,Basicdata!$AA$2:$AA$2500,">50",Basicdata!$AA$2:$AA$2500,"<=100",Basicdata!$AB$2:$AB$2500,">100",Basicdata!$AB$2:$AB$2500,"<=200",Basicdata!$AI$2:$AI$2500,0) -> 2 | S9: =COUNTIFS(Basicdata!$B$2:$B$2500,2,Basicdata!$D$2:$D$2500,Crops!$D$5,Basicdata!$AA$2:$AA$2500,">50",Basicdata!$AA$2:$AA$2500,"<=100",Basicdata!$AB$2:$AB$2500,">200",Basicdata!$AB$2:$AB$2500,"<=400",Basicdata!$AI$2:$AI$2500,0) -> 3 | T9: =COUNTIFS(Basicdata!$B$2:$B$2500,2,Basicdata!$D$2:$D$2500,Crops!$D$5,Basicdata!$AA$2:$AA$2500,">50",Basicdata!$AA$2:$AA$2500,"<=100",Basicdata!$AB$2:$AB$2500,">400",Basicdata!$AB$2:$AB$2500,"<=600",Basicdata!$AI$2:$AI$2500,0) -> 2 | U9: =COUNTIFS(Basicdata!$B$2:$B$2500,2,Basicdata!$D$2:$D$2500,Crops!$D$5,Basicdata!$AA$2:$AA$2500,">50",Basicdata!$AA$2:$AA$2500,"<=100",Basicdata!$AB$2:$AB$2500,">600",Basicdata!$AB$2:$AB$2500,"<=800",Basicdata!$AI$2:$AI$2500,0) -> 0 | V9: =COUNTIFS(Basicdata!$B$2:$B$2500,2,Basicdata!$D$2:$D$2500,Crops!$D$5,Basicdata!$AA$2:$AA$2500,">50",Basicdata!$AA$2:$AA$2500,"<=100",Basicdata!$AB$2:$AB$2500,">800",Basicdata!$AB$2:$AB$2500,"<=1000",Basicdata!$AI$2:$AI$2500,0) -> 0 | W9: =COUNTIFS(Basicdata!$B$2:$B$2500,2,Basicdata!$D$2:$D$2500,Crops!$D$5,Basicdata!$AA$2:$AA$2500,">50",Basicdata!$AA$2:$AA$2500,"<=100",Basicdata!$AB$2:$AB$2500,">1000",Basicdata!$AB$2:$AB$2500,"<=3000",Basicdata!$AI$2:$AI$2500,0) -> 0 | X9: =COUNTIFS(Basicdata!$B$2:$B$2500,2,Basicdata!$D$2:$D$2500,Crops!$D$5,Basicdata!$AA$2:$AA$2500,">50",Basicdata!$AA$2:$AA$2500,"<=100",Basicdata!$AB$2:$AB$2500,">3000",Basicdata!$AI$2:$AI$2500,0) -> 0 | Y9: =COUNTIFS(Basicdata!$B$2:$B$2500,2,Basicdata!$D$2:$D$2500,Crops!$D$5,Basicdata!$AA$2:$AA$2500,">50",Basicdata!$AA$2:$AA$2500,"<=100",Basicdata!$AB$2:$AB$2500,0,Basicdata!$AI$2:$AI$2500,0) -> 0 | Z9: =SUM(P9:Y9) -> 10 | AA9: =ROUND(Z9*100/Z$18,2) -> 2.95
A10: 101 to 200 | B10: =COUNTIFS(Basicdata!$B$2:$B$2500,1,Basicdata!$D$2:$D$2500,Crops!$D$5,Basicdata!$AA$2:$AA$2500,">100",Basicdata!$AA$2:$AA$2500,"<=200",Basicdata!$AB$2:$AB$2500,">0",Basicdata!$AB$2:$AB$2500,"<=50",Basicdata!$AI$2:$AI$2500,0) -> 0 | C10: =COUNTIFS(Basicdata!$B$2:$B$2500,1,Basicdata!$D$2:$D$2500,Crops!$D$5,Basicdata!$AA$2:$AA$2500,">100",Basicdata!$AA$2:$AA$2500,"<=200",Basicdata!$AB$2:$AB$2500,">50",Basicdata!$AB$2:$AB$2500,"<=100",Basicdata!$AI$2:$AI$2500,0) -> 2 | D10: =COUNTIFS(Basicdata!$B$2:$B$2500,1,Basicdata!$D$2:$D$2500,Crops!$D$5,Basicdata!$AA$2:$AA$2500,">100",Basicdata!$AA$2:$AA$2500,"<=200",Basicdata!$AB$2:$AB$2500,">100",Basicdata!$AB$2:$AB$2500,"<=200",Basicdata!$AI$2:$AI$2500,0) -> 4 | E10: =COUNTIFS(Basicdata!$B$2:$B$2500,1,Basicdata!$D$2:$D$2500,Crops!$D$5,Basicdata!$AA$2:$AA$2500,">100",Basicdata!$AA$2:$AA$2500,"<=200",Basicdata!$AB$2:$AB$2500,">200",Basicdata!$AB$2:$AB$2500,"<=400",Basicdata!$AI$2:$AI$2500,0) -> 14 | F10: =COUNTIFS(Basicdata!$B$2:$B$2500,1,Basicdata!$D$2:$D$2500,Crops!$D$5,Basicdata!$AA$2:$AA$2500,">100",Basicdata!$AA$2:$AA$2500,"<=200",Basicdata!$AB$2:$AB$2500,">400",Basicdata!$AB$2:$AB$2500,"<=600",Basicdata!$AI$2:$AI$2500,0) -> 2 | G10: =COUNTIFS(Basicdata!$B$2:$B$2500,1,Basicdata!$D$2:$D$2500,Crops!$D$5,Basicdata!$AA$2:$AA$2500,">100",Basicdata!$AA$2:$AA$2500,"<=200",Basicdata!$AB$2:$AB$2500,">600",Basicdata!$AB$2:$AB$2500,"<=800",Basicdata!$AI$2:$AI$2500,0) -> 3 | H10: =COUNTIFS(Basicdata!$B$2:$B$2500,1,Basicdata!$D$2:$D$2500,Crops!$D$5,Basicdata!$AA$2:$AA$2500,">100",Basicdata!$AA$2:$AA$2500,"<=200",Basicdata!$AB$2:$AB$2500,">800",Basicdata!$AB$2:$AB$2500,"<=1000",Basicdata!$AI$2:$AI$2500,0) -> 1 | I10: =COUNTIFS(Basicdata!$B$2:$B$2500,1,Basicdata!$D$2:$D$2500,Crops!$D$5,Basicdata!$AA$2:$AA$2500,">100",Basicdata!$AA$2:$AA$2500,"<=200",Basicdata!$AB$2:$AB$2500,">1000",Basicdata!$AB$2:$AB$2500,"<=3000",Basicdata!$AI$2:$AI$2500,0) -> 2 | J10: =COUNTIFS(Basicdata!$B$2:$B$2500,1,Basicdata!$D$2:$D$2500,Crops!$D$5,Basicdata!$AA$2:$AA$2500,">100",Basicdata!$AA$2:$AA$2500,"<=200",Basicdata!$AB$2:$AB$2500,">3000",Basicdata!$AI$2:$AI$2500,0) -> 1 | K10: =COUNTIFS(Basicdata!$B$2:$B$2500,1,Basicdata!$D$2:$D$2500,Crops!$D$5,Basicdata!$AA$2:$AA$2500,">100",Basicdata!$AA$2:$AA$2500,"<=200",Basicdata!$AB$2:$AB$2500,0,Basicdata!$AI$2:$AI$2500,0) -> 0 | L10: =SUM(B10:K10) -> 29 | M10: =ROUND(L10*100/L$18,2) -> 8.55 | O10: 101 to 200 | P10: =COUNTIFS(Basicdata!$B$2:$B$2500,2,Basicdata!$D$2:$D$2500,Crops!$D$5,Basicdata!$AA$2:$AA$2500,">100",Basicdata!$AA$2:$AA$2500,"<=200",Basicdata!$AB$2:$AB$2500,">0",Basicdata!$AB$2:$AB$2500,"<=50",Basicdata!$AI$2:$AI$2500,0) -> 0 | Q10: =COUNTIFS(Basicdata!$B$2:$B$2500,2,Basicdata!$D$2:$D$2500,Crops!$D$5,Basicdata!$AA$2:$AA$2500,">100",Basicdata!$AA$2:$AA$2500,"<=200",Basicdata!$AB$2:$AB$2500,">50",Basicdata!$AB$2:$AB$2500,"<=100",Basicdata!$AI$2:$AI$2500,0) -> 1 | R10: =COUNTIFS(Basicdata!$B$2:$B$2500,2,Basicdata!$D$2:$D$2500,Crops!$D$5,Basicdata!$AA$2:$AA$2500,">100",Basicdata!$AA$2:$AA$2500,"<=200",Basicdata!$AB$2:$AB$2500,">100",Basicdata!$AB$2:$AB$2500,"<=200",Basicdata!$AI$2:$AI$2500,0) -> 13 | S10: =COUNTIFS(Basicdata!$B$2:$B$2500,2,Basicdata!$D$2:$D$2500,Crops!$D$5,Basicdata!$AA$2:$AA$2500,">100",Basicdata!$AA$2:$AA$2500,"<=200",Basicdata!$AB$2:$AB$2500,">200",Basicdata!$AB$2:$AB$2500,"<=400",Basicdata!$AI$2:$AI$2500,0) -> 13 | T10: =COUNTIFS(Basicdata!$B$2:$B$2500,2,Basicdata!$D$2:$D$2500,Crops!$D$5,Basicdata!$AA$2:$AA$2500,">100",Basicdata!$AA$2:$AA$2500,"<=200",Basicdata!$AB$2:$AB$2500,">400",Basicdata!$AB$2:$AB$2500,"<=600",Basicdata!$AI$2:$AI$2500,0) -> 5 | U10: =COUNTIFS(Basicdata!$B$2:$B$2500,2,Basicdata!$D$2:$D$2500,Crops!$D$5,Basicdata!$AA$2:$AA$2500,">100",Basicdata!$AA$2:$AA$2500,"<=200",Basicdata!$AB$2:$AB$2500,">600",Basicdata!$AB$2:$AB$2500,"<=800",Basicdata!$AI$2:$AI$2500,0) -> 1 | V10: =COUNTIFS(Basicdata!$B$2:$B$2500,2,Basicdata!$D$2:$D$2500,Crops!$D$5,Basicdata!$AA$2:$AA$2500,">100",Basicdata!$AA$2:$AA$2500,"<=200",Basicdata!$AB$2:$AB$2500,">800",Basicdata!$AB$2:$AB$2500,"<=1000",Basicdata!$AI$2:$AI$2500,0) -> 1 | W10: =COUNTIFS(Basicdata!$B$2:$B$2500,2,Basicdata!$D$2:$D$2500,Crops!$D$5,Basicdata!$AA$2:$AA$2500,">100",Basicdata!$AA$2:$AA$2500,"<=200",Basicdata!$AB$2:$AB$2500,">1000",Basicdata!$AB$2:$AB$2500,"<=3000",Basicdata!$AI$2:$AI$2500,0) -> 0 | X10: =COUNTIFS(Basicdata!$B$2:$B$2500,2,Basicdata!$D$2:$D$2500,Crops!$D$5,Basicdata!$AA$2:$AA$2500,">100",Basicdata!$AA$2:$AA$2500,"<=200",Basicdata!$AB$2:$AB$2500,">3000",Basicdata!$AI$2:$AI$2500,0) -> 1 | Y10: =COUNTIFS(Basicdata!$B$2:$B$2500,2,Basicdata!$D$2:$D$2500,Crops!$D$5,Basicdata!$AA$2:$AA$2500,">100",Basicdata!$AA$2:$AA$2500,"<=200",Basicdata!$AB$2:$AB$2500,0,Basicdata!$AI$2:$AI$2500,0) -> 0 | Z10: =SUM(P10:Y10) -> 35 | AA10: =ROUND(Z10*100/Z$18,2) -> 10.32
A11: 201 to 400 | B11: =COUNTIFS(Basicdata!$B$2:$B$2500,1,Basicdata!$D$2:$D$2500,Crops!$D$5,Basicdata!$AA$2:$AA$2500,">200",Basicdata!$AA$2:$AA$2500,"<=400",Basicdata!$AB$2:$AB$2500,">0",Basicdata!$AB$2:$AB$2500,"<=50",Basicdata!$AI$2:$AI$2500,0) -> 0 | C11: =COUNTIFS(Basicdata!$B$2:$B$2500,1,Basicdata!$D$2:$D$2500,Crops!$D$5,Basicdata!$AA$2:$AA$2500,">200",Basicdata!$AA$2:$AA$2500,"<=400",Basicdata!$AB$2:$AB$2500,">50",Basicdata!$AB$2:$AB$2500,"<=100",Basicdata!$AI$2:$AI$2500,0) -> 1 | D11: =COUNTIFS(Basicdata!$B$2:$B$2500,1,Basicdata!$D$2:$D$2500,Crops!$D$5,Basicdata!$AA$2:$AA$2500,">200",Basicdata!$AA$2:$AA$2500,"<=400",Basicdata!$AB$2:$AB$2500,">100",Basicdata!$AB$2:$AB$2500,"<=200",Basicdata!$AI$2:$AI$2500,0) -> 6 | E11: =COUNTIFS(Basicdata!$B$2:$B$2500,1,Basicdata!$D$2:$D$2500,Crops!$D$5,Basicdata!$AA$2:$AA$2500,">200",Basicdata!$AA$2:$AA$2500,"<=400",Basicdata!$AB$2:$AB$2500,">200",Basicdata!$AB$2:$AB$2500,"<=400",Basicdata!$AI$2:$AI$2500,0) -> 19 | F11: =COUNTIFS(Basicdata!$B$2:$B$2500,1,Basicdata!$D$2:$D$2500,Crops!$D$5,Basicdata!$AA$2:$AA$2500,">200",Basicdata!$AA$2:$AA$2500,"<=400",Basicdata!$AB$2:$AB$2500,">400",Basicdata!$AB$2:$AB$2500,"<=600",Basicdata!$AI$2:$AI$2500,0) -> 15 | G11: =COUNTIFS(Basicdata!$B$2:$B$2500,1,Basicdata!$D$2:$D$2500,Crops!$D$5,Basicdata!$AA$2:$AA$2500,">200",Basicdata!$AA$2:$AA$2500,"<=400",Basicdata!$AB$2:$AB$2500,">600",Basicdata!$AB$2:$AB$2500,"<=800",Basicdata!$AI$2:$AI$2500,0) -> 9 | H11: =COUNTIFS(Basicdata!$B$2:$B$2500,1,Basicdata!$D$2:$D$2500,Crops!$D$5,Basicdata!$AA$2:$AA$2500,">200",Basicdata!$AA$2:$AA$2500,"<=400",Basicdata!$AB$2:$AB$2500,">800",Basicdata!$AB$2:$AB$2500,"<=1000",Basicdata!$AI$2:$AI$2500,0) -> 7 | I11: =COUNTIFS(Basicdata!$B$2:$B$2500,1,Basicdata!$D$2:$D$2500,Crops!$D$5,Basicdata!$AA$2:$AA$2500,">200",Basicdata!$AA$2:$AA$2500,"<=400",Basicdata!$AB$2:$AB$2500,">1000",Basicdata!$AB$2:$AB$2500,"<=3000",Basicdata!$AI$2:$AI$2500,0) -> 7 | J11: =COUNTIFS(Basicdata!$B$2:$B$2500,1,Basicdata!$D$2:$D$2500,Crops!$D$5,Basicdata!$AA$2:$AA$2500,">200",Basicdata!$AA$2:$AA$2500,"<=400",Basicdata!$AB$2:$AB$2500,">3000",Basicdata!$AI$2:$AI$2500,0) -> 1 | K11: =COUNTIFS(Basicdata!$B$2:$B$2500,1,Basicdata!$D$2:$D$2500,Crops!$D$5,Basicdata!$AA$2:$AA$2500,">200",Basicdata!$AA$2:$AA$2500,"<=400",Basicdata!$AB$2:$AB$2500,0,Basicdata!$AI$2:$AI$2500,0) -> 0 | L11: =SUM(B11:K11) -> 65 | M11: =M18-M8-M9-M10-M12-M13-M14-M15-M16-M17 -> 19.19 | O11: 201 to 400 | P11: =COUNTIFS(Basicdata!$B$2:$B$2500,2,Basicdata!$D$2:$D$2500,Crops!$D$5,Basicdata!$AA$2:$AA$2500,">200",Basicdata!$AA$2:$AA$2500,"<=400",Basicdata!$AB$2:$AB$2500,">0",Basicdata!$AB$2:$AB$2500,"<=50",Basicdata!$AI$2:$AI$2500,0) -> 9 | Q11: =COUNTIFS(Basicdata!$B$2:$B$2500,2,Basicdata!$D$2:$D$2500,Crops!$D$5,Basicdata!$AA$2:$AA$2500,">200",Basicdata!$AA$2:$AA$2500,"<=400",Basicdata!$AB$2:$AB$2500,">50",Basicdata!$AB$2:$AB$2500,"<=100",Basicdata!$AI$2:$AI$2500,0) -> 2 | R11: =COUNTIFS(Basicdata!$B$2:$B$2500,2,Basicdata!$D$2:$D$2500,Crops!$D$5,Basicdata!$AA$2:$AA$2500,">200",Basicdata!$AA$2:$AA$2500,"<=400",Basicdata!$AB$2:$AB$2500,">100",Basicdata!$AB$2:$AB$2500,"<=200",Basicdata!$AI$2:$AI$2500,0) -> 9 | S11: =COUNTIFS(Basicdata!$B$2:$B$2500,2,Basicdata!$D$2:$D$2500,Crops!$D$5,Basicdata!$AA$2:$AA$2500,">200",Basicdata!$AA$2:$AA$2500,"<=400",Basicdata!$AB$2:$AB$2500,">200",Basicdata!$AB$2:$AB$2500,"<=400",Basicdata!$AI$2:$AI$2500,0) -> 23 | T11: =COUNTIFS(Basicdata!$B$2:$B$2500,2,Basicdata!$D$2:$D$2500,Crops!$D$5,Basicdata!$AA$2:$AA$2500,">200",Basicdata!$AA$2:$AA$2500,"<=400",Basicdata!$AB$2:$AB$2500,">400",Basicdata!$AB$2:$AB$2500,"<=600",Basicdata!$AI$2:$AI$2500,0) -> 24 | U11: =COUNTIFS(Basicdata!$B$2:$B$2500,2,Basicdata!$D$2:$D$2500,Crops!$D$5,Basicdata!$AA$2:$AA$2500,">200",Basicdata!$AA$2:$AA$2500,"<=400",Basicdata!$AB$2:$AB$2500,">600",Basicdata!$AB$2:$AB$2500,"<=800",Basicdata!$AI$2:$AI$2500,0) -> 11 | V11: =COUNTIFS(Basicdata!$B$2:$B$2500,2,Basicdata!$D$2:$D$2500,Crops!$D$5,Basicdata!$AA$2:$AA$2500,">200",Basicdata!$AA$2:$AA$2500,"<=400",Basicdata!$AB$2:$AB$2500,">800",Basicdata!$AB$2:$AB$2500,"<=1000",Basicdata!$AI$2:$AI$2500,0) -> 2 | W11: =COUNTIFS(Basicdata!$B$2:$B$2500,2,Basicdata!$D$2:$D$2500,Crops!$D$5,Basicdata!$AA$2:$AA$2500,">200",Basicdata!$AA$2:$AA$2500,"<=400",Basicdata!$AB$2:$AB$2500,">1000",Basicdata!$AB$2:$AB$2500,"<=3000",Basicdata!$AI$2:$AI$2500,0) -> 5 | X11: =COUNTIFS(Basicdata!$B$2:$B$2500,2,Basicdata!$D$2:$D$2500,Crops!$D$5,Basicdata!$AA$2:$AA$2500,">200",Basicdata!$AA$2:$AA$2500,"<=400",Basicdata!$AB$2:$AB$2500,">3000",Basicdata!$AI$2:$AI$2500,0) -> 0 | Y11: =COUNTIFS(Basicdata!$B$2:$B$2500,2,Basicdata!$D$2:$D$2500,Crops!$D$5,Basicdata!$AA$2:$AA$2500,">200",Basicdata!$AA$2:$AA$2500,"<=400",Basicdata!$AB$2:$AB$2500,0,Basicdata!$AI$2:$AI$2500,0) -> 0 | Z11: =SUM(P11:Y11) -> 85 | AA11: =AA18-AA8-AA9-AA10-AA12-AA13-AA14-AA15-AA16-AA17 -> 25.08
A12: 401 to 600 | B12: =COUNTIFS(Basicdata!$B$2:$B$2500,1,Basicdata!$D$2:$D$2500,Crops!$D$5,Basicdata!$AA$2:$AA$2500,">400",Basicdata!$AA$2:$AA$2500,"<=600",Basicdata!$AB$2:$AB$2500,">0",Basicdata!$AB$2:$AB$2500,"<=50",Basicdata!$AI$2:$AI$2500,0) -> 1 | C12: =COUNTIFS(Basicdata!$B$2:$B$2500,1,Basicdata!$D$2:$D$2500,Crops!$D$5,Basicdata!$AA$2:$AA$2500,">400",Basicdata!$AA$2:$AA$2500,"<=600",Basicdata!$AB$2:$AB$2500,">50",Basicdata!$AB$2:$AB$2500,"<=100",Basicdata!$AI$2:$AI$2500,0) -> 0 | D12: =COUNTIFS(Basicdata!$B$2:$B$2500,1,Basicdata!$D$2:$D$2500,Crops!$D$5,Basicdata!$AA$2:$AA$2500,">400",Basicdata!$AA$2:$AA$2500,"<=600",Basicdata!$AB$2:$AB$2500,">100",Basicdata!$AB$2:$AB$2500,"<=200",Basicdata!$AI$2:$AI$2500,0) -> 0 | E12: =COUNTIFS(Basicdata!$B$2:$B$2500,1,Basicdata!$D$2:$D$2500,Crops!$D$5,Basicdata!$AA$2:$AA$2500,">400",Basicdata!$AA$2:$AA$2500,"<=600",Basicdata!$AB$2:$AB$2500,">200",Basicdata!$AB$2:$AB$2500,"<=400",Basicdata!$AI$2:$AI$2500,0) -> 9 | F12: =COUNTIFS(Basicdata!$B$2:$B$2500,1,Basicdata!$D$2:$D$2500,Crops!$D$5,Basicdata!$AA$2:$AA$2500,">400",Basicdata!$AA$2:$AA$2500,"<=600",Basicdata!$AB$2:$AB$2500,">400",Basicdata!$AB$2:$AB$2500,"<=600",Basicdata!$AI$2:$AI$2500,0) -> 9 | G12: =COUNTIFS(Basicdata!$B$2:$B$2500,1,Basicdata!$D$2:$D$2500,Crops!$D$5,Basicdata!$AA$2:$AA$2500,">400",Basicdata!$AA$2:$AA$2500,"<=600",Basicdata!$AB$2:$AB$2500,">600",Basicdata!$AB$2:$AB$2500,"<=800",Basicdata!$AI$2:$AI$2500,0) -> 17 | H12: =COUNTIFS(Basicdata!$B$2:$B$2500,1,Basicdata!$D$2:$D$2500,Crops!$D$5,Basicdata!$AA$2:$AA$2500,">400",Basicdata!$AA$2:$AA$2500,"<=600",Basicdata!$AB$2:$AB$2500,">800",Basicdata!$AB$2:$AB$2500,"<=1000",Basicdata!$AI$2:$AI$2500,0) -> 9 | I12: =COUNTIFS(Basicdata!$B$2:$B$2500,1,Basicdata!$D$2:$D$2500,Crops!$D$5,Basicdata!$AA$2:$AA$2500,">400",Basicdata!$AA$2:$AA$2500,"<=600",Basicdata!$AB$2:$AB$2500,">1000",Basicdata!$AB$2:$AB$2500,"<=3000",Basicdata!$AI$2:$AI$2500,0) -> 13 | J12: =COUNTIFS(Basicdata!$B$2:$B$2500,1,Basicdata!$D$2:$D$2500,Crops!$D$5,Basicdata!$AA$2:$AA$2500,">400",Basicdata!$AA$2:$AA$2500,"<=600",Basicdata!$AB$2:$AB$2500,">3000",Basicdata!$AI$2:$AI$2500,0) -> 2 | K12: =COUNTIFS(Basicdata!$B$2:$B$2500,1,Basicdata!$D$2:$D$2500,Crops!$D$5,Basicdata!$AA$2:$AA$2500,">400",Basicdata!$AA$2:$AA$2500,"<=600",Basicdata!$AB$2:$AB$2500,0,Basicdata!$AI$2:$AI$2500,0) -> 0 | L12: =SUM(B12:K12) -> 60 | M12: =ROUND(L12*100/L$18,2) -> 17.7 | O12: 401 to 600 | P12: =COUNTIFS(Basicdata!$B$2:$B$2500,2,Basicdata!$D$2:$D$2500,Crops!$D$5,Basicdata!$AA$2:$AA$2500,">400",Basicdata!$AA$2:$AA$2500,"<=600",Basicdata!$AB$2:$AB$2500,">0",Basicdata!$AB$2:$AB$2500,"<=50",Basicdata!$AI$2:$AI$2500,0) -> 4 | Q12: =COUNTIFS(Basicdata!$B$2:$B$2500,2,Basicdata!$D$2:$D$2500,Crops!$D$5,Basicdata!$AA$2:$AA$2500,">400",Basicdata!$AA$2:$AA$2500,"<=600",Basicdata!$AB$2:$AB$2500,">50",Basicdata!$AB$2:$AB$2500,"<=100",Basicdata!$AI$2:$AI$2500,0) -> 0 | R12: =COUNTIFS(Basicdata!$B$2:$B$2500,2,Basicdata!$D$2:$D$2500,Crops!$D$5,Basicdata!$AA$2:$AA$2500,">400",Basicdata!$AA$2:$AA$2500,"<=600",Basicdata!$AB$2:$AB$2500,">100",Basicdata!$AB$2:$AB$2500,"<=200",Basicdata!$AI$2:$AI$2500,0) -> 0 | S12: =COUNTIFS(Basicdata!$B$2:$B$2500,2,Basicdata!$D$2:$D$2500,Crops!$D$5,Basicdata!$AA$2:$AA$2500,">400",Basicdata!$AA$2:$AA$2500,"<=600",Basicdata!$AB$2:$AB$2500,">200",Basicdata!$AB$2:$AB$2500,"<=400",Basicdata!$AI$2:$AI$2500,0) -> 12 | T12: =COUNTIFS(Basicdata!$B$2:$B$2500,2,Basicdata!$D$2:$D$2500,Crops!$D$5,Basicdata!$AA$2:$AA$2500,">400",Basicdata!$AA$2:$AA$2500,"<=600",Basicdata!$AB$2:$AB$2500,">400",Basicdata!$AB$2:$AB$2500,"<=600",Basicdata!$AI$2:$AI$2500,0) -> 17 | U12: =COUNTIFS(Basicdata!$B$2:$B$2500,2,Basicdata!$D$2:$D$2500,Crops!$D$5,Basicdata!$AA$2:$AA$2500,">400",Basicdata!$AA$2:$AA$2500,"<=600",Basicdata!$AB$2:$AB$2500,">600",Basicdata!$AB$2:$AB$2500,"<=800",Basicdata!$AI$2:$AI$2500,0) -> 15 | V12: =COUNTIFS(Basicdata!$B$2:$B$2500,2,Basicdata!$D$2:$D$2500,Crops!$D$5,Basicdata!$AA$2:$AA$2500,">400",Basicdata!$AA$2:$AA$2500,"<=600",Basicdata!$AB$2:$AB$2500,">800",Basicdata!$AB$2:$AB$2500,"<=1000",Basicdata!$AI$2:$AI$2500,0) -> 6 | W12: =COUNTIFS(Basicdata!$B$2:$B$2500,2,Basicdata!$D$2:$D$2500,Crops!$D$5,Basicdata!$AA$2:$AA$2500,">400",Basicdata!$AA$2:$AA$2500,"<=600",Basicdata!$AB$2:$AB$2500,">1000",Basicdata!$AB$2:$AB$2500,"<=3000",Basicdata!$AI$2:$AI$2500,0) -> 11 | X12: =COUNTIFS(Basicdata!$B$2:$B$2500,2,Basicdata!$D$2:$D$2500,Crops!$D$5,Basicdata!$AA$2:$AA$2500,">400",Basicdata!$AA$2:$AA$2500,"<=600",Basicdata!$AB$2:$AB$2500,">3000",Basicdata!$AI$2:$AI$2500,0) -> 3 | Y12: =COUNTIFS(Basicdata!$B$2:$B$2500,2,Basicdata!$D$2:$D$2500,Crops!$D$5,Basicdata!$AA$2:$AA$2500,">400",Basicdata!$AA$2:$AA$2500,"<=600",Basicdata!$AB$2:$AB$2500,0,Basicdata!$AI$2:$AI$2500,0) -> 0 | Z12: =SUM(P12:Y12) -> 68 | AA12: =ROUND(Z12*100/Z$18,2) -> 20.06
A13: 601 to 800 | B13: =COUNTIFS(Basicdata!$B$2:$B$2500,1,Basicdata!$D$2:$D$2500,Crops!$D$5,Basicdata!$AA$2:$AA$2500,">600",Basicdata!$AA$2:$AA$2500,"<=800",Basicdata!$AB$2:$AB$2500,">0",Basicdata!$AB$2:$AB$2500,"<=50",Basicdata!$AI$2:$AI$2500,0) -> 0 | C13: =COUNTIFS(Basicdata!$B$2:$B$2500,1,Basicdata!$D$2:$D$2500,Crops!$D$5,Basicdata!$AA$2:$AA$2500,">600",Basicdata!$AA$2:$AA$2500,"<=800",Basicdata!$AB$2:$AB$2500,">50",Basicdata!$AB$2:$AB$2500,"<=100",Basicdata!$AI$2:$AI$2500,0) -> 0 | D13: =COUNTIFS(Basicdata!$B$2:$B$2500,1,Basicdata!$D$2:$D$2500,Crops!$D$5,Basicdata!$AA$2:$AA$2500,">600",Basicdata!$AA$2:$AA$2500,"<=800",Basicdata!$AB$2:$AB$2500,">100",Basicdata!$AB$2:$AB$2500,"<=200",Basicdata!$AI$2:$AI$2500,0) -> 1 | E13: =COUNTIFS(Basicdata!$B$2:$B$2500,1,Basicdata!$D$2:$D$2500,Crops!$D$5,Basicdata!$AA$2:$AA$2500,">600",Basicdata!$AA$2:$AA$2500,"<=800",Basicdata!$AB$2:$AB$2500,">200",Basicdata!$AB$2:$AB$2500,"<=400",Basicdata!$AI$2:$AI$2500,0) -> 5 | F13: =COUNTIFS(Basicdata!$B$2:$B$2500,1,Basicdata!$D$2:$D$2500,Crops!$D$5,Basicdata!$AA$2:$AA$2500,">600",Basicdata!$AA$2:$AA$2500,"<=800",Basicdata!$AB$2:$AB$2500,">400",Basicdata!$AB$2:$AB$2500,"<=600",Basicdata!$AI$2:$AI$2500,0) -> 3 | G13: =COUNTIFS(Basicdata!$B$2:$B$2500,1,Basicdata!$D$2:$D$2500,Crops!$D$5,Basicdata!$AA$2:$AA$2500,">600",Basicdata!$AA$2:$AA$2500,"<=800",Basicdata!$AB$2:$AB$2500,">600",Basicdata!$AB$2:$AB$2500,"<=800",Basicdata!$AI$2:$AI$2500,0) -> 3 | H13: =COUNTIFS(Basicdata!$B$2:$B$2500,1,Basicdata!$D$2:$D$2500,Crops!$D$5,Basicdata!$AA$2:$AA$2500,">600",Basicdata!$AA$2:$AA$2500,"<=800",Basicdata!$AB$2:$AB$2500,">800",Basicdata!$AB$2:$AB$2500,"<=1000",Basicdata!$AI$2:$AI$2500,0) -> 6 | I13: =COUNTIFS(Basicdata!$B$2:$B$2500,1,Basicdata!$D$2:$D$2500,Crops!$D$5,Basicdata!$AA$2:$AA$2500,">600",Basicdata!$AA$2:$AA$2500,"<=800",Basicdata!$AB$2:$AB$2500,">1000",Basicdata!$AB$2:$AB$2500,"<=3000",Basicdata!$AI$2:$AI$2500,0) -> 25 | J13: =COUNTIFS(Basicdata!$B$2:$B$2500,1,Basicdata!$D$2:$D$2500,Crops!$D$5,Basicdata!$AA$2:$AA$2500,">600",Basicdata!$AA$2:$AA$2500,"<=800",Basicdata!$AB$2:$AB$2500,">3000",Basicdata!$AI$2:$AI$2500,0) -> 1 | K13: =COUNTIFS(Basicdata!$B$2:$B$2500,1,Basicdata!$D$2:$D$2500,Crops!$D$5,Basicdata!$AA$2:$AA$2500,">600",Basicdata!$AA$2:$AA$2500,"<=800",Basicdata!$AB$2:$AB$2500,0,Basicdata!$AI$2:$AI$2500,0) -> 0 | L13: =SUM(B13:K13) -> 44 | M13: =ROUND(L13*100/L$18,2) -> 12.98 | O13: 601 to 800 | P13: =COUNTIFS(Basicdata!$B$2:$B$2500,2,Basicdata!$D$2:$D$2500,Crops!$D$5,Basicdata!$AA$2:$AA$2500,">600",Basicdata!$AA$2:$AA$2500,"<=800",Basicdata!$AB$2:$AB$2500,">0",Basicdata!$AB$2:$AB$2500,"<=50",Basicdata!$AI$2:$AI$2500,0) -> 4 | Q13: =COUNTIFS(Basicdata!$B$2:$B$2500,2,Basicdata!$D$2:$D$2500,Crops!$D$5,Basicdata!$AA$2:$AA$2500,">600",Basicdata!$AA$2:$AA$2500,"<=800",Basicdata!$AB$2:$AB$2500,">50",Basicdata!$AB$2:$AB$2500,"<=100",Basicdata!$AI$2:$AI$2500,0) -> 0 | R13: =COUNTIFS(Basicdata!$B$2:$B$2500,2,Basicdata!$D$2:$D$2500,Crops!$D$5,Basicdata!$AA$2:$AA$2500,">600",Basicdata!$AA$2:$AA$2500,"<=800",Basicdata!$AB$2:$AB$2500,">100",Basicdata!$AB$2:$AB$2500,"<=200",Basicdata!$AI$2:$AI$2500,0) -> 0 | S13: =COUNTIFS(Basicdata!$B$2:$B$2500,2,Basicdata!$D$2:$D$2500,Crops!$D$5,Basicdata!$AA$2:$AA$2500,">600",Basicdata!$AA$2:$AA$2500,"<=800",Basicdata!$AB$2:$AB$2500,">200",Basicdata!$AB$2:$AB$2500,"<=400",Basicdata!$AI$2:$AI$2500,0) -> 5 | T13: =COUNTIFS(Basicdata!$B$2:$B$2500,2,Basicdata!$D$2:$D$2500,Crops!$D$5,Basicdata!$AA$2:$AA$2500,">600",Basicdata!$AA$2:$AA$2500,"<=800",Basicdata!$AB$2:$AB$2500,">400",Basicdata!$AB$2:$AB$2500,"<=600",Basicdata!$AI$2:$AI$2500,0) -> 9 | U13: =COUNTIFS(Basicdata!$B$2:$B$2500,2,Basicdata!$D$2:$D$2500,Crops!$D$5,Basicdata!$AA$2:$AA$2500,">600",Basicdata!$AA$2:$AA$2500,"<=800",Basicdata!$AB$2:$AB$2500,">600",Basicdata!$AB$2:$AB$2500,"<=800",Basicdata!$AI$2:$AI$2500,0) -> 5 | V13: =COUNTIFS(Basicdata!$B$2:$B$2500,2,Basicdata!$D$2:$D$2500,Crops!$D$5,Basicdata!$AA$2:$AA$2500,">600",Basicdata!$AA$2:$AA$2500,"<=800",Basicdata!$AB$2:$AB$2500,">800",Basicdata!$AB$2:$AB$2500,"<=1000",Basicdata!$AI$2:$AI$2500,0) -> 5 | W13: =COUNTIFS(Basicdata!$B$2:$B$2500,2,Basicdata!$D$2:$D$2500,Crops!$D$5,Basicdata!$AA$2:$AA$2500,">600",Basicdata!$AA$2:$AA$2500,"<=800",Basicdata!$AB$2:$AB$2500,">1000",Basicdata!$AB$2:$AB$2500,"<=3000",Basicdata!$AI$2:$AI$2500,0) -> 14 | X13: =COUNTIFS(Basicdata!$B$2:$B$2500,2,Basicdata!$D$2:$D$2500,Crops!$D$5,Basicdata!$AA$2:$AA$2500,">600",Basicdata!$AA$2:$AA$2500,"<=800",Basicdata!$AB$2:$AB$2500,">3000",Basicdata!$AI$2:$AI$2500,0) -> 2 | Y13: =COUNTIFS(Basicdata!$B$2:$B$2500,2,Basicdata!$D$2:$D$2500,Crops!$D$5,Basicdata!$AA$2:$AA$2500,">600",Basicdata!$AA$2:$AA$2500,"<=800",Basicdata!$AB$2:$AB$2500,0,Basicdata!$AI$2:$AI$2500,0) -> 0 | Z13: =SUM(P13:Y13) -> 44 | AA13: =ROUND(Z13*100/Z$18,2) -> 12.98
A14: 801 to 1000 | B14: =COUNTIFS(Basicdata!$B$2:$B$2500,1,Basicdata!$D$2:$D$2500,Crops!$D$5,Basicdata!$AA$2:$AA$2500,">800",Basicdata!$AA$2:$AA$2500,"<=1000",Basicdata!$AB$2:$AB$2500,">0",Basicdata!$AB$2:$AB$2500,"<=50",Basicdata!$AI$2:$AI$2500,0) -> 0 | C14: =COUNTIFS(Basicdata!$B$2:$B$2500,1,Basicdata!$D$2:$D$2500,Crops!$D$5,Basicdata!$AA$2:$AA$2500,">800",Basicdata!$AA$2:$AA$2500,"<=1000",Basicdata!$AB$2:$AB$2500,">50",Basicdata!$AB$2:$AB$2500,"<=100",Basicdata!$AI$2:$AI$2500,0) -> 0 | D14: =COUNTIFS(Basicdata!$B$2:$B$2500,1,Basicdata!$D$2:$D$2500,Crops!$D$5,Basicdata!$AA$2:$AA$2500,">800",Basicdata!$AA$2:$AA$2500,"<=1000",Basicdata!$AB$2:$AB$2500,">100",Basicdata!$AB$2:$AB$2500,"<=200",Basicdata!$AI$2:$AI$2500,0) -> 0 | E14: =COUNTIFS(Basicdata!$B$2:$B$2500,1,Basicdata!$D$2:$D$2500,Crops!$D$5,Basicdata!$AA$2:$AA$2500,">800",Basicdata!$AA$2:$AA$2500,"<=1000",Basicdata!$AB$2:$AB$2500,">200",Basicdata!$AB$2:$AB$2500,"<=400",Basicdata!$AI$2:$AI$2500,0) -> 2 | F14: =COUNTIFS(Basicdata!$B$2:$B$2500,1,Basicdata!$D$2:$D$2500,Crops!$D$5,Basicdata!$AA$2:$AA$2500,">800",Basicdata!$AA$2:$AA$2500,"<=1000",Basicdata!$AB$2:$AB$2500,">400",Basicdata!$AB$2:$AB$2500,"<=600",Basicdata!$AI$2:$AI$2500,0) -> 4 | G14: =COUNTIFS(Basicdata!$B$2:$B$2500,1,Basicdata!$D$2:$D$2500,Crops!$D$5,Basicdata!$AA$2:$AA$2500,">800",Basicdata!$AA$2:$AA$2500,"<=1000",Basicdata!$AB$2:$AB$2500,">600",Basicdata!$AB$2:$AB$2500,"<=800",Basicdata!$AI$2:$AI$2500,0) -> 9 | H14: =COUNTIFS(Basicdata!$B$2:$B$2500,1,Basicdata!$D$2:$D$2500,Crops!$D$5,Basicdata!$AA$2:$AA$2500,">800",Basicdata!$AA$2:$AA$2500,"<=1000",Basicdata!$AB$2:$AB$2500,">800",Basicdata!$AB$2:$AB$2500,"<=1000",Basicdata!$AI$2:$AI$2500,0) -> 4 | I14: =COUNTIFS(Basicdata!$B$2:$B$2500,1,Basicdata!$D$2:$D$2500,Crops!$D$5,Basicdata!$AA$2:$AA$2500,">800",Basicdata!$AA$2:$AA$2500,"<=1000",Basicdata!$AB$2:$AB$2500,">1000",Basicdata!$AB$2:$AB$2500,"<=3000",Basicdata!$AI$2:$AI$2500,0) -> 25 | J14: =COUNTIFS(Basicdata!$B$2:$B$2500,1,Basicdata!$D$2:$D$2500,Crops!$D$5,Basicdata!$AA$2:$AA$2500,">800",Basicdata!$AA$2:$AA$2500,"<=1000",Basicdata!$AB$2:$AB$2500,">3000",Basicdata!$AI$2:$AI$2500,0) -> 0 | K14: =COUNTIFS(Basicdata!$B$2:$B$2500,1,Basicdata!$D$2:$D$2500,Crops!$D$5,Basicdata!$AA$2:$AA$2500,">800",Basicdata!$AA$2:$AA$2500,"<=1000",Basicdata!$AB$2:$AB$2500,0,Basicdata!$AI$2:$AI$2500,0) -> 0 | L14: =SUM(B14:K14) -> 44 | M14: =ROUND(L14*100/L$18,2) -> 12.98 | O14: 801 to 1000 | P14: =COUNTIFS(Basicdata!$B$2:$B$2500,2,Basicdata!$D$2:$D$2500,Crops!$D$5,Basicdata!$AA$2:$AA$2500,">800",Basicdata!$AA$2:$AA$2500,"<=1000",Basicdata!$AB$2:$AB$2500,">0",Basicdata!$AB$2:$AB$2500,"<=50",Basicdata!$AI$2:$AI$2500,0) -> 2 | Q14: =COUNTIFS(Basicdata!$B$2:$B$2500,2,Basicdata!$D$2:$D$2500,Crops!$D$5,Basicdata!$AA$2:$AA$2500,">800",Basicdata!$AA$2:$AA$2500,"<=1000",Basicdata!$AB$2:$AB$2500,">50",Basicdata!$AB$2:$AB$2500,"<=100",Basicdata!$AI$2:$AI$2500,0) -> 0 | R14: =COUNTIFS(Basicdata!$B$2:$B$2500,2,Basicdata!$D$2:$D$2500,Crops!$D$5,Basicdata!$AA$2:$AA$2500,">800",Basicdata!$AA$2:$AA$2500,"<=1000",Basicdata!$AB$2:$AB$2500,">100",Basicdata!$AB$2:$AB$2500,"<=200",Basicdata!$AI$2:$AI$2500,0) -> 0 | S14: =COUNTIFS(Basicdata!$B$2:$B$2500,2,Basicdata!$D$2:$D$2500,Crops!$D$5,Basicdata!$AA$2:$AA$2500,">800",Basicdata!$AA$2:$AA$2500,"<=1000",Basicdata!$AB$2:$AB$2500,">200",Basicdata!$AB$2:$AB$2500,"<=400",Basicdata!$AI$2:$AI$2500,0) -> 0 | T14: =COUNTIFS(Basicdata!$B$2:$B$2500,2,Basicdata!$D$2:$D$2500,Crops!$D$5,Basicdata!$AA$2:$AA$2500,">800",Basicdata!$AA$2:$AA$2500,"<=1000",Basicdata!$AB$2:$AB$2500,">400",Basicdata!$AB$2:$AB$2500,"<=600",Basicdata!$AI$2:$AI$2500,0) -> 2 | U14: =COUNTIFS(Basicdata!$B$2:$B$2500,2,Basicdata!$D$2:$D$2500,Crops!$D$5,Basicdata!$AA$2:$AA$2500,">800",Basicdata!$AA$2:$AA$2500,"<=1000",Basicdata!$AB$2:$AB$2500,">600",Basicdata!$AB$2:$AB$2500,"<=800",Basicdata!$AI$2:$AI$2500,0) -> 3 | V14: =COUNTIFS(Basicdata!$B$2:$B$2500,2,Basicdata!$D$2:$D$2500,Crops!$D$5,Basicdata!$AA$2:$AA$2500,">800",Basicdata!$AA$2:$AA$2500,"<=1000",Basicdata!$AB$2:$AB$2500,">800",Basicdata!$AB$2:$AB$2500,"<=1000",Basicdata!$AI$2:$AI$2500,0) -> 2 | W14: =COUNTIFS(Basicdata!$B$2:$B$2500,2,Basicdata!$D$2:$D$2500,Crops!$D$5,Basicdata!$AA$2:$AA$2500,">800",Basicdata!$AA$2:$AA$2500,"<=1000",Basicdata!$AB$2:$AB$2500,">1000",Basicdata!$AB$2:$AB$2500,"<=3000",Basicdata!$AI$2:$AI$2500,0) -> 18 | X14: =COUNTIFS(Basicdata!$B$2:$B$2500,2,Basicdata!$D$2:$D$2500,Crops!$D$5,Basicdata!$AA$2:$AA$2500,">800",Basicdata!$AA$2:$AA$2500,"<=1000",Basicdata!$AB$2:$AB$2500,">3000",Basicdata!$AI$2:$AI$2500,0) -> 2 | Y14: =COUNTIFS(Basicdata!$B$2:$B$2500,2,Basicdata!$D$2:$D$2500,Crops!$D$5,Basicdata!$AA$2:$AA$2500,">800",Basicdata!$AA$2:$AA$2500,"<=1000",Basicdata!$AB$2:$AB$2500,0,Basicdata!$AI$2:$AI$2500,0) -> 0 | Z14: =SUM(P14:Y14) -> 29 | AA14: =ROUND(Z14*100/Z$18,2) -> 8.55
A15: 1001 to 5000 | B15: =COUNTIFS(Basicdata!$B$2:$B$2500,1,Basicdata!$D$2:$D$2500,Crops!$D$5,Basicdata!$AA$2:$AA$2500,">1000",Basicdata!$AA$2:$AA$2500,"<=5000",Basicdata!$AB$2:$AB$2500,">0",Basicdata!$AB$2:$AB$2500,"<=50",Basicdata!$AI$2:$AI$2500,0) -> 0 | C15: =COUNTIFS(Basicdata!$B$2:$B$2500,1,Basicdata!$D$2:$D$2500,Crops!$D$5,Basicdata!$AA$2:$AA$2500,">1000",Basicdata!$AA$2:$AA$2500,"<=5000",Basicdata!$AB$2:$AB$2500,">50",Basicdata!$AB$2:$AB$2500,"<=100",Basicdata!$AI$2:$AI$2500,0) -> 0 | D15: =COUNTIFS(Basicdata!$B$2:$B$2500,1,Basicdata!$D$2:$D$2500,Crops!$D$5,Basicdata!$AA$2:$AA$2500,">1000",Basicdata!$AA$2:$AA$2500,"<=5000",Basicdata!$AB$2:$AB$2500,">100",Basicdata!$AB$2:$AB$2500,"<=200",Basicdata!$AI$2:$AI$2500,0) -> 0 | E15: =COUNTIFS(Basicdata!$B$2:$B$2500,1,Basicdata!$D$2:$D$2500,Crops!$D$5,Basicdata!$AA$2:$AA$2500,">1000",Basicdata!$AA$2:$AA$2500,"<=5000",Basicdata!$AB$2:$AB$2500,">200",Basicdata!$AB$2:$AB$2500,"<=400",Basicdata!$AI$2:$AI$2500,0) -> 1 | F15: =COUNTIFS(Basicdata!$B$2:$B$2500,1,Basicdata!$D$2:$D$2500,Crops!$D$5,Basicdata!$AA$2:$AA$2500,">1000",Basicdata!$AA$2:$AA$2500,"<=5000",Basicdata!$AB$2:$AB$2500,">400",Basicdata!$AB$2:$AB$2500,"<=600",Basicdata!$AI$2:$AI$2500,0) -> 4 | G15: =COUNTIFS(Basicdata!$B$2:$B$2500,1,Basicdata!$D$2:$D$2500,Crops!$D$5,Basicdata!$AA$2:$AA$2500,">1000",Basicdata!$AA$2:$AA$2500,"<=5000",Basicdata!$AB$2:$AB$2500,">600",Basicdata!$AB$2:$AB$2500,"<=800",Basicdata!$AI$2:$AI$2500,0) -> 10 | H15: =COUNTIFS(Basicdata!$B$2:$B$2500,1,Basicdata!$D$2:$D$2500,Crops!$D$5,Basicdata!$AA$2:$AA$2500,">1000",Basicdata!$AA$2:$AA$2500,"<=5000",Basicdata!$AB$2:$AB$2500,">800",Basicdata!$AB$2:$AB$2500,"<=1000",Basicdata!$AI$2:$AI$2500,0) -> 5 | I15: =COUNTIFS(Basicdata!$B$2:$B$2500,1,Basicdata!$D$2:$D$2500,Crops!$D$5,Basicdata!$AA$2:$AA$2500,">1000",Basicdata!$AA$2:$AA$2500,"<=5000",Basicdata!$AB$2:$AB$2500,">1000",Basicdata!$AB$2:$AB$2500,"<=3000",Basicdata!$AI$2:$AI$2500,0) -> 48 | J15: =COUNTIFS(Basicdata!$B$2:$B$2500,1,Basicdata!$D$2:$D$2500,Crops!$D$5,Basicdata!$AA$2:$AA$2500,">1000",Basicdata!$AA$2:$AA$2500,"<=5000",Basicdata!$AB$2:$AB$2500,">3000",Basicdata!$AI$2:$AI$2500,0) -> 13 | K15: =COUNTIFS(Basicdata!$B$2:$B$2500,1,Basicdata!$D$2:$D$2500,Crops!$D$5,Basicdata!$AA$2:$AA$2500,">1000",Basicdata!$AA$2:$AA$2500,"<=5000",Basicdata!$AB$2:$AB$2500,0,Basicdata!$AI$2:$AI$2500,0) -> 0 | L15: =SUM(B15:K15) -> 81 | M15: =ROUND(L15*100/L$18,2) -> 23.89 | O15: 1001 to 5000 | P15: =COUNTIFS(Basicdata!$B$2:$B$2500,2,Basicdata!$D$2:$D$2500,Crops!$D$5,Basicdata!$AA$2:$AA$2500,">1000",Basicdata!$AA$2:$AA$2500,"<=5000",Basicdata!$AB$2:$AB$2500,">0",Basicdata!$AB$2:$AB$2500,"<=50",Basicdata!$AI$2:$AI$2500,0) -> 5 | Q15: =COUNTIFS(Basicdata!$B$2:$B$2500,2,Basicdata!$D$2:$D$2500,Crops!$D$5,Basicdata!$AA$2:$AA$2500,">1000",Basicdata!$AA$2:$AA$2500,"<=5000",Basicdata!$AB$2:$AB$2500,">50",Basicdata!$AB$2:$AB$2500,"<=100",Basicdata!$AI$2:$AI$2500,0) -> 0 | R15: =COUNTIFS(Basicdata!$B$2:$B$2500,2,Basicdata!$D$2:$D$2500,Crops!$D$5,Basicdata!$AA$2:$AA$2500,">1000",Basicdata!$AA$2:$AA$2500,"<=5000",Basicdata!$AB$2:$AB$2500,">100",Basicdata!$AB$2:$AB$2500,"<=200",Basicdata!$AI$2:$AI$2500,0) -> 0 | S15: =COUNTIFS(Basicdata!$B$2:$B$2500,2,Basicdata!$D$2:$D$2500,Crops!$D$5,Basicdata!$AA$2:$AA$2500,">1000",Basicdata!$AA$2:$AA$2500,"<=5000",Basicdata!$AB$2:$AB$2500,">200",Basicdata!$AB$2:$AB$2500,"<=400",Basicdata!$AI$2:$AI$2500,0) -> 1 | T15: =COUNTIFS(Basicdata!$B$2:$B$2500,2,Basicdata!$D$2:$D$2500,Crops!$D$5,Basicdata!$AA$2:$AA$2500,">1000",Basicdata!$AA$2:$AA$2500,"<=5000",Basicdata!$AB$2:$AB$2500,">400",Basicdata!$AB$2:$AB$2500,"<=600",Basicdata!$AI$2:$AI$2500,0) -> 4 | U15: =COUNTIFS(Basicdata!$B$2:$B$2500,2,Basicdata!$D$2:$D$2500,Crops!$D$5,Basicdata!$AA$2:$AA$2500,">1000",Basicdata!$AA$2:$AA$2500,"<=5000",Basicdata!$AB$2:$AB$2500,">600",Basicdata!$AB$2:$AB$2500,"<=800",Basicdata!$AI$2:$AI$2500,0) -> 4 | V15: =COUNTIFS(Basicdata!$B$2:$B$2500,2,Basicdata!$D$2:$D$2500,Crops!$D$5,Basicdata!$AA$2:$AA$2500,">1000",Basicdata!$AA$2:$AA$2500,"<=5000",Basicdata!$AB$2:$AB$2500,">800",Basicdata!$AB$2:$AB$2500,"<=1000",Basicdata!$AI$2:$AI$2500,0) -> 4 | W15: =COUNTIFS(Basicdata!$B$2:$B$2500,2,Basicdata!$D$2:$D$2500,Crops!$D$5,Basicdata!$AA$2:$AA$2500,">1000",Basicdata!$AA$2:$AA$2500,"<=5000",Basicdata!$AB$2:$AB$2500,">1000",Basicdata!$AB$2:$AB$2500,"<=3000",Basicdata!$AI$2:$AI$2500,0) -> 39 | X15: =COUNTIFS(Basicdata!$B$2:$B$2500,2,Basicdata!$D$2:$D$2500,Crops!$D$5,Basicdata!$AA$2:$AA$2500,">1000",Basicdata!$AA$2:$AA$2500,"<=5000",Basicdata!$AB$2:$AB$2500,">3000",Basicdata!$AI$2:$AI$2500,0) -> 7 | Y15: =COUNTIFS(Basicdata!$B$2:$B$2500,2,Basicdata!$D$2:$D$2500,Crops!$D$5,Basicdata!$AA$2:$AA$2500,">1000",Basicdata!$AA$2:$AA$2500,"<=5000",Basicdata!$AB$2:$AB$2500,0,Basicdata!$AI$2:$AI$2500,0) -> 0 | Z15: =SUM(P15:Y15) -> 64 | AA15: =ROUND(Z15*100/Z$18,2) -> 18.88
A16: above 5000 | B16: =COUNTIFS(Basicdata!$B$2:$B$2500,1,Basicdata!$D$2:$D$2500,Crops!$D$5,Basicdata!$AA$2:$AA$2500,">5000",Basicdata!$AB$2:$AB$2500,">0",Basicdata!$AB$2:$AB$2500,"<=50",Basicdata!$AI$2:$AI$2500,0) -> 0 | C16: =COUNTIFS(Basicdata!$B$2:$B$2500,1,Basicdata!$D$2:$D$2500,Crops!$D$5,Basicdata!$AA$2:$AA$2500,">5000",Basicdata!$AB$2:$AB$2500,">50",Basicdata!$AB$2:$AB$2500,"<=100",Basicdata!$AI$2:$AI$2500,0) -> 0 | D16: =COUNTIFS(Basicdata!$B$2:$B$2500,1,Basicdata!$D$2:$D$2500,Crops!$D$5,Basicdata!$AA$2:$AA$2500,">5000",Basicdata!$AB$2:$AB$2500,">100",Basicdata!$AB$2:$AB$2500,"<=200",Basicdata!$AI$2:$AI$2500,0) -> 0 | E16: =COUNTIFS(Basicdata!$B$2:$B$2500,1,Basicdata!$D$2:$D$2500,Crops!$D$5,Basicdata!$AA$2:$AA$2500,">5000",Basicdata!$AB$2:$AB$2500,">200",Basicdata!$AB$2:$AB$2500,"<=400",Basicdata!$AI$2:$AI$2500,0) -> 0 | F16: =COUNTIFS(Basicdata!$B$2:$B$2500,1,Basicdata!$D$2:$D$2500,Crops!$D$5,Basicdata!$AA$2:$AA$2500,">5000",Basicdata!$AB$2:$AB$2500,">400",Basicdata!$AB$2:$AB$2500,"<=600",Basicdata!$AI$2:$AI$2500,0) -> 0 | G16: =COUNTIFS(Basicdata!$B$2:$B$2500,1,Basicdata!$D$2:$D$2500,Crops!$D$5,Basicdata!$AA$2:$AA$2500,">5000",Basicdata!$AB$2:$AB$2500,">600",Basicdata!$AB$2:$AB$2500,"<=800",Basicdata!$AI$2:$AI$2500,0) -> 0 | H16: =COUNTIFS(Basicdata!$B$2:$B$2500,1,Basicdata!$D$2:$D$2500,Crops!$D$5,Basicdata!$AA$2:$AA$2500,">5000",Basicdata!$AB$2:$AB$2500,">800",Basicdata!$AB$2:$AB$2500,"<=1000",Basicdata!$AI$2:$AI$2500,0) -> 0 | I16: =COUNTIFS(Basicdata!$B$2:$B$2500,1,Basicdata!$D$2:$D$2500,Crops!$D$5,Basicdata!$AA$2:$AA$2500,">5000",Basicdata!$AB$2:$AB$2500,">1000",Basicdata!$AB$2:$AB$2500,"<=3000",Basicdata!$AI$2:$AI$2500,0) -> 0 | J16: =COUNTIFS(Basicdata!$B$2:$B$2500,1,Basicdata!$D$2:$D$2500,Crops!$D$5,Basicdata!$AA$2:$AA$2500,">5000",Basicdata!$AB$2:$AB$2500,">3000",Basicdata!$AI$2:$AI$2500,0) -> 0 | K16: =COUNTIFS(Basicdata!$B$2:$B$2500,1,Basicdata!$D$2:$D$2500,Crops!$D$5,Basicdata!$AA$2:$AA$2500,">5000",Basicdata!$AB$2:$AB$2500,0,Basicdata!$AI$2:$AI$2500,0) -> 0 | L16: =SUM(B16:K16) -> 0 | M16: =ROUND(L16*100/L$18,2) -> 0 | O16: above 5000 | P16: =COUNTIFS(Basicdata!$B$2:$B$2500,2,Basicdata!$D$2:$D$2500,Crops!$D$5,Basicdata!$AA$2:$AA$2500,">5000",Basicdata!$AB$2:$AB$2500,">0",Basicdata!$AB$2:$AB$2500,"<=50",Basicdata!$AI$2:$AI$2500,0) -> 1 | Q16: =COUNTIFS(Basicdata!$B$2:$B$2500,2,Basicdata!$D$2:$D$2500,Crops!$D$5,Basicdata!$AA$2:$AA$2500,">5000",Basicdata!$AB$2:$AB$2500,">50",Basicdata!$AB$2:$AB$2500,"<=100",Basicdata!$AI$2:$AI$2500,0) -> 0 | R16: =COUNTIFS(Basicdata!$B$2:$B$2500,2,Basicdata!$D$2:$D$2500,Crops!$D$5,Basicdata!$AA$2:$AA$2500,">5000",Basicdata!$AB$2:$AB$2500,">100",Basicdata!$AB$2:$AB$2500,"<=200",Basicdata!$AI$2:$AI$2500,0) -> 0 | S16: =COUNTIFS(Basicdata!$B$2:$B$2500,2,Basicdata!$D$2:$D$2500,Crops!$D$5,Basicdata!$AA$2:$AA$2500,">5000",Basicdata!$AB$2:$AB$2500,">200",Basicdata!$AB$2:$AB$2500,"<=400",Basicdata!$AI$2:$AI$2500,0) -> 0 | T16: =COUNTIFS(Basicdata!$B$2:$B$2500,2,Basicdata!$D$2:$D$2500,Crops!$D$5,Basicdata!$AA$2:$AA$2500,">5000",Basicdata!$AB$2:$AB$2500,">400",Basicdata!$AB$2:$AB$2500,"<=600",Basicdata!$AI$2:$AI$2500,0) -> 0 | U16: =COUNTIFS(Basicdata!$B$2:$B$2500,2,Basicdata!$D$2:$D$2500,Crops!$D$5,Basicdata!$AA$2:$AA$2500,">5000",Basicdata!$AB$2:$AB$2500,">600",Basicdata!$AB$2:$AB$2500,"<=800",Basicdata!$AI$2:$AI$2500,0) -> 0 | V16: =COUNTIFS(Basicdata!$B$2:$B$2500,2,Basicdata!$D$2:$D$2500,Crops!$D$5,Basicdata!$AA$2:$AA$2500,">5000",Basicdata!$AB$2:$AB$2500,">800",Basicdata!$AB$2:$AB$2500,"<=1000",Basicdata!$AI$2:$AI$2500,0) -> 0 | W16: =COUNTIFS(Basicdata!$B$2:$B$2500,2,Basicdata!$D$2:$D$2500,Crops!$D$5,Basicdata!$AA$2:$AA$2500,">5000",Basicdata!$AB$2:$AB$2500,">1000",Basicdata!$AB$2:$AB$2500,"<=3000",Basicdata!$AI$2:$AI$2500,0) -> 0 | X16: =COUNTIFS(Basicdata!$B$2:$B$2500,2,Basicdata!$D$2:$D$2500,Crops!$D$5,Basicdata!$AA$2:$AA$2500,">5000",Basicdata!$AB$2:$AB$2500,">3000",Basicdata!$AI$2:$AI$2500,0) -> 1 | Y16: =COUNTIFS(Basicdata!$B$2:$B$2500,2,Basicdata!$D$2:$D$2500,Crops!$D$5,Basicdata!$AA$2:$AA$2500,">5000",Basicdata!$AB$2:$AB$2500,0,Basicdata!$AI$2:$AI$2500,0) -> 0 | Z16: =SUM(P16:Y16) -> 2 | AA16: =ROUND(Z16*100/Z$18,2) -> 0.59
A17: INFORMATION NOT REPORTED | B17: =COUNTIFS(Basicdata!$B$2:$B$2500,1,Basicdata!$D$2:$D$2500,Crops!$D$5,Basicdata!$AA$2:$AA$2500,0,Basicdata!$AB$2:$AB$2500,">0",Basicdata!$AB$2:$AB$2500,"<=50",Basicdata!$AI$2:$AI$2500,0) -> 0 | C17: =COUNTIFS(Basicdata!$B$2:$B$2500,1,Basicdata!$D$2:$D$2500,Crops!$D$5,Basicdata!$AA$2:$AA$2500,0,Basicdata!$AB$2:$AB$2500,">50",Basicdata!$AB$2:$AB$2500,"<=100",Basicdata!$AI$2:$AI$2500,0) -> 0 | D17: =COUNTIFS(Basicdata!$B$2:$B$2500,1,Basicdata!$D$2:$D$2500,Crops!$D$5,Basicdata!$AA$2:$AA$2500,0,Basicdata!$AB$2:$AB$2500,">100",Basicdata!$AB$2:$AB$2500,"<=200",Basicdata!$AI$2:$AI$2500,0) -> 0 | E17: =COUNTIFS(Basicdata!$B$2:$B$2500,1,Basicdata!$D$2:$D$2500,Crops!$D$5,Basicdata!$AA$2:$AA$2500,0,Basicdata!$AB$2:$AB$2500,">200",Basicdata!$AB$2:$AB$2500,"<=400",Basicdata!$AI$2:$AI$2500,0) -> 0 | F17: =COUNTIFS(Basicdata!$B$2:$B$2500,1,Basicdata!$D$2:$D$2500,Crops!$D$5,Basicdata!$AA$2:$AA$2500,0,Basicdata!$AB$2:$AB$2500,">400",Basicdata!$AB$2:$AB$2500,"<=600",Basicdata!$AI$2:$AI$2500,0) -> 0 | G17: =COUNTIFS(Basicdata!$B$2:$B$2500,1,Basicdata!$D$2:$D$2500,Crops!$D$5,Basicdata!$AA$2:$AA$2500,0,Basicdata!$AB$2:$AB$2500,">600",Basicdata!$AB$2:$AB$2500,"<=800",Basicdata!$AI$2:$AI$2500,0) -> 0 | H17: =COUNTIFS(Basicdata!$B$2:$B$2500,1,Basicdata!$D$2:$D$2500,Crops!$D$5,Basicdata!$AA$2:$AA$2500,0,Basicdata!$AB$2:$AB$2500,">800",Basicdata!$AB$2:$AB$2500,"<=1000",Basicdata!$AI$2:$AI$2500,0) -> 0 | I17: =COUNTIFS(Basicdata!$B$2:$B$2500,1,Basicdata!$D$2:$D$2500,Crops!$D$5,Basicdata!$AA$2:$AA$2500,0,Basicdata!$AB$2:$AB$2500,">1000",Basicdata!$AB$2:$AB$2500,"<=3000",Basicdata!$AI$2:$AI$2500,0) -> 0 | J17: =COUNTIFS(Basicdata!$B$2:$B$2500,1,Basicdata!$D$2:$D$2500,Crops!$D$5,Basicdata!$AA$2:$AA$2500,0,Basicdata!$AB$2:$AB$2500,">3000",Basicdata!$AI$2:$AI$2500,0) -> 0 | K17: =COUNTIFS(Basicdata!$B$2:$B$2500,1,Basicdata!$D$2:$D$2500,Crops!$D$5,Basicdata!$AA$2:$AA$2500,0,Basicdata!$AB$2:$AB$2500,0,Basicdata!$AI$2:$AI$2500,0) -> 0 | L17: =SUM(B17:K17) -> 0 | M17: =ROUND(L17*100/L$18,2) -> 0 | O17: INFORMATION NOT REPORTED | P17: =COUNTIFS(Basicdata!$B$2:$B$2500,2,Basicdata!$D$2:$D$2500,Crops!$D$5,Basicdata!$AA$2:$AA$2500,0,Basicdata!$AB$2:$AB$2500,">0",Basicdata!$AB$2:$AB$2500,"<=50",Basicdata!$AI$2:$AI$2500,0) -> 0 | Q17: =COUNTIFS(Basicdata!$B$2:$B$2500,2,Basicdata!$D$2:$D$2500,Crops!$D$5,Basicdata!$AA$2:$AA$2500,0,Basicdata!$AB$2:$AB$2500,">50",Basicdata!$AB$2:$AB$2500,"<=100",Basicdata!$AI$2:$AI$2500,0) -> 0 | R17: =COUNTIFS(Basicdata!$B$2:$B$2500,2,Basicdata!$D$2:$D$2500,Crops!$D$5,Basicdata!$AA$2:$AA$2500,0,Basicdata!$AB$2:$AB$2500,">100",Basicdata!$AB$2:$AB$2500,"<=200",Basicdata!$AI$2:$AI$2500,0) -> 0 | S17: =COUNTIFS(Basicdata!$B$2:$B$2500,2,Basicdata!$D$2:$D$2500,Crops!$D$5,Basicdata!$AA$2:$AA$2500,0,Basicdata!$AB$2:$AB$2500,">200",Basicdata!$AB$2:$AB$2500,"<=400",Basicdata!$AI$2:$AI$2500,0) -> 0 | T17: =COUNTIFS(Basicdata!$B$2:$B$2500,2,Basicdata!$D$2:$D$2500,Crops!$D$5,Basicdata!$AA$2:$AA$2500,0,Basicdata!$AB$2:$AB$2500,">400",Basicdata!$AB$2:$AB$2500,"<=600",Basicdata!$AI$2:$AI$2500,0) -> 0 | U17: =COUNTIFS(Basicdata!$B$2:$B$2500,2,Basicdata!$D$2:$D$2500,Crops!$D$5,Basicdata!$AA$2:$AA$2500,0,Basicdata!$AB$2:$AB$2500,">600",Basicdata!$AB$2:$AB$2500,"<=800",Basicdata!$AI$2:$AI$2500,0) -> 0 | V17: =COUNTIFS(Basicdata!$B$2:$B$2500,2,Basicdata!$D$2:$D$2500,Crops!$D$5,Basicdata!$AA$2:$AA$2500,0,Basicdata!$AB$2:$AB$2500,">800",Basicdata!$AB$2:$AB$2500,"<=1000",Basicdata!$AI$2:$AI$2500,0) -> 0 | W17: =COUNTIFS(Basicdata!$B$2:$B$2500,2,Basicdata!$D$2:$D$2500,Crops!$D$5,Basicdata!$AA$2:$AA$2500,0,Basicdata!$AB$2:$AB$2500,">1000",Basicdata!$AB$2:$AB$2500,"<=3000",Basicdata!$AI$2:$AI$2500,0) -> 0 | X17: =COUNTIFS(Basicdata!$B$2:$B$2500,2,Basicdata!$D$2:$D$2500,Crops!$D$5,Basicdata!$AA$2:$AA$2500,0,Basicdata!$AB$2:$AB$2500,">3000",Basicdata!$AI$2:$AI$2500,0) -> 0 | Y17: =COUNTIFS(Basicdata!$B$2:$B$2500,2,Basicdata!$D$2:$D$2500,Crops!$D$5,Basicdata!$AA$2:$AA$2500,0,Basicdata!$AB$2:$AB$2500,0,Basicdata!$AI$2:$AI$2500,0) -> 0 | Z17: =SUM(P17:Y17) -> 0 | AA17: =ROUND(Z17*100/Z$18,2) -> 0
A18: TOTAL | B18: =SUM(B8:B17) -> 2 | C18: =SUM(C8:C17) -> 4 | D18: =SUM(D8:D17) -> 17 | E18: =SUM(E8:E17) -> 54 | F18: =SUM(F8:F17) -> 37 | G18: =SUM(G8:G17) -> 53 | H18: =SUM(H8:H17) -> 32 | I18: =SUM(I8:I17) -> 122 | ... L18: =SUM(L8:L17) -> 339 | M18: =ROUND(L18*100/L$18,2) -> 100 | O18: TOTAL | P18: =SUM(P8:P17) -> 25 | Q18: =SUM(Q8:Q17) -> 7 | R18: =SUM(R8:R17) -> 24 | S18: =SUM(S8:S17) -> 57 | T18: =SUM(T8:T17) -> 64 | U18: =SUM(U8:U17) -> 39 | V18: =SUM(V8:V17) -> 20 | W18: =SUM(W8:W17) -> 87 | ... Z18: =SUM(Z8:Z17) -> 339 | AA18: =ROUND(Z18*100/Z$18,2) -> 100
A19: %AGE | B19: =ROUND(B18*100/L18,2) -> 0.59 | C19: =ROUND(C18*100/L18,2) -> 1.18 | D19: =ROUND(D18*100/L18,2) -> 5.01 | E19: =L19-B19-C19-D19-F19-G19-H19-I19-J19-K19 -> 15.94 | F19: =ROUND(F18*100/L18,2) -> 10.91 | G19: =ROUND(G18*100/L18,2) -> 15.63 | H19: =ROUND(H18*100/L18,2) -> 9.44 | I19: =ROUND(I18*100/L18,2) -> 35.99 | J19: =ROUND(J18*100/L18,2) -> 5.31 | K19: =ROUND(K18*100/L18,2) -> 0 | L19: =ROUND(L18*100/L18,2) -> 100 | O19: %AGE | P19: =ROUND(P18*100/Z18,2) -> 7.37 | Q19: =ROUND(Q18*100/Z18,2) -> 2.06 | R19: =ROUND(R18*100/Z18,2) -> 7.08 | S19: =Z19-P19-Q19-R19-T19-U19-V19-W19-X19-Y19 -> 16.83 | T19: =ROUND(T18*100/Z18,2) -> 18.88 | U19: =ROUND(U18*100/Z18,2) -> 11.5 | V19: =ROUND(V18*100/Z18,2) -> 5.9 | W19: =ROUND(W18*100/Z18,2) -> 25.66 | X19: =ROUND(X18*100/Z18,2) -> 4.72 | Y19: =ROUND(Y18*100/Z18,2) -> 0 | Z19: =ROUND(Z18*100/Z18,2) -> 100
A20: NOTE: (i) THIS TABLE WILL BE PREPARED ONLY FOR THE FIRST SEASON OF THE YEAR | O20: NOTE: (i) THIS TABLE WILL BE PREPARED ONLY FOR THE FIRST SEASON OF THE YEAR
A21: (ii) THE PERCENTAGE OF COL.2 TO COL.12 IN THE LAST ROW AND THE PERCENRAGE OF ALL ROWS IN COL.13 WILL BE CALCULATED AS | O21: (ii) THE PERCENTAGE OF COL.2 TO COL.12 IN THE LAST ROW AND THE PERCENRAGE OF ALL ROWS IN COL.13 WILL BE CALCULATED AS
A22: PER THE TOTAL OF COL.12 | O22: PER THE TOTAL OF COL.12
A23: Developed by: Deepak Kumar Agrawal, Senior Statistical Officer, NSSO (FOD), Faridabad, Haryana | O23: Developed by: Deepak Kumar Agrawal, Senior Statistical Officer, NSSO (FOD), Faridabad, Haryana

Sheet Table-4(p)
A3: TABLE A-4:BIVARIATE FREQUENCY DISTRIBUTION OF SELECTED VILLAGE ACCORDING TO TOTAL NUMBER OR SERIAL/SURVEY NUMBERS AND GEOGRAPHICAL AREA
A5: STATE: | B5: ='Table-4'!B5 -> GUJARAT(24) | E5: YEAR: | F5: ='Table-4'!F5 -> 2023-24 | H5: SEASON: | I5: ='Table-4'!I5 -> SUMMER(5) | K5: SAMPLE: | L5: ='Table-4'!L5 -> CENTRAL(1)
A6: CLASS INTERVAL OF SERIAL/ SURVEY (CODE) | B6: CLASS INTERVAL OF GEOGRAPHICAL AREA(HA)
B7: UP TO 50 | C7: 51 TO 100 | D7: 101 TO 200 | E7: 201 TO 400 | F7: 401 TO 600 | G7: 601 TO 800 | H7: 801 TO 1000 | I7: 1001 TO 3000 | J7: ABOVE TO 3001 | K7: NOT REPORTED | L7: TOTAL | M7: %AGE
A8: upto 50 | B8: ='Table-4'!B8 -> 0 | C8: ='Table-4'!C8 -> 0 | D8: ='Table-4'!D8 -> 2 | E8: ='Table-4'!E8 -> 3 | F8: ='Table-4'!F8 -> 0 | G8: ='Table-4'!G8 -> 1 | H8: ='Table-4'!H8 -> 0 | I8: ='Table-4'!I8 -> 1 | ... M8: ='Table-4'!M8 -> 2.06
A9: 51 to 100 | B9: ='Table-4'!B9 -> 1 | C9: ='Table-4'!C9 -> 1 | D9: ='Table-4'!D9 -> 4 | E9: ='Table-4'!E9 -> 1 | F9: ='Table-4'!F9 -> 0 | G9: ='Table-4'!G9 -> 1 | H9: ='Table-4'!H9 -> 0 | I9: ='Table-4'!I9 -> 1 | ... M9: ='Table-4'!M9 -> 2.65
A10: 101 to 200 | B10: ='Table-4'!B10 -> 0 | C10: ='Table-4'!C10 -> 2 | D10: ='Table-4'!D10 -> 4 | E10: ='Table-4'!E10 -> 14 | F10: ='Table-4'!F10 -> 2 | G10: ='Table-4'!G10 -> 3 | H10: ='Table-4'!H10 -> 1 | I10: ='Table-4'!I10 -> 2 | ... M10: ='Table-4'!M10 -> 8.55
A11: 201 to 400 | B11: ='Table-4'!B11 -> 0 | C11: ='Table-4'!C11 -> 1 | D11: ='Table-4'!D11 -> 6 | E11: ='Table-4'!E11 -> 19 | F11: ='Table-4'!F11 -> 15 | G11: ='Table-4'!G11 -> 9 | H11: ='Table-4'!H11 -> 7 | I11: ='Table-4'!I11 -> 7 | ... M11: ='Table-4'!M11 -> 19.19
A12: 401 to 600 | B12: ='Table-4'!B12 -> 1 | C12: ='Table-4'!C12 -> 0 | D12: ='Table-4'!D12 -> 0 | E12: ='Table-4'!E12 -> 9 | F12: ='Table-4'!F12 -> 9 | G12: ='Table-4'!G12 -> 17 | H12: ='Table-4'!H12 -> 9 | I12: ='Table-4'!I12 -> 13 | ... M12: ='Table-4'!M12 -> 17.7
A13: 601 to 800 | B13: ='Table-4'!B13 -> 0 | C13: ='Table-4'!C13 -> 0 | D13: ='Table-4'!D13 -> 1 | E13: ='Table-4'!E13 -> 5 | F13: ='Table-4'!F13 -> 3 | G13: ='Table-4'!G13 -> 3 | H13: ='Table-4'!H13 -> 6 | I13: ='Table-4'!I13 -> 25 | ... M13: ='Table-4'!M13 -> 12.98
A14: 801 to 1000 | B14: ='Table-4'!B14 -> 0 | C14: ='Table-4'!C14 -> 0 | D14: ='Table-4'!D14 -> 0 | E14: ='Table-4'!E14 -> 2 | F14: ='Table-4'!F14 -> 4 | G14: ='Table-4'!G14 -> 9 | H14: ='Table-4'!H14 -> 4 | I14: ='Table-4'!I14 -> 25 | ... M14: ='Table-4'!M14 -> 12.98
A15: 1001 to 5000 | B15: ='Table-4'!B15 -> 0 | C15: ='Table-4'!C15 -> 0 | D15: ='Table-4'!D15 -> 0 | E15: ='Table-4'!E15 -> 1 | F15: ='Table-4'!F15 -> 4 | G15: ='Table-4'!G15 -> 10 | H15: ='Table-4'!H15 -> 5 | I15: ='Table-4'!I15 -> 48 | ... M15: ='Table-4'!M15 -> 23.89
A16: above 5000 | B16: ='Table-4'!B16 -> 0 | C16: ='Table-4'!C16 -> 0 | D16: ='Table-4'!D16 -> 0 | E16: ='Table-4'!E16 -> 0 | F16: ='Table-4'!F16 -> 0 | G16: ='Table-4'!G16 -> 0 | H16: ='Table-4'!H16 -> 0 | I16: ='Table-4'!I16 -> 0 | ... M16: ='Table-4'!M16 -> 0
A17: INFORMATION NOT REPORTED | B17: ='Table-4'!B17 -> 0 | C17: ='Table-4'!C17 -> 0 | D17: ='Table-4'!D17 -> 0 | E17: ='Table-4'!E17 -> 0 | F17: ='Table-4'!F17 -> 0 | G17: ='Table-4'!G17 -> 0 | H17: ='Table-4'!H17 -> 0 | I17: ='Table-4'!I17 -> 0 | ... M17: ='Table-4'!M17 -> 0
A18: TOTAL | B18: ='Table-4'!B18 -> 2 | C18: ='Table-4'!C18 -> 4 | D18: ='Table-4'!D18 -> 17 | E18: ='Table-4'!E18 -> 54 | F18: ='Table-4'!F18 -> 37 | G18: ='Table-4'!G18 -> 53 | H18: ='Table-4'!H18 -> 32 | I18: ='Table-4'!I18 -> 122 | ... M18: ='Table-4'!M18 -> 100
A19: %AGE | B19: ='Table-4'!B19 -> 0.59 | C19: ='Table-4'!C19 -> 1.18 | D19: ='Table-4'!D19 -> 5.01 | E19: ='Table-4'!E19 -> 15.94 | F19: ='Table-4'!F19 -> 10.91 | G19: ='Table-4'!G19 -> 15.63 | H19: ='Table-4'!H19 -> 9.44 | I19: ='Table-4'!I19 -> 35.99 | ... L19: ='Table-4'!L19 -> 100
A20: NOTE: (i) THIS TABLE WILL BE PREPARED ONLY FOR THE FIRST SEASON OF THE YEAR
A21: (ii) THE PERCENTAGE OF COL.2 TO COL.12 IN THE LAST ROW AND THE PERCENRAGE OF ALL ROWS IN COL.13 WILL BE CALCULATED AS
A22: PER THE TOTAL OF COL.12
A23: Developed by: Deepak Kumar Agrawal, Senior Statistical Officer, NSSO (FOD), Faridabad, Haryana
A25: TABLE A-4:BIVARIATE FREQUENCY DISTRIBUTION OF SELECTED VILLAGE ACCORDING TO TOTAL NUMBER OR SERIAL/SURVEY NUMBERS AND GEOGRAPHICAL AREA
A27: STATE: | B27: ='Table-4'!P5 -> GUJARAT(24) | E27: YEAR: | F27: ='Table-4'!T5 -> 2023-24 | H27: SEASON: | I27: ='Table-4'!W5 -> SUMMER(5) | K27: SAMPLE: | L27: ='Table-4'!Z5 -> STATE(2)
A28: CLASS INTERVAL OF SERIAL/ SURVEY (CODE) | B28: CLASS INTERVAL OF GEOGRAPHICAL AREA(HA)
B29: UP TO 50 | C29: 51 TO 100 | D29: 101 TO 200 | E29: 201 TO 400 | F29: 401 TO 600 | G29: 601 TO 800 | H29: 801 TO 1000 | I29: 1001 TO 3000 | J29: ABOVE TO 3001 | K29: NOT REPORTED | L29: TOTAL | M29: %AGE
A30: upto 50 | B30: ='Table-4'!P8 -> 0 | C30: ='Table-4'!Q8 -> 1 | D30: ='Table-4'!R8 -> 0 | E30: ='Table-4'!S8 -> 0 | F30: ='Table-4'!T8 -> 1 | G30: ='Table-4'!U8 -> 0 | H30: ='Table-4'!V8 -> 0 | I30: ='Table-4'!W8 -> 0 | ... M30: ='Table-4'!AA8 -> 0.59
A31: 51 to 100 | B31: ='Table-4'!P9 -> 0 | C31: ='Table-4'!Q9 -> 3 | D31: ='Table-4'!R9 -> 2 | E31: ='Table-4'!S9 -> 3 | F31: ='Table-4'!T9 -> 2 | G31: ='Table-4'!U9 -> 0 | H31: ='Table-4'!V9 -> 0 | I31: ='Table-4'!W9 -> 0 | ... M31: ='Table-4'!AA9 -> 2.95
A32: 101 to 200 | B32: ='Table-4'!P10 -> 0 | C32: ='Table-4'!Q10 -> 1 | D32: ='Table-4'!R10 -> 13 | E32: ='Table-4'!S10 -> 13 | F32: ='Table-4'!T10 -> 5 | G32: ='Table-4'!U10 -> 1 | H32: ='Table-4'!V10 -> 1 | I32: ='Table-4'!W10 -> 0 | ... M32: ='Table-4'!AA10 -> 10.32
A33: 201 to 400 | B33: ='Table-4'!P11 -> 9 | C33: ='Table-4'!Q11 -> 2 | D33: ='Table-4'!R11 -> 9 | E33: ='Table-4'!S11 -> 23 | F33: ='Table-4'!T11 -> 24 | G33: ='Table-4'!U11 -> 11 | H33: ='Table-4'!V11 -> 2 | I33: ='Table-4'!W11 -> 5 | ... M33: ='Table-4'!AA11 -> 25.08
A34: 401 to 600 | B34: ='Table-4'!P12 -> 4 | C34: ='Table-4'!Q12 -> 0 | D34: ='Table-4'!R12 -> 0 | E34: ='Table-4'!S12 -> 12 | F34: ='Table-4'!T12 -> 17 | G34: ='Table-4'!U12 -> 15 | H34: ='Table-4'!V12 -> 6 | I34: ='Table-4'!W12 -> 11 | ... M34: ='Table-4'!AA12 -> 20.06
A35: 601 to 800 | B35: ='Table-4'!P13 -> 4 | C35: ='Table-4'!Q13 -> 0 | D35: ='Table-4'!R13 -> 0 | E35: ='Table-4'!S13 -> 5 | F35: ='Table-4'!T13 -> 9 | G35: ='Table-4'!U13 -> 5 | H35: ='Table-4'!V13 -> 5 | I35: ='Table-4'!W13 -> 14 | ... M35: ='Table-4'!AA13 -> 12.98
A36: 801 to 1000 | B36: ='Table-4'!P14 -> 2 | C36: ='Table-4'!Q14 -> 0 | D36: ='Table-4'!R14 -> 0 | E36: ='Table-4'!S14 -> 0 | F36: ='Table-4'!T14 -> 2 | G36: ='Table-4'!U14 -> 3 | H36: ='Table-4'!V14 -> 2 | I36: ='Table-4'!W14 -> 18 | ... M36: ='Table-4'!AA14 -> 8.55
A37: 1001 to 5000 | B37: ='Table-4'!P15 -> 5 | C37: ='Table-4'!Q15 -> 0 | D37: ='Table-4'!R15 -> 0 | E37: ='Table-4'!S15 -> 1 | F37: ='Table-4'!T15 -> 4 | G37: ='Table-4'!U15 -> 4 | H37: ='Table-4'!V15 -> 4 | I37: ='Table-4'!W15 -> 39 | ... M37: ='Table-4'!AA15 -> 18.88
A38: above 5000 | B38: ='Table-4'!P16 -> 1 | C38: ='Table-4'!Q16 -> 0 | D38: ='Table-4'!R16 -> 0 | E38: ='Table-4'!S16 -> 0 | F38: ='Table-4'!T16 -> 0 | G38: ='Table-4'!U16 -> 0 | H38: ='Table-4'!V16 -> 0 | I38: ='Table-4'!W16 -> 0 | ... M38: ='Table-4'!AA16 -> 0.59
A39: INFORMATION NOT REPORTED | B39: ='Table-4'!P17 -> 0 | C39: ='Table-4'!Q17 -> 0 | D39: ='Table-4'!R17 -> 0 | E39: ='Table-4'!S17 -> 0 | F39: ='Table-4'!T17 -> 0 | G39: ='Table-4'!U17 -> 0 | H39: ='Table-4'!V17 -> 0 | I39: ='Table-4'!W17 -> 0 | ... M39: ='Table-4'!AA17 -> 0
A40: TOTAL | B40: ='Table-4'!P18 -> 25 | C40: ='Table-4'!Q18 -> 7 | D40: ='Table-4'!R18 -> 24 | E40: ='Table-4'!S18 -> 57 | F40: ='Table-4'!T18 -> 64 | G40: ='Table-4'!U18 -> 39 | H40: ='Table-4'!V18 -> 20 | I40: ='Table-4'!W18 -> 87 | ... M40: ='Table-4'!AA18 -> 100
A41: %AGE | B41: ='Table-4'!P19 -> 7.37 | C41: ='Table-4'!Q19 -> 2.06 | D41: ='Table-4'!R19 -> 7.08 | E41: ='Table-4'!S19 -> 16.83 | F41: ='Table-4'!T19 -> 18.88 | G41: ='Table-4'!U19 -> 11.5 | H41: ='Table-4'!V19 -> 5.9 | I41: ='Table-4'!W19 -> 25.66 | ... L41: ='Table-4'!Z19 -> 100
A42: NOTE: (i) THIS TABLE WILL BE PREPARED ONLY FOR THE FIRST SEASON OF THE YEAR
A43: (ii) THE PERCENTAGE OF COL.2 TO COL.12 IN THE LAST ROW AND THE PERCENRAGE OF ALL ROWS IN COL.13 WILL BE CALCULATED AS
A44: PER THE TOTAL OF COL.12
A45: Developed by: Deepak Kumar Agrawal, Senior Statistical Officer, NSSO (FOD), Faridabad, Haryana

Sheet Table-5
A2: TABLE A-5: DISTRICTWISE DISTRIBUTION OF SELECTED VILLAGES ACCORDING TO COMPLETION OR OTHERWISE OF GIRDAWARI BY PATWARI AS PER THE PRESCRIBED TIME SCHEDULE. | W2: TABLE A-5: DISTRICTWISE DISTRIBUTION OF SELECTED VILLAGES ACCORDING TO COMPLETION OR OTHERWISE OF GIRDAWARI BY PATWARI AS PER THE PRESCRIBED TIME SCHEDULE.
A3: STATE: | B3: =Crops!$A$2&"("&Crops!$B$2&")" -> GUJARAT(24) | G3: YEAR: | H3: =Crops!$B$3 -> 2023-24 | L3: SEASON: | N3: =Crops!$C$5&"("&Crops!$D$5&")" -> SUMMER(5) | R3: SAMPLE : | T3: ="CENTRAL"&"("&1&")" -> CENTRAL(1) | W3: STATE: | X3: =Crops!$A$2&"("&Crops!$B$2&")" -> GUJARAT(24) | AC3: YEAR: | AD3: =Crops!$B$3 -> 2023-24 | AH3: SEASON: | AJ3: =Crops!$C$5&"("&Crops!$D$5&")" -> SUMMER(5) | AN3: SAMPLE : | AP3: ="STATE"&"("&2&")" -> STATE(2)
A4: DISTRICT | B4: NO. OF VILLAGE ANALYSED | C4: NUMBER OF VILLAGES WHERE GIRDAWARI HAS BEEN | L4: NO. OF VILLAGES IN WHICH | N4: NO. OF VILLAGES IN WHICH GIRDAWARI NOT YET STARTED DUE TO REASON (CODE)* | S4: TOTAL (COL. 6 +11+ 18) | T4: NO. OF VILLAGES FOR WHICH | W4: DISTRICT | X4: NO. OF VILLAGE ANALYSED | Y4: NUMBER OF VILLAGES WHERE GIRDAWARI HAS BEEN | AH4: NO. OF VILLAGES IN WHICH | AJ4: NO. OF VILLAGES IN WHICH GIRDAWARI NOT YET STARTED DUE TO REASON (CODE)* | AO4: TOTAL (COL. 6 +11+ 18) | AP4: NO. OF VILLAGES FOR WHICH
