Workbook

Sheet common
B2: UT | C2: ='[1]Crops CY'!$A$2 -> PUDUCHERRY | H2: =CONCATENATE(B2," : ",C2) -> UT : PUDUCHERRY
B3: SEASON | C3: ='[1]Crops CY'!A$5 -> RABI I | D3: ='[1]Crops CY'!B$5 -> 4 | E3: ='[1]Crops CY'!C$5 -> RABI II | F3: ='[1]Crops CY'!D$5 -> 5 | H3: =CONCATENATE(B3," : ",C3) -> SEASON : RABI I | I3: =CONCATENATE(B3," : ",E3) -> SEASON : RABI II
B4: YEAR | C4: ='[1]Crops CY'!$B$3 -> 2024-25 | H4: =CONCATENATE($C$3," ",C4) -> RABI I 2024-25 | I4: =CONCATENATE($E$3," ",C4) -> RABI II 2024-25 | J4: =CONCATENATE($B$4," ",C4) -> YEAR 2024-25
B5: PREV. YEAR | C5: =CONCATENATE(LEFT(C4,4)-1,"-",RIGHT(C4,2)-1) -> 2023-24 | H5: =CONCATENATE($C$3," ",C5) -> RABI I 2023-24 | I5: =CONCATENATE($E$3," ",C5) -> RABI II 2023-24 | J5: =CONCATENATE($B$4," ",C5) -> YEAR 2023-24
C6: =CONCATENATE(LEFT(C5,4)-1,"-",RIGHT(C5,2)-1) -> 2022-23 | H6: =CONCATENATE($C$3," ",C6) -> RABI I 2022-23 | I6: =CONCATENATE($E$3," ",C6) -> RABI II 2022-23 | J6: =CONCATENATE($B$4," ",C6) -> YEAR 2022-23
C7: =CONCATENATE(LEFT(C6,4)-1,"-",RIGHT(C6,2)-1) -> 2021-22 | H7: =CONCATENATE($C$3," ",C7) -> RABI I 2021-22 | I7: =CONCATENATE($E$3," ",C7) -> RABI II 2021-22 | J7: =CONCATENATE($B$4," ",C7) -> YEAR 2021-22
C8: =CONCATENATE(LEFT(C7,4)-1,"-",RIGHT(C7,2)-1) -> 2020-21 | H8: =CONCATENATE($C$3," ",C8) -> RABI I 2020-21 | I8: =CONCATENATE($E$3," ",C8) -> RABI II 2020-21 | J8: =CONCATENATE($B$4," ",C8) -> YEAR 2020-21
B9: CROP | C9: ='[1]Crops CY'!A7 -> PADDY | D9: ='[1]Crops CY'!B7 -> 97 | E9: ='[1]Crops CY'!C7 -> PADDY | F9: ='[1]Crops CY'!D7 -> 98
C10: ='[1]Crops CY'!A8 -> OTHERS | D10: ='[1]Crops CY'!B8 -> 99 | E10: ='[1]Crops CY'!C8 -> OTHERS | F10: ='[1]Crops CY'!D8 -> 99
C11: ='[1]Crops CY'!A9 -> 0 | D11: ='[1]Crops CY'!B9 -> 0 | E11: ='[1]Crops CY'!C9 -> 0 | F11: ='[1]Crops CY'!D9 -> 0
C12: ='[1]Crops CY'!A10 -> 0 | D12: ='[1]Crops CY'!B10 -> 0 | E12: ='[1]Crops CY'!C10 -> 0 | F12: ='[1]Crops CY'!D10 -> 0
C13: ='[1]Crops CY'!A11 -> 0 | D13: ='[1]Crops CY'!B11 -> 0 | E13: ='[1]Crops CY'!C11 -> 0 | F13: ='[1]Crops CY'!D11 -> 0
C14: ='[1]Crops CY'!A12 -> 0 | D14: ='[1]Crops CY'!B12 -> 0 | E14: ='[1]Crops CY'!C12 -> 0 | F14: ='[1]Crops CY'!D12 -> 0
C15: ='[1]Crops CY'!A13 -> 0 | D15: ='[1]Crops CY'!B13 -> 0 | E15: ='[1]Crops CY'!C13 -> 0 | F15: ='[1]Crops CY'!D13 -> 0
C16: ='[1]Crops CY'!A14 -> 0 | D16: ='[1]Crops CY'!B14 -> 0 | E16: ='[1]Crops CY'!C14 -> 0 | F16: ='[1]Crops CY'!D14 -> 0
C17: ='[1]Crops CY'!A15 -> 0 | D17: ='[1]Crops CY'!B15 -> 0 | E17: ='[1]Crops CY'!C15 -> 0 | F17: ='[1]Crops CY'!D15 -> 0
C18: ='[1]Crops CY'!A16 -> 0 | D18: ='[1]Crops CY'!B16 -> 0 | E18: ='[1]Crops CY'!C16 -> 0 | F18: ='[1]Crops CY'!D16 -> 0

Sheet Annex-I
A1: A-1
A2: =common!$H$2 -> UT : PUDUCHERRY | G2: ='[1]Annex-1'!H2 -> ANNEX-I
A3: ='[1]Annex-1'!A3:I3 -> RESPONSE IN SAMPLE CHECK ON ENUMERATION OF AREA DURING 2024-25 AND 2023-24.
A4: YEAR/ SEASON/ AGENCY | B4: NO.OF VILLAGES PLANNED | C4: NO. ( % ) OF VILLAGES FOR WHICH SCHEDULES WERE RECEIVED | E4: NO. ( % ) OF SCHEDULES ANALYSED
E5: TOTAL | F5: WITH 'a' & 'b' ENTRIES TOGETHER | G5: WITH 'a' & 'b' ENTRIES SEPARATELY | H5: WITH 'a' ENTRIES ONLY
C6: TOTAL RECEIVED | D6: BY CUT OFF DATE
A7: (1) | B7: (2) | C7: (3) | D7: (4) | E7: (5) | F7: (6) | G7: (7) | H7: (8)
A8: =common!$H$4 -> RABI I 2024-25
A9: CENTRAL | B9: ='[1]Annex-1'!B9&" " -> 9 | C9: ='[1]Annex-1'!C9 -> 9(100.0) | D9: ='[1]Annex-1'!E9 -> 9(100.0) | E9: ='[1]Annex-1'!F9 -> 9(100.0) | F9: ='[1]Annex-1'!G9 -> 9(100.0) | G9: ='[1]Annex-1'!H9 -> 0( 0.0) | H9: ='[1]Annex-1'!I9 -> 0( 0.0)
A10: STATE | B10: ='[1]Annex-1'!B10&" " -> 9 | C10: ='[1]Annex-1'!C10 -> 9(100.0) | D10: ='[1]Annex-1'!E10 -> 9(100.0) | E10: ='[1]Annex-1'!F10 -> 9(100.0) | F10: ='[1]Annex-1'!G10 -> 9(100.0) | G10: ='[1]Annex-1'!H10 -> 0( 0.0) | H10: ='[1]Annex-1'!I10 -> 0( 0.0)
A11: POOLED | B11: ='[1]Annex-1'!B11&" " -> 18 | C11: ='[1]Annex-1'!C11 -> 18(100.0) | D11: ='[1]Annex-1'!E11 -> 18(100.0) | E11: ='[1]Annex-1'!F11 -> 18(100.0) | F11: ='[1]Annex-1'!G11 -> 18(100.0) | G11: ='[1]Annex-1'!H11 -> 0( 0.0) | H11: ='[1]Annex-1'!I11 -> 0( 0.0)
A12: =common!$I$4 -> RABI II 2024-25
A13: CENTRAL | B13: ='[1]Annex-1'!B13&" " -> 9 | C13: ='[1]Annex-1'!C13 -> 9(100.0) | D13: ='[1]Annex-1'!E13 -> 9(100.0) | E13: ='[1]Annex-1'!F13 -> 9(100.0) | F13: ='[1]Annex-1'!G13 -> 9(100.0) | G13: ='[1]Annex-1'!H13 -> 0( 0.0) | H13: ='[1]Annex-1'!I13 -> 0( 0.0)
A14: STATE | B14: ='[1]Annex-1'!B14&" " -> 9 | C14: ='[1]Annex-1'!C14 -> 9(100.0) | D14: ='[1]Annex-1'!E14 -> 9(100.0) | E14: ='[1]Annex-1'!F14 -> 9(100.0) | F14: ='[1]Annex-1'!G14 -> 9(100.0) | G14: ='[1]Annex-1'!H14 -> 0( 0.0) | H14: ='[1]Annex-1'!I14 -> 0( 0.0)
A15: POOLED | B15: ='[1]Annex-1'!B15&" " -> 18 | C15: ='[1]Annex-1'!C15 -> 18(100.0) | D15: ='[1]Annex-1'!E15 -> 18(100.0) | E15: ='[1]Annex-1'!F15 -> 18(100.0) | F15: ='[1]Annex-1'!G15 -> 18(100.0) | G15: ='[1]Annex-1'!H15 -> 0( 0.0) | H15: ='[1]Annex-1'!I15 -> 0( 0.0)
A16: =common!$H$5 -> RABI I 2023-24
A17: CENTRAL | B17: ='[1]Annex-1'!B18&" " -> 9 | C17: ='[1]Annex-1'!C18 -> 9(100.0) | D17: ='[1]Annex-1'!E18 -> 9(100.0) | E17: ='[1]Annex-1'!F18 -> 9(100.0) | F17: ='[1]Annex-1'!G18 -> 9(100.0) | G17: ='[1]Annex-1'!H18 -> 0( 0.0) | H17: ='[1]Annex-1'!I18 -> 0( 0.0)
A18: STATE | B18: ='[1]Annex-1'!B19&" " -> 9 | C18: ='[1]Annex-1'!C19 -> 9(100.0) | D18: ='[1]Annex-1'!E19 -> 9(100.0) | E18: ='[1]Annex-1'!F19 -> 9(100.0) | F18: ='[1]Annex-1'!G19 -> 9(100.0) | G18: ='[1]Annex-1'!H19 -> 0( 0.0) | H18: ='[1]Annex-1'!I19 -> 0( 0.0)
A19: POOLED | B19: ='[1]Annex-1'!B20&" " -> 18 | C19: ='[1]Annex-1'!C20 -> 18(100.0) | D19: ='[1]Annex-1'!E20 -> 18(100.0) | E19: ='[1]Annex-1'!F20 -> 18(100.0) | F19: ='[1]Annex-1'!G20 -> 18(100.0) | G19: ='[1]Annex-1'!H20 -> 0( 0.0) | H19: ='[1]Annex-1'!I20 -> 0( 0.0)
A20: =common!$I$5 -> RABI II 2023-24
A21: CENTRAL | B21: ='[1]Annex-1'!B22&" " -> 9 | C21: ='[1]Annex-1'!C22 -> 9(100.0) | D21: ='[1]Annex-1'!E22 -> 9(100.0) | E21: ='[1]Annex-1'!F22 -> 9(100.0) | F21: ='[1]Annex-1'!G22 -> 9(100.0) | G21: ='[1]Annex-1'!H22 -> 0( 0.0) | H21: ='[1]Annex-1'!I22 -> 0( 0.0)
A22: STATE | B22: ='[1]Annex-1'!B23&" " -> 9 | C22: ='[1]Annex-1'!C23 -> 9(100.0) | D22: ='[1]Annex-1'!E23 -> 9(100.0) | E22: ='[1]Annex-1'!F23 -> 9(100.0) | F22: ='[1]Annex-1'!G23 -> 9(100.0) | G22: ='[1]Annex-1'!H23 -> 0( 0.0) | H22: ='[1]Annex-1'!I23 -> 0( 0.0)
A23: POOLED | B23: ='[1]Annex-1'!B24&" " -> 18 | C23: ='[1]Annex-1'!C24 -> 18(100.0) | D23: ='[1]Annex-1'!E24 -> 18(100.0) | E23: ='[1]Annex-1'!F24 -> 18(100.0) | F23: ='[1]Annex-1'!G24 -> 18(100.0) | G23: ='[1]Annex-1'!H24 -> 0( 0.0) | H23: ='[1]Annex-1'!I24 -> 0( 0.0)

Sheet Annex-II
A1: A-2
A2: =common!$H$2 -> UT : PUDUCHERRY | C2: ='[1]Annex-2'!C2 -> ANNEX-II
A3: ='[1]Annex-2'!A3 -> INFORMATION REGARDING UPDATING OF VILLAGE MAPS AND THEIR USABILITY DURING 2024-25 AND 2023-24.
A4: NUMBER OF YEARS SINCE UPDATED | B4: NUMBER AND PERCENTAGE OF VILLAGES
B5: =common!$C$4 -> 2024-25 | C5: =common!$C$5 -> 2023-24
A6: (A) 1 TO 5 | B6: ='[1]Annex-2'!B6 -> 0( 0.0) | C6: ='[1]Annex-2'!C6 -> 0( 0.0)
A7: (B) 6 TO 10 | B7: ='[1]Annex-2'!B7 -> 0( 0.0) | C7: ='[1]Annex-2'!C7 -> 0( 0.0)
A8: (C) 11 TO 20 | B8: ='[1]Annex-2'!B8 -> 0( 0.0) | C8: ='[1]Annex-2'!C8 -> 0( 0.0)
A9: (D) MORE THAN 20 YEARS | B9: ='[1]Annex-2'!B9 -> 18(100.0) | C9: ='[1]Annex-2'!C9 -> 17( 94.4)
A10: (E) INFORMATION NOT AVAILABLE | B10: ='[1]Annex-2'!B10 -> 0( 0.0) | C10: ='[1]Annex-2'!C10 -> 1( 5.6)
A11: AVAILABILITY OF MAPS WITH PATWARI
A12: (A) MAPS AVAILABLE | B12: ='[1]Annex-2'!B13 -> 18(100.0) | C12: ='[1]Annex-2'!C13 -> 18(100.0)
A13: (I) USABLE MAPS | B13: ='[1]Annex-2'!B14 -> 18(100.0) | C13: ='[1]Annex-2'!C14 -> 18(100.0)
A14: (II) UNUSABLE MAPS | B14: ='[1]Annex-2'!B15 -> 0( 0.0) | C14: ='[1]Annex-2'!C15 -> 0( 0.0)
A15: (B) MAPS NOT AVAILABLE | B15: ='[1]Annex-2'!B16 -> 0( 0.0) | C15: ='[1]Annex-2'!C16 -> 0( 0.0)
A16: FIGURES IN () INDICATES %AGE TO NO. OF VILLAGES ANALYSED.

Sheet Annex-III
A1: A-3
A2: =common!$H$2 -> UT : PUDUCHERRY | B2: =common!$H$2 -> UT : PUDUCHERRY | C2: =common!$H$2 -> UT : PUDUCHERRY | D2: =common!$H$2 -> UT : PUDUCHERRY | E2: ='[1]Annex-3'!E2 -> ANNEX-III
A3: ='[1]Annex-3'!A3 -> WORK LOAD OF PATWARI DURING 2024-25 AND 2023-24.
A4: YEAR | B4: NO. OF VILLAGES | D4: SURVEY/ SUB-SURVEY NUMBERS PER VILLAGES | E4: GEOGRAPHICAL AREA (HA) PER VILLAGES
B5: TOTAL | C5: TRS (NO. AND % TO TOTAL)
A6: (1) | B6: (2) | C6: (3) | D6: (4) | E6: (5)
A7: =common!$C$4 -> 2024-25 | B7: =IF(INT('[1]Annex-3'!B7)='[1]Annex-3'!B7,'[1]Annex-3'!B7&".0",ROUND('[1]Annex-3'!B7,1)&" ") -> 10.4 | C7: ='[1]Annex-3'!C7 -> 1.9( 18.3) | D7: =ROUND('[1]Annex-3'!D7,0)&" " -> 1213 | E7: =IF(INT('[1]Annex-3'!E7)='[1]Annex-3'!E7,'[1]Annex-3'!E7&".0",ROUND('[1]Annex-3'!E7,1)&" ") -> 402.9
A8: =common!$C$5 -> 2023-24 | B8: =IF(INT('[1]Annex-3'!B8)='[1]Annex-3'!B8,'[1]Annex-3'!B8&".0",ROUND('[1]Annex-3'!B8,1)&" ") -> 10.2 | C8: ='[1]Annex-3'!C8 -> 1.8( 17.6) | D8: =ROUND('[1]Annex-3'!D8,0)&" " -> 1231 | E8: =IF(INT('[1]Annex-3'!E8)='[1]Annex-3'!E8,'[1]Annex-3'!E8&".0",ROUND('[1]Annex-3'!E8,1)&" ") -> 392.6

Sheet Annex-IV(a)
A1: A-4
A2: =common!$H$2 -> UT : PUDUCHERRY | B2: =common!$H$2 -> UT : PUDUCHERRY | C2: =common!$H$2 -> UT : PUDUCHERRY | D2: =common!$H$2 -> UT : PUDUCHERRY | E2: =common!$H$2 -> UT : PUDUCHERRY | F2: =common!$H$2 -> UT : PUDUCHERRY | G2: ='[1]Annex-4(a)'!G2 -> ANNEX-IV(a)
A3: ='[1]Annex-4(a)'!A3 -> NUMBER AND PERCENTAGE OF PATWARIS OF THE SELECTED VILLAGES ACCORDING TO THE TOTAL NUMBER OF VILLAGES ALLOTED DURING 2024-25 AND 2023-24.
A4: TOTAL | F4: TRS
A5: SL NO. | B5: TOTAL NO OF VILLAGES ALLOTED PER PATWARI | C5: FREQUENCY | D5: PERCENTAGE | F5: TOTAL NO OF VILLAGES ALLOTED PER PATWARI | G5: FREQUENCY | H5: PERCENTAGE
A6: (1) | B6: (2) | C6: (3) | D6: (4) | F6: (5) | G6: (6) | H6: (7)
A7: =common!$J$4 -> YEAR 2024-25
A8: 1 | B8: 1 TO 5 | C8: ='[1]Annex-4(a)'!C8&" " -> 0 | D8: =FIXED('[1]Annex-4(a)'!D8,1)&" " -> 0.0 | F8: 1 | G8: ='[1]Annex-4(a)'!G8&" " -> 1 | H8: =FIXED('[1]Annex-4(a)'!H8,1)&" " -> 5.6
A9: 2 | B9: 6 TO 10 | C9: ='[1]Annex-4(a)'!C9&" " -> 14 | D9: =FIXED('[1]Annex-4(a)'!D9,1)&" " -> 77.8 | F9: 2 | G9: ='[1]Annex-4(a)'!G9&" " -> 17 | H9: =FIXED('[1]Annex-4(a)'!H9,1)&" " -> 94.4
A10: 3 | B10: 11 TO 15 | C10: ='[1]Annex-4(a)'!C10&" " -> 4 | D10: =FIXED('[1]Annex-4(a)'!D10,1)&" " -> 22.2 | F10: 3 | G10: ='[1]Annex-4(a)'!G10&" " -> 0 | H10: =FIXED('[1]Annex-4(a)'!H10,1)&" " -> 0.0
A11: 4 | B11: ABOVE 15 | C11: ='[1]Annex-4(a)'!C11&" " -> 0 | D11: =FIXED('[1]Annex-4(a)'!D11,1)&" " -> 0.0 | F11: GREATER THAN 3 | G11: ='[1]Annex-4(a)'!G11&" " -> 0 | H11: =FIXED('[1]Annex-4(a)'!H11,1)&" " -> 0.0
A12: 5 | B12: I.N.A. | C12: ='[1]Annex-4(a)'!C12&" " -> 0 | D12: =FIXED('[1]Annex-4(a)'!D12,1)&" " -> 0.0 | F12: No TRS | G12: ='[1]Annex-4(a)'!G12&" " -> 0 | H12: =FIXED('[1]Annex-4(a)'!H12,1)&" " -> 0.0
F13: I.N.A. | G13: ='[1]Annex-4(a)'!G13&" " -> 0 | H13: =FIXED('[1]Annex-4(a)'!H13,1)&" " -> 0.0
A14: TOTAL | C14: ='[1]Annex-4(a)'!C14&" " -> 18 | D14: =FIXED('[1]Annex-4(a)'!D14,1)&" " -> 100.0 | F14: TOTAL | G14: ='[1]Annex-4(a)'!G14&" " -> 18 | H14: =FIXED('[1]Annex-4(a)'!H14,1)&" " -> 100.0
A15: =common!$J$5 -> YEAR 2023-24
A16: 1 | B16: 1 TO 5 | C16: ='[1]Annex-4(a)'!C16&" " -> 0 | D16: =FIXED('[1]Annex-4(a)'!D16,1)&" " -> 0.0 | F16: 1 | G16: ='[1]Annex-4(a)'!G16&" " -> 4 | H16: =FIXED('[1]Annex-4(a)'!H16,1)&" " -> 22.2
A17: 2 | B17: 6 TO 10 | C17: ='[1]Annex-4(a)'!C17&" " -> 12 | D17: =FIXED('[1]Annex-4(a)'!D17,1)&" " -> 66.7 | F17: 2 | G17: ='[1]Annex-4(a)'!G17&" " -> 14 | H17: =FIXED('[1]Annex-4(a)'!H17,1)&" " -> 77.8
A18: 3 | B18: 11 TO 15 | C18: ='[1]Annex-4(a)'!C18&" " -> 6 | D18: =FIXED('[1]Annex-4(a)'!D18,1)&" " -> 33.3 | F18: 3 | G18: ='[1]Annex-4(a)'!G18&" " -> 0 | H18: =FIXED('[1]Annex-4(a)'!H18,1)&" " -> 0.0
A19: 4 | B19: ABOVE 15 | C19: ='[1]Annex-4(a)'!C19&" " -> 0 | D19: =FIXED('[1]Annex-4(a)'!D19,1)&" " -> 0.0 | F19: GREATER THAN 3 | G19: ='[1]Annex-4(a)'!G19&" " -> 0 | H19: =FIXED('[1]Annex-4(a)'!H19,1)&" " -> 0.0
A20: 5 | B20: I.N.A. | C20: ='[1]Annex-4(a)'!C20&" " -> 0 | D20: =FIXED('[1]Annex-4(a)'!D20,1)&" " -> 0.0 | F20: No TRS | G20: ='[1]Annex-4(a)'!G20&" " -> 0 | H20: =FIXED('[1]Annex-4(a)'!H20,1)&" " -> 0.0
F21: I.N.A. | G21: ='[1]Annex-4(a)'!G21&" " -> 0 | H21: =FIXED('[1]Annex-4(a)'!H21,1)&" " -> 0.0
A22: TOTAL | C22: ='[1]Annex-4(a)'!C22&" " -> 18 | D22: =FIXED('[1]Annex-4(a)'!D22,1)&" " -> 100.0 | F22: TOTAL | G22: ='[1]Annex-4(a)'!G22&" " -> 18 | H22: =FIXED('[1]Annex-4(a)'!H22,1)&" " -> 100.0
A23: I.N.A. : INFORMATION NOT AVAILABLE

Sheet Annex-IV(b)
A1: A-5
A2: =common!$H$2 -> UT : PUDUCHERRY | G2: ='[1]Annex-4(b)'!G2 -> ANNEX-IV(b)
A3: ='[1]Annex-4(b)'!A3 -> DISTRIBUTION OF SAMPLE VILLAGES ACCORDING TO SL./SUB.SURVEY NOS. AND GEOGRAPHICAL AREA DURING 2024-25 AND 2023-24
A4: SL. NO. | B4: DISTRIBUTION OF VILLAGES ACCORDING TO SL./SUB-SURVEY NOS. | F4: DISTRIBUTION OF VILLAGES ACCORDING TO GEOGRAPHICAL AREA
B5: CLASS INT. (SL. / SUB SURVEY NOS.) | C5: NO. OF VILLAGES/ MOUZAS | D5: (%) 0.00 | F5: CLASS INT. (GEOGRAPHICAL AREA IN HA) | G5: NO. OF VILLAGES | H5: (%) 0.00
A6: (1) | B6: (2) | C6: (3) | D6: (4) | F6: (5) | G6: (6) | H6: (7)
A7: =common!$J$4 -> YEAR 2024-25
A8: 1 | B8: UP TO 50 | C8: ='[1]Annex-4(b)'!C8&" " -> 0 | D8: =FIXED('[1]Annex-4(b)'!D8,1)&" " -> 0.0 | F8: UP TO 50 | G8: ='[1]Annex-4(b)'!G8&" " -> 0 | H8: =FIXED('[1]Annex-4(b)'!H8,1)&" " -> 0.0
A9: 2 | B9: 51 to 100 | C9: ='[1]Annex-4(b)'!C9&" " -> 0 | D9: =FIXED('[1]Annex-4(b)'!D9,1)&" " -> 0.0 | F9: 51 to 100 | G9: ='[1]Annex-4(b)'!G9&" " -> 1 | H9: =FIXED('[1]Annex-4(b)'!H9,1)&" " -> 5.6
A10: 3 | B10: 101 to 200 | C10: ='[1]Annex-4(b)'!C10&" " -> 0 | D10: =FIXED('[1]Annex-4(b)'!D10,1)&" " -> 0.0 | F10: 101 to 200 | G10: ='[1]Annex-4(b)'!G10&" " -> 0 | H10: =FIXED('[1]Annex-4(b)'!H10,1)&" " -> 0.0
A11: 4 | B11: 201 to 400 | C11: ='[1]Annex-4(b)'!C11&" " -> 0 | D11: =FIXED('[1]Annex-4(b)'!D11,1)&" " -> 0.0 | F11: 201 to 400 | G11: ='[1]Annex-4(b)'!G11&" " -> 9 | H11: =FIXED('[1]Annex-4(b)'!H11,1)&" " -> 50.0
A12: 5 | B12: 401 to 600 | C12: ='[1]Annex-4(b)'!C12&" " -> 0 | D12: =FIXED('[1]Annex-4(b)'!D12,1)&" " -> 0.0 | F12: 401 to 600 | G12: ='[1]Annex-4(b)'!G12&" " -> 6 | H12: =FIXED('[1]Annex-4(b)'!H12,1)&" " -> 33.3
A13: 6 | B13: 601 to 800 | C13: ='[1]Annex-4(b)'!C13&" " -> 3 | D13: =FIXED('[1]Annex-4(b)'!D13,1)&" " -> 16.7 | F13: 601 to 800 | G13: ='[1]Annex-4(b)'!G13&" " -> 2 | H13: =FIXED('[1]Annex-4(b)'!H13,1)&" " -> 11.1
A14: 7 | B14: 801 to 1000 | C14: ='[1]Annex-4(b)'!C14&" " -> 3 | D14: =FIXED('[1]Annex-4(b)'!D14,1)&" " -> 16.7 | F14: 801 to 1000 | G14: ='[1]Annex-4(b)'!G14&" " -> 0 | H14: =FIXED('[1]Annex-4(b)'!H14,1)&" " -> 0.0
A15: 8 | B15: 1001 to 5000 | C15: ='[1]Annex-4(b)'!C15&" " -> 12 | D15: =FIXED('[1]Annex-4(b)'!D15,1)&" " -> 66.6 | F15: 1001 to 3000 | G15: ='[1]Annex-4(b)'!G15&" " -> 0 | H15: =FIXED('[1]Annex-4(b)'!H15,1)&" " -> 0.0
A16: 9 | B16: ABOVE 5000 | C16: ='[1]Annex-4(b)'!C16&" " -> 0 | D16: =FIXED('[1]Annex-4(b)'!D16,1)&" " -> 0.0 | F16: MORE THAN 3000 | G16: ='[1]Annex-4(b)'!G16&" " -> 0 | H16: =FIXED('[1]Annex-4(b)'!H16,1)&" " -> 0.0
A17: 10 | B17: NOT REPORTED | C17: ='[1]Annex-4(b)'!C17&" " -> 0 | D17: =FIXED('[1]Annex-4(b)'!D17,1)&" " -> 0.0 | F17: NOT REPORTED | G17: ='[1]Annex-4(b)'!G17&" " -> 0 | H17: =FIXED('[1]Annex-4(b)'!H17,1)&" " -> 0.0
A18: TOTAL | C18: ='[1]Annex-4(b)'!C18&" " -> 18 | D18: =FIXED('[1]Annex-4(b)'!D18,1)&" " -> 100.0 | F18: TOTAL | G18: ='[1]Annex-4(b)'!G18&" " -> 18 | H18: =FIXED('[1]Annex-4(b)'!H18,1)&" " -> 100.0
A19: =common!$J$5 -> YEAR 2023-24
A20: 1 | B20: UP TO 50 | C20: ='[1]Annex-4(b)'!C20&" " -> 0 | D20: =FIXED('[1]Annex-4(b)'!D20,1)&" " -> 0.0 | F20: UP TO 50 | G20: ='[1]Annex-4(b)'!G20&" " -> 0 | H20: =FIXED('[1]Annex-4(b)'!H20,1)&" " -> 0.0
A21: 2 | B21: 51 to 100 | C21: ='[1]Annex-4(b)'!C21&" " -> 0 | D21: =FIXED('[1]Annex-4(b)'!D21,1)&" " -> 0.0 | F21: 51 to 100 | G21: ='[1]Annex-4(b)'!G21&" " -> 0 | H21: =FIXED('[1]Annex-4(b)'!H21,1)&" " -> 0.0
A22: 3 | B22: 101 to 200 | C22: ='[1]Annex-4(b)'!C22&" " -> 0 | D22: =FIXED('[1]Annex-4(b)'!D22,1)&" " -> 0.0 | F22: 101 to 200 | G22: ='[1]Annex-4(b)'!G22&" " -> 2 | H22: =FIXED('[1]Annex-4(b)'!H22,1)&" " -> 11.1
A23: 4 | B23: 201 to 400 | C23: ='[1]Annex-4(b)'!C23&" " -> 0 | D23: =FIXED('[1]Annex-4(b)'!D23,1)&" " -> 0.0 | F23: 201 to 400 | G23: ='[1]Annex-4(b)'!G23&" " -> 8 | H23: =FIXED('[1]Annex-4(b)'!H23,1)&" " -> 44.4
A24: 5 | B24: 401 to 600 | C24: ='[1]Annex-4(b)'!C24&" " -> 2 | D24: =FIXED('[1]Annex-4(b)'!D24,1)&" " -> 11.1 | F24: 401 to 600 | G24: ='[1]Annex-4(b)'!G24&" " -> 6 | H24: =FIXED('[1]Annex-4(b)'!H24,1)&" " -> 33.3
A25: 6 | B25: 601 to 800 | C25: ='[1]Annex-4(b)'!C25&" " -> 0 | D25: =FIXED('[1]Annex-4(b)'!D25,1)&" " -> 0.0 | F25: 601 to 800 | G25: ='[1]Annex-4(b)'!G25&" " -> 1 | H25: =FIXED('[1]Annex-4(b)'!H25,1)&" " -> 5.6
A26: 7 | B26: 801 to 1000 | C26: ='[1]Annex-4(b)'!C26&" " -> 4 | D26: =FIXED('[1]Annex-4(b)'!D26,1)&" " -> 22.2 | F26: 801 to 1000 | G26: ='[1]Annex-4(b)'!G26&" " -> 1 | H26: =FIXED('[1]Annex-4(b)'!H26,1)&" " -> 5.6
A27: 8 | B27: 1001 to 5000 | C27: ='[1]Annex-4(b)'!C27&" " -> 12 | D27: =FIXED('[1]Annex-4(b)'!D27,1)&" " -> 66.7 | F27: 1001 to 3000 | G27: ='[1]Annex-4(b)'!G27&" " -> 0 | H27: =FIXED('[1]Annex-4(b)'!H27,1)&" " -> 0.0
A28: 9 | B28: ABOVE 5000 | C28: ='[1]Annex-4(b)'!C28&" " -> 0 | D28: =FIXED('[1]Annex-4(b)'!D28,1)&" " -> 0.0 | F28: MORE THAN 3000 | G28: ='[1]Annex-4(b)'!G28&" " -> 0 | H28: =FIXED('[1]Annex-4(b)'!H28,1)&" " -> 0.0
A29: 10 | B29: NOT REPORTED | C29: ='[1]Annex-4(b)'!C29&" " -> 0 | D29: =FIXED('[1]Annex-4(b)'!D29,1)&" " -> 0.0 | F29: NOT REPORTED | G29: ='[1]Annex-4(b)'!G29&" " -> 0 | H29: =FIXED('[1]Annex-4(b)'!H29,1)&" " -> 0.0
A30: TOTAL | C30: ='[1]Annex-4(b)'!C30&" " -> 18 | D30: =FIXED('[1]Annex-4(b)'!D30,1)&" " -> 100.0 | F30: TOTAL | G30: ='[1]Annex-4(b)'!G30&" " -> 18 | H30: =FIXED('[1]Annex-4(b)'!H30,1)&" " -> 100.0

Sheet Annex-V
A1: A-2
A2: =common!$H$2 -> UT : PUDUCHERRY | B2: =common!$H$2 -> UT : PUDUCHERRY | C2: =common!$H$2 -> UT : PUDUCHERRY | D2: =common!$H$2 -> UT : PUDUCHERRY | E2: =common!$H$2 -> UT : PUDUCHERRY | F2: =common!$H$2 -> UT : PUDUCHERRY | G2: =common!$H$2 -> UT : PUDUCHERRY | H2: =common!$H$2 -> UT : PUDUCHERRY | I2: =common!$H$2 -> UT : PUDUCHERRY | J2: ='[1]Annex-5'!J2 -> ANNEX-V
A3: ='[1]Annex-5'!A3 -> TIMELINESS IN COMPLETION OF TRS AREA ENUMERATION (NO. OF VILLAGES) DURING 2024-25 AND 2023-24.
A4: SEASON/ AGENCY | B4: NUMBER (PERCENTAGE) OF VILLAGES WHERE
B5: GIRDAWARI COMPLETED | E5: GIRDAWARI PARTIALLY COMPLETED | F5: GIRDAWARI NOT YET STARTED | G5: INFORMATION ABOUT COMPLETION OF GIRDAWARI NOT AVAILABLE | H5: SYSTEM OF GIRDAWARI DOES NOT EXIST | I5: TOTAL | J5: MAINTENANCE OF RECORDS
B6: IN TIME | C6: LATE | D6: BUT DATE OF COMPLETION NOT KNOWN | J6: LATEST FORM USED FOR GIRDAWARI | K6: RECORDS OF GIRDAWARI KEPT IN REGULAR FORM
A7: (1) | B7: (2) | C7: (3) | D7: (4) | E7: (5) | F7: (6) | G7: (7) | H7: (8) | I7: (9) | J7: (10) | K7: (11)
A8: =common!$H$4 -> RABI I 2024-25
A9: CENTRAL | B9: ='[1]Annex-5'!B9 -> 8( 88.9) | C9: ='[1]Annex-5'!C9 -> 1( 11.1) | D9: ='[1]Annex-5'!D9 -> 0( 0.0) | E9: ='[1]Annex-5'!E9 -> 0( 0.0) | F9: ='[1]Annex-5'!F9 -> 0( 0.0) | G9: ='[1]Annex-5'!G9 -> 0( 0.0) | H9: ='[1]Annex-5'!H9 -> 0( 0.0) | I9: ='[1]Annex-5'!I9 -> 9(100.0) | ... K9: ='[1]Annex-5'!K9 -> 9(100.0)
A10: STATE | B10: ='[1]Annex-5'!B10 -> 9(100.0) | C10: ='[1]Annex-5'!C10 -> 0( 0.0) | D10: ='[1]Annex-5'!D10 -> 0( 0.0) | E10: ='[1]Annex-5'!E10 -> 0( 0.0) | F10: ='[1]Annex-5'!F10 -> 0( 0.0) | G10: ='[1]Annex-5'!G10 -> 0( 0.0) | H10: ='[1]Annex-5'!H10 -> 0( 0.0) | I10: ='[1]Annex-5'!I10 -> 9(100.0) | ... K10: ='[1]Annex-5'!K10 -> 3( 33.3)
A11: POOLED | B11: ='[1]Annex-5'!B11 -> 17( 94.4) | C11: ='[1]Annex-5'!C11 -> 1( 5.6) | D11: ='[1]Annex-5'!D11 -> 0( 0.0) | E11: ='[1]Annex-5'!E11 -> 0( 0.0) | F11: ='[1]Annex-5'!F11 -> 0( 0.0) | G11: ='[1]Annex-5'!G11 -> 0( 0.0) | H11: ='[1]Annex-5'!H11 -> 0( 0.0) | I11: ='[1]Annex-5'!I11 -> 18(100.0) | ... K11: ='[1]Annex-5'!K11 -> 12( 66.7)
A12: =common!$I$4 -> RABI II 2024-25
A13: CENTRAL | B13: ='[1]Annex-5'!B13 -> 9(100.0) | C13: ='[1]Annex-5'!C13 -> 0( 0.0) | D13: ='[1]Annex-5'!D13 -> 0( 0.0) | E13: ='[1]Annex-5'!E13 -> 0( 0.0) | F13: ='[1]Annex-5'!F13 -> 0( 0.0) | G13: ='[1]Annex-5'!G13 -> 0( 0.0) | H13: ='[1]Annex-5'!H13 -> 0( 0.0) | I13: ='[1]Annex-5'!I13 -> 9(100.0) | ... K13: ='[1]Annex-5'!K13 -> 9(100.0)
A14: STATE | B14: ='[1]Annex-5'!B14 -> 9(100.0) | C14: ='[1]Annex-5'!C14 -> 0( 0.0) | D14: ='[1]Annex-5'!D14 -> 0( 0.0) | E14: ='[1]Annex-5'!E14 -> 0( 0.0) | F14: ='[1]Annex-5'!F14 -> 0( 0.0) | G14: ='[1]Annex-5'!G14 -> 0( 0.0) | H14: ='[1]Annex-5'!H14 -> 0( 0.0) | I14: ='[1]Annex-5'!I14 -> 9(100.0) | ... K14: ='[1]Annex-5'!K14 -> 5( 55.6)
A15: POOLED | B15: ='[1]Annex-5'!B15 -> 18(100.0) | C15: ='[1]Annex-5'!C15 -> 0( 0.0) | D15: ='[1]Annex-5'!D15 -> 0( 0.0) | E15: ='[1]Annex-5'!E15 -> 0( 0.0) | F15: ='[1]Annex-5'!F15 -> 0( 0.0) | G15: ='[1]Annex-5'!G15 -> 0( 0.0) | H15: ='[1]Annex-5'!H15 -> 0( 0.0) | I15: ='[1]Annex-5'!I15 -> 18(100.0) | ... K15: ='[1]Annex-5'!K15 -> 14( 77.8)
A16: =common!$H$5 -> RABI I 2023-24
A17: CENTRAL | B17: ='[1]Annex-5'!B18 -> 9(100.0) | C17: ='[1]Annex-5'!C18 -> 0( 0.0) | D17: ='[1]Annex-5'!D18 -> 0( 0.0) | E17: ='[1]Annex-5'!E18 -> 0( 0.0) | F17: ='[1]Annex-5'!F18 -> 0( 0.0) | G17: ='[1]Annex-5'!G18 -> 0( 0.0) | H17: ='[1]Annex-5'!H18 -> 0( 0.0) | I17: ='[1]Annex-5'!I18 -> 9(100.0) | ... K17: ='[1]Annex-5'!K18 -> 9(100.0)
A18: STATE | B18: ='[1]Annex-5'!B19 -> 9(100.0) | C18: ='[1]Annex-5'!C19 -> 0( 0.0) | D18: ='[1]Annex-5'!D19 -> 0( 0.0) | E18: ='[1]Annex-5'!E19 -> 0( 0.0) | F18: ='[1]Annex-5'!F19 -> 0( 0.0) | G18: ='[1]Annex-5'!G19 -> 0( 0.0) | H18: ='[1]Annex-5'!H19 -> 0( 0.0) | I18: ='[1]Annex-5'!I19 -> 9(100.0) | ... K18: ='[1]Annex-5'!K19 -> 9(100.0)
A19: POOLED | B19: ='[1]Annex-5'!B20 -> 18(100.0) | C19: ='[1]Annex-5'!C20 -> 0( 0.0) | D19: ='[1]Annex-5'!D20 -> 0( 0.0) | E19: ='[1]Annex-5'!E20 -> 0( 0.0) | F19: ='[1]Annex-5'!F20 -> 0( 0.0) | G19: ='[1]Annex-5'!G20 -> 0( 0.0) | H19: ='[1]Annex-5'!H20 -> 0( 0.0) | I19: ='[1]Annex-5'!I20 -> 18(100.0) | ... K19: ='[1]Annex-5'!K20 -> 18(100.0)
A20: =common!$I$5 -> RABI II 2023-24
A21: CENTRAL | B21: ='[1]Annex-5'!B22 -> 9(100.0) | C21: ='[1]Annex-5'!C22 -> 0( 0.0) | D21: ='[1]Annex-5'!D22 -> 0( 0.0) | E21: ='[1]Annex-5'!E22 -> 0( 0.0) | F21: ='[1]Annex-5'!F22 -> 0( 0.0) | G21: ='[1]Annex-5'!G22 -> 0( 0.0) | H21: ='[1]Annex-5'!H22 -> 0( 0.0) | I21: ='[1]Annex-5'!I22 -> 9(100.0) | ... K21: ='[1]Annex-5'!K22 -> 9(100.0)
A22: STATE | B22: ='[1]Annex-5'!B23 -> 9(100.0) | C22: ='[1]Annex-5'!C23 -> 0( 0.0) | D22: ='[1]Annex-5'!D23 -> 0( 0.0) | E22: ='[1]Annex-5'!E23 -> 0( 0.0) | F22: ='[1]Annex-5'!F23 -> 0( 0.0) | G22: ='[1]Annex-5'!G23 -> 0( 0.0) | H22: ='[1]Annex-5'!H23 -> 0( 0.0) | I22: ='[1]Annex-5'!I23 -> 9(100.0) | ... K22: ='[1]Annex-5'!K23 -> 9(100.0)
A23: POOLED | B23: ='[1]Annex-5'!B24 -> 18(100.0) | C23: ='[1]Annex-5'!C24 -> 0( 0.0) | D23: ='[1]Annex-5'!D24 -> 0( 0.0) | E23: ='[1]Annex-5'!E24 -> 0( 0.0) | F23: ='[1]Annex-5'!F24 -> 0( 0.0) | G23: ='[1]Annex-5'!G24 -> 0( 0.0) | H23: ='[1]Annex-5'!H24 -> 0( 0.0) | I23: ='[1]Annex-5'!I24 -> 18(100.0) | ... K23: ='[1]Annex-5'!K24 -> 18(100.0)

Sheet Annex-VI
A1: A-3
A2: =common!$H$2 -> UT : PUDUCHERRY | B2: =common!$H$2 -> UT : PUDUCHERRY | C2: =common!$H$2 -> UT : PUDUCHERRY | D2: =common!$H$2 -> UT : PUDUCHERRY | E2: =common!$H$2 -> UT : PUDUCHERRY | F2: =common!$H$2 -> UT : PUDUCHERRY | G2: =common!$H$2 -> UT : PUDUCHERRY | H2: =common!$H$2 -> UT : PUDUCHERRY | ... N2: =common!$H$2 -> UT : PUDUCHERRY | O2: ='[1]Annex-6'!O3 -> ANNEX-VI
A3: ='[1]Annex-6'!A4 -> TIMELINESS IN SUBMISSION OF TRS STATEMENTS DURING 2024-25 AND 2023-24
A4: SEASON / AGENCY | B4: TOTAL NO. OF VILLAGES ANALYSED | C4: NUMBER AND PERCENTAGE OF VILLAGES FOR WHICH
C5: TRS STATEMENT SUBMITTED | J5: TRS STATEMENT NOT SUBMITTED | N5: INFORMATION REGARDING TRS SUBMISSION NOT AVAILABLE | O5: TRS STATEMENT SUBMITTED IN STANDARD FORM | P5: DUPLICATE COPY OF THE TRS STATEMENT KEPT
C6: WITHOUT COMPLETING GIRDAWARI | E6: AFTER COMPLETING GIRDAWARI | G6: INFORMATION REGARDING TRS SUBMISSION DATE NOT KNOWN | H6: BUT COULD NOT BE COMPARED WITH GIRDAWARI COMPLETION | I6: TOTAL | J6: THOUGH GIRDAWARI COMPLETED | L6: GIRDAWARI NOT COMPLETED | M6: TOTAL
C7: BY DUE DATE | D7: AFTER DUE DATE | E7: BY DUE DATE | F7: AFTER DUE DATE | J7: AS DUE DATE NOT OVER | K7: OTHER REASONS
A8: (1) | B8: (2) | C8: (3) | D8: (4) | E8: (5) | F8: (6) | G8: (7) | H8: (8) | I8: (9) | J8: (10) | K8: (11) | L8: (12) | M8: (13) | N8: (14) | O8: (15) | P8: (16)
A9: =common!$H$4 -> RABI I 2024-25
A10: CENTRAL | B10: ='[1]Annex-6'!B11&" " -> 9 | C10: ='[1]Annex-6'!C11 -> 0( 0.0) | D10: ='[1]Annex-6'!D11 -> 0( 0.0) | E10: ='[1]Annex-6'!E11 -> 8( 88.9) | F10: ='[1]Annex-6'!F11 -> 1( 11.1) | G10: ='[1]Annex-6'!G11 -> 0( 0.0) | H10: ='[1]Annex-6'!H11 -> 0( 0.0) | I10: ='[1]Annex-6'!I11 -> 9(100.0) | J10: ='[1]Annex-6'!J11 -> 0( 0.0) | ... P10: ='[1]Annex-6'!P11 -> 9(100.0)
A11: STATE | B11: ='[1]Annex-6'!B12&" " -> 9 | C11: ='[1]Annex-6'!C12 -> 0( 0.0) | D11: ='[1]Annex-6'!D12 -> 0( 0.0) | E11: ='[1]Annex-6'!E12 -> 9(100.0) | F11: ='[1]Annex-6'!F12 -> 0( 0.0) | G11: ='[1]Annex-6'!G12 -> 0( 0.0) | H11: ='[1]Annex-6'!H12 -> 0( 0.0) | I11: ='[1]Annex-6'!I12 -> 9(100.0) | J11: ='[1]Annex-6'!J12 -> 0( 0.0) | ... P11: ='[1]Annex-6'!P12 -> 9(100.0)
A12: POOLED | B12: ='[1]Annex-6'!B13&" " -> 18 | C12: ='[1]Annex-6'!C13 -> 0( 0.0) | D12: ='[1]Annex-6'!D13 -> 0( 0.0) | E12: ='[1]Annex-6'!E13 -> 17( 94.4) | F12: ='[1]Annex-6'!F13 -> 1( 5.6) | G12: ='[1]Annex-6'!G13 -> 0( 0.0) | H12: ='[1]Annex-6'!H13 -> 0( 0.0) | I12: ='[1]Annex-6'!I13 -> 18(100.0) | J12: ='[1]Annex-6'!J13 -> 0( 0.0) | ... P12: ='[1]Annex-6'!P13 -> 18(100.0)
A13: =common!$I$4 -> RABI II 2024-25
A14: CENTRAL | B14: ='[1]Annex-6'!B15&" " -> 9 | C14: ='[1]Annex-6'!C15 -> 0( 0.0) | D14: ='[1]Annex-6'!D15 -> 0( 0.0) | E14: ='[1]Annex-6'!E15 -> 9(100.0) | F14: ='[1]Annex-6'!F15 -> 0( 0.0) | G14: ='[1]Annex-6'!G15 -> 0( 0.0) | H14: ='[1]Annex-6'!H15 -> 0( 0.0) | I14: ='[1]Annex-6'!I15 -> 9(100.0) | J14: ='[1]Annex-6'!J15 -> 0( 0.0) | ... P14: ='[1]Annex-6'!P15 -> 9(100.0)
A15: STATE | B15: ='[1]Annex-6'!B16&" " -> 9 | C15: ='[1]Annex-6'!C16 -> 0( 0.0) | D15: ='[1]Annex-6'!D16 -> 0( 0.0) | E15: ='[1]Annex-6'!E16 -> 9(100.0) | F15: ='[1]Annex-6'!F16 -> 0( 0.0) | G15: ='[1]Annex-6'!G16 -> 0( 0.0) | H15: ='[1]Annex-6'!H16 -> 0( 0.0) | I15: ='[1]Annex-6'!I16 -> 9(100.0) | J15: ='[1]Annex-6'!J16 -> 0( 0.0) | ... P15: ='[1]Annex-6'!P16 -> 9(100.0)
A16: POOLED | B16: ='[1]Annex-6'!B17&" " -> 18 | C16: ='[1]Annex-6'!C17 -> 0( 0.0) | D16: ='[1]Annex-6'!D17 -> 0( 0.0) | E16: ='[1]Annex-6'!E17 -> 18(100.0) | F16: ='[1]Annex-6'!F17 -> 0( 0.0) | G16: ='[1]Annex-6'!G17 -> 0( 0.0) | H16: ='[1]Annex-6'!H17 -> 0( 0.0) | I16: ='[1]Annex-6'!I17 -> 18(100.0) | J16: ='[1]Annex-6'!J17 -> 0( 0.0) | ... P16: ='[1]Annex-6'!P17 -> 18(100.0)
A17: =common!$H$5 -> RABI I 2023-24
A18: CENTRAL | B18: ='[1]Annex-6'!B20&" " -> 9 | C18: ='[1]Annex-6'!C20 -> 0( 0.0) | D18: ='[1]Annex-6'!D20 -> 0( 0.0) | E18: ='[1]Annex-6'!E20 -> 9(100.0) | F18: ='[1]Annex-6'!F20 -> 0( 0.0) | G18: ='[1]Annex-6'!G20 -> 0( 0.0) | H18: ='[1]Annex-6'!H20 -> 0( 0.0) | I18: ='[1]Annex-6'!I20 -> 9(100.0) | J18: ='[1]Annex-6'!J20 -> 0( 0.0) | ... P18: ='[1]Annex-6'!P20 -> 9(100.0)
A19: STATE | B19: ='[1]Annex-6'!B21&" " -> 9 | C19: ='[1]Annex-6'!C21 -> 0( 0.0) | D19: ='[1]Annex-6'!D21 -> 0( 0.0) | E19: ='[1]Annex-6'!E21 -> 9(100.0) | F19: ='[1]Annex-6'!F21 -> 0( 0.0) | G19: ='[1]Annex-6'!G21 -> 0( 0.0) | H19: ='[1]Annex-6'!H21 -> 0( 0.0) | I19: ='[1]Annex-6'!I21 -> 9(100.0) | J19: ='[1]Annex-6'!J21 -> 0( 0.0) | ... P19: ='[1]Annex-6'!P21 -> 9(100.0)
A20: POOLED | B20: ='[1]Annex-6'!B22&" " -> 18 | C20: ='[1]Annex-6'!C22 -> 0( 0.0) | D20: ='[1]Annex-6'!D22 -> 0( 0.0) | E20: ='[1]Annex-6'!E22 -> 18(100.0) | F20: ='[1]Annex-6'!F22 -> 0( 0.0) | G20: ='[1]Annex-6'!G22 -> 0( 0.0) | H20: ='[1]Annex-6'!H22 -> 0( 0.0) | I20: ='[1]Annex-6'!I22 -> 18(100.0) | J20: ='[1]Annex-6'!J22 -> 0( 0.0) | ... P20: ='[1]Annex-6'!P22 -> 18(100.0)
A21: =common!$I$5 -> RABI II 2023-24
A22: CENTRAL | B22: ='[1]Annex-6'!B24&" " -> 9 | C22: ='[1]Annex-6'!C24 -> 0( 0.0) | D22: ='[1]Annex-6'!D24 -> 0( 0.0) | E22: ='[1]Annex-6'!E24 -> 9(100.0) | F22: ='[1]Annex-6'!F24 -> 0( 0.0) | G22: ='[1]Annex-6'!G24 -> 0( 0.0) | H22: ='[1]Annex-6'!H24 -> 0( 0.0) | I22: ='[1]Annex-6'!I24 -> 9(100.0) | J22: ='[1]Annex-6'!J24 -> 0( 0.0) | ... P22: ='[1]Annex-6'!P24 -> 9(100.0)
A23: STATE | B23: ='[1]Annex-6'!B25&" " -> 9 | C23: ='[1]Annex-6'!C25 -> 0( 0.0) | D23: ='[1]Annex-6'!D25 -> 0( 0.0) | E23: ='[1]Annex-6'!E25 -> 9(100.0) | F23: ='[1]Annex-6'!F25 -> 0( 0.0) | G23: ='[1]Annex-6'!G25 -> 0( 0.0) | H23: ='[1]Annex-6'!H25 -> 0( 0.0) | I23: ='[1]Annex-6'!I25 -> 9(100.0) | J23: ='[1]Annex-6'!J25 -> 0( 0.0) | ... P23: ='[1]Annex-6'!P25 -> 9(100.0)
A24: POOLED | B24: ='[1]Annex-6'!B26&" " -> 18 | C24: ='[1]Annex-6'!C26 -> 0( 0.0) | D24: ='[1]Annex-6'!D26 -> 0( 0.0) | E24: ='[1]Annex-6'!E26 -> 18(100.0) | F24: ='[1]Annex-6'!F26 -> 0( 0.0) | G24: ='[1]Annex-6'!G26 -> 0( 0.0) | H24: ='[1]Annex-6'!H26 -> 0( 0.0) | I24: ='[1]Annex-6'!I26 -> 18(100.0) | J24: ='[1]Annex-6'!J26 -> 0( 0.0) | ... P24: ='[1]Annex-6'!P26 -> 18(100.0)

Sheet Annex-VII(a)
A1: A-4
A2: =common!$H$2 -> UT : PUDUCHERRY | D2: ='[1]Annex-7(a)'!D2 -> ANNEX-VII(a)
A3: ='[1]Annex-7(a)'!A3 -> AVAILABILITY OF FIGURES OF CROP AREA DURING 2024-25 AND 2023-24 (POOLED SAMPLE)
A4: YEAR/ SEASON | B4: NO. OF VILLAGES ANALYSED | C4: NO.(PERCENTAGE) OF VILLAGES FOR WHICH CROP AREA FIGURES WERE NOT AVAILABLE
C5: FOR CURRENT YEAR | D5: FOR PREVIOUS YEAR (FOR NON-TRS)
C6: FOR VILLAGE AS A WHOLE | D6: FOR SAMPLE CLUSTERS | E6: FOR VILLAGE AS A WHOLE
A7: (1) | B7: (2) | C7: (3) | D7: (4) | E7: (5)
A8: =common!$J$4 -> YEAR 2024-25
A9: ='[1]Annex-7(a)'!A10 -> RABI I | B9: ='[1]Annex-7(a)'!B10 -> 18 | C9: ='[1]Annex-7(a)'!C10 -> 0( 0.0) | D9: ='[1]Annex-7(a)'!D10 -> 5( 27.8) | E9: ='[1]Annex-7(a)'!E10 -> 0( 0.0)
A10: ='[1]Annex-7(a)'!A11 -> RABI II | B10: ='[1]Annex-7(a)'!B11 -> 18 | C10: ='[1]Annex-7(a)'!C11 -> 0( 0.0) | D10: ='[1]Annex-7(a)'!D11 -> 8( 44.4) | E10: ='[1]Annex-7(a)'!E11 -> 0( 0.0)
A11: =common!$J$5 -> YEAR 2023-24
A12: ='[1]Annex-7(a)'!A13 -> RABI I | B12: ='[1]Annex-7(a)'!B13 -> 18 | C12: ='[1]Annex-7(a)'!C13 -> 2( 11.1) | D12: ='[1]Annex-7(a)'!D13 -> 2( 11.1) | E12: ='[1]Annex-7(a)'!E13 -> 0( 0.0)
A13: ='[1]Annex-7(a)'!A14 -> RABI II | B13: ='[1]Annex-7(a)'!B14 -> 18 | C13: ='[1]Annex-7(a)'!C14 -> 0( 0.0) | D13: ='[1]Annex-7(a)'!D14 -> 7( 38.9) | E13: ='[1]Annex-7(a)'!E14 -> 0( 0.0)

Sheet Annex-VII(b)
A1: A-5
A2: =common!$H$2 -> UT : PUDUCHERRY | B2: =common!$H$2 -> UT : PUDUCHERRY | C2: =common!$H$2 -> UT : PUDUCHERRY | D2: =common!$H$2 -> UT : PUDUCHERRY | E2: =common!$H$2 -> UT : PUDUCHERRY | F2: ='[2]Annex-7(b)'!F2 -> ANNEX-VII(b)
A3: ='[2]Annex-7(b)'!A3 -> DISCREPANCIES IN RECORDING OF CROPS AND CROP AREAS DURING 0 AND 0.
A4: YEAR/ SEASON/ AGENCY | B4: NO. OF SURVEY / SUB SURVEY NUMBERS
B5: TOTAL | C5: WHERE CROP AREA TALLIED (E0) | D5: WHERE DISCREPANCIES OBSERVED
D6: CROP REPORTED BY SUPERVISOR BUT NOT REPORTED BY PATWARI (E1) | E6: CROP REPORTED BY PATWARI BUT NOT REPORTED BY SUPERVISOR (E2) | F6: CROP AREAS REPORTED BY SUPERVISOR AND PATWARI DIFFERED (E3) | G6: TOTAL COLS. (4+5+6)
A7: (1) | B7: (2) | C7: (3) | D7: (4) | E7: (5) | F7: (6) | G7: (7)
A8: =common!$H$4 -> RABI I 2024-25
A9: ='[2]Annex-7(b)'!A9 -> CENTRAL | B9: ='[2]Annex-7(b)'!B9&" " -> 52 | C9: ='[2]Annex-7(b)'!C9 -> 34( 65.4) | D9: ='[2]Annex-7(b)'!D9&" " -> 0( 0.0) | E9: ='[2]Annex-7(b)'!E9&" " -> 14( 26.9) | F9: ='[2]Annex-7(b)'!F9&" " -> 4( 7.7) | G9: ='[2]Annex-7(b)'!G9&" " -> 18( 34.6)
A10: ='[2]Annex-7(b)'!A10 -> STATE | B10: ='[2]Annex-7(b)'!B10&" " -> 182 | C10: ='[2]Annex-7(b)'!C10 -> 176( 96.7) | D10: ='[2]Annex-7(b)'!D10&" " -> 2( 1.1) | E10: ='[2]Annex-7(b)'!E10&" " -> 2( 1.1) | F10: ='[2]Annex-7(b)'!F10&" " -> 2( 1.1) | G10: ='[2]Annex-7(b)'!G10&" " -> 6( 3.3)
A11: ='[2]Annex-7(b)'!A11 -> POOLED | B11: ='[2]Annex-7(b)'!B11&" " -> 234 | C11: ='[2]Annex-7(b)'!C11 -> 210( 89.7) | D11: ='[2]Annex-7(b)'!D11&" " -> 2( 0.9) | E11: ='[2]Annex-7(b)'!E11&" " -> 16( 6.8) | F11: ='[2]Annex-7(b)'!F11&" " -> 6( 2.6) | G11: ='[2]Annex-7(b)'!G11&" " -> 24( 10.3)
A12: =common!$I$4 -> RABI II 2024-25
A13: ='[2]Annex-7(b)'!A13 -> CENTRAL | B13: ='[2]Annex-7(b)'!B13&" " -> 32 | C13: ='[2]Annex-7(b)'!C13 -> 20( 62.5) | D13: ='[2]Annex-7(b)'!D13&" " -> 0( 0.0) | E13: ='[2]Annex-7(b)'!E13&" " -> 12( 37.5) | F13: ='[2]Annex-7(b)'!F13&" " -> 0( 0.0) | G13: ='[2]Annex-7(b)'!G13&" " -> 12( 37.5)
A14: ='[2]Annex-7(b)'!A14 -> STATE | B14: ='[2]Annex-7(b)'!B14&" " -> 110 | C14: ='[2]Annex-7(b)'!C14 -> 108( 98.2) | D14: ='[2]Annex-7(b)'!D14&" " -> 0( 0.0) | E14: ='[2]Annex-7(b)'!E14&" " -> 0( 0.0) | F14: ='[2]Annex-7(b)'!F14&" " -> 2( 1.8) | G14: ='[2]Annex-7(b)'!G14&" " -> 2( 1.8)
A15: ='[2]Annex-7(b)'!A15 -> POOLED | B15: ='[2]Annex-7(b)'!B15&" " -> 142 | C15: ='[2]Annex-7(b)'!C15 -> 128( 90.1) | D15: ='[2]Annex-7(b)'!D15&" " -> 0( 0.0) | E15: ='[2]Annex-7(b)'!E15&" " -> 12( 8.5) | F15: ='[2]Annex-7(b)'!F15&" " -> 2( 1.4) | G15: ='[2]Annex-7(b)'!G15&" " -> 14( 9.9)
A16: =common!$H$5 -> RABI I 2023-24
A17: ='[2]Annex-7(b)'!A18 -> CENTRAL | B17: ='[2]Annex-7(b)'!B18&" " -> 50 | C17: ='[2]Annex-7(b)'!C18 -> 42( 84.0) | D17: ='[2]Annex-7(b)'!D18&" " -> 0( 0.0) | E17: ='[2]Annex-7(b)'!E18&" " -> 5( 10.0) | F17: ='[2]Annex-7(b)'!F18&" " -> 3( 6.0) | G17: ='[2]Annex-7(b)'!G18&" " -> 8( 16.0)
A18: ='[2]Annex-7(b)'!A19 -> STATE | B18: ='[2]Annex-7(b)'!B19&" " -> 37 | C18: ='[2]Annex-7(b)'!C19 -> 37(100.0) | D18: ='[2]Annex-7(b)'!D19&" " -> 0( 0.0) | E18: ='[2]Annex-7(b)'!E19&" " -> 0( 0.0) | F18: ='[2]Annex-7(b)'!F19&" " -> 0( 0.0) | G18: ='[2]Annex-7(b)'!G19&" " -> 0( 0.0)
A19: ='[2]Annex-7(b)'!A20 -> POOLED | B19: ='[2]Annex-7(b)'!B20&" " -> 87 | C19: ='[2]Annex-7(b)'!C20 -> 79( 90.9) | D19: ='[2]Annex-7(b)'!D20&" " -> 0( 0.0) | E19: ='[2]Annex-7(b)'!E20&" " -> 5( 5.7) | F19: ='[2]Annex-7(b)'!F20&" " -> 3( 3.4) | G19: ='[2]Annex-7(b)'!G20&" " -> 8( 9.1)
A20: =common!$I$5 -> RABI II 2023-24
A21: ='[2]Annex-7(b)'!A22 -> CENTRAL | B21: ='[2]Annex-7(b)'!B22&" " -> 35 | C21: ='[2]Annex-7(b)'!C22 -> 31( 88.6) | D21: ='[2]Annex-7(b)'!D22&" " -> 0( 0.0) | E21: ='[2]Annex-7(b)'!E22&" " -> 4( 11.4) | F21: ='[2]Annex-7(b)'!F22&" " -> 0( 0.0) | G21: ='[2]Annex-7(b)'!G22&" " -> 4( 11.4)
A22: ='[2]Annex-7(b)'!A23 -> STATE | B22: ='[2]Annex-7(b)'!B23&" " -> 44 | C22: ='[2]Annex-7(b)'!C23 -> 43( 97.7) | D22: ='[2]Annex-7(b)'!D23&" " -> 0( 0.0) | E22: ='[2]Annex-7(b)'!E23&" " -> 0( 0.0) | F22: ='[2]Annex-7(b)'!F23&" " -> 1( 2.3) | G22: ='[2]Annex-7(b)'!G23&" " -> 1( 2.3)
A23: ='[2]Annex-7(b)'!A24 -> POOLED | B23: ='[2]Annex-7(b)'!B24&" " -> 79 | C23: ='[2]Annex-7(b)'!C24 -> 74( 93.6) | D23: ='[2]Annex-7(b)'!D24&" " -> 0( 0.0) | E23: ='[2]Annex-7(b)'!E24&" " -> 4( 5.1) | F23: ='[2]Annex-7(b)'!F24&" " -> 1( 1.3) | G23: ='[2]Annex-7(b)'!G24&" " -> 5( 6.4)

Sheet Annex-VIII
A1: A-6
A2: =common!$H$2 -> UT : PUDUCHERRY | B2: =common!$H$2 -> UT : PUDUCHERRY | C2: =common!$H$2 -> UT : PUDUCHERRY | D2: =common!$H$2 -> UT : PUDUCHERRY | E2: =common!$H$2 -> UT : PUDUCHERRY | F2: =common!$H$2 -> UT : PUDUCHERRY | G2: ='[3]Annex-8'!$G$3 -> ANNEX-VIII
A3: ='[3]Annex-8'!$A$4 -> IMPACT OF DISCREPANCIES IN RECORDING AREA UNDER CROPS DURING 0 AND 0.
A4: SEASON/ CROP | B4: AREA IN HECTARES AS OBSERVED IN SAMPLE CLUSTERS
B5: CENTRAL SAMPLE | D5: STATE SAMPLE | F5: POOLED SAMPLE | H5: IMPACT OF DISCREPANCIES (b-a/a)*100 (POOLED SAMPLE ONLY)
B6: AS PER SUPERVISOR | C6: AS PER PATWARI | D6: AS PER SUPERVISOR | E6: AS PER PATWARI | F6: AS PER SUPERVISOR (a) | G6: AS PER PATWARI (b)
A7: ='[3]Annex-8'!A$8 -> (1) | B7: ='[3]Annex-8'!B$8 -> (2) | C7: ='[3]Annex-8'!C$8 -> (3) | D7: ='[3]Annex-8'!D$8 -> (4) | E7: ='[3]Annex-8'!E$8 -> (5) | F7: ='[3]Annex-8'!F$8 -> (6) | G7: ='[3]Annex-8'!G$8 -> (7) | H7: ='[3]Annex-8'!I$8 -> (8)
A8: =common!$H$4 -> RABI I 2024-25
A9: =IF([4]Crops!$A7="","",[4]Crops!$A7) -> PADDY | B9: =IF(INT('[3]Annex-8'!B10)='[3]Annex-8'!B10,'[3]Annex-8'!B10&".00 ",IF(INT('[3]Annex-8'!B10*10)='[3]Annex-8'!B10*10,'[3]Annex-8'!B10&"0 ",ROUND('[3]Annex-8'!B10,2)&" ")) -> 4.46 | C9: =IF(INT('[3]Annex-8'!C10)='[3]Annex-8'!C10,'[3]Annex-8'!C10&".00 ",IF(INT('[3]Annex-8'!C10*10)='[3]Annex-8'!C10*10,'[3]Annex-8'!C10&"0 ",ROUND('[3]Annex-8'!C10,2)&" ")) -> 4.59 | D9: =IF(INT('[3]Annex-8'!D10)='[3]Annex-8'!D10,'[3]Annex-8'!D10&".00 ",IF(INT('[3]Annex-8'!D10*10)='[3]Annex-8'!D10*10,'[3]Annex-8'!D10&"0 ",ROUND('[3]Annex-8'!D10,2)&" ")) -> 15.62 | E9: =IF(INT('[3]Annex-8'!E10)='[3]Annex-8'!E10,'[3]Annex-8'!E10&".00 ",IF(INT('[3]Annex-8'!E10*10)='[3]Annex-8'!E10*10,'[3]Annex-8'!E10&"0 ",ROUND('[3]Annex-8'!E10,2)&" ")) -> 15.51 | F9: =IF(INT('[3]Annex-8'!F10)='[3]Annex-8'!F10,'[3]Annex-8'!F10&".00 ",IF(INT('[3]Annex-8'!F10*10)='[3]Annex-8'!F10*10,'[3]Annex-8'!F10&"0 ",ROUND('[3]Annex-8'!F10,2)&" ")) -> 20.08 | G9: =IF(INT('[3]Annex-8'!G10)='[3]Annex-8'!G10,'[3]Annex-8'!G10&".00 ",IF(INT('[3]Annex-8'!G10*10)='[3]Annex-8'!G10*10,'[3]Annex-8'!G10&"0 ",ROUND('[3]Annex-8'!G10,2)&" ")) -> 20.1 | H9: =IF('[3]Annex-8'!H10<0,"(-)"&FIXED(ABS('[3]Annex-8'!H10),2)&" ",FIXED('[3]Annex-8'!H10,2)&" ") -> 0.10
A10: =IF([4]Crops!$A8="","",[4]Crops!$A8) -> OTHERS | B10: =IF(INT('[3]Annex-8'!B11)='[3]Annex-8'!B11,'[3]Annex-8'!B11&".00 ",IF(INT('[3]Annex-8'!B11*10)='[3]Annex-8'!B11*10,'[3]Annex-8'!B11&"0 ",ROUND('[3]Annex-8'!B11,2)&" ")) -> 1.73 | C10: =IF(INT('[3]Annex-8'!C11)='[3]Annex-8'!C11,'[3]Annex-8'!C11&".00 ",IF(INT('[3]Annex-8'!C11*10)='[3]Annex-8'!C11*10,'[3]Annex-8'!C11&"0 ",ROUND('[3]Annex-8'!C11,2)&" ")) -> 2.59 | D10: =IF(INT('[3]Annex-8'!D11)='[3]Annex-8'!D11,'[3]Annex-8'!D11&".00 ",IF(INT('[3]Annex-8'!D11*10)='[3]Annex-8'!D11*10,'[3]Annex-8'!D11&"0 ",ROUND('[3]Annex-8'!D11,2)&" ")) -> 5.89 | E10: =IF(INT('[3]Annex-8'!E11)='[3]Annex-8'!E11,'[3]Annex-8'!E11&".00 ",IF(INT('[3]Annex-8'!E11*10)='[3]Annex-8'!E11*10,'[3]Annex-8'!E11&"0 ",ROUND('[3]Annex-8'!E11,2)&" ")) -> 5.99 | F10: =IF(INT('[3]Annex-8'!F11)='[3]Annex-8'!F11,'[3]Annex-8'!F11&".00 ",IF(INT('[3]Annex-8'!F11*10)='[3]Annex-8'!F11*10,'[3]Annex-8'!F11&"0 ",ROUND('[3]Annex-8'!F11,2)&" ")) -> 7.62 | G10: =IF(INT('[3]Annex-8'!G11)='[3]Annex-8'!G11,'[3]Annex-8'!G11&".00 ",IF(INT('[3]Annex-8'!G11*10)='[3]Annex-8'!G11*10,'[3]Annex-8'!G11&"0 ",ROUND('[3]Annex-8'!G11,2)&" ")) -> 8.58 | H10: =IF('[3]Annex-8'!H11<0,"(-)"&FIXED(ABS('[3]Annex-8'!H11),2)&" ",FIXED('[3]Annex-8'!H11,2)&" ") -> 12.70
A11: =IF([4]Crops!$A9="","",[4]Crops!$A9) | B11: =IF(INT('[3]Annex-8'!B12)='[3]Annex-8'!B12,'[3]Annex-8'!B12&".00 ",IF(INT('[3]Annex-8'!B12*10)='[3]Annex-8'!B12*10,'[3]Annex-8'!B12&"0 ",ROUND('[3]Annex-8'!B12,2)&" ")) -> #VALUE! | C11: =IF(INT('[3]Annex-8'!C12)='[3]Annex-8'!C12,'[3]Annex-8'!C12&".00 ",IF(INT('[3]Annex-8'!C12*10)='[3]Annex-8'!C12*10,'[3]Annex-8'!C12&"0 ",ROUND('[3]Annex-8'!C12,2)&" ")) -> #VALUE! | D11: =IF(INT('[3]Annex-8'!D12)='[3]Annex-8'!D12,'[3]Annex-8'!D12&".00 ",IF(INT('[3]Annex-8'!D12*10)='[3]Annex-8'!D12*10,'[3]Annex-8'!D12&"0 ",ROUND('[3]Annex-8'!D12,2)&" ")) -> #VALUE! | E11: =IF(INT('[3]Annex-8'!E12)='[3]Annex-8'!E12,'[3]Annex-8'!E12&".00 ",IF(INT('[3]Annex-8'!E12*10)='[3]Annex-8'!E12*10,'[3]Annex-8'!E12&"0 ",ROUND('[3]Annex-8'!E12,2)&" ")) -> #VALUE! | F11: =IF(INT('[3]Annex-8'!F12)='[3]Annex-8'!F12,'[3]Annex-8'!F12&".00 ",IF(INT('[3]Annex-8'!F12*10)='[3]Annex-8'!F12*10,'[3]Annex-8'!F12&"0 ",ROUND('[3]Annex-8'!F12,2)&" ")) -> #VALUE! | G11: =IF(INT('[3]Annex-8'!G12)='[3]Annex-8'!G12,'[3]Annex-8'!G12&".00 ",IF(INT('[3]Annex-8'!G12*10)='[3]Annex-8'!G12*10,'[3]Annex-8'!G12&"0 ",ROUND('[3]Annex-8'!G12,2)&" ")) -> #VALUE! | H11: =IF('[3]Annex-8'!H12<0,"(-)"&FIXED(ABS('[3]Annex-8'!H12),2)&" ",FIXED('[3]Annex-8'!H12,2)&" ") -> #VALUE!
A12: =IF([4]Crops!$A10="","",[4]Crops!$A10) | B12: =IF(INT('[3]Annex-8'!B13)='[3]Annex-8'!B13,'[3]Annex-8'!B13&".00 ",IF(INT('[3]Annex-8'!B13*10)='[3]Annex-8'!B13*10,'[3]Annex-8'!B13&"0 ",ROUND('[3]Annex-8'!B13,2)&" ")) -> #VALUE! | C12: =IF(INT('[3]Annex-8'!C13)='[3]Annex-8'!C13,'[3]Annex-8'!C13&".00 ",IF(INT('[3]Annex-8'!C13*10)='[3]Annex-8'!C13*10,'[3]Annex-8'!C13&"0 ",ROUND('[3]Annex-8'!C13,2)&" ")) -> #VALUE! | D12: =IF(INT('[3]Annex-8'!D13)='[3]Annex-8'!D13,'[3]Annex-8'!D13&".00 ",IF(INT('[3]Annex-8'!D13*10)='[3]Annex-8'!D13*10,'[3]Annex-8'!D13&"0 ",ROUND('[3]Annex-8'!D13,2)&" ")) -> #VALUE! | E12: =IF(INT('[3]Annex-8'!E13)='[3]Annex-8'!E13,'[3]Annex-8'!E13&".00 ",IF(INT('[3]Annex-8'!E13*10)='[3]Annex-8'!E13*10,'[3]Annex-8'!E13&"0 ",ROUND('[3]Annex-8'!E13,2)&" ")) -> #VALUE! | F12: =IF(INT('[3]Annex-8'!F13)='[3]Annex-8'!F13,'[3]Annex-8'!F13&".00 ",IF(INT('[3]Annex-8'!F13*10)='[3]Annex-8'!F13*10,'[3]Annex-8'!F13&"0 ",ROUND('[3]Annex-8'!F13,2)&" ")) -> #VALUE! | G12: =IF(INT('[3]Annex-8'!G13)='[3]Annex-8'!G13,'[3]Annex-8'!G13&".00 ",IF(INT('[3]Annex-8'!G13*10)='[3]Annex-8'!G13*10,'[3]Annex-8'!G13&"0 ",ROUND('[3]Annex-8'!G13,2)&" ")) -> #VALUE! | H12: =IF('[3]Annex-8'!H13<0,"(-)"&FIXED(ABS('[3]Annex-8'!H13),2)&" ",FIXED('[3]Annex-8'!H13,2)&" ") -> #VALUE!
A13: =IF([4]Crops!$A11="","",[4]Crops!$A11) | B13: =IF(INT('[3]Annex-8'!B14)='[3]Annex-8'!B14,'[3]Annex-8'!B14&".00 ",IF(INT('[3]Annex-8'!B14*10)='[3]Annex-8'!B14*10,'[3]Annex-8'!B14&"0 ",ROUND('[3]Annex-8'!B14,2)&" ")) -> #VALUE! | C13: =IF(INT('[3]Annex-8'!C14)='[3]Annex-8'!C14,'[3]Annex-8'!C14&".00 ",IF(INT('[3]Annex-8'!C14*10)='[3]Annex-8'!C14*10,'[3]Annex-8'!C14&"0 ",ROUND('[3]Annex-8'!C14,2)&" ")) -> #VALUE! | D13: =IF(INT('[3]Annex-8'!D14)='[3]Annex-8'!D14,'[3]Annex-8'!D14&".00 ",IF(INT('[3]Annex-8'!D14*10)='[3]Annex-8'!D14*10,'[3]Annex-8'!D14&"0 ",ROUND('[3]Annex-8'!D14,2)&" ")) -> #VALUE! | E13: =IF(INT('[3]Annex-8'!E14)='[3]Annex-8'!E14,'[3]Annex-8'!E14&".00 ",IF(INT('[3]Annex-8'!E14*10)='[3]Annex-8'!E14*10,'[3]Annex-8'!E14&"0 ",ROUND('[3]Annex-8'!E14,2)&" ")) -> #VALUE! | F13: =IF(INT('[3]Annex-8'!F14)='[3]Annex-8'!F14,'[3]Annex-8'!F14&".00 ",IF(INT('[3]Annex-8'!F14*10)='[3]Annex-8'!F14*10,'[3]Annex-8'!F14&"0 ",ROUND('[3]Annex-8'!F14,2)&" ")) -> #VALUE! | G13: =IF(INT('[3]Annex-8'!G14)='[3]Annex-8'!G14,'[3]Annex-8'!G14&".00 ",IF(INT('[3]Annex-8'!G14*10)='[3]Annex-8'!G14*10,'[3]Annex-8'!G14&"0 ",ROUND('[3]Annex-8'!G14,2)&" ")) -> #VALUE! | H13: =IF('[3]Annex-8'!H14<0,"(-)"&FIXED(ABS('[3]Annex-8'!H14),2)&" ",FIXED('[3]Annex-8'!H14,2)&" ") -> #VALUE!
A14: =IF([4]Crops!$A12="","",[4]Crops!$A12) | B14: =IF(INT('[3]Annex-8'!B15)='[3]Annex-8'!B15,'[3]Annex-8'!B15&".00 ",IF(INT('[3]Annex-8'!B15*10)='[3]Annex-8'!B15*10,'[3]Annex-8'!B15&"0 ",ROUND('[3]Annex-8'!B15,2)&" ")) -> #VALUE! | C14: =IF(INT('[3]Annex-8'!C15)='[3]Annex-8'!C15,'[3]Annex-8'!C15&".00 ",IF(INT('[3]Annex-8'!C15*10)='[3]Annex-8'!C15*10,'[3]Annex-8'!C15&"0 ",ROUND('[3]Annex-8'!C15,2)&" ")) -> #VALUE! | D14: =IF(INT('[3]Annex-8'!D15)='[3]Annex-8'!D15,'[3]Annex-8'!D15&".00 ",IF(INT('[3]Annex-8'!D15*10)='[3]Annex-8'!D15*10,'[3]Annex-8'!D15&"0 ",ROUND('[3]Annex-8'!D15,2)&" ")) -> #VALUE! | E14: =IF(INT('[3]Annex-8'!E15)='[3]Annex-8'!E15,'[3]Annex-8'!E15&".00 ",IF(INT('[3]Annex-8'!E15*10)='[3]Annex-8'!E15*10,'[3]Annex-8'!E15&"0 ",ROUND('[3]Annex-8'!E15,2)&" ")) -> #VALUE! | F14: =IF(INT('[3]Annex-8'!F15)='[3]Annex-8'!F15,'[3]Annex-8'!F15&".00 ",IF(INT('[3]Annex-8'!F15*10)='[3]Annex-8'!F15*10,'[3]Annex-8'!F15&"0 ",ROUND('[3]Annex-8'!F15,2)&" ")) -> #VALUE! | G14: =IF(INT('[3]Annex-8'!G15)='[3]Annex-8'!G15,'[3]Annex-8'!G15&".00 ",IF(INT('[3]Annex-8'!G15*10)='[3]Annex-8'!G15*10,'[3]Annex-8'!G15&"0 ",ROUND('[3]Annex-8'!G15,2)&" ")) -> #VALUE! | H14: =IF('[3]Annex-8'!H15<0,"(-)"&FIXED(ABS('[3]Annex-8'!H15),2)&" ",FIXED('[3]Annex-8'!H15,2)&" ") -> #VALUE!
A15: =IF([4]Crops!$A13="","",[4]Crops!$A13) | B15: =IF(INT('[3]Annex-8'!B16)='[3]Annex-8'!B16,'[3]Annex-8'!B16&".00 ",IF(INT('[3]Annex-8'!B16*10)='[3]Annex-8'!B16*10,'[3]Annex-8'!B16&"0 ",ROUND('[3]Annex-8'!B16,2)&" ")) -> #VALUE! | C15: =IF(INT('[3]Annex-8'!C16)='[3]Annex-8'!C16,'[3]Annex-8'!C16&".00 ",IF(INT('[3]Annex-8'!C16*10)='[3]Annex-8'!C16*10,'[3]Annex-8'!C16&"0 ",ROUND('[3]Annex-8'!C16,2)&" ")) -> #VALUE! | D15: =IF(INT('[3]Annex-8'!D16)='[3]Annex-8'!D16,'[3]Annex-8'!D16&".00 ",IF(INT('[3]Annex-8'!D16*10)='[3]Annex-8'!D16*10,'[3]Annex-8'!D16&"0 ",ROUND('[3]Annex-8'!D16,2)&" ")) -> #VALUE! | E15: =IF(INT('[3]Annex-8'!E16)='[3]Annex-8'!E16,'[3]Annex-8'!E16&".00 ",IF(INT('[3]Annex-8'!E16*10)='[3]Annex-8'!E16*10,'[3]Annex-8'!E16&"0 ",ROUND('[3]Annex-8'!E16,2)&" ")) -> #VALUE! | F15: =IF(INT('[3]Annex-8'!F16)='[3]Annex-8'!F16,'[3]Annex-8'!F16&".00 ",IF(INT('[3]Annex-8'!F16*10)='[3]Annex-8'!F16*10,'[3]Annex-8'!F16&"0 ",ROUND('[3]Annex-8'!F16,2)&" ")) -> #VALUE! | G15: =IF(INT('[3]Annex-8'!G16)='[3]Annex-8'!G16,'[3]Annex-8'!G16&".00 ",IF(INT('[3]Annex-8'!G16*10)='[3]Annex-8'!G16*10,'[3]Annex-8'!G16&"0 ",ROUND('[3]Annex-8'!G16,2)&" ")) -> #VALUE! | H15: =IF('[3]Annex-8'!H16<0,"(-)"&FIXED(ABS('[3]Annex-8'!H16),2)&" ",FIXED('[3]Annex-8'!H16,2)&" ") -> #VALUE!
A16: =IF([4]Crops!$A14="","",[4]Crops!$A14) | B16: =IF(INT('[3]Annex-8'!B17)='[3]Annex-8'!B17,'[3]Annex-8'!B17&".00 ",IF(INT('[3]Annex-8'!B17*10)='[3]Annex-8'!B17*10,'[3]Annex-8'!B17&"0 ",ROUND('[3]Annex-8'!B17,2)&" ")) -> #VALUE! | C16: =IF(INT('[3]Annex-8'!C17)='[3]Annex-8'!C17,'[3]Annex-8'!C17&".00 ",IF(INT('[3]Annex-8'!C17*10)='[3]Annex-8'!C17*10,'[3]Annex-8'!C17&"0 ",ROUND('[3]Annex-8'!C17,2)&" ")) -> #VALUE! | D16: =IF(INT('[3]Annex-8'!D17)='[3]Annex-8'!D17,'[3]Annex-8'!D17&".00 ",IF(INT('[3]Annex-8'!D17*10)='[3]Annex-8'!D17*10,'[3]Annex-8'!D17&"0 ",ROUND('[3]Annex-8'!D17,2)&" ")) -> #VALUE! | E16: =IF(INT('[3]Annex-8'!E17)='[3]Annex-8'!E17,'[3]Annex-8'!E17&".00 ",IF(INT('[3]Annex-8'!E17*10)='[3]Annex-8'!E17*10,'[3]Annex-8'!E17&"0 ",ROUND('[3]Annex-8'!E17,2)&" ")) -> #VALUE! | F16: =IF(INT('[3]Annex-8'!F17)='[3]Annex-8'!F17,'[3]Annex-8'!F17&".00 ",IF(INT('[3]Annex-8'!F17*10)='[3]Annex-8'!F17*10,'[3]Annex-8'!F17&"0 ",ROUND('[3]Annex-8'!F17,2)&" ")) -> #VALUE! | G16: =IF(INT('[3]Annex-8'!G17)='[3]Annex-8'!G17,'[3]Annex-8'!G17&".00 ",IF(INT('[3]Annex-8'!G17*10)='[3]Annex-8'!G17*10,'[3]Annex-8'!G17&"0 ",ROUND('[3]Annex-8'!G17,2)&" ")) -> #VALUE! | H16: =IF('[3]Annex-8'!H17<0,"(-)"&FIXED(ABS('[3]Annex-8'!H17),2)&" ",FIXED('[3]Annex-8'!H17,2)&" ") -> #VALUE!
A17: =IF([4]Crops!$A15="","",[4]Crops!$A15) | B17: =IF(INT('[3]Annex-8'!B18)='[3]Annex-8'!B18,'[3]Annex-8'!B18&".00 ",IF(INT('[3]Annex-8'!B18*10)='[3]Annex-8'!B18*10,'[3]Annex-8'!B18&"0 ",ROUND('[3]Annex-8'!B18,2)&" ")) -> #VALUE! | C17: =IF(INT('[3]Annex-8'!C18)='[3]Annex-8'!C18,'[3]Annex-8'!C18&".00 ",IF(INT('[3]Annex-8'!C18*10)='[3]Annex-8'!C18*10,'[3]Annex-8'!C18&"0 ",ROUND('[3]Annex-8'!C18,2)&" ")) -> #VALUE! | D17: =IF(INT('[3]Annex-8'!D18)='[3]Annex-8'!D18,'[3]Annex-8'!D18&".00 ",IF(INT('[3]Annex-8'!D18*10)='[3]Annex-8'!D18*10,'[3]Annex-8'!D18&"0 ",ROUND('[3]Annex-8'!D18,2)&" ")) -> #VALUE! | E17: =IF(INT('[3]Annex-8'!E18)='[3]Annex-8'!E18,'[3]Annex-8'!E18&".00 ",IF(INT('[3]Annex-8'!E18*10)='[3]Annex-8'!E18*10,'[3]Annex-8'!E18&"0 ",ROUND('[3]Annex-8'!E18,2)&" ")) -> #VALUE! | F17: =IF(INT('[3]Annex-8'!F18)='[3]Annex-8'!F18,'[3]Annex-8'!F18&".00 ",IF(INT('[3]Annex-8'!F18*10)='[3]Annex-8'!F18*10,'[3]Annex-8'!F18&"0 ",ROUND('[3]Annex-8'!F18,2)&" ")) -> #VALUE! | G17: =IF(INT('[3]Annex-8'!G18)='[3]Annex-8'!G18,'[3]Annex-8'!G18&".00 ",IF(INT('[3]Annex-8'!G18*10)='[3]Annex-8'!G18*10,'[3]Annex-8'!G18&"0 ",ROUND('[3]Annex-8'!G18,2)&" ")) -> #VALUE! | H17: =IF('[3]Annex-8'!H18<0,"(-)"&FIXED(ABS('[3]Annex-8'!H18),2)&" ",FIXED('[3]Annex-8'!H18,2)&" ") -> #VALUE!
A18: =IF([4]Crops!$A16="","",[4]Crops!$A16) | B18: =IF(INT('[3]Annex-8'!B19)='[3]Annex-8'!B19,'[3]Annex-8'!B19&".00 ",IF(INT('[3]Annex-8'!B19*10)='[3]Annex-8'!B19*10,'[3]Annex-8'!B19&"0 ",ROUND('[3]Annex-8'!B19,2)&" ")) -> #VALUE! | C18: =IF(INT('[3]Annex-8'!C19)='[3]Annex-8'!C19,'[3]Annex-8'!C19&".00 ",IF(INT('[3]Annex-8'!C19*10)='[3]Annex-8'!C19*10,'[3]Annex-8'!C19&"0 ",ROUND('[3]Annex-8'!C19,2)&" ")) -> #VALUE! | D18: =IF(INT('[3]Annex-8'!D19)='[3]Annex-8'!D19,'[3]Annex-8'!D19&".00 ",IF(INT('[3]Annex-8'!D19*10)='[3]Annex-8'!D19*10,'[3]Annex-8'!D19&"0 ",ROUND('[3]Annex-8'!D19,2)&" ")) -> #VALUE! | E18: =IF(INT('[3]Annex-8'!E19)='[3]Annex-8'!E19,'[3]Annex-8'!E19&".00 ",IF(INT('[3]Annex-8'!E19*10)='[3]Annex-8'!E19*10,'[3]Annex-8'!E19&"0 ",ROUND('[3]Annex-8'!E19,2)&" ")) -> #VALUE! | F18: =IF(INT('[3]Annex-8'!F19)='[3]Annex-8'!F19,'[3]Annex-8'!F19&".00 ",IF(INT('[3]Annex-8'!F19*10)='[3]Annex-8'!F19*10,'[3]Annex-8'!F19&"0 ",ROUND('[3]Annex-8'!F19,2)&" ")) -> #VALUE! | G18: =IF(INT('[3]Annex-8'!G19)='[3]Annex-8'!G19,'[3]Annex-8'!G19&".00 ",IF(INT('[3]Annex-8'!G19*10)='[3]Annex-8'!G19*10,'[3]Annex-8'!G19&"0 ",ROUND('[3]Annex-8'!G19,2)&" ")) -> #VALUE! | H18: =IF('[3]Annex-8'!H19<0,"(-)"&FIXED(ABS('[3]Annex-8'!H19),2)&" ",FIXED('[3]Annex-8'!H19,2)&" ") -> #VALUE!
A19: =IF([4]Crops!$A17="","",[4]Crops!$A17) | B19: =IF(INT('[3]Annex-8'!B20)='[3]Annex-8'!B20,'[3]Annex-8'!B20&".00 ",IF(INT('[3]Annex-8'!B20*10)='[3]Annex-8'!B20*10,'[3]Annex-8'!B20&"0 ",ROUND('[3]Annex-8'!B20,2)&" ")) -> #VALUE! | C19: =IF(INT('[3]Annex-8'!C20)='[3]Annex-8'!C20,'[3]Annex-8'!C20&".00 ",IF(INT('[3]Annex-8'!C20*10)='[3]Annex-8'!C20*10,'[3]Annex-8'!C20&"0 ",ROUND('[3]Annex-8'!C20,2)&" ")) -> #VALUE! | D19: =IF(INT('[3]Annex-8'!D20)='[3]Annex-8'!D20,'[3]Annex-8'!D20&".00 ",IF(INT('[3]Annex-8'!D20*10)='[3]Annex-8'!D20*10,'[3]Annex-8'!D20&"0 ",ROUND('[3]Annex-8'!D20,2)&" ")) -> #VALUE! | E19: =IF(INT('[3]Annex-8'!E20)='[3]Annex-8'!E20,'[3]Annex-8'!E20&".00 ",IF(INT('[3]Annex-8'!E20*10)='[3]Annex-8'!E20*10,'[3]Annex-8'!E20&"0 ",ROUND('[3]Annex-8'!E20,2)&" ")) -> #VALUE! | F19: =IF(INT('[3]Annex-8'!F20)='[3]Annex-8'!F20,'[3]Annex-8'!F20&".00 ",IF(INT('[3]Annex-8'!F20*10)='[3]Annex-8'!F20*10,'[3]Annex-8'!F20&"0 ",ROUND('[3]Annex-8'!F20,2)&" ")) -> #VALUE! | G19: =IF(INT('[3]Annex-8'!G20)='[3]Annex-8'!G20,'[3]Annex-8'!G20&".00 ",IF(INT('[3]Annex-8'!G20*10)='[3]Annex-8'!G20*10,'[3]Annex-8'!G20&"0 ",ROUND('[3]Annex-8'!G20,2)&" ")) -> #VALUE! | H19: =IF('[3]Annex-8'!H20<0,"(-)"&FIXED(ABS('[3]Annex-8'!H20),2)&" ",FIXED('[3]Annex-8'!H20,2)&" ") -> #VALUE!
A20: =IF([4]Crops!$A18="","",[4]Crops!$A18) | B20: =IF(INT('[3]Annex-8'!B21)='[3]Annex-8'!B21,'[3]Annex-8'!B21&".00 ",IF(INT('[3]Annex-8'!B21*10)='[3]Annex-8'!B21*10,'[3]Annex-8'!B21&"0 ",ROUND('[3]Annex-8'!B21,2)&" ")) -> #VALUE! | C20: =IF(INT('[3]Annex-8'!C21)='[3]Annex-8'!C21,'[3]Annex-8'!C21&".00 ",IF(INT('[3]Annex-8'!C21*10)='[3]Annex-8'!C21*10,'[3]Annex-8'!C21&"0 ",ROUND('[3]Annex-8'!C21,2)&" ")) -> #VALUE! | D20: =IF(INT('[3]Annex-8'!D21)='[3]Annex-8'!D21,'[3]Annex-8'!D21&".00 ",IF(INT('[3]Annex-8'!D21*10)='[3]Annex-8'!D21*10,'[3]Annex-8'!D21&"0 ",ROUND('[3]Annex-8'!D21,2)&" ")) -> #VALUE! | E20: =IF(INT('[3]Annex-8'!E21)='[3]Annex-8'!E21,'[3]Annex-8'!E21&".00 ",IF(INT('[3]Annex-8'!E21*10)='[3]Annex-8'!E21*10,'[3]Annex-8'!E21&"0 ",ROUND('[3]Annex-8'!E21,2)&" ")) -> #VALUE! | F20: =IF(INT('[3]Annex-8'!F21)='[3]Annex-8'!F21,'[3]Annex-8'!F21&".00 ",IF(INT('[3]Annex-8'!F21*10)='[3]Annex-8'!F21*10,'[3]Annex-8'!F21&"0 ",ROUND('[3]Annex-8'!F21,2)&" ")) -> #VALUE! | G20: =IF(INT('[3]Annex-8'!G21)='[3]Annex-8'!G21,'[3]Annex-8'!G21&".00 ",IF(INT('[3]Annex-8'!G21*10)='[3]Annex-8'!G21*10,'[3]Annex-8'!G21&"0 ",ROUND('[3]Annex-8'!G21,2)&" ")) -> #VALUE! | H20: =IF('[3]Annex-8'!H21<0,"(-)"&FIXED(ABS('[3]Annex-8'!H21),2)&" ",FIXED('[3]Annex-8'!H21,2)&" ") -> #VALUE!
... A23: =IF([4]Crops!$A21="","",[4]Crops!$A21) | B23: =IF(INT('[3]Annex-8'!B24)='[3]Annex-8'!B24,'[3]Annex-8'!B24&".00 ",IF(INT('[3]Annex-8'!B24*10)='[3]Annex-8'!B24*10,'[3]Annex-8'!B24&"0 ",ROUND('[3]Annex-8'!B24,2)&" ")) -> #VALUE! | C23: =IF(INT('[3]Annex-8'!C24)='[3]Annex-8'!C24,'[3]Annex-8'!C24&".00 ",IF(INT('[3]Annex-8'!C24*10)='[3]Annex-8'!C24*10,'[3]Annex-8'!C24&"0 ",ROUND('[3]Annex-8'!C24,2)&" ")) -> #VALUE! | D23: =IF(INT('[3]Annex-8'!D24)='[3]Annex-8'!D24,'[3]Annex-8'!D24&".00 ",IF(INT('[3]Annex-8'!D24*10)='[3]Annex-8'!D24*10,'[3]Annex-8'!D24&"0 ",ROUND('[3]Annex-8'!D24,2)&" ")) -> #VALUE! | E23: =IF(INT('[3]Annex-8'!E24)='[3]Annex-8'!E24,'[3]Annex-8'!E24&".00 ",IF(INT('[3]Annex-8'!E24*10)='[3]Annex-8'!E24*10,'[3]Annex-8'!E24&"0 ",ROUND('[3]Annex-8'!E24,2)&" ")) -> #VALUE! | F23: =IF(INT('[3]Annex-8'!F24)='[3]Annex-8'!F24,'[3]Annex-8'!F24&".00 ",IF(INT('[3]Annex-8'!F24*10)='[3]Annex-8'!F24*10,'[3]Annex-8'!F24&"0 ",ROUND('[3]Annex-8'!F24,2)&" ")) -> #VALUE! | G23: =IF(INT('[3]Annex-8'!G24)='[3]Annex-8'!G24,'[3]Annex-8'!G24&".00 ",IF(INT('[3]Annex-8'!G24*10)='[3]Annex-8'!G24*10,'[3]Annex-8'!G24&"0 ",ROUND('[3]Annex-8'!G24,2)&" ")) -> #VALUE! | H23: =IF('[3]Annex-8'!H24<0,"(-)"&FIXED(ABS('[3]Annex-8'!H24),2)&" ",FIXED('[3]Annex-8'!H24,2)&" ") -> #VALUE!
A24: =common!$I$4 -> RABI II 2024-25
A25: =IF([4]Crops!$C7="","",[4]Crops!$C7) -> PADDY | B25: =IF(INT('[3]Annex-8'!B26)='[3]Annex-8'!B26,'[3]Annex-8'!B26&".00 ",IF(INT('[3]Annex-8'!B26*10)='[3]Annex-8'!B26*10,'[3]Annex-8'!B26&"0 ",ROUND('[3]Annex-8'!B26,2)&" ")) -> 0.03 | C25: =IF(INT('[3]Annex-8'!C26)='[3]Annex-8'!C26,'[3]Annex-8'!C26&".00 ",IF(INT('[3]Annex-8'!C26*10)='[3]Annex-8'!C26*10,'[3]Annex-8'!C26&"0 ",ROUND('[3]Annex-8'!C26,2)&" ")) -> 0.03 | D25: =IF(INT('[3]Annex-8'!D26)='[3]Annex-8'!D26,'[3]Annex-8'!D26&".00 ",IF(INT('[3]Annex-8'!D26*10)='[3]Annex-8'!D26*10,'[3]Annex-8'!D26&"0 ",ROUND('[3]Annex-8'!D26,2)&" ")) -> 8.79 | E25: =IF(INT('[3]Annex-8'!E26)='[3]Annex-8'!E26,'[3]Annex-8'!E26&".00 ",IF(INT('[3]Annex-8'!E26*10)='[3]Annex-8'!E26*10,'[3]Annex-8'!E26&"0 ",ROUND('[3]Annex-8'!E26,2)&" ")) -> 8.60 | F25: =IF(INT('[3]Annex-8'!F26)='[3]Annex-8'!F26,'[3]Annex-8'!F26&".00 ",IF(INT('[3]Annex-8'!F26*10)='[3]Annex-8'!F26*10,'[3]Annex-8'!F26&"0 ",ROUND('[3]Annex-8'!F26,2)&" ")) -> 8.81 | G25: =IF(INT('[3]Annex-8'!G26)='[3]Annex-8'!G26,'[3]Annex-8'!G26&".00 ",IF(INT('[3]Annex-8'!G26*10)='[3]Annex-8'!G26*10,'[3]Annex-8'!G26&"0 ",ROUND('[3]Annex-8'!G26,2)&" ")) -> 8.63 | H25: =IF('[3]Annex-8'!H26<0,"(-)"&FIXED(ABS('[3]Annex-8'!H26),2)&" ",FIXED('[3]Annex-8'!H26,2)&" ") -> (-)2.10
A26: =IF([4]Crops!$C8="","",[4]Crops!$C8) -> OTHERS | B26: =IF(INT('[3]Annex-8'!B27)='[3]Annex-8'!B27,'[3]Annex-8'!B27&".00 ",IF(INT('[3]Annex-8'!B27*10)='[3]Annex-8'!B27*10,'[3]Annex-8'!B27&"0 ",ROUND('[3]Annex-8'!B27,2)&" ")) -> 1.77 | C26: =IF(INT('[3]Annex-8'!C27)='[3]Annex-8'!C27,'[3]Annex-8'!C27&".00 ",IF(INT('[3]Annex-8'!C27*10)='[3]Annex-8'!C27*10,'[3]Annex-8'!C27&"0 ",ROUND('[3]Annex-8'!C27,2)&" ")) -> 2.62 | D26: =IF(INT('[3]Annex-8'!D27)='[3]Annex-8'!D27,'[3]Annex-8'!D27&".00 ",IF(INT('[3]Annex-8'!D27*10)='[3]Annex-8'!D27*10,'[3]Annex-8'!D27&"0 ",ROUND('[3]Annex-8'!D27,2)&" ")) -> 4.49 | E26: =IF(INT('[3]Annex-8'!E27)='[3]Annex-8'!E27,'[3]Annex-8'!E27&".00 ",IF(INT('[3]Annex-8'!E27*10)='[3]Annex-8'!E27*10,'[3]Annex-8'!E27&"0 ",ROUND('[3]Annex-8'!E27,2)&" ")) -> 4.49 | F26: =IF(INT('[3]Annex-8'!F27)='[3]Annex-8'!F27,'[3]Annex-8'!F27&".00 ",IF(INT('[3]Annex-8'!F27*10)='[3]Annex-8'!F27*10,'[3]Annex-8'!F27&"0 ",ROUND('[3]Annex-8'!F27,2)&" ")) -> 6.26 | G26: =IF(INT('[3]Annex-8'!G27)='[3]Annex-8'!G27,'[3]Annex-8'!G27&".00 ",IF(INT('[3]Annex-8'!G27*10)='[3]Annex-8'!G27*10,'[3]Annex-8'!G27&"0 ",ROUND('[3]Annex-8'!G27,2)&" ")) -> 7.11 | H26: =IF('[3]Annex-8'!H27<0,"(-)"&FIXED(ABS('[3]Annex-8'!H27),2)&" ",FIXED('[3]Annex-8'!H27,2)&" ") -> 13.53
A27: =IF([4]Crops!$C9="","",[4]Crops!$C9) | B27: =IF(INT('[3]Annex-8'!B28)='[3]Annex-8'!B28,'[3]Annex-8'!B28&".00 ",IF(INT('[3]Annex-8'!B28*10)='[3]Annex-8'!B28*10,'[3]Annex-8'!B28&"0 ",ROUND('[3]Annex-8'!B28,2)&" ")) -> #VALUE! | C27: =IF(INT('[3]Annex-8'!C28)='[3]Annex-8'!C28,'[3]Annex-8'!C28&".00 ",IF(INT('[3]Annex-8'!C28*10)='[3]Annex-8'!C28*10,'[3]Annex-8'!C28&"0 ",ROUND('[3]Annex-8'!C28,2)&" ")) -> #VALUE! | D27: =IF(INT('[3]Annex-8'!D28)='[3]Annex-8'!D28,'[3]Annex-8'!D28&".00 ",IF(INT('[3]Annex-8'!D28*10)='[3]Annex-8'!D28*10,'[3]Annex-8'!D28&"0 ",ROUND('[3]Annex-8'!D28,2)&" ")) -> #VALUE! | E27: =IF(INT('[3]Annex-8'!E28)='[3]Annex-8'!E28,'[3]Annex-8'!E28&".00 ",IF(INT('[3]Annex-8'!E28*10)='[3]Annex-8'!E28*10,'[3]Annex-8'!E28&"0 ",ROUND('[3]Annex-8'!E28,2)&" ")) -> #VALUE! | F27: =IF(INT('[3]Annex-8'!F28)='[3]Annex-8'!F28,'[3]Annex-8'!F28&".00 ",IF(INT('[3]Annex-8'!F28*10)='[3]Annex-8'!F28*10,'[3]Annex-8'!F28&"0 ",ROUND('[3]Annex-8'!F28,2)&" ")) -> #VALUE! | G27: =IF(INT('[3]Annex-8'!G28)='[3]Annex-8'!G28,'[3]Annex-8'!G28&".00 ",IF(INT('[3]Annex-8'!G28*10)='[3]Annex-8'!G28*10,'[3]Annex-8'!G28&"0 ",ROUND('[3]Annex-8'!G28,2)&" ")) -> #VALUE! | H27: =IF('[3]Annex-8'!H28<0,"(-)"&FIXED(ABS('[3]Annex-8'!H28),2)&" ",FIXED('[3]Annex-8'!H28,2)&" ") -> #VALUE!
A28: =IF([4]Crops!$C10="","",[4]Crops!$C10) | B28: =IF(INT('[3]Annex-8'!B29)='[3]Annex-8'!B29,'[3]Annex-8'!B29&".00 ",IF(INT('[3]Annex-8'!B29*10)='[3]Annex-8'!B29*10,'[3]Annex-8'!B29&"0 ",ROUND('[3]Annex-8'!B29,2)&" ")) -> #VALUE! | C28: =IF(INT('[3]Annex-8'!C29)='[3]Annex-8'!C29,'[3]Annex-8'!C29&".00 ",IF(INT('[3]Annex-8'!C29*10)='[3]Annex-8'!C29*10,'[3]Annex-8'!C29&"0 ",ROUND('[3]Annex-8'!C29,2)&" ")) -> #VALUE! | D28: =IF(INT('[3]Annex-8'!D29)='[3]Annex-8'!D29,'[3]Annex-8'!D29&".00 ",IF(INT('[3]Annex-8'!D29*10)='[3]Annex-8'!D29*10,'[3]Annex-8'!D29&"0 ",ROUND('[3]Annex-8'!D29,2)&" ")) -> #VALUE! | E28: =IF(INT('[3]Annex-8'!E29)='[3]Annex-8'!E29,'[3]Annex-8'!E29&".00 ",IF(INT('[3]Annex-8'!E29*10)='[3]Annex-8'!E29*10,'[3]Annex-8'!E29&"0 ",ROUND('[3]Annex-8'!E29,2)&" ")) -> #VALUE! | F28: =IF(INT('[3]Annex-8'!F29)='[3]Annex-8'!F29,'[3]Annex-8'!F29&".00 ",IF(INT('[3]Annex-8'!F29*10)='[3]Annex-8'!F29*10,'[3]Annex-8'!F29&"0 ",ROUND('[3]Annex-8'!F29,2)&" ")) -> #VALUE! | G28: =IF(INT('[3]Annex-8'!G29)='[3]Annex-8'!G29,'[3]Annex-8'!G29&".00 ",IF(INT('[3]Annex-8'!G29*10)='[3]Annex-8'!G29*10,'[3]Annex-8'!G29&"0 ",ROUND('[3]Annex-8'!G29,2)&" ")) -> #VALUE! | H28: =IF('[3]Annex-8'!H29<0,"(-)"&FIXED(ABS('[3]Annex-8'!H29),2)&" ",FIXED('[3]Annex-8'!H29,2)&" ") -> #VALUE!
A29: =IF([4]Crops!$C11="","",[4]Crops!$C11) | B29: =IF(INT('[3]Annex-8'!B30)='[3]Annex-8'!B30,'[3]Annex-8'!B30&".00 ",IF(INT('[3]Annex-8'!B30*10)='[3]Annex-8'!B30*10,'[3]Annex-8'!B30&"0 ",ROUND('[3]Annex-8'!B30,2)&" ")) -> #VALUE! | C29: =IF(INT('[3]Annex-8'!C30)='[3]Annex-8'!C30,'[3]Annex-8'!C30&".00 ",IF(INT('[3]Annex-8'!C30*10)='[3]Annex-8'!C30*10,'[3]Annex-8'!C30&"0 ",ROUND('[3]Annex-8'!C30,2)&" ")) -> #VALUE! | D29: =IF(INT('[3]Annex-8'!D30)='[3]Annex-8'!D30,'[3]Annex-8'!D30&".00 ",IF(INT('[3]Annex-8'!D30*10)='[3]Annex-8'!D30*10,'[3]Annex-8'!D30&"0 ",ROUND('[3]Annex-8'!D30,2)&" ")) -> #VALUE! | E29: =IF(INT('[3]Annex-8'!E30)='[3]Annex-8'!E30,'[3]Annex-8'!E30&".00 ",IF(INT('[3]Annex-8'!E30*10)='[3]Annex-8'!E30*10,'[3]Annex-8'!E30&"0 ",ROUND('[3]Annex-8'!E30,2)&" ")) -> #VALUE! | F29: =IF(INT('[3]Annex-8'!F30)='[3]Annex-8'!F30,'[3]Annex-8'!F30&".00 ",IF(INT('[3]Annex-8'!F30*10)='[3]Annex-8'!F30*10,'[3]Annex-8'!F30&"0 ",ROUND('[3]Annex-8'!F30,2)&" ")) -> #VALUE! | G29: =IF(INT('[3]Annex-8'!G30)='[3]Annex-8'!G30,'[3]Annex-8'!G30&".00 ",IF(INT('[3]Annex-8'!G30*10)='[3]Annex-8'!G30*10,'[3]Annex-8'!G30&"0 ",ROUND('[3]Annex-8'!G30,2)&" ")) -> #VALUE! | H29: =IF('[3]Annex-8'!H30<0,"(-)"&FIXED(ABS('[3]Annex-8'!H30),2)&" ",FIXED('[3]Annex-8'!H30,2)&" ") -> #VALUE!
A30: =IF([4]Crops!$C12="","",[4]Crops!$C12) | B30: =IF(INT('[3]Annex-8'!B31)='[3]Annex-8'!B31,'[3]Annex-8'!B31&".00 ",IF(INT('[3]Annex-8'!B31*10)='[3]Annex-8'!B31*10,'[3]Annex-8'!B31&"0 ",ROUND('[3]Annex-8'!B31,2)&" ")) -> #VALUE! | C30: =IF(INT('[3]Annex-8'!C31)='[3]Annex-8'!C31,'[3]Annex-8'!C31&".00 ",IF(INT('[3]Annex-8'!C31*10)='[3]Annex-8'!C31*10,'[3]Annex-8'!C31&"0 ",ROUND('[3]Annex-8'!C31,2)&" ")) -> #VALUE! | D30: =IF(INT('[3]Annex-8'!D31)='[3]Annex-8'!D31,'[3]Annex-8'!D31&".00 ",IF(INT('[3]Annex-8'!D31*10)='[3]Annex-8'!D31*10,'[3]Annex-8'!D31&"0 ",ROUND('[3]Annex-8'!D31,2)&" ")) -> #VALUE! | E30: =IF(INT('[3]Annex-8'!E31)='[3]Annex-8'!E31,'[3]Annex-8'!E31&".00 ",IF(INT('[3]Annex-8'!E31*10)='[3]Annex-8'!E31*10,'[3]Annex-8'!E31&"0 ",ROUND('[3]Annex-8'!E31,2)&" ")) -> #VALUE! | F30: =IF(INT('[3]Annex-8'!F31)='[3]Annex-8'!F31,'[3]Annex-8'!F31&".00 ",IF(INT('[3]Annex-8'!F31*10)='[3]Annex-8'!F31*10,'[3]Annex-8'!F31&"0 ",ROUND('[3]Annex-8'!F31,2)&" ")) -> #VALUE! | G30: =IF(INT('[3]Annex-8'!G31)='[3]Annex-8'!G31,'[3]Annex-8'!G31&".00 ",IF(INT('[3]Annex-8'!G31*10)='[3]Annex-8'!G31*10,'[3]Annex-8'!G31&"0 ",ROUND('[3]Annex-8'!G31,2)&" ")) -> #VALUE! | H30: =IF('[3]Annex-8'!H31<0,"(-)"&FIXED(ABS('[3]Annex-8'!H31),2)&" ",FIXED('[3]Annex-8'!H31,2)&" ") -> #VALUE!
A31: =IF([4]Crops!$C13="","",[4]Crops!$C13) | B31: =IF(INT('[3]Annex-8'!B32)='[3]Annex-8'!B32,'[3]Annex-8'!B32&".00 ",IF(INT('[3]Annex-8'!B32*10)='[3]Annex-8'!B32*10,'[3]Annex-8'!B32&"0 ",ROUND('[3]Annex-8'!B32,2)&" ")) -> #VALUE! | C31: =IF(INT('[3]Annex-8'!C32)='[3]Annex-8'!C32,'[3]Annex-8'!C32&".00 ",IF(INT('[3]Annex-8'!C32*10)='[3]Annex-8'!C32*10,'[3]Annex-8'!C32&"0 ",ROUND('[3]Annex-8'!C32,2)&" ")) -> #VALUE! | D31: =IF(INT('[3]Annex-8'!D32)='[3]Annex-8'!D32,'[3]Annex-8'!D32&".00 ",IF(INT('[3]Annex-8'!D32*10)='[3]Annex-8'!D32*10,'[3]Annex-8'!D32&"0 ",ROUND('[3]Annex-8'!D32,2)&" ")) -> #VALUE! | E31: =IF(INT('[3]Annex-8'!E32)='[3]Annex-8'!E32,'[3]Annex-8'!E32&".00 ",IF(INT('[3]Annex-8'!E32*10)='[3]Annex-8'!E32*10,'[3]Annex-8'!E32&"0 ",ROUND('[3]Annex-8'!E32,2)&" ")) -> #VALUE! | F31: =IF(INT('[3]Annex-8'!F32)='[3]Annex-8'!F32,'[3]Annex-8'!F32&".00 ",IF(INT('[3]Annex-8'!F32*10)='[3]Annex-8'!F32*10,'[3]Annex-8'!F32&"0 ",ROUND('[3]Annex-8'!F32,2)&" ")) -> #VALUE! | G31: =IF(INT('[3]Annex-8'!G32)='[3]Annex-8'!G32,'[3]Annex-8'!G32&".00 ",IF(INT('[3]Annex-8'!G32*10)='[3]Annex-8'!G32*10,'[3]Annex-8'!G32&"0 ",ROUND('[3]Annex-8'!G32,2)&" ")) -> #VALUE! | H31: =IF('[3]Annex-8'!H32<0,"(-)"&FIXED(ABS('[3]Annex-8'!H32),2)&" ",FIXED('[3]Annex-8'!H32,2)&" ") -> #VALUE!
A32: =IF([4]Crops!$C14="","",[4]Crops!$C14) | B32: =IF(INT('[3]Annex-8'!B33)='[3]Annex-8'!B33,'[3]Annex-8'!B33&".00 ",IF(INT('[3]Annex-8'!B33*10)='[3]Annex-8'!B33*10,'[3]Annex-8'!B33&"0 ",ROUND('[3]Annex-8'!B33,2)&" ")) -> #VALUE! | C32: =IF(INT('[3]Annex-8'!C33)='[3]Annex-8'!C33,'[3]Annex-8'!C33&".00 ",IF(INT('[3]Annex-8'!C33*10)='[3]Annex-8'!C33*10,'[3]Annex-8'!C33&"0 ",ROUND('[3]Annex-8'!C33,2)&" ")) -> #VALUE! | D32: =IF(INT('[3]Annex-8'!D33)='[3]Annex-8'!D33,'[3]Annex-8'!D33&".00 ",IF(INT('[3]Annex-8'!D33*10)='[3]Annex-8'!D33*10,'[3]Annex-8'!D33&"0 ",ROUND('[3]Annex-8'!D33,2)&" ")) -> #VALUE! | E32: =IF(INT('[3]Annex-8'!E33)='[3]Annex-8'!E33,'[3]Annex-8'!E33&".00 ",IF(INT('[3]Annex-8'!E33*10)='[3]Annex-8'!E33*10,'[3]Annex-8'!E33&"0 ",ROUND('[3]Annex-8'!E33,2)&" ")) -> #VALUE! | F32: =IF(INT('[3]Annex-8'!F33)='[3]Annex-8'!F33,'[3]Annex-8'!F33&".00 ",IF(INT('[3]Annex-8'!F33*10)='[3]Annex-8'!F33*10,'[3]Annex-8'!F33&"0 ",ROUND('[3]Annex-8'!F33,2)&" ")) -> #VALUE! | G32: =IF(INT('[3]Annex-8'!G33)='[3]Annex-8'!G33,'[3]Annex-8'!G33&".00 ",IF(INT('[3]Annex-8'!G33*10)='[3]Annex-8'!G33*10,'[3]Annex-8'!G33&"0 ",ROUND('[3]Annex-8'!G33,2)&" ")) -> #VALUE! | H32: =IF('[3]Annex-8'!H33<0,"(-)"&FIXED(ABS('[3]Annex-8'!H33),2)&" ",FIXED('[3]Annex-8'!H33,2)&" ") -> #VALUE!
A33: =IF([4]Crops!$C15="","",[4]Crops!$C15) | B33: =IF(INT('[3]Annex-8'!B34)='[3]Annex-8'!B34,'[3]Annex-8'!B34&".00 ",IF(INT('[3]Annex-8'!B34*10)='[3]Annex-8'!B34*10,'[3]Annex-8'!B34&"0 ",ROUND('[3]Annex-8'!B34,2)&" ")) -> #VALUE! | C33: =IF(INT('[3]Annex-8'!C34)='[3]Annex-8'!C34,'[3]Annex-8'!C34&".00 ",IF(INT('[3]Annex-8'!C34*10)='[3]Annex-8'!C34*10,'[3]Annex-8'!C34&"0 ",ROUND('[3]Annex-8'!C34,2)&" ")) -> #VALUE! | D33: =IF(INT('[3]Annex-8'!D34)='[3]Annex-8'!D34,'[3]Annex-8'!D34&".00 ",IF(INT('[3]Annex-8'!D34*10)='[3]Annex-8'!D34*10,'[3]Annex-8'!D34&"0 ",ROUND('[3]Annex-8'!D34,2)&" ")) -> #VALUE! | E33: =IF(INT('[3]Annex-8'!E34)='[3]Annex-8'!E34,'[3]Annex-8'!E34&".00 ",IF(INT('[3]Annex-8'!E34*10)='[3]Annex-8'!E34*10,'[3]Annex-8'!E34&"0 ",ROUND('[3]Annex-8'!E34,2)&" ")) -> #VALUE! | F33: =IF(INT('[3]Annex-8'!F34)='[3]Annex-8'!F34,'[3]Annex-8'!F34&".00 ",IF(INT('[3]Annex-8'!F34*10)='[3]Annex-8'!F34*10,'[3]Annex-8'!F34&"0 ",ROUND('[3]Annex-8'!F34,2)&" ")) -> #VALUE! | G33: =IF(INT('[3]Annex-8'!G34)='[3]Annex-8'!G34,'[3]Annex-8'!G34&".00 ",IF(INT('[3]Annex-8'!G34*10)='[3]Annex-8'!G34*10,'[3]Annex-8'!G34&"0 ",ROUND('[3]Annex-8'!G34,2)&" ")) -> #VALUE! | H33: =IF('[3]Annex-8'!H34<0,"(-)"&FIXED(ABS('[3]Annex-8'!H34),2)&" ",FIXED('[3]Annex-8'!H34,2)&" ") -> #VALUE!
A34: =IF([4]Crops!$C16="","",[4]Crops!$C16) | B34: =IF(INT('[3]Annex-8'!B35)='[3]Annex-8'!B35,'[3]Annex-8'!B35&".00 ",IF(INT('[3]Annex-8'!B35*10)='[3]Annex-8'!B35*10,'[3]Annex-8'!B35&"0 ",ROUND('[3]Annex-8'!B35,2)&" ")) -> #VALUE! | C34: =IF(INT('[3]Annex-8'!C35)='[3]Annex-8'!C35,'[3]Annex-8'!C35&".00 ",IF(INT('[3]Annex-8'!C35*10)='[3]Annex-8'!C35*10,'[3]Annex-8'!C35&"0 ",ROUND('[3]Annex-8'!C35,2)&" ")) -> #VALUE! | D34: =IF(INT('[3]Annex-8'!D35)='[3]Annex-8'!D35,'[3]Annex-8'!D35&".00 ",IF(INT('[3]Annex-8'!D35*10)='[3]Annex-8'!D35*10,'[3]Annex-8'!D35&"0 ",ROUND('[3]Annex-8'!D35,2)&" ")) -> #VALUE! | E34: =IF(INT('[3]Annex-8'!E35)='[3]Annex-8'!E35,'[3]Annex-8'!E35&".00 ",IF(INT('[3]Annex-8'!E35*10)='[3]Annex-8'!E35*10,'[3]Annex-8'!E35&"0 ",ROUND('[3]Annex-8'!E35,2)&" ")) -> #VALUE! | F34: =IF(INT('[3]Annex-8'!F35)='[3]Annex-8'!F35,'[3]Annex-8'!F35&".00 ",IF(INT('[3]Annex-8'!F35*10)='[3]Annex-8'!F35*10,'[3]Annex-8'!F35&"0 ",ROUND('[3]Annex-8'!F35,2)&" ")) -> #VALUE! | G34: =IF(INT('[3]Annex-8'!G35)='[3]Annex-8'!G35,'[3]Annex-8'!G35&".00 ",IF(INT('[3]Annex-8'!G35*10)='[3]Annex-8'!G35*10,'[3]Annex-8'!G35&"0 ",ROUND('[3]Annex-8'!G35,2)&" ")) -> #VALUE! | H34: =IF('[3]Annex-8'!H35<0,"(-)"&FIXED(ABS('[3]Annex-8'!H35),2)&" ",FIXED('[3]Annex-8'!H35,2)&" ") -> #VALUE!
A35: =IF([4]Crops!$C17="","",[4]Crops!$C17) | B35: =IF(INT('[3]Annex-8'!B36)='[3]Annex-8'!B36,'[3]Annex-8'!B36&".00 ",IF(INT('[3]Annex-8'!B36*10)='[3]Annex-8'!B36*10,'[3]Annex-8'!B36&"0 ",ROUND('[3]Annex-8'!B36,2)&" ")) -> #VALUE! | C35: =IF(INT('[3]Annex-8'!C36)='[3]Annex-8'!C36,'[3]Annex-8'!C36&".00 ",IF(INT('[3]Annex-8'!C36*10)='[3]Annex-8'!C36*10,'[3]Annex-8'!C36&"0 ",ROUND('[3]Annex-8'!C36,2)&" ")) -> #VALUE! | D35: =IF(INT('[3]Annex-8'!D36)='[3]Annex-8'!D36,'[3]Annex-8'!D36&".00 ",IF(INT('[3]Annex-8'!D36*10)='[3]Annex-8'!D36*10,'[3]Annex-8'!D36&"0 ",ROUND('[3]Annex-8'!D36,2)&" ")) -> #VALUE! | E35: =IF(INT('[3]Annex-8'!E36)='[3]Annex-8'!E36,'[3]Annex-8'!E36&".00 ",IF(INT('[3]Annex-8'!E36*10)='[3]Annex-8'!E36*10,'[3]Annex-8'!E36&"0 ",ROUND('[3]Annex-8'!E36,2)&" ")) -> #VALUE! | F35: =IF(INT('[3]Annex-8'!F36)='[3]Annex-8'!F36,'[3]Annex-8'!F36&".00 ",IF(INT('[3]Annex-8'!F36*10)='[3]Annex-8'!F36*10,'[3]Annex-8'!F36&"0 ",ROUND('[3]Annex-8'!F36,2)&" ")) -> #VALUE! | G35: =IF(INT('[3]Annex-8'!G36)='[3]Annex-8'!G36,'[3]Annex-8'!G36&".00 ",IF(INT('[3]Annex-8'!G36*10)='[3]Annex-8'!G36*10,'[3]Annex-8'!G36&"0 ",ROUND('[3]Annex-8'!G36,2)&" ")) -> #VALUE! | H35: =IF('[3]Annex-8'!H36<0,"(-)"&FIXED(ABS('[3]Annex-8'!H36),2)&" ",FIXED('[3]Annex-8'!H36,2)&" ") -> #VALUE!
A36: =IF([4]Crops!$C18="","",[4]Crops!$C18) | B36: =IF(INT('[3]Annex-8'!B37)='[3]Annex-8'!B37,'[3]Annex-8'!B37&".00 ",IF(INT('[3]Annex-8'!B37*10)='[3]Annex-8'!B37*10,'[3]Annex-8'!B37&"0 ",ROUND('[3]Annex-8'!B37,2)&" ")) -> #VALUE! | C36: =IF(INT('[3]Annex-8'!C37)='[3]Annex-8'!C37,'[3]Annex-8'!C37&".00 ",IF(INT('[3]Annex-8'!C37*10)='[3]Annex-8'!C37*10,'[3]Annex-8'!C37&"0 ",ROUND('[3]Annex-8'!C37,2)&" ")) -> #VALUE! | D36: =IF(INT('[3]Annex-8'!D37)='[3]Annex-8'!D37,'[3]Annex-8'!D37&".00 ",IF(INT('[3]Annex-8'!D37*10)='[3]Annex-8'!D37*10,'[3]Annex-8'!D37&"0 ",ROUND('[3]Annex-8'!D37,2)&" ")) -> #VALUE! | E36: =IF(INT('[3]Annex-8'!E37)='[3]Annex-8'!E37,'[3]Annex-8'!E37&".00 ",IF(INT('[3]Annex-8'!E37*10)='[3]Annex-8'!E37*10,'[3]Annex-8'!E37&"0 ",ROUND('[3]Annex-8'!E37,2)&" ")) -> #VALUE! | F36: =IF(INT('[3]Annex-8'!F37)='[3]Annex-8'!F37,'[3]Annex-8'!F37&".00 ",IF(INT('[3]Annex-8'!F37*10)='[3]Annex-8'!F37*10,'[3]Annex-8'!F37&"0 ",ROUND('[3]Annex-8'!F37,2)&" ")) -> #VALUE! | G36: =IF(INT('[3]Annex-8'!G37)='[3]Annex-8'!G37,'[3]Annex-8'!G37&".00 ",IF(INT('[3]Annex-8'!G37*10)='[3]Annex-8'!G37*10,'[3]Annex-8'!G37&"0 ",ROUND('[3]Annex-8'!G37,2)&" ")) -> #VALUE! | H36: =IF('[3]Annex-8'!H37<0,"(-)"&FIXED(ABS('[3]Annex-8'!H37),2)&" ",FIXED('[3]Annex-8'!H37,2)&" ") -> #VALUE!
... A39: =IF([4]Crops!$C21="","",[4]Crops!$C21) | B39: =IF(INT('[3]Annex-8'!B40)='[3]Annex-8'!B40,'[3]Annex-8'!B40&".00 ",IF(INT('[3]Annex-8'!B40*10)='[3]Annex-8'!B40*10,'[3]Annex-8'!B40&"0 ",ROUND('[3]Annex-8'!B40,2)&" ")) -> #VALUE! | C39: =IF(INT('[3]Annex-8'!C40)='[3]Annex-8'!C40,'[3]Annex-8'!C40&".00 ",IF(INT('[3]Annex-8'!C40*10)='[3]Annex-8'!C40*10,'[3]Annex-8'!C40&"0 ",ROUND('[3]Annex-8'!C40,2)&" ")) -> #VALUE! | D39: =IF(INT('[3]Annex-8'!D40)='[3]Annex-8'!D40,'[3]Annex-8'!D40&".00 ",IF(INT('[3]Annex-8'!D40*10)='[3]Annex-8'!D40*10,'[3]Annex-8'!D40&"0 ",ROUND('[3]Annex-8'!D40,2)&" ")) -> #VALUE! | E39: =IF(INT('[3]Annex-8'!E40)='[3]Annex-8'!E40,'[3]Annex-8'!E40&".00 ",IF(INT('[3]Annex-8'!E40*10)='[3]Annex-8'!E40*10,'[3]Annex-8'!E40&"0 ",ROUND('[3]Annex-8'!E40,2)&" ")) -> #VALUE! | F39: =IF(INT('[3]Annex-8'!F40)='[3]Annex-8'!F40,'[3]Annex-8'!F40&".00 ",IF(INT('[3]Annex-8'!F40*10)='[3]Annex-8'!F40*10,'[3]Annex-8'!F40&"0 ",ROUND('[3]Annex-8'!F40,2)&" ")) -> #VALUE! | G39: =IF(INT('[3]Annex-8'!G40)='[3]Annex-8'!G40,'[3]Annex-8'!G40&".00 ",IF(INT('[3]Annex-8'!G40*10)='[3]Annex-8'!G40*10,'[3]Annex-8'!G40&"0 ",ROUND('[3]Annex-8'!G40,2)&" ")) -> #VALUE! | H39: =IF('[3]Annex-8'!H40<0,"(-)"&FIXED(ABS('[3]Annex-8'!H40),2)&" ",FIXED('[3]Annex-8'!H40,2)&" ") -> #VALUE!
A40: ='[3]Annex-8'!A73 -> # NOT COMPARABLE AS THE IMPACT IS 100% OR MORE
A41: A-11
A42: ='[3]Annex-8'!$A$3 -> STATE:PUDUCHERRY | G42: ='[3]Annex-8'!$G$3 -> ANNEX-VIII
A43: ='[3]Annex-8'!$A$4 -> IMPACT OF DISCREPANCIES IN RECORDING AREA UNDER CROPS DURING 0 AND 0.
A44: ='[3]Annex-8'!$A$5 -> SEASON / CROP | B44: ='[3]Annex-8'!$B$5 -> AREA IN HECTARES AS OBSERVED IN SAMPLE CLUSTERS
B45: ='[3]Annex-8'!$B$6 -> CENTRAL SAMPLE | D45: ='[3]Annex-8'!$D$6 -> STATE SAMPLE | F45: ='[3]Annex-8'!$F$6 -> POOLED SAMPLE | H45: IMPACT OF DISCRIPANCIES (b-a/a)*100 (POOLED SAMPLE ONLY)
B46: ='[3]Annex-8'!$B$7 -> AS PER SUPERVISOR | C46: ='[3]Annex-8'!$C$7 -> AS PER PATWARI | D46: ='[3]Annex-8'!$D$7 -> AS PER SUPERVISOR | E46: ='[3]Annex-8'!$E$7 -> AS PER PATWARI | F46: AS PER SUPERVISOR (a) | G46: AS PER PATWARI (b)
A47: ='[3]Annex-8'!A$8 -> (1) | B47: ='[3]Annex-8'!B$8 -> (2) | C47: ='[3]Annex-8'!C$8 -> (3) | D47: ='[3]Annex-8'!D$8 -> (4) | E47: ='[3]Annex-8'!E$8 -> (5) | F47: ='[3]Annex-8'!F$8 -> (6) | G47: ='[3]Annex-8'!G$8 -> (7) | H47: ='[3]Annex-8'!I$8 -> (8)
A48: =common!$H$5 -> RABI I 2023-24
A49: =A9 -> PADDY | B49: =IF(INT('[3]Annex-8'!B42)='[3]Annex-8'!B42,'[3]Annex-8'!B42&".00 ",IF(INT('[3]Annex-8'!B42*10)='[3]Annex-8'!B42*10,'[3]Annex-8'!B42&"0 ",ROUND('[3]Annex-8'!B42,2)&" ")) -> 26.55 | C49: =IF(INT('[3]Annex-8'!C42)='[3]Annex-8'!C42,'[3]Annex-8'!C42&".00 ",IF(INT('[3]Annex-8'!C42*10)='[3]Annex-8'!C42*10,'[3]Annex-8'!C42&"0 ",ROUND('[3]Annex-8'!C42,2)&" ")) -> 26.63 | D49: =IF(INT('[3]Annex-8'!D42)='[3]Annex-8'!D42,'[3]Annex-8'!D42&".00 ",IF(INT('[3]Annex-8'!D42*10)='[3]Annex-8'!D42*10,'[3]Annex-8'!D42&"0 ",ROUND('[3]Annex-8'!D42,2)&" ")) -> 7.65 | E49: =IF(INT('[3]Annex-8'!E42)='[3]Annex-8'!E42,'[3]Annex-8'!E42&".00 ",IF(INT('[3]Annex-8'!E42*10)='[3]Annex-8'!E42*10,'[3]Annex-8'!E42&"0 ",ROUND('[3]Annex-8'!E42,2)&" ")) -> 7.54 | F49: =IF(INT('[3]Annex-8'!F42)='[3]Annex-8'!F42,'[3]Annex-8'!F42&".00 ",IF(INT('[3]Annex-8'!F42*10)='[3]Annex-8'!F42*10,'[3]Annex-8'!F42&"0 ",ROUND('[3]Annex-8'!F42,2)&" ")) -> 34.19 | G49: =IF(INT('[3]Annex-8'!G42)='[3]Annex-8'!G42,'[3]Annex-8'!G42&".00 ",IF(INT('[3]Annex-8'!G42*10)='[3]Annex-8'!G42*10,'[3]Annex-8'!G42&"0 ",ROUND('[3]Annex-8'!G42,2)&" ")) -> 34.17 | H49: =IF('[3]Annex-8'!H42<0,"(-)"&FIXED(ABS('[3]Annex-8'!H42),2)&" ",FIXED('[3]Annex-8'!H42,2)&" ") -> (-)0.07
A50: =A10 -> OTHERS | B50: =IF(INT('[3]Annex-8'!B43)='[3]Annex-8'!B43,'[3]Annex-8'!B43&".00 ",IF(INT('[3]Annex-8'!B43*10)='[3]Annex-8'!B43*10,'[3]Annex-8'!B43&"0 ",ROUND('[3]Annex-8'!B43,2)&" ")) -> 3.3 | C50: =IF(INT('[3]Annex-8'!C43)='[3]Annex-8'!C43,'[3]Annex-8'!C43&".00 ",IF(INT('[3]Annex-8'!C43*10)='[3]Annex-8'!C43*10,'[3]Annex-8'!C43&"0 ",ROUND('[3]Annex-8'!C43,2)&" ")) -> 3.03 | D50: =IF(INT('[3]Annex-8'!D43)='[3]Annex-8'!D43,'[3]Annex-8'!D43&".00 ",IF(INT('[3]Annex-8'!D43*10)='[3]Annex-8'!D43*10,'[3]Annex-8'!D43&"0 ",ROUND('[3]Annex-8'!D43,2)&" ")) -> 3.38 | E50: =IF(INT('[3]Annex-8'!E43)='[3]Annex-8'!E43,'[3]Annex-8'!E43&".00 ",IF(INT('[3]Annex-8'!E43*10)='[3]Annex-8'!E43*10,'[3]Annex-8'!E43&"0 ",ROUND('[3]Annex-8'!E43,2)&" ")) -> 3.38 | F50: =IF(INT('[3]Annex-8'!F43)='[3]Annex-8'!F43,'[3]Annex-8'!F43&".00 ",IF(INT('[3]Annex-8'!F43*10)='[3]Annex-8'!F43*10,'[3]Annex-8'!F43&"0 ",ROUND('[3]Annex-8'!F43,2)&" ")) -> 6.68 | G50: =IF(INT('[3]Annex-8'!G43)='[3]Annex-8'!G43,'[3]Annex-8'!G43&".00 ",IF(INT('[3]Annex-8'!G43*10)='[3]Annex-8'!G43*10,'[3]Annex-8'!G43&"0 ",ROUND('[3]Annex-8'!G43,2)&" ")) -> 6.41 | H50: =IF('[3]Annex-8'!H43<0,"(-)"&FIXED(ABS('[3]Annex-8'!H43),2)&" ",FIXED('[3]Annex-8'!H43,2)&" ") -> (-)4.04
A51: =A11 | B51: =IF(INT('[3]Annex-8'!B44)='[3]Annex-8'!B44,'[3]Annex-8'!B44&".00 ",IF(INT('[3]Annex-8'!B44*10)='[3]Annex-8'!B44*10,'[3]Annex-8'!B44&"0 ",ROUND('[3]Annex-8'!B44,2)&" ")) -> #VALUE! | C51: =IF(INT('[3]Annex-8'!C44)='[3]Annex-8'!C44,'[3]Annex-8'!C44&".00 ",IF(INT('[3]Annex-8'!C44*10)='[3]Annex-8'!C44*10,'[3]Annex-8'!C44&"0 ",ROUND('[3]Annex-8'!C44,2)&" ")) -> #VALUE! | D51: =IF(INT('[3]Annex-8'!D44)='[3]Annex-8'!D44,'[3]Annex-8'!D44&".00 ",IF(INT('[3]Annex-8'!D44*10)='[3]Annex-8'!D44*10,'[3]Annex-8'!D44&"0 ",ROUND('[3]Annex-8'!D44,2)&" ")) -> #VALUE! | E51: =IF(INT('[3]Annex-8'!E44)='[3]Annex-8'!E44,'[3]Annex-8'!E44&".00 ",IF(INT('[3]Annex-8'!E44*10)='[3]Annex-8'!E44*10,'[3]Annex-8'!E44&"0 ",ROUND('[3]Annex-8'!E44,2)&" ")) -> #VALUE! | F51: =IF(INT('[3]Annex-8'!F44)='[3]Annex-8'!F44,'[3]Annex-8'!F44&".00 ",IF(INT('[3]Annex-8'!F44*10)='[3]Annex-8'!F44*10,'[3]Annex-8'!F44&"0 ",ROUND('[3]Annex-8'!F44,2)&" ")) -> #VALUE! | G51: =IF(INT('[3]Annex-8'!G44)='[3]Annex-8'!G44,'[3]Annex-8'!G44&".00 ",IF(INT('[3]Annex-8'!G44*10)='[3]Annex-8'!G44*10,'[3]Annex-8'!G44&"0 ",ROUND('[3]Annex-8'!G44,2)&" ")) -> #VALUE! | H51: =IF('[3]Annex-8'!H44<0,"(-)"&FIXED(ABS('[3]Annex-8'!H44),2)&" ",FIXED('[3]Annex-8'!H44,2)&" ") -> #VALUE!
A52: =A12 | B52: =IF(INT('[3]Annex-8'!B45)='[3]Annex-8'!B45,'[3]Annex-8'!B45&".00 ",IF(INT('[3]Annex-8'!B45*10)='[3]Annex-8'!B45*10,'[3]Annex-8'!B45&"0 ",ROUND('[3]Annex-8'!B45,2)&" ")) -> #VALUE! | C52: =IF(INT('[3]Annex-8'!C45)='[3]Annex-8'!C45,'[3]Annex-8'!C45&".00 ",IF(INT('[3]Annex-8'!C45*10)='[3]Annex-8'!C45*10,'[3]Annex-8'!C45&"0 ",ROUND('[3]Annex-8'!C45,2)&" ")) -> #VALUE! | D52: =IF(INT('[3]Annex-8'!D45)='[3]Annex-8'!D45,'[3]Annex-8'!D45&".00 ",IF(INT('[3]Annex-8'!D45*10)='[3]Annex-8'!D45*10,'[3]Annex-8'!D45&"0 ",ROUND('[3]Annex-8'!D45,2)&" ")) -> #VALUE! | E52: =IF(INT('[3]Annex-8'!E45)='[3]Annex-8'!E45,'[3]Annex-8'!E45&".00 ",IF(INT('[3]Annex-8'!E45*10)='[3]Annex-8'!E45*10,'[3]Annex-8'!E45&"0 ",ROUND('[3]Annex-8'!E45,2)&" ")) -> #VALUE! | F52: =IF(INT('[3]Annex-8'!F45)='[3]Annex-8'!F45,'[3]Annex-8'!F45&".00 ",IF(INT('[3]Annex-8'!F45*10)='[3]Annex-8'!F45*10,'[3]Annex-8'!F45&"0 ",ROUND('[3]Annex-8'!F45,2)&" ")) -> #VALUE! | G52: =IF(INT('[3]Annex-8'!G45)='[3]Annex-8'!G45,'[3]Annex-8'!G45&".00 ",IF(INT('[3]Annex-8'!G45*10)='[3]Annex-8'!G45*10,'[3]Annex-8'!G45&"0 ",ROUND('[3]Annex-8'!G45,2)&" ")) -> #VALUE! | H52: =IF('[3]Annex-8'!H45<0,"(-)"&FIXED(ABS('[3]Annex-8'!H45),2)&" ",FIXED('[3]Annex-8'!H45,2)&" ") -> #VALUE!
A53: =A13 | B53: =IF(INT('[3]Annex-8'!B46)='[3]Annex-8'!B46,'[3]Annex-8'!B46&".00 ",IF(INT('[3]Annex-8'!B46*10)='[3]Annex-8'!B46*10,'[3]Annex-8'!B46&"0 ",ROUND('[3]Annex-8'!B46,2)&" ")) -> #VALUE! | C53: =IF(INT('[3]Annex-8'!C46)='[3]Annex-8'!C46,'[3]Annex-8'!C46&".00 ",IF(INT('[3]Annex-8'!C46*10)='[3]Annex-8'!C46*10,'[3]Annex-8'!C46&"0 ",ROUND('[3]Annex-8'!C46,2)&" ")) -> #VALUE! | D53: =IF(INT('[3]Annex-8'!D46)='[3]Annex-8'!D46,'[3]Annex-8'!D46&".00 ",IF(INT('[3]Annex-8'!D46*10)='[3]Annex-8'!D46*10,'[3]Annex-8'!D46&"0 ",ROUND('[3]Annex-8'!D46,2)&" ")) -> #VALUE! | E53: =IF(INT('[3]Annex-8'!E46)='[3]Annex-8'!E46,'[3]Annex-8'!E46&".00 ",IF(INT('[3]Annex-8'!E46*10)='[3]Annex-8'!E46*10,'[3]Annex-8'!E46&"0 ",ROUND('[3]Annex-8'!E46,2)&" ")) -> #VALUE! | F53: =IF(INT('[3]Annex-8'!F46)='[3]Annex-8'!F46,'[3]Annex-8'!F46&".00 ",IF(INT('[3]Annex-8'!F46*10)='[3]Annex-8'!F46*10,'[3]Annex-8'!F46&"0 ",ROUND('[3]Annex-8'!F46,2)&" ")) -> #VALUE! | G53: =IF(INT('[3]Annex-8'!G46)='[3]Annex-8'!G46,'[3]Annex-8'!G46&".00 ",IF(INT('[3]Annex-8'!G46*10)='[3]Annex-8'!G46*10,'[3]Annex-8'!G46&"0 ",ROUND('[3]Annex-8'!G46,2)&" ")) -> #VALUE! | H53: =IF('[3]Annex-8'!H46<0,"(-)"&FIXED(ABS('[3]Annex-8'!H46),2)&" ",FIXED('[3]Annex-8'!H46,2)&" ") -> #VALUE!
A54: =A14 | B54: =IF(INT('[3]Annex-8'!B47)='[3]Annex-8'!B47,'[3]Annex-8'!B47&".00 ",IF(INT('[3]Annex-8'!B47*10)='[3]Annex-8'!B47*10,'[3]Annex-8'!B47&"0 ",ROUND('[3]Annex-8'!B47,2)&" ")) -> #VALUE! | C54: =IF(INT('[3]Annex-8'!C47)='[3]Annex-8'!C47,'[3]Annex-8'!C47&".00 ",IF(INT('[3]Annex-8'!C47*10)='[3]Annex-8'!C47*10,'[3]Annex-8'!C47&"0 ",ROUND('[3]Annex-8'!C47,2)&" ")) -> #VALUE! | D54: =IF(INT('[3]Annex-8'!D47)='[3]Annex-8'!D47,'[3]Annex-8'!D47&".00 ",IF(INT('[3]Annex-8'!D47*10)='[3]Annex-8'!D47*10,'[3]Annex-8'!D47&"0 ",ROUND('[3]Annex-8'!D47,2)&" ")) -> #VALUE! | E54: =IF(INT('[3]Annex-8'!E47)='[3]Annex-8'!E47,'[3]Annex-8'!E47&".00 ",IF(INT('[3]Annex-8'!E47*10)='[3]Annex-8'!E47*10,'[3]Annex-8'!E47&"0 ",ROUND('[3]Annex-8'!E47,2)&" ")) -> #VALUE! | F54: =IF(INT('[3]Annex-8'!F47)='[3]Annex-8'!F47,'[3]Annex-8'!F47&".00 ",IF(INT('[3]Annex-8'!F47*10)='[3]Annex-8'!F47*10,'[3]Annex-8'!F47&"0 ",ROUND('[3]Annex-8'!F47,2)&" ")) -> #VALUE! | G54: =IF(INT('[3]Annex-8'!G47)='[3]Annex-8'!G47,'[3]Annex-8'!G47&".00 ",IF(INT('[3]Annex-8'!G47*10)='[3]Annex-8'!G47*10,'[3]Annex-8'!G47&"0 ",ROUND('[3]Annex-8'!G47,2)&" ")) -> #VALUE! | H54: =IF('[3]Annex-8'!H47<0,"(-)"&FIXED(ABS('[3]Annex-8'!H47),2)&" ",FIXED('[3]Annex-8'!H47,2)&" ") -> #VALUE!
A55: =A15 | B55: =IF(INT('[3]Annex-8'!B48)='[3]Annex-8'!B48,'[3]Annex-8'!B48&".00 ",IF(INT('[3]Annex-8'!B48*10)='[3]Annex-8'!B48*10,'[3]Annex-8'!B48&"0 ",ROUND('[3]Annex-8'!B48,2)&" ")) -> #VALUE! | C55: =IF(INT('[3]Annex-8'!C48)='[3]Annex-8'!C48,'[3]Annex-8'!C48&".00 ",IF(INT('[3]Annex-8'!C48*10)='[3]Annex-8'!C48*10,'[3]Annex-8'!C48&"0 ",ROUND('[3]Annex-8'!C48,2)&" ")) -> #VALUE! | D55: =IF(INT('[3]Annex-8'!D48)='[3]Annex-8'!D48,'[3]Annex-8'!D48&".00 ",IF(INT('[3]Annex-8'!D48*10)='[3]Annex-8'!D48*10,'[3]Annex-8'!D48&"0 ",ROUND('[3]Annex-8'!D48,2)&" ")) -> #VALUE! | E55: =IF(INT('[3]Annex-8'!E48)='[3]Annex-8'!E48,'[3]Annex-8'!E48&".00 ",IF(INT('[3]Annex-8'!E48*10)='[3]Annex-8'!E48*10,'[3]Annex-8'!E48&"0 ",ROUND('[3]Annex-8'!E48,2)&" ")) -> #VALUE! | F55: =IF(INT('[3]Annex-8'!F48)='[3]Annex-8'!F48,'[3]Annex-8'!F48&".00 ",IF(INT('[3]Annex-8'!F48*10)='[3]Annex-8'!F48*10,'[3]Annex-8'!F48&"0 ",ROUND('[3]Annex-8'!F48,2)&" ")) -> #VALUE! | G55: =IF(INT('[3]Annex-8'!G48)='[3]Annex-8'!G48,'[3]Annex-8'!G48&".00 ",IF(INT('[3]Annex-8'!G48*10)='[3]Annex-8'!G48*10,'[3]Annex-8'!G48&"0 ",ROUND('[3]Annex-8'!G48,2)&" ")) -> #VALUE! | H55: =IF('[3]Annex-8'!H48<0,"(-)"&FIXED(ABS('[3]Annex-8'!H48),2)&" ",FIXED('[3]Annex-8'!H48,2)&" ") -> #VALUE!
A56: =A16 | B56: =IF(INT('[3]Annex-8'!B49)='[3]Annex-8'!B49,'[3]Annex-8'!B49&".00 ",IF(INT('[3]Annex-8'!B49*10)='[3]Annex-8'!B49*10,'[3]Annex-8'!B49&"0 ",ROUND('[3]Annex-8'!B49,2)&" ")) -> #VALUE! | C56: =IF(INT('[3]Annex-8'!C49)='[3]Annex-8'!C49,'[3]Annex-8'!C49&".00 ",IF(INT('[3]Annex-8'!C49*10)='[3]Annex-8'!C49*10,'[3]Annex-8'!C49&"0 ",ROUND('[3]Annex-8'!C49,2)&" ")) -> #VALUE! | D56: =IF(INT('[3]Annex-8'!D49)='[3]Annex-8'!D49,'[3]Annex-8'!D49&".00 ",IF(INT('[3]Annex-8'!D49*10)='[3]Annex-8'!D49*10,'[3]Annex-8'!D49&"0 ",ROUND('[3]Annex-8'!D49,2)&" ")) -> #VALUE! | E56: =IF(INT('[3]Annex-8'!E49)='[3]Annex-8'!E49,'[3]Annex-8'!E49&".00 ",IF(INT('[3]Annex-8'!E49*10)='[3]Annex-8'!E49*10,'[3]Annex-8'!E49&"0 ",ROUND('[3]Annex-8'!E49,2)&" ")) -> #VALUE! | F56: =IF(INT('[3]Annex-8'!F49)='[3]Annex-8'!F49,'[3]Annex-8'!F49&".00 ",IF(INT('[3]Annex-8'!F49*10)='[3]Annex-8'!F49*10,'[3]Annex-8'!F49&"0 ",ROUND('[3]Annex-8'!F49,2)&" ")) -> #VALUE! | G56: =IF(INT('[3]Annex-8'!G49)='[3]Annex-8'!G49,'[3]Annex-8'!G49&".00 ",IF(INT('[3]Annex-8'!G49*10)='[3]Annex-8'!G49*10,'[3]Annex-8'!G49&"0 ",ROUND('[3]Annex-8'!G49,2)&" ")) -> #VALUE! | H56: =IF('[3]Annex-8'!H49<0,"(-)"&FIXED(ABS('[3]Annex-8'!H49),2)&" ",FIXED('[3]Annex-8'!H49,2)&" ") -> #VALUE!
A57: =A17 | B57: =IF(INT('[3]Annex-8'!B50)='[3]Annex-8'!B50,'[3]Annex-8'!B50&".00 ",IF(INT('[3]Annex-8'!B50*10)='[3]Annex-8'!B50*10,'[3]Annex-8'!B50&"0 ",ROUND('[3]Annex-8'!B50,2)&" ")) -> #VALUE! | C57: =IF(INT('[3]Annex-8'!C50)='[3]Annex-8'!C50,'[3]Annex-8'!C50&".00 ",IF(INT('[3]Annex-8'!C50*10)='[3]Annex-8'!C50*10,'[3]Annex-8'!C50&"0 ",ROUND('[3]Annex-8'!C50,2)&" ")) -> #VALUE! | D57: =IF(INT('[3]Annex-8'!D50)='[3]Annex-8'!D50,'[3]Annex-8'!D50&".00 ",IF(INT('[3]Annex-8'!D50*10)='[3]Annex-8'!D50*10,'[3]Annex-8'!D50&"0 ",ROUND('[3]Annex-8'!D50,2)&" ")) -> #VALUE! | E57: =IF(INT('[3]Annex-8'!E50)='[3]Annex-8'!E50,'[3]Annex-8'!E50&".00 ",IF(INT('[3]Annex-8'!E50*10)='[3]Annex-8'!E50*10,'[3]Annex-8'!E50&"0 ",ROUND('[3]Annex-8'!E50,2)&" ")) -> #VALUE! | F57: =IF(INT('[3]Annex-8'!F50)='[3]Annex-8'!F50,'[3]Annex-8'!F50&".00 ",IF(INT('[3]Annex-8'!F50*10)='[3]Annex-8'!F50*10,'[3]Annex-8'!F50&"0 ",ROUND('[3]Annex-8'!F50,2)&" ")) -> #VALUE! | G57: =IF(INT('[3]Annex-8'!G50)='[3]Annex-8'!G50,'[3]Annex-8'!G50&".00 ",IF(INT('[3]Annex-8'!G50*10)='[3]Annex-8'!G50*10,'[3]Annex-8'!G50&"0 ",ROUND('[3]Annex-8'!G50,2)&" ")) -> #VALUE! | H57: =IF('[3]Annex-8'!H50<0,"(-)"&FIXED(ABS('[3]Annex-8'!H50),2)&" ",FIXED('[3]Annex-8'!H50,2)&" ") -> #VALUE!
A58: =A18 | B58: =IF(INT('[3]Annex-8'!B51)='[3]Annex-8'!B51,'[3]Annex-8'!B51&".00 ",IF(INT('[3]Annex-8'!B51*10)='[3]Annex-8'!B51*10,'[3]Annex-8'!B51&"0 ",ROUND('[3]Annex-8'!B51,2)&" ")) -> #VALUE! | C58: =IF(INT('[3]Annex-8'!C51)='[3]Annex-8'!C51,'[3]Annex-8'!C51&".00 ",IF(INT('[3]Annex-8'!C51*10)='[3]Annex-8'!C51*10,'[3]Annex-8'!C51&"0 ",ROUND('[3]Annex-8'!C51,2)&" ")) -> #VALUE! | D58: =IF(INT('[3]Annex-8'!D51)='[3]Annex-8'!D51,'[3]Annex-8'!D51&".00 ",IF(INT('[3]Annex-8'!D51*10)='[3]Annex-8'!D51*10,'[3]Annex-8'!D51&"0 ",ROUND('[3]Annex-8'!D51,2)&" ")) -> #VALUE! | E58: =IF(INT('[3]Annex-8'!E51)='[3]Annex-8'!E51,'[3]Annex-8'!E51&".00 ",IF(INT('[3]Annex-8'!E51*10)='[3]Annex-8'!E51*10,'[3]Annex-8'!E51&"0 ",ROUND('[3]Annex-8'!E51,2)&" ")) -> #VALUE! | F58: =IF(INT('[3]Annex-8'!F51)='[3]Annex-8'!F51,'[3]Annex-8'!F51&".00 ",IF(INT('[3]Annex-8'!F51*10)='[3]Annex-8'!F51*10,'[3]Annex-8'!F51&"0 ",ROUND('[3]Annex-8'!F51,2)&" ")) -> #VALUE! | G58: =IF(INT('[3]Annex-8'!G51)='[3]Annex-8'!G51,'[3]Annex-8'!G51&".00 ",IF(INT('[3]Annex-8'!G51*10)='[3]Annex-8'!G51*10,'[3]Annex-8'!G51&"0 ",ROUND('[3]Annex-8'!G51,2)&" ")) -> #VALUE! | H58: =IF('[3]Annex-8'!H51<0,"(-)"&FIXED(ABS('[3]Annex-8'!H51),2)&" ",FIXED('[3]Annex-8'!H51,2)&" ") -> #VALUE!
A59: =A19 | B59: =IF(INT('[3]Annex-8'!B52)='[3]Annex-8'!B52,'[3]Annex-8'!B52&".00 ",IF(INT('[3]Annex-8'!B52*10)='[3]Annex-8'!B52*10,'[3]Annex-8'!B52&"0 ",ROUND('[3]Annex-8'!B52,2)&" ")) -> #VALUE! | C59: =IF(INT('[3]Annex-8'!C52)='[3]Annex-8'!C52,'[3]Annex-8'!C52&".00 ",IF(INT('[3]Annex-8'!C52*10)='[3]Annex-8'!C52*10,'[3]Annex-8'!C52&"0 ",ROUND('[3]Annex-8'!C52,2)&" ")) -> #VALUE! | D59: =IF(INT('[3]Annex-8'!D52)='[3]Annex-8'!D52,'[3]Annex-8'!D52&".00 ",IF(INT('[3]Annex-8'!D52*10)='[3]Annex-8'!D52*10,'[3]Annex-8'!D52&"0 ",ROUND('[3]Annex-8'!D52,2)&" ")) -> #VALUE! | E59: =IF(INT('[3]Annex-8'!E52)='[3]Annex-8'!E52,'[3]Annex-8'!E52&".00 ",IF(INT('[3]Annex-8'!E52*10)='[3]Annex-8'!E52*10,'[3]Annex-8'!E52&"0 ",ROUND('[3]Annex-8'!E52,2)&" ")) -> #VALUE! | F59: =IF(INT('[3]Annex-8'!F52)='[3]Annex-8'!F52,'[3]Annex-8'!F52&".00 ",IF(INT('[3]Annex-8'!F52*10)='[3]Annex-8'!F52*10,'[3]Annex-8'!F52&"0 ",ROUND('[3]Annex-8'!F52,2)&" ")) -> #VALUE! | G59: =IF(INT('[3]Annex-8'!G52)='[3]Annex-8'!G52,'[3]Annex-8'!G52&".00 ",IF(INT('[3]Annex-8'!G52*10)='[3]Annex-8'!G52*10,'[3]Annex-8'!G52&"0 ",ROUND('[3]Annex-8'!G52,2)&" ")) -> #VALUE! | H59: =IF('[3]Annex-8'!H52<0,"(-)"&FIXED(ABS('[3]Annex-8'!H52),2)&" ",FIXED('[3]Annex-8'!H52,2)&" ") -> #VALUE!
A60: =A20 | B60: =IF(INT('[3]Annex-8'!B53)='[3]Annex-8'!B53,'[3]Annex-8'!B53&".00 ",IF(INT('[3]Annex-8'!B53*10)='[3]Annex-8'!B53*10,'[3]Annex-8'!B53&"0 ",ROUND('[3]Annex-8'!B53,2)&" ")) -> #VALUE! | C60: =IF(INT('[3]Annex-8'!C53)='[3]Annex-8'!C53,'[3]Annex-8'!C53&".00 ",IF(INT('[3]Annex-8'!C53*10)='[3]Annex-8'!C53*10,'[3]Annex-8'!C53&"0 ",ROUND('[3]Annex-8'!C53,2)&" ")) -> #VALUE! | D60: =IF(INT('[3]Annex-8'!D53)='[3]Annex-8'!D53,'[3]Annex-8'!D53&".00 ",IF(INT('[3]Annex-8'!D53*10)='[3]Annex-8'!D53*10,'[3]Annex-8'!D53&"0 ",ROUND('[3]Annex-8'!D53,2)&" ")) -> #VALUE! | E60: =IF(INT('[3]Annex-8'!E53)='[3]Annex-8'!E53,'[3]Annex-8'!E53&".00 ",IF(INT('[3]Annex-8'!E53*10)='[3]Annex-8'!E53*10,'[3]Annex-8'!E53&"0 ",ROUND('[3]Annex-8'!E53,2)&" ")) -> #VALUE! | F60: =IF(INT('[3]Annex-8'!F53)='[3]Annex-8'!F53,'[3]Annex-8'!F53&".00 ",IF(INT('[3]Annex-8'!F53*10)='[3]Annex-8'!F53*10,'[3]Annex-8'!F53&"0 ",ROUND('[3]Annex-8'!F53,2)&" ")) -> #VALUE! | G60: =IF(INT('[3]Annex-8'!G53)='[3]Annex-8'!G53,'[3]Annex-8'!G53&".00 ",IF(INT('[3]Annex-8'!G53*10)='[3]Annex-8'!G53*10,'[3]Annex-8'!G53&"0 ",ROUND('[3]Annex-8'!G53,2)&" ")) -> #VALUE! | H60: =IF('[3]Annex-8'!H53<0,"(-)"&FIXED(ABS('[3]Annex-8'!H53),2)&" ",FIXED('[3]Annex-8'!H53,2)&" ") -> #VALUE!
... A63: =A23 | B63: =IF(INT('[3]Annex-8'!B56)='[3]Annex-8'!B56,'[3]Annex-8'!B56&".00 ",IF(INT('[3]Annex-8'!B56*10)='[3]Annex-8'!B56*10,'[3]Annex-8'!B56&"0 ",ROUND('[3]Annex-8'!B56,2)&" ")) -> #VALUE! | C63: =IF(INT('[3]Annex-8'!C56)='[3]Annex-8'!C56,'[3]Annex-8'!C56&".00 ",IF(INT('[3]Annex-8'!C56*10)='[3]Annex-8'!C56*10,'[3]Annex-8'!C56&"0 ",ROUND('[3]Annex-8'!C56,2)&" ")) -> #VALUE! | D63: =IF(INT('[3]Annex-8'!D56)='[3]Annex-8'!D56,'[3]Annex-8'!D56&".00 ",IF(INT('[3]Annex-8'!D56*10)='[3]Annex-8'!D56*10,'[3]Annex-8'!D56&"0 ",ROUND('[3]Annex-8'!D56,2)&" ")) -> #VALUE! | E63: =IF(INT('[3]Annex-8'!E56)='[3]Annex-8'!E56,'[3]Annex-8'!E56&".00 ",IF(INT('[3]Annex-8'!E56*10)='[3]Annex-8'!E56*10,'[3]Annex-8'!E56&"0 ",ROUND('[3]Annex-8'!E56,2)&" ")) -> #VALUE! | F63: =IF(INT('[3]Annex-8'!F56)='[3]Annex-8'!F56,'[3]Annex-8'!F56&".00 ",IF(INT('[3]Annex-8'!F56*10)='[3]Annex-8'!F56*10,'[3]Annex-8'!F56&"0 ",ROUND('[3]Annex-8'!F56,2)&" ")) -> #VALUE! | G63: =IF(INT('[3]Annex-8'!G56)='[3]Annex-8'!G56,'[3]Annex-8'!G56&".00 ",IF(INT('[3]Annex-8'!G56*10)='[3]Annex-8'!G56*10,'[3]Annex-8'!G56&"0 ",ROUND('[3]Annex-8'!G56,2)&" ")) -> #VALUE! | H63: =IF('[3]Annex-8'!H56<0,"(-)"&FIXED(ABS('[3]Annex-8'!H56),2)&" ",FIXED('[3]Annex-8'!H56,2)&" ") -> #VALUE!
A64: =common!$I$5 -> RABI II 2023-24
A65: =A25 -> PADDY | B65: =IF(INT('[3]Annex-8'!B58)='[3]Annex-8'!B58,'[3]Annex-8'!B58&".00 ",IF(INT('[3]Annex-8'!B58*10)='[3]Annex-8'!B58*10,'[3]Annex-8'!B58&"0 ",ROUND('[3]Annex-8'!B58,2)&" ")) -> 9.52 | C65: =IF(INT('[3]Annex-8'!C58)='[3]Annex-8'!C58,'[3]Annex-8'!C58&".00 ",IF(INT('[3]Annex-8'!C58*10)='[3]Annex-8'!C58*10,'[3]Annex-8'!C58&"0 ",ROUND('[3]Annex-8'!C58,2)&" ")) -> 9.52 | D65: =IF(INT('[3]Annex-8'!D58)='[3]Annex-8'!D58,'[3]Annex-8'!D58&".00 ",IF(INT('[3]Annex-8'!D58*10)='[3]Annex-8'!D58*10,'[3]Annex-8'!D58&"0 ",ROUND('[3]Annex-8'!D58,2)&" ")) -> 3.17 | E65: =IF(INT('[3]Annex-8'!E58)='[3]Annex-8'!E58,'[3]Annex-8'!E58&".00 ",IF(INT('[3]Annex-8'!E58*10)='[3]Annex-8'!E58*10,'[3]Annex-8'!E58&"0 ",ROUND('[3]Annex-8'!E58,2)&" ")) -> 3.17 | F65: =IF(INT('[3]Annex-8'!F58)='[3]Annex-8'!F58,'[3]Annex-8'!F58&".00 ",IF(INT('[3]Annex-8'!F58*10)='[3]Annex-8'!F58*10,'[3]Annex-8'!F58&"0 ",ROUND('[3]Annex-8'!F58,2)&" ")) -> 12.69 | G65: =IF(INT('[3]Annex-8'!G58)='[3]Annex-8'!G58,'[3]Annex-8'!G58&".00 ",IF(INT('[3]Annex-8'!G58*10)='[3]Annex-8'!G58*10,'[3]Annex-8'!G58&"0 ",ROUND('[3]Annex-8'!G58,2)&" ")) -> 12.69 | H65: =IF('[3]Annex-8'!H58<0,"(-)"&FIXED(ABS('[3]Annex-8'!H58),2)&" ",FIXED('[3]Annex-8'!H58,2)&" ") -> 0.00
A66: =A26 -> OTHERS | B66: =IF(INT('[3]Annex-8'!B59)='[3]Annex-8'!B59,'[3]Annex-8'!B59&".00 ",IF(INT('[3]Annex-8'!B59*10)='[3]Annex-8'!B59*10,'[3]Annex-8'!B59&"0 ",ROUND('[3]Annex-8'!B59,2)&" ")) -> 2.53 | C66: =IF(INT('[3]Annex-8'!C59)='[3]Annex-8'!C59,'[3]Annex-8'!C59&".00 ",IF(INT('[3]Annex-8'!C59*10)='[3]Annex-8'!C59*10,'[3]Annex-8'!C59&"0 ",ROUND('[3]Annex-8'!C59,2)&" ")) -> 2.53 | D66: =IF(INT('[3]Annex-8'!D59)='[3]Annex-8'!D59,'[3]Annex-8'!D59&".00 ",IF(INT('[3]Annex-8'!D59*10)='[3]Annex-8'!D59*10,'[3]Annex-8'!D59&"0 ",ROUND('[3]Annex-8'!D59,2)&" ")) -> 2.89 | E66: =IF(INT('[3]Annex-8'!E59)='[3]Annex-8'!E59,'[3]Annex-8'!E59&".00 ",IF(INT('[3]Annex-8'!E59*10)='[3]Annex-8'!E59*10,'[3]Annex-8'!E59&"0 ",ROUND('[3]Annex-8'!E59,2)&" ")) -> 2.81 | F66: =IF(INT('[3]Annex-8'!F59)='[3]Annex-8'!F59,'[3]Annex-8'!F59&".00 ",IF(INT('[3]Annex-8'!F59*10)='[3]Annex-8'!F59*10,'[3]Annex-8'!F59&"0 ",ROUND('[3]Annex-8'!F59,2)&" ")) -> 5.42 | G66: =IF(INT('[3]Annex-8'!G59)='[3]Annex-8'!G59,'[3]Annex-8'!G59&".00 ",IF(INT('[3]Annex-8'!G59*10)='[3]Annex-8'!G59*10,'[3]Annex-8'!G59&"0 ",ROUND('[3]Annex-8'!G59,2)&" ")) -> 5.34 | H66: =IF('[3]Annex-8'!H59<0,"(-)"&FIXED(ABS('[3]Annex-8'!H59),2)&" ",FIXED('[3]Annex-8'!H59,2)&" ") -> (-)1.48
A67: =A27 | B67: =IF(INT('[3]Annex-8'!B60)='[3]Annex-8'!B60,'[3]Annex-8'!B60&".00 ",IF(INT('[3]Annex-8'!B60*10)='[3]Annex-8'!B60*10,'[3]Annex-8'!B60&"0 ",ROUND('[3]Annex-8'!B60,2)&" ")) -> #VALUE! | C67: =IF(INT('[3]Annex-8'!C60)='[3]Annex-8'!C60,'[3]Annex-8'!C60&".00 ",IF(INT('[3]Annex-8'!C60*10)='[3]Annex-8'!C60*10,'[3]Annex-8'!C60&"0 ",ROUND('[3]Annex-8'!C60,2)&" ")) -> #VALUE! | D67: =IF(INT('[3]Annex-8'!D60)='[3]Annex-8'!D60,'[3]Annex-8'!D60&".00 ",IF(INT('[3]Annex-8'!D60*10)='[3]Annex-8'!D60*10,'[3]Annex-8'!D60&"0 ",ROUND('[3]Annex-8'!D60,2)&" ")) -> #VALUE! | E67: =IF(INT('[3]Annex-8'!E60)='[3]Annex-8'!E60,'[3]Annex-8'!E60&".00 ",IF(INT('[3]Annex-8'!E60*10)='[3]Annex-8'!E60*10,'[3]Annex-8'!E60&"0 ",ROUND('[3]Annex-8'!E60,2)&" ")) -> #VALUE! | F67: =IF(INT('[3]Annex-8'!F60)='[3]Annex-8'!F60,'[3]Annex-8'!F60&".00 ",IF(INT('[3]Annex-8'!F60*10)='[3]Annex-8'!F60*10,'[3]Annex-8'!F60&"0 ",ROUND('[3]Annex-8'!F60,2)&" ")) -> #VALUE! | G67: =IF(INT('[3]Annex-8'!G60)='[3]Annex-8'!G60,'[3]Annex-8'!G60&".00 ",IF(INT('[3]Annex-8'!G60*10)='[3]Annex-8'!G60*10,'[3]Annex-8'!G60&"0 ",ROUND('[3]Annex-8'!G60,2)&" ")) -> #VALUE! | H67: =IF('[3]Annex-8'!H60<0,"(-)"&FIXED(ABS('[3]Annex-8'!H60),2)&" ",FIXED('[3]Annex-8'!H60,2)&" ") -> #VALUE!
A68: =A28 | B68: =IF(INT('[3]Annex-8'!B61)='[3]Annex-8'!B61,'[3]Annex-8'!B61&".00 ",IF(INT('[3]Annex-8'!B61*10)='[3]Annex-8'!B61*10,'[3]Annex-8'!B61&"0 ",ROUND('[3]Annex-8'!B61,2)&" ")) -> #VALUE! | C68: =IF(INT('[3]Annex-8'!C61)='[3]Annex-8'!C61,'[3]Annex-8'!C61&".00 ",IF(INT('[3]Annex-8'!C61*10)='[3]Annex-8'!C61*10,'[3]Annex-8'!C61&"0 ",ROUND('[3]Annex-8'!C61,2)&" ")) -> #VALUE! | D68: =IF(INT('[3]Annex-8'!D61)='[3]Annex-8'!D61,'[3]Annex-8'!D61&".00 ",IF(INT('[3]Annex-8'!D61*10)='[3]Annex-8'!D61*10,'[3]Annex-8'!D61&"0 ",ROUND('[3]Annex-8'!D61,2)&" ")) -> #VALUE! | E68: =IF(INT('[3]Annex-8'!E61)='[3]Annex-8'!E61,'[3]Annex-8'!E61&".00 ",IF(INT('[3]Annex-8'!E61*10)='[3]Annex-8'!E61*10,'[3]Annex-8'!E61&"0 ",ROUND('[3]Annex-8'!E61,2)&" ")) -> #VALUE! | F68: =IF(INT('[3]Annex-8'!F61)='[3]Annex-8'!F61,'[3]Annex-8'!F61&".00 ",IF(INT('[3]Annex-8'!F61*10)='[3]Annex-8'!F61*10,'[3]Annex-8'!F61&"0 ",ROUND('[3]Annex-8'!F61,2)&" ")) -> #VALUE! | G68: =IF(INT('[3]Annex-8'!G61)='[3]Annex-8'!G61,'[3]Annex-8'!G61&".00 ",IF(INT('[3]Annex-8'!G61*10)='[3]Annex-8'!G61*10,'[3]Annex-8'!G61&"0 ",ROUND('[3]Annex-8'!G61,2)&" ")) -> #VALUE! | H68: =IF('[3]Annex-8'!H61<0,"(-)"&FIXED(ABS('[3]Annex-8'!H61),2)&" ",FIXED('[3]Annex-8'!H61,2)&" ") -> #VALUE!
A69: =A29 | B69: =IF(INT('[3]Annex-8'!B62)='[3]Annex-8'!B62,'[3]Annex-8'!B62&".00 ",IF(INT('[3]Annex-8'!B62*10)='[3]Annex-8'!B62*10,'[3]Annex-8'!B62&"0 ",ROUND('[3]Annex-8'!B62,2)&" ")) -> #VALUE! | C69: =IF(INT('[3]Annex-8'!C62)='[3]Annex-8'!C62,'[3]Annex-8'!C62&".00 ",IF(INT('[3]Annex-8'!C62*10)='[3]Annex-8'!C62*10,'[3]Annex-8'!C62&"0 ",ROUND('[3]Annex-8'!C62,2)&" ")) -> #VALUE! | D69: =IF(INT('[3]Annex-8'!D62)='[3]Annex-8'!D62,'[3]Annex-8'!D62&".00 ",IF(INT('[3]Annex-8'!D62*10)='[3]Annex-8'!D62*10,'[3]Annex-8'!D62&"0 ",ROUND('[3]Annex-8'!D62,2)&" ")) -> #VALUE! | E69: =IF(INT('[3]Annex-8'!E62)='[3]Annex-8'!E62,'[3]Annex-8'!E62&".00 ",IF(INT('[3]Annex-8'!E62*10)='[3]Annex-8'!E62*10,'[3]Annex-8'!E62&"0 ",ROUND('[3]Annex-8'!E62,2)&" ")) -> #VALUE! | F69: =IF(INT('[3]Annex-8'!F62)='[3]Annex-8'!F62,'[3]Annex-8'!F62&".00 ",IF(INT('[3]Annex-8'!F62*10)='[3]Annex-8'!F62*10,'[3]Annex-8'!F62&"0 ",ROUND('[3]Annex-8'!F62,2)&" ")) -> #VALUE! | G69: =IF(INT('[3]Annex-8'!G62)='[3]Annex-8'!G62,'[3]Annex-8'!G62&".00 ",IF(INT('[3]Annex-8'!G62*10)='[3]Annex-8'!G62*10,'[3]Annex-8'!G62&"0 ",ROUND('[3]Annex-8'!G62,2)&" ")) -> #VALUE! | H69: =IF('[3]Annex-8'!H62<0,"(-)"&FIXED(ABS('[3]Annex-8'!H62),2)&" ",FIXED('[3]Annex-8'!H62,2)&" ") -> #VALUE!
A70: =A30 | B70: =IF(INT('[3]Annex-8'!B63)='[3]Annex-8'!B63,'[3]Annex-8'!B63&".00 ",IF(INT('[3]Annex-8'!B63*10)='[3]Annex-8'!B63*10,'[3]Annex-8'!B63&"0 ",ROUND('[3]Annex-8'!B63,2)&" ")) -> #VALUE! | C70: =IF(INT('[3]Annex-8'!C63)='[3]Annex-8'!C63,'[3]Annex-8'!C63&".00 ",IF(INT('[3]Annex-8'!C63*10)='[3]Annex-8'!C63*10,'[3]Annex-8'!C63&"0 ",ROUND('[3]Annex-8'!C63,2)&" ")) -> #VALUE! | D70: =IF(INT('[3]Annex-8'!D63)='[3]Annex-8'!D63,'[3]Annex-8'!D63&".00 ",IF(INT('[3]Annex-8'!D63*10)='[3]Annex-8'!D63*10,'[3]Annex-8'!D63&"0 ",ROUND('[3]Annex-8'!D63,2)&" ")) -> #VALUE! | E70: =IF(INT('[3]Annex-8'!E63)='[3]Annex-8'!E63,'[3]Annex-8'!E63&".00 ",IF(INT('[3]Annex-8'!E63*10)='[3]Annex-8'!E63*10,'[3]Annex-8'!E63&"0 ",ROUND('[3]Annex-8'!E63,2)&" ")) -> #VALUE! | F70: =IF(INT('[3]Annex-8'!F63)='[3]Annex-8'!F63,'[3]Annex-8'!F63&".00 ",IF(INT('[3]Annex-8'!F63*10)='[3]Annex-8'!F63*10,'[3]Annex-8'!F63&"0 ",ROUND('[3]Annex-8'!F63,2)&" ")) -> #VALUE! | G70: =IF(INT('[3]Annex-8'!G63)='[3]Annex-8'!G63,'[3]Annex-8'!G63&".00 ",IF(INT('[3]Annex-8'!G63*10)='[3]Annex-8'!G63*10,'[3]Annex-8'!G63&"0 ",ROUND('[3]Annex-8'!G63,2)&" ")) -> #VALUE! | H70: =IF('[3]Annex-8'!H63<0,"(-)"&FIXED(ABS('[3]Annex-8'!H63),2)&" ",FIXED('[3]Annex-8'!H63,2)&" ") -> #VALUE!
A71: =A31 | B71: =IF(INT('[3]Annex-8'!B64)='[3]Annex-8'!B64,'[3]Annex-8'!B64&".00 ",IF(INT('[3]Annex-8'!B64*10)='[3]Annex-8'!B64*10,'[3]Annex-8'!B64&"0 ",ROUND('[3]Annex-8'!B64,2)&" ")) -> #VALUE! | C71: =IF(INT('[3]Annex-8'!C64)='[3]Annex-8'!C64,'[3]Annex-8'!C64&".00 ",IF(INT('[3]Annex-8'!C64*10)='[3]Annex-8'!C64*10,'[3]Annex-8'!C64&"0 ",ROUND('[3]Annex-8'!C64,2)&" ")) -> #VALUE! | D71: =IF(INT('[3]Annex-8'!D64)='[3]Annex-8'!D64,'[3]Annex-8'!D64&".00 ",IF(INT('[3]Annex-8'!D64*10)='[3]Annex-8'!D64*10,'[3]Annex-8'!D64&"0 ",ROUND('[3]Annex-8'!D64,2)&" ")) -> #VALUE! | E71: =IF(INT('[3]Annex-8'!E64)='[3]Annex-8'!E64,'[3]Annex-8'!E64&".00 ",IF(INT('[3]Annex-8'!E64*10)='[3]Annex-8'!E64*10,'[3]Annex-8'!E64&"0 ",ROUND('[3]Annex-8'!E64,2)&" ")) -> #VALUE! | F71: =IF(INT('[3]Annex-8'!F64)='[3]Annex-8'!F64,'[3]Annex-8'!F64&".00 ",IF(INT('[3]Annex-8'!F64*10)='[3]Annex-8'!F64*10,'[3]Annex-8'!F64&"0 ",ROUND('[3]Annex-8'!F64,2)&" ")) -> #VALUE! | G71: =IF(INT('[3]Annex-8'!G64)='[3]Annex-8'!G64,'[3]Annex-8'!G64&".00 ",IF(INT('[3]Annex-8'!G64*10)='[3]Annex-8'!G64*10,'[3]Annex-8'!G64&"0 ",ROUND('[3]Annex-8'!G64,2)&" ")) -> #VALUE! | H71: =IF('[3]Annex-8'!H64<0,"(-)"&FIXED(ABS('[3]Annex-8'!H64),2)&" ",FIXED('[3]Annex-8'!H64,2)&" ") -> #VALUE!
A72: =A32 | B72: =IF(INT('[3]Annex-8'!B65)='[3]Annex-8'!B65,'[3]Annex-8'!B65&".00 ",IF(INT('[3]Annex-8'!B65*10)='[3]Annex-8'!B65*10,'[3]Annex-8'!B65&"0 ",ROUND('[3]Annex-8'!B65,2)&" ")) -> #VALUE! | C72: =IF(INT('[3]Annex-8'!C65)='[3]Annex-8'!C65,'[3]Annex-8'!C65&".00 ",IF(INT('[3]Annex-8'!C65*10)='[3]Annex-8'!C65*10,'[3]Annex-8'!C65&"0 ",ROUND('[3]Annex-8'!C65,2)&" ")) -> #VALUE! | D72: =IF(INT('[3]Annex-8'!D65)='[3]Annex-8'!D65,'[3]Annex-8'!D65&".00 ",IF(INT('[3]Annex-8'!D65*10)='[3]Annex-8'!D65*10,'[3]Annex-8'!D65&"0 ",ROUND('[3]Annex-8'!D65,2)&" ")) -> #VALUE! | E72: =IF(INT('[3]Annex-8'!E65)='[3]Annex-8'!E65,'[3]Annex-8'!E65&".00 ",IF(INT('[3]Annex-8'!E65*10)='[3]Annex-8'!E65*10,'[3]Annex-8'!E65&"0 ",ROUND('[3]Annex-8'!E65,2)&" ")) -> #VALUE! | F72: =IF(INT('[3]Annex-8'!F65)='[3]Annex-8'!F65,'[3]Annex-8'!F65&".00 ",IF(INT('[3]Annex-8'!F65*10)='[3]Annex-8'!F65*10,'[3]Annex-8'!F65&"0 ",ROUND('[3]Annex-8'!F65,2)&" ")) -> #VALUE! | G72: =IF(INT('[3]Annex-8'!G65)='[3]Annex-8'!G65,'[3]Annex-8'!G65&".00 ",IF(INT('[3]Annex-8'!G65*10)='[3]Annex-8'!G65*10,'[3]Annex-8'!G65&"0 ",ROUND('[3]Annex-8'!G65,2)&" ")) -> #VALUE! | H72: =IF('[3]Annex-8'!H65<0,"(-)"&FIXED(ABS('[3]Annex-8'!H65),2)&" ",FIXED('[3]Annex-8'!H65,2)&" ") -> #VALUE!
A73: =A33 | B73: =IF(INT('[3]Annex-8'!B66)='[3]Annex-8'!B66,'[3]Annex-8'!B66&".00 ",IF(INT('[3]Annex-8'!B66*10)='[3]Annex-8'!B66*10,'[3]Annex-8'!B66&"0 ",ROUND('[3]Annex-8'!B66,2)&" ")) -> #VALUE! | C73: =IF(INT('[3]Annex-8'!C66)='[3]Annex-8'!C66,'[3]Annex-8'!C66&".00 ",IF(INT('[3]Annex-8'!C66*10)='[3]Annex-8'!C66*10,'[3]Annex-8'!C66&"0 ",ROUND('[3]Annex-8'!C66,2)&" ")) -> #VALUE! | D73: =IF(INT('[3]Annex-8'!D66)='[3]Annex-8'!D66,'[3]Annex-8'!D66&".00 ",IF(INT('[3]Annex-8'!D66*10)='[3]Annex-8'!D66*10,'[3]Annex-8'!D66&"0 ",ROUND('[3]Annex-8'!D66,2)&" ")) -> #VALUE! | E73: =IF(INT('[3]Annex-8'!E66)='[3]Annex-8'!E66,'[3]Annex-8'!E66&".00 ",IF(INT('[3]Annex-8'!E66*10)='[3]Annex-8'!E66*10,'[3]Annex-8'!E66&"0 ",ROUND('[3]Annex-8'!E66,2)&" ")) -> #VALUE! | F73: =IF(INT('[3]Annex-8'!F66)='[3]Annex-8'!F66,'[3]Annex-8'!F66&".00 ",IF(INT('[3]Annex-8'!F66*10)='[3]Annex-8'!F66*10,'[3]Annex-8'!F66&"0 ",ROUND('[3]Annex-8'!F66,2)&" ")) -> #VALUE! | G73: =IF(INT('[3]Annex-8'!G66)='[3]Annex-8'!G66,'[3]Annex-8'!G66&".00 ",IF(INT('[3]Annex-8'!G66*10)='[3]Annex-8'!G66*10,'[3]Annex-8'!G66&"0 ",ROUND('[3]Annex-8'!G66,2)&" ")) -> #VALUE! | H73: =IF('[3]Annex-8'!H66<0,"(-)"&FIXED(ABS('[3]Annex-8'!H66),2)&" ",FIXED('[3]Annex-8'!H66,2)&" ") -> #VALUE!
A74: =A34 | B74: =IF(INT('[3]Annex-8'!B67)='[3]Annex-8'!B67,'[3]Annex-8'!B67&".00 ",IF(INT('[3]Annex-8'!B67*10)='[3]Annex-8'!B67*10,'[3]Annex-8'!B67&"0 ",ROUND('[3]Annex-8'!B67,2)&" ")) -> #VALUE! | C74: =IF(INT('[3]Annex-8'!C67)='[3]Annex-8'!C67,'[3]Annex-8'!C67&".00 ",IF(INT('[3]Annex-8'!C67*10)='[3]Annex-8'!C67*10,'[3]Annex-8'!C67&"0 ",ROUND('[3]Annex-8'!C67,2)&" ")) -> #VALUE! | D74: =IF(INT('[3]Annex-8'!D67)='[3]Annex-8'!D67,'[3]Annex-8'!D67&".00 ",IF(INT('[3]Annex-8'!D67*10)='[3]Annex-8'!D67*10,'[3]Annex-8'!D67&"0 ",ROUND('[3]Annex-8'!D67,2)&" ")) -> #VALUE! | E74: =IF(INT('[3]Annex-8'!E67)='[3]Annex-8'!E67,'[3]Annex-8'!E67&".00 ",IF(INT('[3]Annex-8'!E67*10)='[3]Annex-8'!E67*10,'[3]Annex-8'!E67&"0 ",ROUND('[3]Annex-8'!E67,2)&" ")) -> #VALUE! | F74: =IF(INT('[3]Annex-8'!F67)='[3]Annex-8'!F67,'[3]Annex-8'!F67&".00 ",IF(INT('[3]Annex-8'!F67*10)='[3]Annex-8'!F67*10,'[3]Annex-8'!F67&"0 ",ROUND('[3]Annex-8'!F67,2)&" ")) -> #VALUE! | G74: =IF(INT('[3]Annex-8'!G67)='[3]Annex-8'!G67,'[3]Annex-8'!G67&".00 ",IF(INT('[3]Annex-8'!G67*10)='[3]Annex-8'!G67*10,'[3]Annex-8'!G67&"0 ",ROUND('[3]Annex-8'!G67,2)&" ")) -> #VALUE! | H74: =IF('[3]Annex-8'!H67<0,"(-)"&FIXED(ABS('[3]Annex-8'!H67),2)&" ",FIXED('[3]Annex-8'!H67,2)&" ") -> #VALUE!
A75: =A35 | B75: =IF(INT('[3]Annex-8'!B68)='[3]Annex-8'!B68,'[3]Annex-8'!B68&".00 ",IF(INT('[3]Annex-8'!B68*10)='[3]Annex-8'!B68*10,'[3]Annex-8'!B68&"0 ",ROUND('[3]Annex-8'!B68,2)&" ")) -> #VALUE! | C75: =IF(INT('[3]Annex-8'!C68)='[3]Annex-8'!C68,'[3]Annex-8'!C68&".00 ",IF(INT('[3]Annex-8'!C68*10)='[3]Annex-8'!C68*10,'[3]Annex-8'!C68&"0 ",ROUND('[3]Annex-8'!C68,2)&" ")) -> #VALUE! | D75: =IF(INT('[3]Annex-8'!D68)='[3]Annex-8'!D68,'[3]Annex-8'!D68&".00 ",IF(INT('[3]Annex-8'!D68*10)='[3]Annex-8'!D68*10,'[3]Annex-8'!D68&"0 ",ROUND('[3]Annex-8'!D68,2)&" ")) -> #VALUE! | E75: =IF(INT('[3]Annex-8'!E68)='[3]Annex-8'!E68,'[3]Annex-8'!E68&".00 ",IF(INT('[3]Annex-8'!E68*10)='[3]Annex-8'!E68*10,'[3]Annex-8'!E68&"0 ",ROUND('[3]Annex-8'!E68,2)&" ")) -> #VALUE! | F75: =IF(INT('[3]Annex-8'!F68)='[3]Annex-8'!F68,'[3]Annex-8'!F68&".00 ",IF(INT('[3]Annex-8'!F68*10)='[3]Annex-8'!F68*10,'[3]Annex-8'!F68&"0 ",ROUND('[3]Annex-8'!F68,2)&" ")) -> #VALUE! | G75: =IF(INT('[3]Annex-8'!G68)='[3]Annex-8'!G68,'[3]Annex-8'!G68&".00 ",IF(INT('[3]Annex-8'!G68*10)='[3]Annex-8'!G68*10,'[3]Annex-8'!G68&"0 ",ROUND('[3]Annex-8'!G68,2)&" ")) -> #VALUE! | H75: =IF('[3]Annex-8'!H68<0,"(-)"&FIXED(ABS('[3]Annex-8'!H68),2)&" ",FIXED('[3]Annex-8'!H68,2)&" ") -> #VALUE!
A76: =A36 | B76: =IF(INT('[3]Annex-8'!B69)='[3]Annex-8'!B69,'[3]Annex-8'!B69&".00 ",IF(INT('[3]Annex-8'!B69*10)='[3]Annex-8'!B69*10,'[3]Annex-8'!B69&"0 ",ROUND('[3]Annex-8'!B69,2)&" ")) -> #VALUE! | C76: =IF(INT('[3]Annex-8'!C69)='[3]Annex-8'!C69,'[3]Annex-8'!C69&".00 ",IF(INT('[3]Annex-8'!C69*10)='[3]Annex-8'!C69*10,'[3]Annex-8'!C69&"0 ",ROUND('[3]Annex-8'!C69,2)&" ")) -> #VALUE! | D76: =IF(INT('[3]Annex-8'!D69)='[3]Annex-8'!D69,'[3]Annex-8'!D69&".00 ",IF(INT('[3]Annex-8'!D69*10)='[3]Annex-8'!D69*10,'[3]Annex-8'!D69&"0 ",ROUND('[3]Annex-8'!D69,2)&" ")) -> #VALUE! | E76: =IF(INT('[3]Annex-8'!E69)='[3]Annex-8'!E69,'[3]Annex-8'!E69&".00 ",IF(INT('[3]Annex-8'!E69*10)='[3]Annex-8'!E69*10,'[3]Annex-8'!E69&"0 ",ROUND('[3]Annex-8'!E69,2)&" ")) -> #VALUE! | F76: =IF(INT('[3]Annex-8'!F69)='[3]Annex-8'!F69,'[3]Annex-8'!F69&".00 ",IF(INT('[3]Annex-8'!F69*10)='[3]Annex-8'!F69*10,'[3]Annex-8'!F69&"0 ",ROUND('[3]Annex-8'!F69,2)&" ")) -> #VALUE! | G76: =IF(INT('[3]Annex-8'!G69)='[3]Annex-8'!G69,'[3]Annex-8'!G69&".00 ",IF(INT('[3]Annex-8'!G69*10)='[3]Annex-8'!G69*10,'[3]Annex-8'!G69&"0 ",ROUND('[3]Annex-8'!G69,2)&" ")) -> #VALUE! | H76: =IF('[3]Annex-8'!H69<0,"(-)"&FIXED(ABS('[3]Annex-8'!H69),2)&" ",FIXED('[3]Annex-8'!H69,2)&" ") -> #VALUE!
... A79: =A39 | B79: =IF(INT('[3]Annex-8'!B72)='[3]Annex-8'!B72,'[3]Annex-8'!B72&".00 ",IF(INT('[3]Annex-8'!B72*10)='[3]Annex-8'!B72*10,'[3]Annex-8'!B72&"0 ",ROUND('[3]Annex-8'!B72,2)&" ")) -> #VALUE! | C79: =IF(INT('[3]Annex-8'!C72)='[3]Annex-8'!C72,'[3]Annex-8'!C72&".00 ",IF(INT('[3]Annex-8'!C72*10)='[3]Annex-8'!C72*10,'[3]Annex-8'!C72&"0 ",ROUND('[3]Annex-8'!C72,2)&" ")) -> #VALUE! | D79: =IF(INT('[3]Annex-8'!D72)='[3]Annex-8'!D72,'[3]Annex-8'!D72&".00 ",IF(INT('[3]Annex-8'!D72*10)='[3]Annex-8'!D72*10,'[3]Annex-8'!D72&"0 ",ROUND('[3]Annex-8'!D72,2)&" ")) -> #VALUE! | E79: =IF(INT('[3]Annex-8'!E72)='[3]Annex-8'!E72,'[3]Annex-8'!E72&".00 ",IF(INT('[3]Annex-8'!E72*10)='[3]Annex-8'!E72*10,'[3]Annex-8'!E72&"0 ",ROUND('[3]Annex-8'!E72,2)&" ")) -> #VALUE! | F79: =IF(INT('[3]Annex-8'!F72)='[3]Annex-8'!F72,'[3]Annex-8'!F72&".00 ",IF(INT('[3]Annex-8'!F72*10)='[3]Annex-8'!F72*10,'[3]Annex-8'!F72&"0 ",ROUND('[3]Annex-8'!F72,2)&" ")) -> #VALUE! | G79: =IF(INT('[3]Annex-8'!G72)='[3]Annex-8'!G72,'[3]Annex-8'!G72&".00 ",IF(INT('[3]Annex-8'!G72*10)='[3]Annex-8'!G72*10,'[3]Annex-8'!G72&"0 ",ROUND('[3]Annex-8'!G72,2)&" ")) -> #VALUE! | H79: =IF('[3]Annex-8'!H72<0,"(-)"&FIXED(ABS('[3]Annex-8'!H72),2)&" ",FIXED('[3]Annex-8'!H72,2)&" ") -> #VALUE!

Sheet Annex-IX
A1: A-7
A2: =common!$H$2 -> UT : PUDUCHERRY | B2: =common!$H$2 -> UT : PUDUCHERRY | C2: =common!$H$2 -> UT : PUDUCHERRY | D2: =common!$H$2 -> UT : PUDUCHERRY | E2: =common!$H$2 -> UT : PUDUCHERRY | F2: =common!$H$2 -> UT : PUDUCHERRY | G2: =common!$H$2 -> UT : PUDUCHERRY | H2: =common!$H$2 -> UT : PUDUCHERRY | ... N2: =common!$H$2 -> UT : PUDUCHERRY | O2: ='[2]Annex-9'!O2 -> ANNEX-IX
A3: ='[2]Annex-9'!A3 -> DISCREPANCIES IN RECORDING IRRIGATION PARTICULARS DURING 0 AND 0.
A4: YEAR/ SEASON/ AGENCY | B4: NO. OF SURVEY/ SUB SURVEY NUMBERS | C4: NO. AND PERCENTAGE OF SURVEY NUMBERS IN WHICH PARTICULARS TALLIED | G4: NO. AND PERCENTAGE OF SURVEY NUMBERS IN WHICH PARTICULARS NOT TALLIED
C5: I | D5: UI | E5: I & UI | F5: TOTAL | G5: SUPERVISOR | L5: PATWARI
G6: I | H6: UI | I6: I&UI | J6: NR | K6: TOTAL | L6: I | M6: UI | N6: I&UI | O6: NR | P6: TOTAL
A7: (1) | B7: (2) | C7: (3) | D7: (4) | E7: (5) | F7: (6) | G7: (7) | H7: (8) | I7: (9) | J7: (10) | K7: (11) | L7: (12) | M7: (13) | N7: (14) | O7: (15) | P7: (16)
A8: =common!$H$4 -> RABI I 2024-25
A9: ='[2]Annex-9'!A9 -> CENTRAL | B9: ='[2]Annex-9'!B9&" " -> 52 | C9: ='[2]Annex-9'!C9&" " -> 38 | D9: ='[2]Annex-9'!D9&" " -> 0 | E9: ='[2]Annex-9'!E9&" " -> 0 | F9: ='[2]Annex-9'!F9&" " -> 38 | G9: ='[2]Annex-9'!G9&" " -> 0 | H9: ='[2]Annex-9'!H9&" " -> 0 | I9: ='[2]Annex-9'!I9&" " -> 0 | ... P9: ='[2]Annex-9'!P9&" " -> 14
A10: ='[2]Annex-9'!A10 -> (%) | C10: ='[2]Annex-9'!C10 -> ( 73.1) | D10: ='[2]Annex-9'!D10 -> ( 0.0) | E10: ='[2]Annex-9'!E10 -> ( 0.0) | F10: ='[2]Annex-9'!F10 -> ( 73.1) | G10: ='[2]Annex-9'!G10 -> ( 0.0) | H10: ='[2]Annex-9'!H10 -> ( 0.0) | I10: ='[2]Annex-9'!I10 -> ( 0.0) | J10: ='[2]Annex-9'!J10 -> ( 26.9) | ... P10: ='[2]Annex-9'!P10 -> ( 26.9)
A11: ='[2]Annex-9'!A11 -> STATE | B11: ='[2]Annex-9'!B11&" " -> 182 | C11: ='[2]Annex-9'!C11&" " -> 166 | D11: ='[2]Annex-9'!D11&" " -> 4 | E11: ='[2]Annex-9'!E11&" " -> 8 | F11: ='[2]Annex-9'!F11&" " -> 178 | G11: ='[2]Annex-9'!G11&" " -> 2 | H11: ='[2]Annex-9'!H11&" " -> 0 | I11: ='[2]Annex-9'!I11&" " -> 0 | ... P11: ='[2]Annex-9'!P11&" " -> 4
A12: ='[2]Annex-9'!A12 -> (%) | C12: ='[2]Annex-9'!C12 -> ( 91.2) | D12: ='[2]Annex-9'!D12 -> ( 2.2) | E12: ='[2]Annex-9'!E12 -> ( 4.4) | F12: ='[2]Annex-9'!F12 -> ( 97.8) | G12: ='[2]Annex-9'!G12 -> ( 1.1) | H12: ='[2]Annex-9'!H12 -> ( 0.0) | I12: ='[2]Annex-9'!I12 -> ( 0.0) | J12: ='[2]Annex-9'!J12 -> ( 1.1) | ... P12: ='[2]Annex-9'!P12 -> ( 2.2)
A13: ='[2]Annex-9'!A13 -> POOLED | B13: ='[2]Annex-9'!B13&" " -> 234 | C13: ='[2]Annex-9'!C13&" " -> 204 | D13: ='[2]Annex-9'!D13&" " -> 4 | E13: ='[2]Annex-9'!E13&" " -> 8 | F13: ='[2]Annex-9'!F13&" " -> 216 | G13: ='[2]Annex-9'!G13&" " -> 2 | H13: ='[2]Annex-9'!H13&" " -> 0 | I13: ='[2]Annex-9'!I13&" " -> 0 | ... P13: ='[2]Annex-9'!P13&" " -> 18
A14: ='[2]Annex-9'!A14 -> (%) | C14: ='[2]Annex-9'!C14 -> ( 87.2) | D14: ='[2]Annex-9'!D14 -> ( 1.7) | E14: ='[2]Annex-9'!E14 -> ( 3.4) | F14: ='[2]Annex-9'!F14 -> ( 92.3) | G14: ='[2]Annex-9'!G14 -> ( 0.9) | H14: ='[2]Annex-9'!H14 -> ( 0.0) | I14: ='[2]Annex-9'!I14 -> ( 0.0) | J14: ='[2]Annex-9'!J14 -> ( 6.8) | ... P14: ='[2]Annex-9'!P14 -> ( 7.7)
A15: =common!$I$4 -> RABI II 2024-25
A16: ='[2]Annex-9'!A16 -> CENTRAL | B16: ='[2]Annex-9'!B16&" " -> 32 | C16: ='[2]Annex-9'!C16&" " -> 20 | D16: ='[2]Annex-9'!D16&" " -> 0 | E16: ='[2]Annex-9'!E16&" " -> 0 | F16: ='[2]Annex-9'!F16&" " -> 20 | G16: ='[2]Annex-9'!G16&" " -> 0 | H16: ='[2]Annex-9'!H16&" " -> 0 | I16: ='[2]Annex-9'!I16&" " -> 0 | ... P16: ='[2]Annex-9'!P16&" " -> 12
A17: ='[2]Annex-9'!A17 -> (%) | C17: ='[2]Annex-9'!C17 -> ( 62.5) | D17: ='[2]Annex-9'!D17 -> ( 0.0) | E17: ='[2]Annex-9'!E17 -> ( 0.0) | F17: ='[2]Annex-9'!F17 -> ( 62.5) | G17: ='[2]Annex-9'!G17 -> ( 0.0) | H17: ='[2]Annex-9'!H17 -> ( 0.0) | I17: ='[2]Annex-9'!I17 -> ( 0.0) | J17: ='[2]Annex-9'!J17 -> ( 37.5) | ... P17: ='[2]Annex-9'!P17 -> ( 37.5)
A18: ='[2]Annex-9'!A18 -> STATE | B18: ='[2]Annex-9'!B18&" " -> 110 | C18: ='[2]Annex-9'!C18&" " -> 94 | D18: ='[2]Annex-9'!D18&" " -> 8 | E18: ='[2]Annex-9'!E18&" " -> 8 | F18: ='[2]Annex-9'!F18&" " -> 110 | G18: ='[2]Annex-9'!G18&" " -> 0 | H18: ='[2]Annex-9'!H18&" " -> 0 | I18: ='[2]Annex-9'!I18&" " -> 0 | ... P18: ='[2]Annex-9'!P18&" " -> 0
A19: ='[2]Annex-9'!A19 -> (%) | C19: ='[2]Annex-9'!C19 -> ( 85.5) | D19: ='[2]Annex-9'!D19 -> ( 7.3) | E19: ='[2]Annex-9'!E19 -> ( 7.3) | F19: ='[2]Annex-9'!F19 -> ( 100.0) | G19: ='[2]Annex-9'!G19 -> ( 0.0) | H19: ='[2]Annex-9'!H19 -> ( 0.0) | I19: ='[2]Annex-9'!I19 -> ( 0.0) | J19: ='[2]Annex-9'!J19 -> ( 0.0) | ... P19: ='[2]Annex-9'!P19 -> ( 0.0)
A20: ='[2]Annex-9'!A20 -> POOLED | B20: ='[2]Annex-9'!B20&" " -> 142 | C20: ='[2]Annex-9'!C20&" " -> 114 | D20: ='[2]Annex-9'!D20&" " -> 8 | E20: ='[2]Annex-9'!E20&" " -> 8 | F20: ='[2]Annex-9'!F20&" " -> 130 | G20: ='[2]Annex-9'!G20&" " -> 0 | H20: ='[2]Annex-9'!H20&" " -> 0 | I20: ='[2]Annex-9'!I20&" " -> 0 | ... P20: ='[2]Annex-9'!P20&" " -> 12
A21: ='[2]Annex-9'!A21 -> (%) | C21: ='[2]Annex-9'!C21 -> ( 80.3) | D21: ='[2]Annex-9'!D21 -> ( 5.6) | E21: ='[2]Annex-9'!E21 -> ( 5.6) | F21: ='[2]Annex-9'!F21 -> ( 91.5) | G21: ='[2]Annex-9'!G21 -> ( 0.0) | H21: ='[2]Annex-9'!H21 -> ( 0.0) | I21: ='[2]Annex-9'!I21 -> ( 0.0) | J21: ='[2]Annex-9'!J21 -> ( 8.5) | ... P21: ='[2]Annex-9'!P21 -> ( 8.5)
A22: =common!$H$5 -> RABI I 2023-24
A23: ='[2]Annex-9'!A24 -> CENTRAL | B23: ='[2]Annex-9'!B24&" " -> 50 | C23: ='[2]Annex-9'!C24&" " -> 47 | D23: ='[2]Annex-9'!D24&" " -> 1 | E23: ='[2]Annex-9'!E24&" " -> 0 | F23: ='[2]Annex-9'!F24&" " -> 48 | G23: ='[2]Annex-9'!G24&" " -> 0 | H23: ='[2]Annex-9'!H24&" " -> 0 | I23: ='[2]Annex-9'!I24&" " -> 0 | ... P23: ='[2]Annex-9'!P24&" " -> 2
A24: ='[2]Annex-9'!A25 -> (%) | C24: ='[2]Annex-9'!C25 -> ( 94.0) | D24: ='[2]Annex-9'!D25 -> ( 2.0) | E24: ='[2]Annex-9'!E25 -> ( 0.0) | F24: ='[2]Annex-9'!F25 -> ( 96.0) | G24: ='[2]Annex-9'!G25 -> ( 0.0) | H24: ='[2]Annex-9'!H25 -> ( 0.0) | I24: ='[2]Annex-9'!I25 -> ( 0.0) | J24: ='[2]Annex-9'!J25 -> ( 4.0) | ... P24: ='[2]Annex-9'!P25 -> ( 4.0)
A25: ='[2]Annex-9'!A26 -> STATE | B25: ='[2]Annex-9'!B26&" " -> 37 | C25: ='[2]Annex-9'!C26&" " -> 35 | D25: ='[2]Annex-9'!D26&" " -> 2 | E25: ='[2]Annex-9'!E26&" " -> 0 | F25: ='[2]Annex-9'!F26&" " -> 37 | G25: ='[2]Annex-9'!G26&" " -> 0 | H25: ='[2]Annex-9'!H26&" " -> 0 | I25: ='[2]Annex-9'!I26&" " -> 0 | ... P25: ='[2]Annex-9'!P26&" " -> 0
A26: ='[2]Annex-9'!A27 -> (%) | C26: ='[2]Annex-9'!C27 -> ( 94.6) | D26: ='[2]Annex-9'!D27 -> ( 5.4) | E26: ='[2]Annex-9'!E27 -> ( 0.0) | F26: ='[2]Annex-9'!F27 -> ( 100.0) | G26: ='[2]Annex-9'!G27 -> ( 0.0) | H26: ='[2]Annex-9'!H27 -> ( 0.0) | I26: ='[2]Annex-9'!I27 -> ( 0.0) | J26: ='[2]Annex-9'!J27 -> ( 0.0) | ... P26: ='[2]Annex-9'!P27 -> ( 0.0)
A27: ='[2]Annex-9'!A28 -> POOLED | B27: ='[2]Annex-9'!B28&" " -> 87 | C27: ='[2]Annex-9'!C28&" " -> 82 | D27: ='[2]Annex-9'!D28&" " -> 3 | E27: ='[2]Annex-9'!E28&" " -> 0 | F27: ='[2]Annex-9'!F28&" " -> 85 | G27: ='[2]Annex-9'!G28&" " -> 0 | H27: ='[2]Annex-9'!H28&" " -> 0 | I27: ='[2]Annex-9'!I28&" " -> 0 | ... P27: ='[2]Annex-9'!P28&" " -> 2
A28: ='[2]Annex-9'!A29 -> (%) | C28: ='[2]Annex-9'!C29 -> ( 94.3) | D28: ='[2]Annex-9'!D29 -> ( 3.4) | E28: ='[2]Annex-9'!E29 -> ( 0.0) | F28: ='[2]Annex-9'!F29 -> ( 97.7) | G28: ='[2]Annex-9'!G29 -> ( 0.0) | H28: ='[2]Annex-9'!H29 -> ( 0.0) | I28: ='[2]Annex-9'!I29 -> ( 0.0) | J28: ='[2]Annex-9'!J29 -> ( 2.3) | ... P28: ='[2]Annex-9'!P29 -> ( 2.3)
A29: =common!$I$5 -> RABI II 2023-24
A30: ='[2]Annex-9'!A31 -> CENTRAL | B30: ='[2]Annex-9'!B31&" " -> 35 | C30: ='[2]Annex-9'!C31&" " -> 30 | D30: ='[2]Annex-9'!D31&" " -> 2 | E30: ='[2]Annex-9'!E31&" " -> 0 | F30: ='[2]Annex-9'!F31&" " -> 32 | G30: ='[2]Annex-9'!G31&" " -> 0 | H30: ='[2]Annex-9'!H31&" " -> 0 | I30: ='[2]Annex-9'!I31&" " -> 0 | ... P30: ='[2]Annex-9'!P31&" " -> 3
A31: ='[2]Annex-9'!A32 -> (%) | C31: ='[2]Annex-9'!C32 -> ( 85.7) | D31: ='[2]Annex-9'!D32 -> ( 5.7) | E31: ='[2]Annex-9'!E32 -> ( 0.0) | F31: ='[2]Annex-9'!F32 -> ( 91.4) | G31: ='[2]Annex-9'!G32 -> ( 0.0) | H31: ='[2]Annex-9'!H32 -> ( 0.0) | I31: ='[2]Annex-9'!I32 -> ( 0.0) | J31: ='[2]Annex-9'!J32 -> ( 8.6) | ... P31: ='[2]Annex-9'!P32 -> ( 8.6)
A32: ='[2]Annex-9'!A33 -> STATE | B32: ='[2]Annex-9'!B33&" " -> 44 | C32: ='[2]Annex-9'!C33&" " -> 28 | D32: ='[2]Annex-9'!D33&" " -> 16 | E32: ='[2]Annex-9'!E33&" " -> 0 | F32: ='[2]Annex-9'!F33&" " -> 44 | G32: ='[2]Annex-9'!G33&" " -> 0 | H32: ='[2]Annex-9'!H33&" " -> 0 | I32: ='[2]Annex-9'!I33&" " -> 0 | ... P32: ='[2]Annex-9'!P33&" " -> 0
A33: ='[2]Annex-9'!A34 -> (%) | C33: ='[2]Annex-9'!C34 -> ( 63.6) | D33: ='[2]Annex-9'!D34 -> ( 36.4) | E33: ='[2]Annex-9'!E34 -> ( 0.0) | F33: ='[2]Annex-9'!F34 -> ( 100.0) | G33: ='[2]Annex-9'!G34 -> ( 0.0) | H33: ='[2]Annex-9'!H34 -> ( 0.0) | I33: ='[2]Annex-9'!I34 -> ( 0.0) | J33: ='[2]Annex-9'!J34 -> ( 0.0) | ... P33: ='[2]Annex-9'!P34 -> ( 0.0)
A34: ='[2]Annex-9'!A35 -> POOLED | B34: ='[2]Annex-9'!B35&" " -> 79 | C34: ='[2]Annex-9'!C35&" " -> 58 | D34: ='[2]Annex-9'!D35&" " -> 18 | E34: ='[2]Annex-9'!E35&" " -> 0 | F34: ='[2]Annex-9'!F35&" " -> 76 | G34: ='[2]Annex-9'!G35&" " -> 0 | H34: ='[2]Annex-9'!H35&" " -> 0 | I34: ='[2]Annex-9'!I35&" " -> 0 | ... P34: ='[2]Annex-9'!P35&" " -> 3
A35: ='[2]Annex-9'!A36 -> (%) | C35: ='[2]Annex-9'!C36 -> ( 73.4) | D35: ='[2]Annex-9'!D36 -> ( 22.8) | E35: ='[2]Annex-9'!E36 -> ( 0.0) | F35: ='[2]Annex-9'!F36 -> ( 96.2) | G35: ='[2]Annex-9'!G36 -> ( 0.0) | H35: ='[2]Annex-9'!H36 -> ( 0.0) | I35: ='[2]Annex-9'!I36 -> ( 0.0) | J35: ='[2]Annex-9'!J36 -> ( 3.8) | ... P35: ='[2]Annex-9'!P36 -> ( 3.8)

Sheet Annex-X
A1: A-8
A2: =common!$H$2 -> UT : PUDUCHERRY | B2: =common!$H$2 -> UT : PUDUCHERRY | C2: =common!$H$2 -> UT : PUDUCHERRY | D2: =common!$H$2 -> UT : PUDUCHERRY | E2: =common!$H$2 -> UT : PUDUCHERRY | F2: =common!$H$2 -> UT : PUDUCHERRY | G2: =common!$H$2 -> UT : PUDUCHERRY | H2: =common!$H$2 -> UT : PUDUCHERRY | I2: =common!$H$2 -> UT : PUDUCHERRY | J2: ='[3]Annex-10'!J$3 -> ANNEX-X
A3: ='[3]Annex-10'!A$4 -> IMPACT OF DISCREPANCIES IN RECORDING AREA UNDER CROPS(IRRIGATED) DURING 0 AND 0.
A4: SEASON/ CROP | B4: AREA IN HECTARES AS OBSERVED IN SAMPLE CLUSTERS
B5: CENTRAL SAMPLE | E5: STATE SAMPLE | H5: POOLED SAMPLE | K5: IMPACT OF DISCREPANCIES (b-a/a)*100 (POOLED SAMPLE ONLY)
B6: NO. OF VILLAGES REPORTING CROP | C6: AS PER SUPERVISOR | D6: AS PER PATWARI | E6: NO. OF VILLAGES REPORTING CROP | F6: AS PER SUPERVISOR | G6: AS PER PATWARI | H6: NO. OF VILLAGES REPORTING CROP | I6: AS PER SUPERVISOR (a) | J6: AS PER PATWARI (b)
A7: ='[3]Annex-10'!A$8 -> (1) | B7: ='[3]Annex-10'!B$8 -> (2) | C7: ='[3]Annex-10'!C$8 -> (3) | D7: ='[3]Annex-10'!D$8 -> (4) | E7: ='[3]Annex-10'!E$8 -> (5) | F7: ='[3]Annex-10'!F$8 -> (6) | G7: ='[3]Annex-10'!G$8 -> (7) | H7: ='[3]Annex-10'!H$8 -> (8) | ... J7: ='[3]Annex-10'!J$8 -> (10) | K7: ='[3]Annex-10'!L$8 -> (11)
A8: =common!$H$4 -> RABI I 2024-25
A9: =IF([4]Crops!$A7="","",[4]Crops!$A7) -> PADDY | B9: =ROUND('[3]Annex-10'!B10,2)&" " -> 3 | C9: =IF(INT('[3]Annex-10'!C10)='[3]Annex-10'!C10,'[3]Annex-10'!C10&".00 ",IF(INT('[3]Annex-10'!C10*10)='[3]Annex-10'!C10*10,'[3]Annex-10'!C10&"0 ",ROUND('[3]Annex-10'!C10,2)&" ")) -> 4.46 | D9: =IF(INT('[3]Annex-10'!D10)='[3]Annex-10'!D10,'[3]Annex-10'!D10&".00 ",IF(INT('[3]Annex-10'!D10*10)='[3]Annex-10'!D10*10,'[3]Annex-10'!D10&"0 ",ROUND('[3]Annex-10'!D10,2)&" ")) -> 4.59 | E9: =ROUND('[3]Annex-10'!E10,2)&" " -> 8 | F9: =IF(INT('[3]Annex-10'!F10)='[3]Annex-10'!F10,'[3]Annex-10'!F10&".00 ",IF(INT('[3]Annex-10'!F10*10)='[3]Annex-10'!F10*10,'[3]Annex-10'!F10&"0 ",ROUND('[3]Annex-10'!F10,2)&" ")) -> 15.62 | G9: =IF(INT('[3]Annex-10'!G10)='[3]Annex-10'!G10,'[3]Annex-10'!G10&".00 ",IF(INT('[3]Annex-10'!G10*10)='[3]Annex-10'!G10*10,'[3]Annex-10'!G10&"0 ",ROUND('[3]Annex-10'!G10,2)&" ")) -> 15.51 | H9: =ROUND('[3]Annex-10'!H10,2)&" " -> 11 | I9: =IF(INT('[3]Annex-10'!I10)='[3]Annex-10'!I10,'[3]Annex-10'!I10&".00 ",IF(INT('[3]Annex-10'!I10*10)='[3]Annex-10'!I10*10,'[3]Annex-10'!I10&"0 ",ROUND('[3]Annex-10'!I10,2)&" ")) -> 20.08 | J9: =IF(INT('[3]Annex-10'!J10)='[3]Annex-10'!J10,'[3]Annex-10'!J10&".00 ",IF(INT('[3]Annex-10'!J10*10)='[3]Annex-10'!J10*10,'[3]Annex-10'!J10&"0 ",ROUND('[3]Annex-10'!J10,2)&" ")) -> 20.1 | K9: =IF('[3]Annex-10'!K10<0,"(-)"&FIXED(ABS('[3]Annex-10'!K10),2)&" ",FIXED('[3]Annex-10'!K10,2)&" ") -> 0.10
A10: =IF([4]Crops!$A8="","",[4]Crops!$A8) -> OTHERS | B10: =ROUND('[3]Annex-10'!B11,2)&" " -> 4 | C10: =IF(INT('[3]Annex-10'!C11)='[3]Annex-10'!C11,'[3]Annex-10'!C11&".00 ",IF(INT('[3]Annex-10'!C11*10)='[3]Annex-10'!C11*10,'[3]Annex-10'!C11&"0 ",ROUND('[3]Annex-10'!C11,2)&" ")) -> 1.73 | D10: =IF(INT('[3]Annex-10'!D11)='[3]Annex-10'!D11,'[3]Annex-10'!D11&".00 ",IF(INT('[3]Annex-10'!D11*10)='[3]Annex-10'!D11*10,'[3]Annex-10'!D11&"0 ",ROUND('[3]Annex-10'!D11,2)&" ")) -> 2.59 | E10: =ROUND('[3]Annex-10'!E11,2)&" " -> 7 | F10: =IF(INT('[3]Annex-10'!F11)='[3]Annex-10'!F11,'[3]Annex-10'!F11&".00 ",IF(INT('[3]Annex-10'!F11*10)='[3]Annex-10'!F11*10,'[3]Annex-10'!F11&"0 ",ROUND('[3]Annex-10'!F11,2)&" ")) -> 5.72 | G10: =IF(INT('[3]Annex-10'!G11)='[3]Annex-10'!G11,'[3]Annex-10'!G11&".00 ",IF(INT('[3]Annex-10'!G11*10)='[3]Annex-10'!G11*10,'[3]Annex-10'!G11&"0 ",ROUND('[3]Annex-10'!G11,2)&" ")) -> 5.82 | H10: =ROUND('[3]Annex-10'!H11,2)&" " -> 11 | I10: =IF(INT('[3]Annex-10'!I11)='[3]Annex-10'!I11,'[3]Annex-10'!I11&".00 ",IF(INT('[3]Annex-10'!I11*10)='[3]Annex-10'!I11*10,'[3]Annex-10'!I11&"0 ",ROUND('[3]Annex-10'!I11,2)&" ")) -> 7.45 | J10: =IF(INT('[3]Annex-10'!J11)='[3]Annex-10'!J11,'[3]Annex-10'!J11&".00 ",IF(INT('[3]Annex-10'!J11*10)='[3]Annex-10'!J11*10,'[3]Annex-10'!J11&"0 ",ROUND('[3]Annex-10'!J11,2)&" ")) -> 8.41 | K10: =IF('[3]Annex-10'!K11<0,"(-)"&FIXED(ABS('[3]Annex-10'!K11),2)&" ",FIXED('[3]Annex-10'!K11,2)&" ") -> 12.95
A11: =IF([4]Crops!$A9="","",[4]Crops!$A9) | B11: =ROUND('[3]Annex-10'!B12,2)&" " -> #VALUE! | C11: =IF(INT('[3]Annex-10'!C12)='[3]Annex-10'!C12,'[3]Annex-10'!C12&".00 ",IF(INT('[3]Annex-10'!C12*10)='[3]Annex-10'!C12*10,'[3]Annex-10'!C12&"0 ",ROUND('[3]Annex-10'!C12,2)&" ")) -> #VALUE! | D11: =IF(INT('[3]Annex-10'!D12)='[3]Annex-10'!D12,'[3]Annex-10'!D12&".00 ",IF(INT('[3]Annex-10'!D12*10)='[3]Annex-10'!D12*10,'[3]Annex-10'!D12&"0 ",ROUND('[3]Annex-10'!D12,2)&" ")) -> #VALUE! | E11: =ROUND('[3]Annex-10'!E12,2)&" " -> #VALUE! | F11: =IF(INT('[3]Annex-10'!F12)='[3]Annex-10'!F12,'[3]Annex-10'!F12&".00 ",IF(INT('[3]Annex-10'!F12*10)='[3]Annex-10'!F12*10,'[3]Annex-10'!F12&"0 ",ROUND('[3]Annex-10'!F12,2)&" ")) -> #VALUE! | G11: =IF(INT('[3]Annex-10'!G12)='[3]Annex-10'!G12,'[3]Annex-10'!G12&".00 ",IF(INT('[3]Annex-10'!G12*10)='[3]Annex-10'!G12*10,'[3]Annex-10'!G12&"0 ",ROUND('[3]Annex-10'!G12,2)&" ")) -> #VALUE! | H11: =ROUND('[3]Annex-10'!H12,2)&" " -> #VALUE! | I11: =IF(INT('[3]Annex-10'!I12)='[3]Annex-10'!I12,'[3]Annex-10'!I12&".00 ",IF(INT('[3]Annex-10'!I12*10)='[3]Annex-10'!I12*10,'[3]Annex-10'!I12&"0 ",ROUND('[3]Annex-10'!I12,2)&" ")) -> #VALUE! | J11: =IF(INT('[3]Annex-10'!J12)='[3]Annex-10'!J12,'[3]Annex-10'!J12&".00 ",IF(INT('[3]Annex-10'!J12*10)='[3]Annex-10'!J12*10,'[3]Annex-10'!J12&"0 ",ROUND('[3]Annex-10'!J12,2)&" ")) -> #VALUE! | K11: =IF('[3]Annex-10'!K12<0,"(-)"&FIXED(ABS('[3]Annex-10'!K12),2)&" ",FIXED('[3]Annex-10'!K12,2)&" ") -> #VALUE!
A12: =IF([4]Crops!$A10="","",[4]Crops!$A10) | B12: =ROUND('[3]Annex-10'!B13,2)&" " -> #VALUE! | C12: =IF(INT('[3]Annex-10'!C13)='[3]Annex-10'!C13,'[3]Annex-10'!C13&".00 ",IF(INT('[3]Annex-10'!C13*10)='[3]Annex-10'!C13*10,'[3]Annex-10'!C13&"0 ",ROUND('[3]Annex-10'!C13,2)&" ")) -> #VALUE! | D12: =IF(INT('[3]Annex-10'!D13)='[3]Annex-10'!D13,'[3]Annex-10'!D13&".00 ",IF(INT('[3]Annex-10'!D13*10)='[3]Annex-10'!D13*10,'[3]Annex-10'!D13&"0 ",ROUND('[3]Annex-10'!D13,2)&" ")) -> #VALUE! | E12: =ROUND('[3]Annex-10'!E13,2)&" " -> #VALUE! | F12: =IF(INT('[3]Annex-10'!F13)='[3]Annex-10'!F13,'[3]Annex-10'!F13&".00 ",IF(INT('[3]Annex-10'!F13*10)='[3]Annex-10'!F13*10,'[3]Annex-10'!F13&"0 ",ROUND('[3]Annex-10'!F13,2)&" ")) -> #VALUE! | G12: =IF(INT('[3]Annex-10'!G13)='[3]Annex-10'!G13,'[3]Annex-10'!G13&".00 ",IF(INT('[3]Annex-10'!G13*10)='[3]Annex-10'!G13*10,'[3]Annex-10'!G13&"0 ",ROUND('[3]Annex-10'!G13,2)&" ")) -> #VALUE! | H12: =ROUND('[3]Annex-10'!H13,2)&" " -> #VALUE! | I12: =IF(INT('[3]Annex-10'!I13)='[3]Annex-10'!I13,'[3]Annex-10'!I13&".00 ",IF(INT('[3]Annex-10'!I13*10)='[3]Annex-10'!I13*10,'[3]Annex-10'!I13&"0 ",ROUND('[3]Annex-10'!I13,2)&" ")) -> #VALUE! | J12: =IF(INT('[3]Annex-10'!J13)='[3]Annex-10'!J13,'[3]Annex-10'!J13&".00 ",IF(INT('[3]Annex-10'!J13*10)='[3]Annex-10'!J13*10,'[3]Annex-10'!J13&"0 ",ROUND('[3]Annex-10'!J13,2)&" ")) -> #VALUE! | K12: =IF('[3]Annex-10'!K13<0,"(-)"&FIXED(ABS('[3]Annex-10'!K13),2)&" ",FIXED('[3]Annex-10'!K13,2)&" ") -> #VALUE!
A13: =IF([4]Crops!$A11="","",[4]Crops!$A11) | B13: =ROUND('[3]Annex-10'!B14,2)&" " -> #VALUE! | C13: =IF(INT('[3]Annex-10'!C14)='[3]Annex-10'!C14,'[3]Annex-10'!C14&".00 ",IF(INT('[3]Annex-10'!C14*10)='[3]Annex-10'!C14*10,'[3]Annex-10'!C14&"0 ",ROUND('[3]Annex-10'!C14,2)&" ")) -> #VALUE! | D13: =IF(INT('[3]Annex-10'!D14)='[3]Annex-10'!D14,'[3]Annex-10'!D14&".00 ",IF(INT('[3]Annex-10'!D14*10)='[3]Annex-10'!D14*10,'[3]Annex-10'!D14&"0 ",ROUND('[3]Annex-10'!D14,2)&" ")) -> #VALUE! | E13: =ROUND('[3]Annex-10'!E14,2)&" " -> #VALUE! | F13: =IF(INT('[3]Annex-10'!F14)='[3]Annex-10'!F14,'[3]Annex-10'!F14&".00 ",IF(INT('[3]Annex-10'!F14*10)='[3]Annex-10'!F14*10,'[3]Annex-10'!F14&"0 ",ROUND('[3]Annex-10'!F14,2)&" ")) -> #VALUE! | G13: =IF(INT('[3]Annex-10'!G14)='[3]Annex-10'!G14,'[3]Annex-10'!G14&".00 ",IF(INT('[3]Annex-10'!G14*10)='[3]Annex-10'!G14*10,'[3]Annex-10'!G14&"0 ",ROUND('[3]Annex-10'!G14,2)&" ")) -> #VALUE! | H13: =ROUND('[3]Annex-10'!H14,2)&" " -> #VALUE! | I13: =IF(INT('[3]Annex-10'!I14)='[3]Annex-10'!I14,'[3]Annex-10'!I14&".00 ",IF(INT('[3]Annex-10'!I14*10)='[3]Annex-10'!I14*10,'[3]Annex-10'!I14&"0 ",ROUND('[3]Annex-10'!I14,2)&" ")) -> #VALUE! | J13: =IF(INT('[3]Annex-10'!J14)='[3]Annex-10'!J14,'[3]Annex-10'!J14&".00 ",IF(INT('[3]Annex-10'!J14*10)='[3]Annex-10'!J14*10,'[3]Annex-10'!J14&"0 ",ROUND('[3]Annex-10'!J14,2)&" ")) -> #VALUE! | K13: =IF('[3]Annex-10'!K14<0,"(-)"&FIXED(ABS('[3]Annex-10'!K14),2)&" ",FIXED('[3]Annex-10'!K14,2)&" ") -> #VALUE!
A14: =IF([4]Crops!$A12="","",[4]Crops!$A12) | B14: =ROUND('[3]Annex-10'!B15,2)&" " -> #VALUE! | C14: =IF(INT('[3]Annex-10'!C15)='[3]Annex-10'!C15,'[3]Annex-10'!C15&".00 ",IF(INT('[3]Annex-10'!C15*10)='[3]Annex-10'!C15*10,'[3]Annex-10'!C15&"0 ",ROUND('[3]Annex-10'!C15,2)&" ")) -> #VALUE! | D14: =IF(INT('[3]Annex-10'!D15)='[3]Annex-10'!D15,'[3]Annex-10'!D15&".00 ",IF(INT('[3]Annex-10'!D15*10)='[3]Annex-10'!D15*10,'[3]Annex-10'!D15&"0 ",ROUND('[3]Annex-10'!D15,2)&" ")) -> #VALUE! | E14: =ROUND('[3]Annex-10'!E15,2)&" " -> #VALUE! | F14: =IF(INT('[3]Annex-10'!F15)='[3]Annex-10'!F15,'[3]Annex-10'!F15&".00 ",IF(INT('[3]Annex-10'!F15*10)='[3]Annex-10'!F15*10,'[3]Annex-10'!F15&"0 ",ROUND('[3]Annex-10'!F15,2)&" ")) -> #VALUE! | G14: =IF(INT('[3]Annex-10'!G15)='[3]Annex-10'!G15,'[3]Annex-10'!G15&".00 ",IF(INT('[3]Annex-10'!G15*10)='[3]Annex-10'!G15*10,'[3]Annex-10'!G15&"0 ",ROUND('[3]Annex-10'!G15,2)&" ")) -> #VALUE! | H14: =ROUND('[3]Annex-10'!H15,2)&" " -> #VALUE! | I14: =IF(INT('[3]Annex-10'!I15)='[3]Annex-10'!I15,'[3]Annex-10'!I15&".00 ",IF(INT('[3]Annex-10'!I15*10)='[3]Annex-10'!I15*10,'[3]Annex-10'!I15&"0 ",ROUND('[3]Annex-10'!I15,2)&" ")) -> #VALUE! | J14: =IF(INT('[3]Annex-10'!J15)='[3]Annex-10'!J15,'[3]Annex-10'!J15&".00 ",IF(INT('[3]Annex-10'!J15*10)='[3]Annex-10'!J15*10,'[3]Annex-10'!J15&"0 ",ROUND('[3]Annex-10'!J15,2)&" ")) -> #VALUE! | K14: =IF('[3]Annex-10'!K15<0,"(-)"&FIXED(ABS('[3]Annex-10'!K15),2)&" ",FIXED('[3]Annex-10'!K15,2)&" ") -> #VALUE!
A15: =IF([4]Crops!$A13="","",[4]Crops!$A13) | B15: =ROUND('[3]Annex-10'!B16,2)&" " -> #VALUE! | C15: =IF(INT('[3]Annex-10'!C16)='[3]Annex-10'!C16,'[3]Annex-10'!C16&".00 ",IF(INT('[3]Annex-10'!C16*10)='[3]Annex-10'!C16*10,'[3]Annex-10'!C16&"0 ",ROUND('[3]Annex-10'!C16,2)&" ")) -> #VALUE! | D15: =IF(INT('[3]Annex-10'!D16)='[3]Annex-10'!D16,'[3]Annex-10'!D16&".00 ",IF(INT('[3]Annex-10'!D16*10)='[3]Annex-10'!D16*10,'[3]Annex-10'!D16&"0 ",ROUND('[3]Annex-10'!D16,2)&" ")) -> #VALUE! | E15: =ROUND('[3]Annex-10'!E16,2)&" " -> #VALUE! | F15: =IF(INT('[3]Annex-10'!F16)='[3]Annex-10'!F16,'[3]Annex-10'!F16&".00 ",IF(INT('[3]Annex-10'!F16*10)='[3]Annex-10'!F16*10,'[3]Annex-10'!F16&"0 ",ROUND('[3]Annex-10'!F16,2)&" ")) -> #VALUE! | G15: =IF(INT('[3]Annex-10'!G16)='[3]Annex-10'!G16,'[3]Annex-10'!G16&".00 ",IF(INT('[3]Annex-10'!G16*10)='[3]Annex-10'!G16*10,'[3]Annex-10'!G16&"0 ",ROUND('[3]Annex-10'!G16,2)&" ")) -> #VALUE! | H15: =ROUND('[3]Annex-10'!H16,2)&" " -> #VALUE! | I15: =IF(INT('[3]Annex-10'!I16)='[3]Annex-10'!I16,'[3]Annex-10'!I16&".00 ",IF(INT('[3]Annex-10'!I16*10)='[3]Annex-10'!I16*10,'[3]Annex-10'!I16&"0 ",ROUND('[3]Annex-10'!I16,2)&" ")) -> #VALUE! | J15: =IF(INT('[3]Annex-10'!J16)='[3]Annex-10'!J16,'[3]Annex-10'!J16&".00 ",IF(INT('[3]Annex-10'!J16*10)='[3]Annex-10'!J16*10,'[3]Annex-10'!J16&"0 ",ROUND('[3]Annex-10'!J16,2)&" ")) -> #VALUE! | K15: =IF('[3]Annex-10'!K16<0,"(-)"&FIXED(ABS('[3]Annex-10'!K16),2)&" ",FIXED('[3]Annex-10'!K16,2)&" ") -> #VALUE!
A16: =IF([4]Crops!$A14="","",[4]Crops!$A14) | B16: =ROUND('[3]Annex-10'!B17,2)&" " -> #VALUE! | C16: =IF(INT('[3]Annex-10'!C17)='[3]Annex-10'!C17,'[3]Annex-10'!C17&".00 ",IF(INT('[3]Annex-10'!C17*10)='[3]Annex-10'!C17*10,'[3]Annex-10'!C17&"0 ",ROUND('[3]Annex-10'!C17,2)&" ")) -> #VALUE! | D16: =IF(INT('[3]Annex-10'!D17)='[3]Annex-10'!D17,'[3]Annex-10'!D17&".00 ",IF(INT('[3]Annex-10'!D17*10)='[3]Annex-10'!D17*10,'[3]Annex-10'!D17&"0 ",ROUND('[3]Annex-10'!D17,2)&" ")) -> #VALUE! | E16: =ROUND('[3]Annex-10'!E17,2)&" " -> #VALUE! | F16: =IF(INT('[3]Annex-10'!F17)='[3]Annex-10'!F17,'[3]Annex-10'!F17&".00 ",IF(INT('[3]Annex-10'!F17*10)='[3]Annex-10'!F17*10,'[3]Annex-10'!F17&"0 ",ROUND('[3]Annex-10'!F17,2)&" ")) -> #VALUE! | G16: =IF(INT('[3]Annex-10'!G17)='[3]Annex-10'!G17,'[3]Annex-10'!G17&".00 ",IF(INT('[3]Annex-10'!G17*10)='[3]Annex-10'!G17*10,'[3]Annex-10'!G17&"0 ",ROUND('[3]Annex-10'!G17,2)&" ")) -> #VALUE! | H16: =ROUND('[3]Annex-10'!H17,2)&" " -> #VALUE! | I16: =IF(INT('[3]Annex-10'!I17)='[3]Annex-10'!I17,'[3]Annex-10'!I17&".00 ",IF(INT('[3]Annex-10'!I17*10)='[3]Annex-10'!I17*10,'[3]Annex-10'!I17&"0 ",ROUND('[3]Annex-10'!I17,2)&" ")) -> #VALUE! | J16: =IF(INT('[3]Annex-10'!J17)='[3]Annex-10'!J17,'[3]Annex-10'!J17&".00 ",IF(INT('[3]Annex-10'!J17*10)='[3]Annex-10'!J17*10,'[3]Annex-10'!J17&"0 ",ROUND('[3]Annex-10'!J17,2)&" ")) -> #VALUE! | K16: =IF('[3]Annex-10'!K17<0,"(-)"&FIXED(ABS('[3]Annex-10'!K17),2)&" ",FIXED('[3]Annex-10'!K17,2)&" ") -> #VALUE!
A17: =IF([4]Crops!$A15="","",[4]Crops!$A15) | B17: =ROUND('[3]Annex-10'!B18,2)&" " -> #VALUE! | C17: =IF(INT('[3]Annex-10'!C18)='[3]Annex-10'!C18,'[3]Annex-10'!C18&".00 ",IF(INT('[3]Annex-10'!C18*10)='[3]Annex-10'!C18*10,'[3]Annex-10'!C18&"0 ",ROUND('[3]Annex-10'!C18,2)&" ")) -> #VALUE! | D17: =IF(INT('[3]Annex-10'!D18)='[3]Annex-10'!D18,'[3]Annex-10'!D18&".00 ",IF(INT('[3]Annex-10'!D18*10)='[3]Annex-10'!D18*10,'[3]Annex-10'!D18&"0 ",ROUND('[3]Annex-10'!D18,2)&" ")) -> #VALUE! | E17: =ROUND('[3]Annex-10'!E18,2)&" " -> #VALUE! | F17: =IF(INT('[3]Annex-10'!F18)='[3]Annex-10'!F18,'[3]Annex-10'!F18&".00 ",IF(INT('[3]Annex-10'!F18*10)='[3]Annex-10'!F18*10,'[3]Annex-10'!F18&"0 ",ROUND('[3]Annex-10'!F18,2)&" ")) -> #VALUE! | G17: =IF(INT('[3]Annex-10'!G18)='[3]Annex-10'!G18,'[3]Annex-10'!G18&".00 ",IF(INT('[3]Annex-10'!G18*10)='[3]Annex-10'!G18*10,'[3]Annex-10'!G18&"0 ",ROUND('[3]Annex-10'!G18,2)&" ")) -> #VALUE! | H17: =ROUND('[3]Annex-10'!H18,2)&" " -> #VALUE! | I17: =IF(INT('[3]Annex-10'!I18)='[3]Annex-10'!I18,'[3]Annex-10'!I18&".00 ",IF(INT('[3]Annex-10'!I18*10)='[3]Annex-10'!I18*10,'[3]Annex-10'!I18&"0 ",ROUND('[3]Annex-10'!I18,2)&" ")) -> #VALUE! | J17: =IF(INT('[3]Annex-10'!J18)='[3]Annex-10'!J18,'[3]Annex-10'!J18&".00 ",IF(INT('[3]Annex-10'!J18*10)='[3]Annex-10'!J18*10,'[3]Annex-10'!J18&"0 ",ROUND('[3]Annex-10'!J18,2)&" ")) -> #VALUE! | K17: =IF('[3]Annex-10'!K18<0,"(-)"&FIXED(ABS('[3]Annex-10'!K18),2)&" ",FIXED('[3]Annex-10'!K18,2)&" ") -> #VALUE!
A18: =IF([4]Crops!$A16="","",[4]Crops!$A16) | B18: =ROUND('[3]Annex-10'!B19,2)&" " -> #VALUE! | C18: =IF(INT('[3]Annex-10'!C19)='[3]Annex-10'!C19,'[3]Annex-10'!C19&".00 ",IF(INT('[3]Annex-10'!C19*10)='[3]Annex-10'!C19*10,'[3]Annex-10'!C19&"0 ",ROUND('[3]Annex-10'!C19,2)&" ")) -> #VALUE! | D18: =IF(INT('[3]Annex-10'!D19)='[3]Annex-10'!D19,'[3]Annex-10'!D19&".00 ",IF(INT('[3]Annex-10'!D19*10)='[3]Annex-10'!D19*10,'[3]Annex-10'!D19&"0 ",ROUND('[3]Annex-10'!D19,2)&" ")) -> #VALUE! | E18: =ROUND('[3]Annex-10'!E19,2)&" " -> #VALUE! | F18: =IF(INT('[3]Annex-10'!F19)='[3]Annex-10'!F19,'[3]Annex-10'!F19&".00 ",IF(INT('[3]Annex-10'!F19*10)='[3]Annex-10'!F19*10,'[3]Annex-10'!F19&"0 ",ROUND('[3]Annex-10'!F19,2)&" ")) -> #VALUE! | G18: =IF(INT('[3]Annex-10'!G19)='[3]Annex-10'!G19,'[3]Annex-10'!G19&".00 ",IF(INT('[3]Annex-10'!G19*10)='[3]Annex-10'!G19*10,'[3]Annex-10'!G19&"0 ",ROUND('[3]Annex-10'!G19,2)&" ")) -> #VALUE! | H18: =ROUND('[3]Annex-10'!H19,2)&" " -> #VALUE! | I18: =IF(INT('[3]Annex-10'!I19)='[3]Annex-10'!I19,'[3]Annex-10'!I19&".00 ",IF(INT('[3]Annex-10'!I19*10)='[3]Annex-10'!I19*10,'[3]Annex-10'!I19&"0 ",ROUND('[3]Annex-10'!I19,2)&" ")) -> #VALUE! | J18: =IF(INT('[3]Annex-10'!J19)='[3]Annex-10'!J19,'[3]Annex-10'!J19&".00 ",IF(INT('[3]Annex-10'!J19*10)='[3]Annex-10'!J19*10,'[3]Annex-10'!J19&"0 ",ROUND('[3]Annex-10'!J19,2)&" ")) -> #VALUE! | K18: =IF('[3]Annex-10'!K19<0,"(-)"&FIXED(ABS('[3]Annex-10'!K19),2)&" ",FIXED('[3]Annex-10'!K19,2)&" ") -> #VALUE!
A19: =IF([4]Crops!$A17="","",[4]Crops!$A17) | B19: =ROUND('[3]Annex-10'!B20,2)&" " -> #VALUE! | C19: =IF(INT('[3]Annex-10'!C20)='[3]Annex-10'!C20,'[3]Annex-10'!C20&".00 ",IF(INT('[3]Annex-10'!C20*10)='[3]Annex-10'!C20*10,'[3]Annex-10'!C20&"0 ",ROUND('[3]Annex-10'!C20,2)&" ")) -> #VALUE! | D19: =IF(INT('[3]Annex-10'!D20)='[3]Annex-10'!D20,'[3]Annex-10'!D20&".00 ",IF(INT('[3]Annex-10'!D20*10)='[3]Annex-10'!D20*10,'[3]Annex-10'!D20&"0 ",ROUND('[3]Annex-10'!D20,2)&" ")) -> #VALUE! | E19: =ROUND('[3]Annex-10'!E20,2)&" " -> #VALUE! | F19: =IF(INT('[3]Annex-10'!F20)='[3]Annex-10'!F20,'[3]Annex-10'!F20&".00 ",IF(INT('[3]Annex-10'!F20*10)='[3]Annex-10'!F20*10,'[3]Annex-10'!F20&"0 ",ROUND('[3]Annex-10'!F20,2)&" ")) -> #VALUE! | G19: =IF(INT('[3]Annex-10'!G20)='[3]Annex-10'!G20,'[3]Annex-10'!G20&".00 ",IF(INT('[3]Annex-10'!G20*10)='[3]Annex-10'!G20*10,'[3]Annex-10'!G20&"0 ",ROUND('[3]Annex-10'!G20,2)&" ")) -> #VALUE! | H19: =ROUND('[3]Annex-10'!H20,2)&" " -> #VALUE! | I19: =IF(INT('[3]Annex-10'!I20)='[3]Annex-10'!I20,'[3]Annex-10'!I20&".00 ",IF(INT('[3]Annex-10'!I20*10)='[3]Annex-10'!I20*10,'[3]Annex-10'!I20&"0 ",ROUND('[3]Annex-10'!I20,2)&" ")) -> #VALUE! | J19: =IF(INT('[3]Annex-10'!J20)='[3]Annex-10'!J20,'[3]Annex-10'!J20&".00 ",IF(INT('[3]Annex-10'!J20*10)='[3]Annex-10'!J20*10,'[3]Annex-10'!J20&"0 ",ROUND('[3]Annex-10'!J20,2)&" ")) -> #VALUE! | K19: =IF('[3]Annex-10'!K20<0,"(-)"&FIXED(ABS('[3]Annex-10'!K20),2)&" ",FIXED('[3]Annex-10'!K20,2)&" ") -> #VALUE!
A20: =IF([4]Crops!$A18="","",[4]Crops!$A18) | B20: =ROUND('[3]Annex-10'!B21,2)&" " -> #VALUE! | C20: =IF(INT('[3]Annex-10'!C21)='[3]Annex-10'!C21,'[3]Annex-10'!C21&".00 ",IF(INT('[3]Annex-10'!C21*10)='[3]Annex-10'!C21*10,'[3]Annex-10'!C21&"0 ",ROUND('[3]Annex-10'!C21,2)&" ")) -> #VALUE! | D20: =IF(INT('[3]Annex-10'!D21)='[3]Annex-10'!D21,'[3]Annex-10'!D21&".00 ",IF(INT('[3]Annex-10'!D21*10)='[3]Annex-10'!D21*10,'[3]Annex-10'!D21&"0 ",ROUND('[3]Annex-10'!D21,2)&" ")) -> #VALUE! | E20: =ROUND('[3]Annex-10'!E21,2)&" " -> #VALUE! | F20: =IF(INT('[3]Annex-10'!F21)='[3]Annex-10'!F21,'[3]Annex-10'!F21&".00 ",IF(INT('[3]Annex-10'!F21*10)='[3]Annex-10'!F21*10,'[3]Annex-10'!F21&"0 ",ROUND('[3]Annex-10'!F21,2)&" ")) -> #VALUE! | G20: =IF(INT('[3]Annex-10'!G21)='[3]Annex-10'!G21,'[3]Annex-10'!G21&".00 ",IF(INT('[3]Annex-10'!G21*10)='[3]Annex-10'!G21*10,'[3]Annex-10'!G21&"0 ",ROUND('[3]Annex-10'!G21,2)&" ")) -> #VALUE! | H20: =ROUND('[3]Annex-10'!H21,2)&" " -> #VALUE! | I20: =IF(INT('[3]Annex-10'!I21)='[3]Annex-10'!I21,'[3]Annex-10'!I21&".00 ",IF(INT('[3]Annex-10'!I21*10)='[3]Annex-10'!I21*10,'[3]Annex-10'!I21&"0 ",ROUND('[3]Annex-10'!I21,2)&" ")) -> #VALUE! | J20: =IF(INT('[3]Annex-10'!J21)='[3]Annex-10'!J21,'[3]Annex-10'!J21&".00 ",IF(INT('[3]Annex-10'!J21*10)='[3]Annex-10'!J21*10,'[3]Annex-10'!J21&"0 ",ROUND('[3]Annex-10'!J21,2)&" ")) -> #VALUE! | K20: =IF('[3]Annex-10'!K21<0,"(-)"&FIXED(ABS('[3]Annex-10'!K21),2)&" ",FIXED('[3]Annex-10'!K21,2)&" ") -> #VALUE!
... A23: =IF([4]Crops!$A21="","",[4]Crops!$A21) | B23: =ROUND('[3]Annex-10'!B24,2)&" " -> #VALUE! | C23: =IF(INT('[3]Annex-10'!C24)='[3]Annex-10'!C24,'[3]Annex-10'!C24&".00 ",IF(INT('[3]Annex-10'!C24*10)='[3]Annex-10'!C24*10,'[3]Annex-10'!C24&"0 ",ROUND('[3]Annex-10'!C24,2)&" ")) -> #VALUE! | D23: =IF(INT('[3]Annex-10'!D24)='[3]Annex-10'!D24,'[3]Annex-10'!D24&".00 ",IF(INT('[3]Annex-10'!D24*10)='[3]Annex-10'!D24*10,'[3]Annex-10'!D24&"0 ",ROUND('[3]Annex-10'!D24,2)&" ")) -> #VALUE! | E23: =ROUND('[3]Annex-10'!E24,2)&" " -> #VALUE! | F23: =IF(INT('[3]Annex-10'!F24)='[3]Annex-10'!F24,'[3]Annex-10'!F24&".00 ",IF(INT('[3]Annex-10'!F24*10)='[3]Annex-10'!F24*10,'[3]Annex-10'!F24&"0 ",ROUND('[3]Annex-10'!F24,2)&" ")) -> #VALUE! | G23: =IF(INT('[3]Annex-10'!G24)='[3]Annex-10'!G24,'[3]Annex-10'!G24&".00 ",IF(INT('[3]Annex-10'!G24*10)='[3]Annex-10'!G24*10,'[3]Annex-10'!G24&"0 ",ROUND('[3]Annex-10'!G24,2)&" ")) -> #VALUE! | H23: =ROUND('[3]Annex-10'!H24,2)&" " -> #VALUE! | I23: =IF(INT('[3]Annex-10'!I24)='[3]Annex-10'!I24,'[3]Annex-10'!I24&".00 ",IF(INT('[3]Annex-10'!I24*10)='[3]Annex-10'!I24*10,'[3]Annex-10'!I24&"0 ",ROUND('[3]Annex-10'!I24,2)&" ")) -> #VALUE! | J23: =IF(INT('[3]Annex-10'!J24)='[3]Annex-10'!J24,'[3]Annex-10'!J24&".00 ",IF(INT('[3]Annex-10'!J24*10)='[3]Annex-10'!J24*10,'[3]Annex-10'!J24&"0 ",ROUND('[3]Annex-10'!J24,2)&" ")) -> #VALUE! | K23: =IF('[3]Annex-10'!K24<0,"(-)"&FIXED(ABS('[3]Annex-10'!K24),2)&" ",FIXED('[3]Annex-10'!K24,2)&" ") -> #VALUE!
A24: =common!$I$4 -> RABI II 2024-25
A25: =IF([4]Crops!$C7="","",[4]Crops!$C7) -> PADDY | B25: =ROUND('[3]Annex-10'!B26,2)&" " -> 1 | C25: =IF(INT('[3]Annex-10'!C26)='[3]Annex-10'!C26,'[3]Annex-10'!C26&".00 ",IF(INT('[3]Annex-10'!C26*10)='[3]Annex-10'!C26*10,'[3]Annex-10'!C26&"0 ",ROUND('[3]Annex-10'!C26,2)&" ")) -> 0.03 | D25: =IF(INT('[3]Annex-10'!D26)='[3]Annex-10'!D26,'[3]Annex-10'!D26&".00 ",IF(INT('[3]Annex-10'!D26*10)='[3]Annex-10'!D26*10,'[3]Annex-10'!D26&"0 ",ROUND('[3]Annex-10'!D26,2)&" ")) -> 0.03 | E25: =ROUND('[3]Annex-10'!E26,2)&" " -> 5 | F25: =IF(INT('[3]Annex-10'!F26)='[3]Annex-10'!F26,'[3]Annex-10'!F26&".00 ",IF(INT('[3]Annex-10'!F26*10)='[3]Annex-10'!F26*10,'[3]Annex-10'!F26&"0 ",ROUND('[3]Annex-10'!F26,2)&" ")) -> 8.79 | G25: =IF(INT('[3]Annex-10'!G26)='[3]Annex-10'!G26,'[3]Annex-10'!G26&".00 ",IF(INT('[3]Annex-10'!G26*10)='[3]Annex-10'!G26*10,'[3]Annex-10'!G26&"0 ",ROUND('[3]Annex-10'!G26,2)&" ")) -> 8.60 | H25: =ROUND('[3]Annex-10'!H26,2)&" " -> 6 | I25: =IF(INT('[3]Annex-10'!I26)='[3]Annex-10'!I26,'[3]Annex-10'!I26&".00 ",IF(INT('[3]Annex-10'!I26*10)='[3]Annex-10'!I26*10,'[3]Annex-10'!I26&"0 ",ROUND('[3]Annex-10'!I26,2)&" ")) -> 8.81 | J25: =IF(INT('[3]Annex-10'!J26)='[3]Annex-10'!J26,'[3]Annex-10'!J26&".00 ",IF(INT('[3]Annex-10'!J26*10)='[3]Annex-10'!J26*10,'[3]Annex-10'!J26&"0 ",ROUND('[3]Annex-10'!J26,2)&" ")) -> 8.63 | K25: =IF('[3]Annex-10'!K26<0,"(-)"&FIXED(ABS('[3]Annex-10'!K26),2)&" ",FIXED('[3]Annex-10'!K26,2)&" ") -> (-)2.10
A26: =IF([4]Crops!$C8="","",[4]Crops!$C8) -> OTHERS | B26: =ROUND('[3]Annex-10'!B27,2)&" " -> 4 | C26: =IF(INT('[3]Annex-10'!C27)='[3]Annex-10'!C27,'[3]Annex-10'!C27&".00 ",IF(INT('[3]Annex-10'!C27*10)='[3]Annex-10'!C27*10,'[3]Annex-10'!C27&"0 ",ROUND('[3]Annex-10'!C27,2)&" ")) -> 1.77 | D26: =IF(INT('[3]Annex-10'!D27)='[3]Annex-10'!D27,'[3]Annex-10'!D27&".00 ",IF(INT('[3]Annex-10'!D27*10)='[3]Annex-10'!D27*10,'[3]Annex-10'!D27&"0 ",ROUND('[3]Annex-10'!D27,2)&" ")) -> 2.62 | E26: =ROUND('[3]Annex-10'!E27,2)&" " -> 7 | F26: =IF(INT('[3]Annex-10'!F27)='[3]Annex-10'!F27,'[3]Annex-10'!F27&".00 ",IF(INT('[3]Annex-10'!F27*10)='[3]Annex-10'!F27*10,'[3]Annex-10'!F27&"0 ",ROUND('[3]Annex-10'!F27,2)&" ")) -> 3.59 | G26: =IF(INT('[3]Annex-10'!G27)='[3]Annex-10'!G27,'[3]Annex-10'!G27&".00 ",IF(INT('[3]Annex-10'!G27*10)='[3]Annex-10'!G27*10,'[3]Annex-10'!G27&"0 ",ROUND('[3]Annex-10'!G27,2)&" ")) -> 3.59 | H26: =ROUND('[3]Annex-10'!H27,2)&" " -> 11 | I26: =IF(INT('[3]Annex-10'!I27)='[3]Annex-10'!I27,'[3]Annex-10'!I27&".00 ",IF(INT('[3]Annex-10'!I27*10)='[3]Annex-10'!I27*10,'[3]Annex-10'!I27&"0 ",ROUND('[3]Annex-10'!I27,2)&" ")) -> 5.36 | J26: =IF(INT('[3]Annex-10'!J27)='[3]Annex-10'!J27,'[3]Annex-10'!J27&".00 ",IF(INT('[3]Annex-10'!J27*10)='[3]Annex-10'!J27*10,'[3]Annex-10'!J27&"0 ",ROUND('[3]Annex-10'!J27,2)&" ")) -> 6.2 | K26: =IF('[3]Annex-10'!K27<0,"(-)"&FIXED(ABS('[3]Annex-10'!K27),2)&" ",FIXED('[3]Annex-10'!K27,2)&" ") -> 15.77
A27: =IF([4]Crops!$C9="","",[4]Crops!$C9) | B27: =ROUND('[3]Annex-10'!B28,2)&" " -> #VALUE! | C27: =IF(INT('[3]Annex-10'!C28)='[3]Annex-10'!C28,'[3]Annex-10'!C28&".00 ",IF(INT('[3]Annex-10'!C28*10)='[3]Annex-10'!C28*10,'[3]Annex-10'!C28&"0 ",ROUND('[3]Annex-10'!C28,2)&" ")) -> #VALUE! | D27: =IF(INT('[3]Annex-10'!D28)='[3]Annex-10'!D28,'[3]Annex-10'!D28&".00 ",IF(INT('[3]Annex-10'!D28*10)='[3]Annex-10'!D28*10,'[3]Annex-10'!D28&"0 ",ROUND('[3]Annex-10'!D28,2)&" ")) -> #VALUE! | E27: =ROUND('[3]Annex-10'!E28,2)&" " -> #VALUE! | F27: =IF(INT('[3]Annex-10'!F28)='[3]Annex-10'!F28,'[3]Annex-10'!F28&".00 ",IF(INT('[3]Annex-10'!F28*10)='[3]Annex-10'!F28*10,'[3]Annex-10'!F28&"0 ",ROUND('[3]Annex-10'!F28,2)&" ")) -> #VALUE! | G27: =IF(INT('[3]Annex-10'!G28)='[3]Annex-10'!G28,'[3]Annex-10'!G28&".00 ",IF(INT('[3]Annex-10'!G28*10)='[3]Annex-10'!G28*10,'[3]Annex-10'!G28&"0 ",ROUND('[3]Annex-10'!G28,2)&" ")) -> #VALUE! | H27: =ROUND('[3]Annex-10'!H28,2)&" " -> #VALUE! | I27: =IF(INT('[3]Annex-10'!I28)='[3]Annex-10'!I28,'[3]Annex-10'!I28&".00 ",IF(INT('[3]Annex-10'!I28*10)='[3]Annex-10'!I28*10,'[3]Annex-10'!I28&"0 ",ROUND('[3]Annex-10'!I28,2)&" ")) -> #VALUE! | J27: =IF(INT('[3]Annex-10'!J28)='[3]Annex-10'!J28,'[3]Annex-10'!J28&".00 ",IF(INT('[3]Annex-10'!J28*10)='[3]Annex-10'!J28*10,'[3]Annex-10'!J28&"0 ",ROUND('[3]Annex-10'!J28,2)&" ")) -> #VALUE! | K27: =IF('[3]Annex-10'!K28<0,"(-)"&FIXED(ABS('[3]Annex-10'!K28),2)&" ",FIXED('[3]Annex-10'!K28,2)&" ") -> #VALUE!
A28: =IF([4]Crops!$C10="","",[4]Crops!$C10) | B28: =ROUND('[3]Annex-10'!B29,2)&" " -> #VALUE! | C28: =IF(INT('[3]Annex-10'!C29)='[3]Annex-10'!C29,'[3]Annex-10'!C29&".00 ",IF(INT('[3]Annex-10'!C29*10)='[3]Annex-10'!C29*10,'[3]Annex-10'!C29&"0 ",ROUND('[3]Annex-10'!C29,2)&" ")) -> #VALUE! | D28: =IF(INT('[3]Annex-10'!D29)='[3]Annex-10'!D29,'[3]Annex-10'!D29&".00 ",IF(INT('[3]Annex-10'!D29*10)='[3]Annex-10'!D29*10,'[3]Annex-10'!D29&"0 ",ROUND('[3]Annex-10'!D29,2)&" ")) -> #VALUE! | E28: =ROUND('[3]Annex-10'!E29,2)&" " -> #VALUE! | F28: =IF(INT('[3]Annex-10'!F29)='[3]Annex-10'!F29,'[3]Annex-10'!F29&".00 ",IF(INT('[3]Annex-10'!F29*10)='[3]Annex-10'!F29*10,'[3]Annex-10'!F29&"0 ",ROUND('[3]Annex-10'!F29,2)&" ")) -> #VALUE! | G28: =IF(INT('[3]Annex-10'!G29)='[3]Annex-10'!G29,'[3]Annex-10'!G29&".00 ",IF(INT('[3]Annex-10'!G29*10)='[3]Annex-10'!G29*10,'[3]Annex-10'!G29&"0 ",ROUND('[3]Annex-10'!G29,2)&" ")) -> #VALUE! | H28: =ROUND('[3]Annex-10'!H29,2)&" " -> #VALUE! | I28: =IF(INT('[3]Annex-10'!I29)='[3]Annex-10'!I29,'[3]Annex-10'!I29&".00 ",IF(INT('[3]Annex-10'!I29*10)='[3]Annex-10'!I29*10,'[3]Annex-10'!I29&"0 ",ROUND('[3]Annex-10'!I29,2)&" ")) -> #VALUE! | J28: =IF(INT('[3]Annex-10'!J29)='[3]Annex-10'!J29,'[3]Annex-10'!J29&".00 ",IF(INT('[3]Annex-10'!J29*10)='[3]Annex-10'!J29*10,'[3]Annex-10'!J29&"0 ",ROUND('[3]Annex-10'!J29,2)&" ")) -> #VALUE! | K28: =IF('[3]Annex-10'!K29<0,"(-)"&FIXED(ABS('[3]Annex-10'!K29),2)&" ",FIXED('[3]Annex-10'!K29,2)&" ") -> #VALUE!
A29: =IF([4]Crops!$C11="","",[4]Crops!$C11) | B29: =ROUND('[3]Annex-10'!B30,2)&" " -> #VALUE! | C29: =IF(INT('[3]Annex-10'!C30)='[3]Annex-10'!C30,'[3]Annex-10'!C30&".00 ",IF(INT('[3]Annex-10'!C30*10)='[3]Annex-10'!C30*10,'[3]Annex-10'!C30&"0 ",ROUND('[3]Annex-10'!C30,2)&" ")) -> #VALUE! | D29: =IF(INT('[3]Annex-10'!D30)='[3]Annex-10'!D30,'[3]Annex-10'!D30&".00 ",IF(INT('[3]Annex-10'!D30*10)='[3]Annex-10'!D30*10,'[3]Annex-10'!D30&"0 ",ROUND('[3]Annex-10'!D30,2)&" ")) -> #VALUE! | E29: =ROUND('[3]Annex-10'!E30,2)&" " -> #VALUE! | F29: =IF(INT('[3]Annex-10'!F30)='[3]Annex-10'!F30,'[3]Annex-10'!F30&".00 ",IF(INT('[3]Annex-10'!F30*10)='[3]Annex-10'!F30*10,'[3]Annex-10'!F30&"0 ",ROUND('[3]Annex-10'!F30,2)&" ")) -> #VALUE! | G29: =IF(INT('[3]Annex-10'!G30)='[3]Annex-10'!G30,'[3]Annex-10'!G30&".00 ",IF(INT('[3]Annex-10'!G30*10)='[3]Annex-10'!G30*10,'[3]Annex-10'!G30&"0 ",ROUND('[3]Annex-10'!G30,2)&" ")) -> #VALUE! | H29: =ROUND('[3]Annex-10'!H30,2)&" " -> #VALUE! | I29: =IF(INT('[3]Annex-10'!I30)='[3]Annex-10'!I30,'[3]Annex-10'!I30&".00 ",IF(INT('[3]Annex-10'!I30*10)='[3]Annex-10'!I30*10,'[3]Annex-10'!I30&"0 ",ROUND('[3]Annex-10'!I30,2)&" ")) -> #VALUE! | J29: =IF(INT('[3]Annex-10'!J30)='[3]Annex-10'!J30,'[3]Annex-10'!J30&".00 ",IF(INT('[3]Annex-10'!J30*10)='[3]Annex-10'!J30*10,'[3]Annex-10'!J30&"0 ",ROUND('[3]Annex-10'!J30,2)&" ")) -> #VALUE! | K29: =IF('[3]Annex-10'!K30<0,"(-)"&FIXED(ABS('[3]Annex-10'!K30),2)&" ",FIXED('[3]Annex-10'!K30,2)&" ") -> #VALUE!
A30: =IF([4]Crops!$C12="","",[4]Crops!$C12) | B30: =ROUND('[3]Annex-10'!B31,2)&" " -> #VALUE! | C30: =IF(INT('[3]Annex-10'!C31)='[3]Annex-10'!C31,'[3]Annex-10'!C31&".00 ",IF(INT('[3]Annex-10'!C31*10)='[3]Annex-10'!C31*10,'[3]Annex-10'!C31&"0 ",ROUND('[3]Annex-10'!C31,2)&" ")) -> #VALUE! | D30: =IF(INT('[3]Annex-10'!D31)='[3]Annex-10'!D31,'[3]Annex-10'!D31&".00 ",IF(INT('[3]Annex-10'!D31*10)='[3]Annex-10'!D31*10,'[3]Annex-10'!D31&"0 ",ROUND('[3]Annex-10'!D31,2)&" ")) -> #VALUE! | E30: =ROUND('[3]Annex-10'!E31,2)&" " -> #VALUE! | F30: =IF(INT('[3]Annex-10'!F31)='[3]Annex-10'!F31,'[3]Annex-10'!F31&".00 ",IF(INT('[3]Annex-10'!F31*10)='[3]Annex-10'!F31*10,'[3]Annex-10'!F31&"0 ",ROUND('[3]Annex-10'!F31,2)&" ")) -> #VALUE! | G30: =IF(INT('[3]Annex-10'!G31)='[3]Annex-10'!G31,'[3]Annex-10'!G31&".00 ",IF(INT('[3]Annex-10'!G31*10)='[3]Annex-10'!G31*10,'[3]Annex-10'!G31&"0 ",ROUND('[3]Annex-10'!G31,2)&" ")) -> #VALUE! | H30: =ROUND('[3]Annex-10'!H31,2)&" " -> #VALUE! | I30: =IF(INT('[3]Annex-10'!I31)='[3]Annex-10'!I31,'[3]Annex-10'!I31&".00 ",IF(INT('[3]Annex-10'!I31*10)='[3]Annex-10'!I31*10,'[3]Annex-10'!I31&"0 ",ROUND('[3]Annex-10'!I31,2)&" ")) -> #VALUE! | J30: =IF(INT('[3]Annex-10'!J31)='[3]Annex-10'!J31,'[3]Annex-10'!J31&".00 ",IF(INT('[3]Annex-10'!J31*10)='[3]Annex-10'!J31*10,'[3]Annex-10'!J31&"0 ",ROUND('[3]Annex-10'!J31,2)&" ")) -> #VALUE! | K30: =IF('[3]Annex-10'!K31<0,"(-)"&FIXED(ABS('[3]Annex-10'!K31),2)&" ",FIXED('[3]Annex-10'!K31,2)&" ") -> #VALUE!
A31: =IF([4]Crops!$C13="","",[4]Crops!$C13) | B31: =ROUND('[3]Annex-10'!B32,2)&" " -> #VALUE! | C31: =IF(INT('[3]Annex-10'!C32)='[3]Annex-10'!C32,'[3]Annex-10'!C32&".00 ",IF(INT('[3]Annex-10'!C32*10)='[3]Annex-10'!C32*10,'[3]Annex-10'!C32&"0 ",ROUND('[3]Annex-10'!C32,2)&" ")) -> #VALUE! | D31: =IF(INT('[3]Annex-10'!D32)='[3]Annex-10'!D32,'[3]Annex-10'!D32&".00 ",IF(INT('[3]Annex-10'!D32*10)='[3]Annex-10'!D32*10,'[3]Annex-10'!D32&"0 ",ROUND('[3]Annex-10'!D32,2)&" ")) -> #VALUE! | E31: =ROUND('[3]Annex-10'!E32,2)&" " -> #VALUE! | F31: =IF(INT('[3]Annex-10'!F32)='[3]Annex-10'!F32,'[3]Annex-10'!F32&".00 ",IF(INT('[3]Annex-10'!F32*10)='[3]Annex-10'!F32*10,'[3]Annex-10'!F32&"0 ",ROUND('[3]Annex-10'!F32,2)&" ")) -> #VALUE! | G31: =IF(INT('[3]Annex-10'!G32)='[3]Annex-10'!G32,'[3]Annex-10'!G32&".00 ",IF(INT('[3]Annex-10'!G32*10)='[3]Annex-10'!G32*10,'[3]Annex-10'!G32&"0 ",ROUND('[3]Annex-10'!G32,2)&" ")) -> #VALUE! | H31: =ROUND('[3]Annex-10'!H32,2)&" " -> #VALUE! | I31: =IF(INT('[3]Annex-10'!I32)='[3]Annex-10'!I32,'[3]Annex-10'!I32&".00 ",IF(INT('[3]Annex-10'!I32*10)='[3]Annex-10'!I32*10,'[3]Annex-10'!I32&"0 ",ROUND('[3]Annex-10'!I32,2)&" ")) -> #VALUE! | J31: =IF(INT('[3]Annex-10'!J32)='[3]Annex-10'!J32,'[3]Annex-10'!J32&".00 ",IF(INT('[3]Annex-10'!J32*10)='[3]Annex-10'!J32*10,'[3]Annex-10'!J32&"0 ",ROUND('[3]Annex-10'!J32,2)&" ")) -> #VALUE! | K31: =IF('[3]Annex-10'!K32<0,"(-)"&FIXED(ABS('[3]Annex-10'!K32),2)&" ",FIXED('[3]Annex-10'!K32,2)&" ") -> #VALUE!
A32: =IF([4]Crops!$C14="","",[4]Crops!$C14) | B32: =ROUND('[3]Annex-10'!B33,2)&" " -> #VALUE! | C32: =IF(INT('[3]Annex-10'!C33)='[3]Annex-10'!C33,'[3]Annex-10'!C33&".00 ",IF(INT('[3]Annex-10'!C33*10)='[3]Annex-10'!C33*10,'[3]Annex-10'!C33&"0 ",ROUND('[3]Annex-10'!C33,2)&" ")) -> #VALUE! | D32: =IF(INT('[3]Annex-10'!D33)='[3]Annex-10'!D33,'[3]Annex-10'!D33&".00 ",IF(INT('[3]Annex-10'!D33*10)='[3]Annex-10'!D33*10,'[3]Annex-10'!D33&"0 ",ROUND('[3]Annex-10'!D33,2)&" ")) -> #VALUE! | E32: =ROUND('[3]Annex-10'!E33,2)&" " -> #VALUE! | F32: =IF(INT('[3]Annex-10'!F33)='[3]Annex-10'!F33,'[3]Annex-10'!F33&".00 ",IF(INT('[3]Annex-10'!F33*10)='[3]Annex-10'!F33*10,'[3]Annex-10'!F33&"0 ",ROUND('[3]Annex-10'!F33,2)&" ")) -> #VALUE! | G32: =IF(INT('[3]Annex-10'!G33)='[3]Annex-10'!G33,'[3]Annex-10'!G33&".00 ",IF(INT('[3]Annex-10'!G33*10)='[3]Annex-10'!G33*10,'[3]Annex-10'!G33&"0 ",ROUND('[3]Annex-10'!G33,2)&" ")) -> #VALUE! | H32: =ROUND('[3]Annex-10'!H33,2)&" " -> #VALUE! | I32: =IF(INT('[3]Annex-10'!I33)='[3]Annex-10'!I33,'[3]Annex-10'!I33&".00 ",IF(INT('[3]Annex-10'!I33*10)='[3]Annex-10'!I33*10,'[3]Annex-10'!I33&"0 ",ROUND('[3]Annex-10'!I33,2)&" ")) -> #VALUE! | J32: =IF(INT('[3]Annex-10'!J33)='[3]Annex-10'!J33,'[3]Annex-10'!J33&".00 ",IF(INT('[3]Annex-10'!J33*10)='[3]Annex-10'!J33*10,'[3]Annex-10'!J33&"0 ",ROUND('[3]Annex-10'!J33,2)&" ")) -> #VALUE! | K32: =IF('[3]Annex-10'!K33<0,"(-)"&FIXED(ABS('[3]Annex-10'!K33),2)&" ",FIXED('[3]Annex-10'!K33,2)&" ") -> #VALUE!
A33: =IF([4]Crops!$C15="","",[4]Crops!$C15) | B33: =ROUND('[3]Annex-10'!B34,2)&" " -> #VALUE! | C33: =IF(INT('[3]Annex-10'!C34)='[3]Annex-10'!C34,'[3]Annex-10'!C34&".00 ",IF(INT('[3]Annex-10'!C34*10)='[3]Annex-10'!C34*10,'[3]Annex-10'!C34&"0 ",ROUND('[3]Annex-10'!C34,2)&" ")) -> #VALUE! | D33: =IF(INT('[3]Annex-10'!D34)='[3]Annex-10'!D34,'[3]Annex-10'!D34&".00 ",IF(INT('[3]Annex-10'!D34*10)='[3]Annex-10'!D34*10,'[3]Annex-10'!D34&"0 ",ROUND('[3]Annex-10'!D34,2)&" ")) -> #VALUE! | E33: =ROUND('[3]Annex-10'!E34,2)&" " -> #VALUE! | F33: =IF(INT('[3]Annex-10'!F34)='[3]Annex-10'!F34,'[3]Annex-10'!F34&".00 ",IF(INT('[3]Annex-10'!F34*10)='[3]Annex-10'!F34*10,'[3]Annex-10'!F34&"0 ",ROUND('[3]Annex-10'!F34,2)&" ")) -> #VALUE! | G33: =IF(INT('[3]Annex-10'!G34)='[3]Annex-10'!G34,'[3]Annex-10'!G34&".00 ",IF(INT('[3]Annex-10'!G34*10)='[3]Annex-10'!G34*10,'[3]Annex-10'!G34&"0 ",ROUND('[3]Annex-10'!G34,2)&" ")) -> #VALUE! | H33: =ROUND('[3]Annex-10'!H34,2)&" " -> #VALUE! | I33: =IF(INT('[3]Annex-10'!I34)='[3]Annex-10'!I34,'[3]Annex-10'!I34&".00 ",IF(INT('[3]Annex-10'!I34*10)='[3]Annex-10'!I34*10,'[3]Annex-10'!I34&"0 ",ROUND('[3]Annex-10'!I34,2)&" ")) -> #VALUE! | J33: =IF(INT('[3]Annex-10'!J34)='[3]Annex-10'!J34,'[3]Annex-10'!J34&".00 ",IF(INT('[3]Annex-10'!J34*10)='[3]Annex-10'!J34*10,'[3]Annex-10'!J34&"0 ",ROUND('[3]Annex-10'!J34,2)&" ")) -> #VALUE! | K33: =IF('[3]Annex-10'!K34<0,"(-)"&FIXED(ABS('[3]Annex-10'!K34),2)&" ",FIXED('[3]Annex-10'!K34,2)&" ") -> #VALUE!
A34: =IF([4]Crops!$C16="","",[4]Crops!$C16) | B34: =ROUND('[3]Annex-10'!B35,2)&" " -> #VALUE! | C34: =IF(INT('[3]Annex-10'!C35)='[3]Annex-10'!C35,'[3]Annex-10'!C35&".00 ",IF(INT('[3]Annex-10'!C35*10)='[3]Annex-10'!C35*10,'[3]Annex-10'!C35&"0 ",ROUND('[3]Annex-10'!C35,2)&" ")) -> #VALUE! | D34: =IF(INT('[3]Annex-10'!D35)='[3]Annex-10'!D35,'[3]Annex-10'!D35&".00 ",IF(INT('[3]Annex-10'!D35*10)='[3]Annex-10'!D35*10,'[3]Annex-10'!D35&"0 ",ROUND('[3]Annex-10'!D35,2)&" ")) -> #VALUE! | E34: =ROUND('[3]Annex-10'!E35,2)&" " -> #VALUE! | F34: =IF(INT('[3]Annex-10'!F35)='[3]Annex-10'!F35,'[3]Annex-10'!F35&".00 ",IF(INT('[3]Annex-10'!F35*10)='[3]Annex-10'!F35*10,'[3]Annex-10'!F35&"0 ",ROUND('[3]Annex-10'!F35,2)&" ")) -> #VALUE! | G34: =IF(INT('[3]Annex-10'!G35)='[3]Annex-10'!G35,'[3]Annex-10'!G35&".00 ",IF(INT('[3]Annex-10'!G35*10)='[3]Annex-10'!G35*10,'[3]Annex-10'!G35&"0 ",ROUND('[3]Annex-10'!G35,2)&" ")) -> #VALUE! | H34: =ROUND('[3]Annex-10'!H35,2)&" " -> #VALUE! | I34: =IF(INT('[3]Annex-10'!I35)='[3]Annex-10'!I35,'[3]Annex-10'!I35&".00 ",IF(INT('[3]Annex-10'!I35*10)='[3]Annex-10'!I35*10,'[3]Annex-10'!I35&"0 ",ROUND('[3]Annex-10'!I35,2)&" ")) -> #VALUE! | J34: =IF(INT('[3]Annex-10'!J35)='[3]Annex-10'!J35,'[3]Annex-10'!J35&".00 ",IF(INT('[3]Annex-10'!J35*10)='[3]Annex-10'!J35*10,'[3]Annex-10'!J35&"0 ",ROUND('[3]Annex-10'!J35,2)&" ")) -> #VALUE! | K34: =IF('[3]Annex-10'!K35<0,"(-)"&FIXED(ABS('[3]Annex-10'!K35),2)&" ",FIXED('[3]Annex-10'!K35,2)&" ") -> #VALUE!
A35: =IF([4]Crops!$C17="","",[4]Crops!$C17) | B35: =ROUND('[3]Annex-10'!B36,2)&" " -> #VALUE! | C35: =IF(INT('[3]Annex-10'!C36)='[3]Annex-10'!C36,'[3]Annex-10'!C36&".00 ",IF(INT('[3]Annex-10'!C36*10)='[3]Annex-10'!C36*10,'[3]Annex-10'!C36&"0 ",ROUND('[3]Annex-10'!C36,2)&" ")) -> #VALUE! | D35: =IF(INT('[3]Annex-10'!D36)='[3]Annex-10'!D36,'[3]Annex-10'!D36&".00 ",IF(INT('[3]Annex-10'!D36*10)='[3]Annex-10'!D36*10,'[3]Annex-10'!D36&"0 ",ROUND('[3]Annex-10'!D36,2)&" ")) -> #VALUE! | E35: =ROUND('[3]Annex-10'!E36,2)&" " -> #VALUE! | F35: =IF(INT('[3]Annex-10'!F36)='[3]Annex-10'!F36,'[3]Annex-10'!F36&".00 ",IF(INT('[3]Annex-10'!F36*10)='[3]Annex-10'!F36*10,'[3]Annex-10'!F36&"0 ",ROUND('[3]Annex-10'!F36,2)&" ")) -> #VALUE! | G35: =IF(INT('[3]Annex-10'!G36)='[3]Annex-10'!G36,'[3]Annex-10'!G36&".00 ",IF(INT('[3]Annex-10'!G36*10)='[3]Annex-10'!G36*10,'[3]Annex-10'!G36&"0 ",ROUND('[3]Annex-10'!G36,2)&" ")) -> #VALUE! | H35: =ROUND('[3]Annex-10'!H36,2)&" " -> #VALUE! | I35: =IF(INT('[3]Annex-10'!I36)='[3]Annex-10'!I36,'[3]Annex-10'!I36&".00 ",IF(INT('[3]Annex-10'!I36*10)='[3]Annex-10'!I36*10,'[3]Annex-10'!I36&"0 ",ROUND('[3]Annex-10'!I36,2)&" ")) -> #VALUE! | J35: =IF(INT('[3]Annex-10'!J36)='[3]Annex-10'!J36,'[3]Annex-10'!J36&".00 ",IF(INT('[3]Annex-10'!J36*10)='[3]Annex-10'!J36*10,'[3]Annex-10'!J36&"0 ",ROUND('[3]Annex-10'!J36,2)&" ")) -> #VALUE! | K35: =IF('[3]Annex-10'!K36<0,"(-)"&FIXED(ABS('[3]Annex-10'!K36),2)&" ",FIXED('[3]Annex-10'!K36,2)&" ") -> #VALUE!
A36: =IF([4]Crops!$C18="","",[4]Crops!$C18) | B36: =ROUND('[3]Annex-10'!B37,2)&" " -> #VALUE! | C36: =IF(INT('[3]Annex-10'!C37)='[3]Annex-10'!C37,'[3]Annex-10'!C37&".00 ",IF(INT('[3]Annex-10'!C37*10)='[3]Annex-10'!C37*10,'[3]Annex-10'!C37&"0 ",ROUND('[3]Annex-10'!C37,2)&" ")) -> #VALUE! | D36: =IF(INT('[3]Annex-10'!D37)='[3]Annex-10'!D37,'[3]Annex-10'!D37&".00 ",IF(INT('[3]Annex-10'!D37*10)='[3]Annex-10'!D37*10,'[3]Annex-10'!D37&"0 ",ROUND('[3]Annex-10'!D37,2)&" ")) -> #VALUE! | E36: =ROUND('[3]Annex-10'!E37,2)&" " -> #VALUE! | F36: =IF(INT('[3]Annex-10'!F37)='[3]Annex-10'!F37,'[3]Annex-10'!F37&".00 ",IF(INT('[3]Annex-10'!F37*10)='[3]Annex-10'!F37*10,'[3]Annex-10'!F37&"0 ",ROUND('[3]Annex-10'!F37,2)&" ")) -> #VALUE! | G36: =IF(INT('[3]Annex-10'!G37)='[3]Annex-10'!G37,'[3]Annex-10'!G37&".00 ",IF(INT('[3]Annex-10'!G37*10)='[3]Annex-10'!G37*10,'[3]Annex-10'!G37&"0 ",ROUND('[3]Annex-10'!G37,2)&" ")) -> #VALUE! | H36: =ROUND('[3]Annex-10'!H37,2)&" " -> #VALUE! | I36: =IF(INT('[3]Annex-10'!I37)='[3]Annex-10'!I37,'[3]Annex-10'!I37&".00 ",IF(INT('[3]Annex-10'!I37*10)='[3]Annex-10'!I37*10,'[3]Annex-10'!I37&"0 ",ROUND('[3]Annex-10'!I37,2)&" ")) -> #VALUE! | J36: =IF(INT('[3]Annex-10'!J37)='[3]Annex-10'!J37,'[3]Annex-10'!J37&".00 ",IF(INT('[3]Annex-10'!J37*10)='[3]Annex-10'!J37*10,'[3]Annex-10'!J37&"0 ",ROUND('[3]Annex-10'!J37,2)&" ")) -> #VALUE! | K36: =IF('[3]Annex-10'!K37<0,"(-)"&FIXED(ABS('[3]Annex-10'!K37),2)&" ",FIXED('[3]Annex-10'!K37,2)&" ") -> #VALUE!
... A39: =IF([4]Crops!$C21="","",[4]Crops!$C21) | B39: =ROUND('[3]Annex-10'!B40,2)&" " -> #VALUE! | C39: =IF(INT('[3]Annex-10'!C40)='[3]Annex-10'!C40,'[3]Annex-10'!C40&".00 ",IF(INT('[3]Annex-10'!C40*10)='[3]Annex-10'!C40*10,'[3]Annex-10'!C40&"0 ",ROUND('[3]Annex-10'!C40,2)&" ")) -> #VALUE! | D39: =IF(INT('[3]Annex-10'!D40)='[3]Annex-10'!D40,'[3]Annex-10'!D40&".00 ",IF(INT('[3]Annex-10'!D40*10)='[3]Annex-10'!D40*10,'[3]Annex-10'!D40&"0 ",ROUND('[3]Annex-10'!D40,2)&" ")) -> #VALUE! | E39: =ROUND('[3]Annex-10'!E40,2)&" " -> #VALUE! | F39: =IF(INT('[3]Annex-10'!F40)='[3]Annex-10'!F40,'[3]Annex-10'!F40&".00 ",IF(INT('[3]Annex-10'!F40*10)='[3]Annex-10'!F40*10,'[3]Annex-10'!F40&"0 ",ROUND('[3]Annex-10'!F40,2)&" ")) -> #VALUE! | G39: =IF(INT('[3]Annex-10'!G40)='[3]Annex-10'!G40,'[3]Annex-10'!G40&".00 ",IF(INT('[3]Annex-10'!G40*10)='[3]Annex-10'!G40*10,'[3]Annex-10'!G40&"0 ",ROUND('[3]Annex-10'!G40,2)&" ")) -> #VALUE! | H39: =ROUND('[3]Annex-10'!H40,2)&" " -> #VALUE! | I39: =IF(INT('[3]Annex-10'!I40)='[3]Annex-10'!I40,'[3]Annex-10'!I40&".00 ",IF(INT('[3]Annex-10'!I40*10)='[3]Annex-10'!I40*10,'[3]Annex-10'!I40&"0 ",ROUND('[3]Annex-10'!I40,2)&" ")) -> #VALUE! | J39: =IF(INT('[3]Annex-10'!J40)='[3]Annex-10'!J40,'[3]Annex-10'!J40&".00 ",IF(INT('[3]Annex-10'!J40*10)='[3]Annex-10'!J40*10,'[3]Annex-10'!J40&"0 ",ROUND('[3]Annex-10'!J40,2)&" ")) -> #VALUE! | K39: =IF('[3]Annex-10'!K40<0,"(-)"&FIXED(ABS('[3]Annex-10'!K40),2)&" ",FIXED('[3]Annex-10'!K40,2)&" ") -> #VALUE!
A40: # NOT COMPARABLE AS THE IMPACT IS 100% OR MORE
A41: A-14
A42: =common!$H$2 -> UT : PUDUCHERRY | B42: =common!$H$2 -> UT : PUDUCHERRY | C42: =common!$H$2 -> UT : PUDUCHERRY | D42: =common!$H$2 -> UT : PUDUCHERRY | E42: =common!$H$2 -> UT : PUDUCHERRY | F42: =common!$H$2 -> UT : PUDUCHERRY | G42: =common!$H$2 -> UT : PUDUCHERRY | H42: =common!$H$2 -> UT : PUDUCHERRY | I42: =common!$H$2 -> UT : PUDUCHERRY | J42: ='[3]Annex-10'!J$3 -> ANNEX-X
A43: ='[3]Annex-10'!A$4 -> IMPACT OF DISCREPANCIES IN RECORDING AREA UNDER CROPS(IRRIGATED) DURING 0 AND 0.
A44: SEASON / CROP | B44: AREA IN HECTARES AS OBSERVED IN SAMPLE CLUSTERS
B45: CENTRAL SAMPLE | E45: STATE SAMPLE | H45: POOLED SAMPLE | K45: IMPACT OF DISCRIPANCIES (b-a/a)*100 (POOLED SAMPLE ONLY)
B46: NO. OF VILLAGES REPORTING CROP | C46: AS PER SUPERVISOR | D46: AS PER PATWARI | E46: NO. OF VILLAGES REPORTING CROP | F46: AS PER SUPERVISOR | G46: AS PER PATWARI | H46: NO. OF VILLAGES REPORTING CROP | I46: AS PER SUPERVISOR (a) | J46: AS PER PATWARI (b)
A47: ='[3]Annex-10'!A$8 -> (1) | B47: ='[3]Annex-10'!B$8 -> (2) | C47: ='[3]Annex-10'!C$8 -> (3) | D47: ='[3]Annex-10'!D$8 -> (4) | E47: ='[3]Annex-10'!E$8 -> (5) | F47: ='[3]Annex-10'!F$8 -> (6) | G47: ='[3]Annex-10'!G$8 -> (7) | H47: ='[3]Annex-10'!H$8 -> (8) | ... J47: ='[3]Annex-10'!J$8 -> (10) | K47: ='[3]Annex-10'!L$8 -> (11)
A48: =common!$H$5 -> RABI I 2023-24
A49: =A9 -> PADDY | B49: =ROUND('[3]Annex-10'!B42,2)&" " -> 7 | C49: =IF(INT('[3]Annex-10'!C42)='[3]Annex-10'!C42,'[3]Annex-10'!C42&".00 ",IF(INT('[3]Annex-10'!C42*10)='[3]Annex-10'!C42*10,'[3]Annex-10'!C42&"0 ",ROUND('[3]Annex-10'!C42,2)&" ")) -> 26.43 | D49: =IF(INT('[3]Annex-10'!D42)='[3]Annex-10'!D42,'[3]Annex-10'!D42&".00 ",IF(INT('[3]Annex-10'!D42*10)='[3]Annex-10'!D42*10,'[3]Annex-10'!D42&"0 ",ROUND('[3]Annex-10'!D42,2)&" ")) -> 26.51 | E49: =ROUND('[3]Annex-10'!E42,2)&" " -> 7 | F49: =IF(INT('[3]Annex-10'!F42)='[3]Annex-10'!F42,'[3]Annex-10'!F42&".00 ",IF(INT('[3]Annex-10'!F42*10)='[3]Annex-10'!F42*10,'[3]Annex-10'!F42&"0 ",ROUND('[3]Annex-10'!F42,2)&" ")) -> 7.65 | G49: =IF(INT('[3]Annex-10'!G42)='[3]Annex-10'!G42,'[3]Annex-10'!G42&".00 ",IF(INT('[3]Annex-10'!G42*10)='[3]Annex-10'!G42*10,'[3]Annex-10'!G42&"0 ",ROUND('[3]Annex-10'!G42,2)&" ")) -> 7.54 | H49: =ROUND('[3]Annex-10'!H42,2)&" " -> 14 | I49: =IF(INT('[3]Annex-10'!I42)='[3]Annex-10'!I42,'[3]Annex-10'!I42&".00 ",IF(INT('[3]Annex-10'!I42*10)='[3]Annex-10'!I42*10,'[3]Annex-10'!I42&"0 ",ROUND('[3]Annex-10'!I42,2)&" ")) -> 34.08 | J49: =IF(INT('[3]Annex-10'!J42)='[3]Annex-10'!J42,'[3]Annex-10'!J42&".00 ",IF(INT('[3]Annex-10'!J42*10)='[3]Annex-10'!J42*10,'[3]Annex-10'!J42&"0 ",ROUND('[3]Annex-10'!J42,2)&" ")) -> 34.05 | K49: =IF('[3]Annex-10'!K42<0,"(-)"&FIXED(ABS('[3]Annex-10'!K42),2)&" ",FIXED('[3]Annex-10'!K42,2)&" ") -> (-)0.07
A50: =A10 -> OTHERS | B50: =ROUND('[3]Annex-10'!B43,2)&" " -> 3 | C50: =IF(INT('[3]Annex-10'!C43)='[3]Annex-10'!C43,'[3]Annex-10'!C43&".00 ",IF(INT('[3]Annex-10'!C43*10)='[3]Annex-10'!C43*10,'[3]Annex-10'!C43&"0 ",ROUND('[3]Annex-10'!C43,2)&" ")) -> 3.3 | D50: =IF(INT('[3]Annex-10'!D43)='[3]Annex-10'!D43,'[3]Annex-10'!D43&".00 ",IF(INT('[3]Annex-10'!D43*10)='[3]Annex-10'!D43*10,'[3]Annex-10'!D43&"0 ",ROUND('[3]Annex-10'!D43,2)&" ")) -> 3.03 | E50: =ROUND('[3]Annex-10'!E43,2)&" " -> 3 | F50: =IF(INT('[3]Annex-10'!F43)='[3]Annex-10'!F43,'[3]Annex-10'!F43&".00 ",IF(INT('[3]Annex-10'!F43*10)='[3]Annex-10'!F43*10,'[3]Annex-10'!F43&"0 ",ROUND('[3]Annex-10'!F43,2)&" ")) -> 2.63 | G50: =IF(INT('[3]Annex-10'!G43)='[3]Annex-10'!G43,'[3]Annex-10'!G43&".00 ",IF(INT('[3]Annex-10'!G43*10)='[3]Annex-10'!G43*10,'[3]Annex-10'!G43&"0 ",ROUND('[3]Annex-10'!G43,2)&" ")) -> 2.63 | H50: =ROUND('[3]Annex-10'!H43,2)&" " -> 6 | I50: =IF(INT('[3]Annex-10'!I43)='[3]Annex-10'!I43,'[3]Annex-10'!I43&".00 ",IF(INT('[3]Annex-10'!I43*10)='[3]Annex-10'!I43*10,'[3]Annex-10'!I43&"0 ",ROUND('[3]Annex-10'!I43,2)&" ")) -> 5.93 | J50: =IF(INT('[3]Annex-10'!J43)='[3]Annex-10'!J43,'[3]Annex-10'!J43&".00 ",IF(INT('[3]Annex-10'!J43*10)='[3]Annex-10'!J43*10,'[3]Annex-10'!J43&"0 ",ROUND('[3]Annex-10'!J43,2)&" ")) -> 5.66 | K50: =IF('[3]Annex-10'!K43<0,"(-)"&FIXED(ABS('[3]Annex-10'!K43),2)&" ",FIXED('[3]Annex-10'!K43,2)&" ") -> (-)4.55
A51: =A11 | B51: =ROUND('[3]Annex-10'!B44,2)&" " -> #VALUE! | C51: =IF(INT('[3]Annex-10'!C44)='[3]Annex-10'!C44,'[3]Annex-10'!C44&".00 ",IF(INT('[3]Annex-10'!C44*10)='[3]Annex-10'!C44*10,'[3]Annex-10'!C44&"0 ",ROUND('[3]Annex-10'!C44,2)&" ")) -> #VALUE! | D51: =IF(INT('[3]Annex-10'!D44)='[3]Annex-10'!D44,'[3]Annex-10'!D44&".00 ",IF(INT('[3]Annex-10'!D44*10)='[3]Annex-10'!D44*10,'[3]Annex-10'!D44&"0 ",ROUND('[3]Annex-10'!D44,2)&" ")) -> #VALUE! | E51: =ROUND('[3]Annex-10'!E44,2)&" " -> #VALUE! | F51: =IF(INT('[3]Annex-10'!F44)='[3]Annex-10'!F44,'[3]Annex-10'!F44&".00 ",IF(INT('[3]Annex-10'!F44*10)='[3]Annex-10'!F44*10,'[3]Annex-10'!F44&"0 ",ROUND('[3]Annex-10'!F44,2)&" ")) -> #VALUE! | G51: =IF(INT('[3]Annex-10'!G44)='[3]Annex-10'!G44,'[3]Annex-10'!G44&".00 ",IF(INT('[3]Annex-10'!G44*10)='[3]Annex-10'!G44*10,'[3]Annex-10'!G44&"0 ",ROUND('[3]Annex-10'!G44,2)&" ")) -> #VALUE! | H51: =ROUND('[3]Annex-10'!H44,2)&" " -> #VALUE! | I51: =IF(INT('[3]Annex-10'!I44)='[3]Annex-10'!I44,'[3]Annex-10'!I44&".00 ",IF(INT('[3]Annex-10'!I44*10)='[3]Annex-10'!I44*10,'[3]Annex-10'!I44&"0 ",ROUND('[3]Annex-10'!I44,2)&" ")) -> #VALUE! | J51: =IF(INT('[3]Annex-10'!J44)='[3]Annex-10'!J44,'[3]Annex-10'!J44&".00 ",IF(INT('[3]Annex-10'!J44*10)='[3]Annex-10'!J44*10,'[3]Annex-10'!J44&"0 ",ROUND('[3]Annex-10'!J44,2)&" ")) -> #VALUE! | K51: =IF('[3]Annex-10'!K44<0,"(-)"&FIXED(ABS('[3]Annex-10'!K44),2)&" ",FIXED('[3]Annex-10'!K44,2)&" ") -> #VALUE!
A52: =A12 | B52: =ROUND('[3]Annex-10'!B45,2)&" " -> #VALUE! | C52: =IF(INT('[3]Annex-10'!C45)='[3]Annex-10'!C45,'[3]Annex-10'!C45&".00 ",IF(INT('[3]Annex-10'!C45*10)='[3]Annex-10'!C45*10,'[3]Annex-10'!C45&"0 ",ROUND('[3]Annex-10'!C45,2)&" ")) -> #VALUE! | D52: =IF(INT('[3]Annex-10'!D45)='[3]Annex-10'!D45,'[3]Annex-10'!D45&".00 ",IF(INT('[3]Annex-10'!D45*10)='[3]Annex-10'!D45*10,'[3]Annex-10'!D45&"0 ",ROUND('[3]Annex-10'!D45,2)&" ")) -> #VALUE! | E52: =ROUND('[3]Annex-10'!E45,2)&" " -> #VALUE! | F52: =IF(INT('[3]Annex-10'!F45)='[3]Annex-10'!F45,'[3]Annex-10'!F45&".00 ",IF(INT('[3]Annex-10'!F45*10)='[3]Annex-10'!F45*10,'[3]Annex-10'!F45&"0 ",ROUND('[3]Annex-10'!F45,2)&" ")) -> #VALUE! | G52: =IF(INT('[3]Annex-10'!G45)='[3]Annex-10'!G45,'[3]Annex-10'!G45&".00 ",IF(INT('[3]Annex-10'!G45*10)='[3]Annex-10'!G45*10,'[3]Annex-10'!G45&"0 ",ROUND('[3]Annex-10'!G45,2)&" ")) -> #VALUE! | H52: =ROUND('[3]Annex-10'!H45,2)&" " -> #VALUE! | I52: =IF(INT('[3]Annex-10'!I45)='[3]Annex-10'!I45,'[3]Annex-10'!I45&".00 ",IF(INT('[3]Annex-10'!I45*10)='[3]Annex-10'!I45*10,'[3]Annex-10'!I45&"0 ",ROUND('[3]Annex-10'!I45,2)&" ")) -> #VALUE! | J52: =IF(INT('[3]Annex-10'!J45)='[3]Annex-10'!J45,'[3]Annex-10'!J45&".00 ",IF(INT('[3]Annex-10'!J45*10)='[3]Annex-10'!J45*10,'[3]Annex-10'!J45&"0 ",ROUND('[3]Annex-10'!J45,2)&" ")) -> #VALUE! | K52: =IF('[3]Annex-10'!K45<0,"(-)"&FIXED(ABS('[3]Annex-10'!K45),2)&" ",FIXED('[3]Annex-10'!K45,2)&" ") -> #VALUE!
A53: =A13 | B53: =ROUND('[3]Annex-10'!B46,2)&" " -> #VALUE! | C53: =IF(INT('[3]Annex-10'!C46)='[3]Annex-10'!C46,'[3]Annex-10'!C46&".00 ",IF(INT('[3]Annex-10'!C46*10)='[3]Annex-10'!C46*10,'[3]Annex-10'!C46&"0 ",ROUND('[3]Annex-10'!C46,2)&" ")) -> #VALUE! | D53: =IF(INT('[3]Annex-10'!D46)='[3]Annex-10'!D46,'[3]Annex-10'!D46&".00 ",IF(INT('[3]Annex-10'!D46*10)='[3]Annex-10'!D46*10,'[3]Annex-10'!D46&"0 ",ROUND('[3]Annex-10'!D46,2)&" ")) -> #VALUE! | E53: =ROUND('[3]Annex-10'!E46,2)&" " -> #VALUE! | F53: =IF(INT('[3]Annex-10'!F46)='[3]Annex-10'!F46,'[3]Annex-10'!F46&".00 ",IF(INT('[3]Annex-10'!F46*10)='[3]Annex-10'!F46*10,'[3]Annex-10'!F46&"0 ",ROUND('[3]Annex-10'!F46,2)&" ")) -> #VALUE! | G53: =IF(INT('[3]Annex-10'!G46)='[3]Annex-10'!G46,'[3]Annex-10'!G46&".00 ",IF(INT('[3]Annex-10'!G46*10)='[3]Annex-10'!G46*10,'[3]Annex-10'!G46&"0 ",ROUND('[3]Annex-10'!G46,2)&" ")) -> #VALUE! | H53: =ROUND('[3]Annex-10'!H46,2)&" " -> #VALUE! | I53: =IF(INT('[3]Annex-10'!I46)='[3]Annex-10'!I46,'[3]Annex-10'!I46&".00 ",IF(INT('[3]Annex-10'!I46*10)='[3]Annex-10'!I46*10,'[3]Annex-10'!I46&"0 ",ROUND('[3]Annex-10'!I46,2)&" ")) -> #VALUE! | J53: =IF(INT('[3]Annex-10'!J46)='[3]Annex-10'!J46,'[3]Annex-10'!J46&".00 ",IF(INT('[3]Annex-10'!J46*10)='[3]Annex-10'!J46*10,'[3]Annex-10'!J46&"0 ",ROUND('[3]Annex-10'!J46,2)&" ")) -> #VALUE! | K53: =IF('[3]Annex-10'!K46<0,"(-)"&FIXED(ABS('[3]Annex-10'!K46),2)&" ",FIXED('[3]Annex-10'!K46,2)&" ") -> #VALUE!
A54: =A14 | B54: =ROUND('[3]Annex-10'!B47,2)&" " -> #VALUE! | C54: =IF(INT('[3]Annex-10'!C47)='[3]Annex-10'!C47,'[3]Annex-10'!C47&".00 ",IF(INT('[3]Annex-10'!C47*10)='[3]Annex-10'!C47*10,'[3]Annex-10'!C47&"0 ",ROUND('[3]Annex-10'!C47,2)&" ")) -> #VALUE! | D54: =IF(INT('[3]Annex-10'!D47)='[3]Annex-10'!D47,'[3]Annex-10'!D47&".00 ",IF(INT('[3]Annex-10'!D47*10)='[3]Annex-10'!D47*10,'[3]Annex-10'!D47&"0 ",ROUND('[3]Annex-10'!D47,2)&" ")) -> #VALUE! | E54: =ROUND('[3]Annex-10'!E47,2)&" " -> #VALUE! | F54: =IF(INT('[3]Annex-10'!F47)='[3]Annex-10'!F47,'[3]Annex-10'!F47&".00 ",IF(INT('[3]Annex-10'!F47*10)='[3]Annex-10'!F47*10,'[3]Annex-10'!F47&"0 ",ROUND('[3]Annex-10'!F47,2)&" ")) -> #VALUE! | G54: =IF(INT('[3]Annex-10'!G47)='[3]Annex-10'!G47,'[3]Annex-10'!G47&".00 ",IF(INT('[3]Annex-10'!G47*10)='[3]Annex-10'!G47*10,'[3]Annex-10'!G47&"0 ",ROUND('[3]Annex-10'!G47,2)&" ")) -> #VALUE! | H54: =ROUND('[3]Annex-10'!H47,2)&" " -> #VALUE! | I54: =IF(INT('[3]Annex-10'!I47)='[3]Annex-10'!I47,'[3]Annex-10'!I47&".00 ",IF(INT('[3]Annex-10'!I47*10)='[3]Annex-10'!I47*10,'[3]Annex-10'!I47&"0 ",ROUND('[3]Annex-10'!I47,2)&" ")) -> #VALUE! | J54: =IF(INT('[3]Annex-10'!J47)='[3]Annex-10'!J47,'[3]Annex-10'!J47&".00 ",IF(INT('[3]Annex-10'!J47*10)='[3]Annex-10'!J47*10,'[3]Annex-10'!J47&"0 ",ROUND('[3]Annex-10'!J47,2)&" ")) -> #VALUE! | K54: =IF('[3]Annex-10'!K47<0,"(-)"&FIXED(ABS('[3]Annex-10'!K47),2)&" ",FIXED('[3]Annex-10'!K47,2)&" ") -> #VALUE!
A55: =A15 | B55: =ROUND('[3]Annex-10'!B48,2)&" " -> #VALUE! | C55: =IF(INT('[3]Annex-10'!C48)='[3]Annex-10'!C48,'[3]Annex-10'!C48&".00 ",IF(INT('[3]Annex-10'!C48*10)='[3]Annex-10'!C48*10,'[3]Annex-10'!C48&"0 ",ROUND('[3]Annex-10'!C48,2)&" ")) -> #VALUE! | D55: =IF(INT('[3]Annex-10'!D48)='[3]Annex-10'!D48,'[3]Annex-10'!D48&".00 ",IF(INT('[3]Annex-10'!D48*10)='[3]Annex-10'!D48*10,'[3]Annex-10'!D48&"0 ",ROUND('[3]Annex-10'!D48,2)&" ")) -> #VALUE! | E55: =ROUND('[3]Annex-10'!E48,2)&" " -> #VALUE! | F55: =IF(INT('[3]Annex-10'!F48)='[3]Annex-10'!F48,'[3]Annex-10'!F48&".00 ",IF(INT('[3]Annex-10'!F48*10)='[3]Annex-10'!F48*10,'[3]Annex-10'!F48&"0 ",ROUND('[3]Annex-10'!F48,2)&" ")) -> #VALUE! | G55: =IF(INT('[3]Annex-10'!G48)='[3]Annex-10'!G48,'[3]Annex-10'!G48&".00 ",IF(INT('[3]Annex-10'!G48*10)='[3]Annex-10'!G48*10,'[3]Annex-10'!G48&"0 ",ROUND('[3]Annex-10'!G48,2)&" ")) -> #VALUE! | H55: =ROUND('[3]Annex-10'!H48,2)&" " -> #VALUE! | I55: =IF(INT('[3]Annex-10'!I48)='[3]Annex-10'!I48,'[3]Annex-10'!I48&".00 ",IF(INT('[3]Annex-10'!I48*10)='[3]Annex-10'!I48*10,'[3]Annex-10'!I48&"0 ",ROUND('[3]Annex-10'!I48,2)&" ")) -> #VALUE! | J55: =IF(INT('[3]Annex-10'!J48)='[3]Annex-10'!J48,'[3]Annex-10'!J48&".00 ",IF(INT('[3]Annex-10'!J48*10)='[3]Annex-10'!J48*10,'[3]Annex-10'!J48&"0 ",ROUND('[3]Annex-10'!J48,2)&" ")) -> #VALUE! | K55: =IF('[3]Annex-10'!K48<0,"(-)"&FIXED(ABS('[3]Annex-10'!K48),2)&" ",FIXED('[3]Annex-10'!K48,2)&" ") -> #VALUE!
A56: =A16 | B56: =ROUND('[3]Annex-10'!B49,2)&" " -> #VALUE! | C56: =IF(INT('[3]Annex-10'!C49)='[3]Annex-10'!C49,'[3]Annex-10'!C49&".00 ",IF(INT('[3]Annex-10'!C49*10)='[3]Annex-10'!C49*10,'[3]Annex-10'!C49&"0 ",ROUND('[3]Annex-10'!C49,2)&" ")) -> #VALUE! | D56: =IF(INT('[3]Annex-10'!D49)='[3]Annex-10'!D49,'[3]Annex-10'!D49&".00 ",IF(INT('[3]Annex-10'!D49*10)='[3]Annex-10'!D49*10,'[3]Annex-10'!D49&"0 ",ROUND('[3]Annex-10'!D49,2)&" ")) -> #VALUE! | E56: =ROUND('[3]Annex-10'!E49,2)&" " -> #VALUE! | F56: =IF(INT('[3]Annex-10'!F49)='[3]Annex-10'!F49,'[3]Annex-10'!F49&".00 ",IF(INT('[3]Annex-10'!F49*10)='[3]Annex-10'!F49*10,'[3]Annex-10'!F49&"0 ",ROUND('[3]Annex-10'!F49,2)&" ")) -> #VALUE! | G56: =IF(INT('[3]Annex-10'!G49)='[3]Annex-10'!G49,'[3]Annex-10'!G49&".00 ",IF(INT('[3]Annex-10'!G49*10)='[3]Annex-10'!G49*10,'[3]Annex-10'!G49&"0 ",ROUND('[3]Annex-10'!G49,2)&" ")) -> #VALUE! | H56: =ROUND('[3]Annex-10'!H49,2)&" " -> #VALUE! | I56: =IF(INT('[3]Annex-10'!I49)='[3]Annex-10'!I49,'[3]Annex-10'!I49&".00 ",IF(INT('[3]Annex-10'!I49*10)='[3]Annex-10'!I49*10,'[3]Annex-10'!I49&"0 ",ROUND('[3]Annex-10'!I49,2)&" ")) -> #VALUE! | J56: =IF(INT('[3]Annex-10'!J49)='[3]Annex-10'!J49,'[3]Annex-10'!J49&".00 ",IF(INT('[3]Annex-10'!J49*10)='[3]Annex-10'!J49*10,'[3]Annex-10'!J49&"0 ",ROUND('[3]Annex-10'!J49,2)&" ")) -> #VALUE! | K56: =IF('[3]Annex-10'!K49<0,"(-)"&FIXED(ABS('[3]Annex-10'!K49),2)&" ",FIXED('[3]Annex-10'!K49,2)&" ") -> #VALUE!
A57: =A17 | B57: =ROUND('[3]Annex-10'!B50,2)&" " -> #VALUE! | C57: =IF(INT('[3]Annex-10'!C50)='[3]Annex-10'!C50,'[3]Annex-10'!C50&".00 ",IF(INT('[3]Annex-10'!C50*10)='[3]Annex-10'!C50*10,'[3]Annex-10'!C50&"0 ",ROUND('[3]Annex-10'!C50,2)&" ")) -> #VALUE! | D57: =IF(INT('[3]Annex-10'!D50)='[3]Annex-10'!D50,'[3]Annex-10'!D50&".00 ",IF(INT('[3]Annex-10'!D50*10)='[3]Annex-10'!D50*10,'[3]Annex-10'!D50&"0 ",ROUND('[3]Annex-10'!D50,2)&" ")) -> #VALUE! | E57: =ROUND('[3]Annex-10'!E50,2)&" " -> #VALUE! | F57: =IF(INT('[3]Annex-10'!F50)='[3]Annex-10'!F50,'[3]Annex-10'!F50&".00 ",IF(INT('[3]Annex-10'!F50*10)='[3]Annex-10'!F50*10,'[3]Annex-10'!F50&"0 ",ROUND('[3]Annex-10'!F50,2)&" ")) -> #VALUE! | G57: =IF(INT('[3]Annex-10'!G50)='[3]Annex-10'!G50,'[3]Annex-10'!G50&".00 ",IF(INT('[3]Annex-10'!G50*10)='[3]Annex-10'!G50*10,'[3]Annex-10'!G50&"0 ",ROUND('[3]Annex-10'!G50,2)&" ")) -> #VALUE! | H57: =ROUND('[3]Annex-10'!H50,2)&" " -> #VALUE! | I57: =IF(INT('[3]Annex-10'!I50)='[3]Annex-10'!I50,'[3]Annex-10'!I50&".00 ",IF(INT('[3]Annex-10'!I50*10)='[3]Annex-10'!I50*10,'[3]Annex-10'!I50&"0 ",ROUND('[3]Annex-10'!I50,2)&" ")) -> #VALUE! | J57: =IF(INT('[3]Annex-10'!J50)='[3]Annex-10'!J50,'[3]Annex-10'!J50&".00 ",IF(INT('[3]Annex-10'!J50*10)='[3]Annex-10'!J50*10,'[3]Annex-10'!J50&"0 ",ROUND('[3]Annex-10'!J50,2)&" ")) -> #VALUE! | K57: =IF('[3]Annex-10'!K50<0,"(-)"&FIXED(ABS('[3]Annex-10'!K50),2)&" ",FIXED('[3]Annex-10'!K50,2)&" ") -> #VALUE!
A58: =A18 | B58: =ROUND('[3]Annex-10'!B51,2)&" " -> #VALUE! | C58: =IF(INT('[3]Annex-10'!C51)='[3]Annex-10'!C51,'[3]Annex-10'!C51&".00 ",IF(INT('[3]Annex-10'!C51*10)='[3]Annex-10'!C51*10,'[3]Annex-10'!C51&"0 ",ROUND('[3]Annex-10'!C51,2)&" ")) -> #VALUE! | D58: =IF(INT('[3]Annex-10'!D51)='[3]Annex-10'!D51,'[3]Annex-10'!D51&".00 ",IF(INT('[3]Annex-10'!D51*10)='[3]Annex-10'!D51*10,'[3]Annex-10'!D51&"0 ",ROUND('[3]Annex-10'!D51,2)&" ")) -> #VALUE! | E58: =ROUND('[3]Annex-10'!E51,2)&" " -> #VALUE! | F58: =IF(INT('[3]Annex-10'!F51)='[3]Annex-10'!F51,'[3]Annex-10'!F51&".00 ",IF(INT('[3]Annex-10'!F51*10)='[3]Annex-10'!F51*10,'[3]Annex-10'!F51&"0 ",ROUND('[3]Annex-10'!F51,2)&" ")) -> #VALUE! | G58: =IF(INT('[3]Annex-10'!G51)='[3]Annex-10'!G51,'[3]Annex-10'!G51&".00 ",IF(INT('[3]Annex-10'!G51*10)='[3]Annex-10'!G51*10,'[3]Annex-10'!G51&"0 ",ROUND('[3]Annex-10'!G51,2)&" ")) -> #VALUE! | H58: =ROUND('[3]Annex-10'!H51,2)&" " -> #VALUE! | I58: =IF(INT('[3]Annex-10'!I51)='[3]Annex-10'!I51,'[3]Annex-10'!I51&".00 ",IF(INT('[3]Annex-10'!I51*10)='[3]Annex-10'!I51*10,'[3]Annex-10'!I51&"0 ",ROUND('[3]Annex-10'!I51,2)&" ")) -> #VALUE! | J58: =IF(INT('[3]Annex-10'!J51)='[3]Annex-10'!J51,'[3]Annex-10'!J51&".00 ",IF(INT('[3]Annex-10'!J51*10)='[3]Annex-10'!J51*10,'[3]Annex-10'!J51&"0 ",ROUND('[3]Annex-10'!J51,2)&" ")) -> #VALUE! | K58: =IF('[3]Annex-10'!K51<0,"(-)"&FIXED(ABS('[3]Annex-10'!K51),2)&" ",FIXED('[3]Annex-10'!K51,2)&" ") -> #VALUE!
A59: =A19 | B59: =ROUND('[3]Annex-10'!B52,2)&" " -> #VALUE! | C59: =IF(INT('[3]Annex-10'!C52)='[3]Annex-10'!C52,'[3]Annex-10'!C52&".00 ",IF(INT('[3]Annex-10'!C52*10)='[3]Annex-10'!C52*10,'[3]Annex-10'!C52&"0 ",ROUND('[3]Annex-10'!C52,2)&" ")) -> #VALUE! | D59: =IF(INT('[3]Annex-10'!D52)='[3]Annex-10'!D52,'[3]Annex-10'!D52&".00 ",IF(INT('[3]Annex-10'!D52*10)='[3]Annex-10'!D52*10,'[3]Annex-10'!D52&"0 ",ROUND('[3]Annex-10'!D52,2)&" ")) -> #VALUE! | E59: =ROUND('[3]Annex-10'!E52,2)&" " -> #VALUE! | F59: =IF(INT('[3]Annex-10'!F52)='[3]Annex-10'!F52,'[3]Annex-10'!F52&".00 ",IF(INT('[3]Annex-10'!F52*10)='[3]Annex-10'!F52*10,'[3]Annex-10'!F52&"0 ",ROUND('[3]Annex-10'!F52,2)&" ")) -> #VALUE! | G59: =IF(INT('[3]Annex-10'!G52)='[3]Annex-10'!G52,'[3]Annex-10'!G52&".00 ",IF(INT('[3]Annex-10'!G52*10)='[3]Annex-10'!G52*10,'[3]Annex-10'!G52&"0 ",ROUND('[3]Annex-10'!G52,2)&" ")) -> #VALUE! | H59: =ROUND('[3]Annex-10'!H52,2)&" " -> #VALUE! | I59: =IF(INT('[3]Annex-10'!I52)='[3]Annex-10'!I52,'[3]Annex-10'!I52&".00 ",IF(INT('[3]Annex-10'!I52*10)='[3]Annex-10'!I52*10,'[3]Annex-10'!I52&"0 ",ROUND('[3]Annex-10'!I52,2)&" ")) -> #VALUE! | J59: =IF(INT('[3]Annex-10'!J52)='[3]Annex-10'!J52,'[3]Annex-10'!J52&".00 ",IF(INT('[3]Annex-10'!J52*10)='[3]Annex-10'!J52*10,'[3]Annex-10'!J52&"0 ",ROUND('[3]Annex-10'!J52,2)&" ")) -> #VALUE! | K59: =IF('[3]Annex-10'!K52<0,"(-)"&FIXED(ABS('[3]Annex-10'!K52),2)&" ",FIXED('[3]Annex-10'!K52,2)&" ") -> #VALUE!
A60: =A20 | B60: =ROUND('[3]Annex-10'!B53,2)&" " -> #VALUE! | C60: =IF(INT('[3]Annex-10'!C53)='[3]Annex-10'!C53,'[3]Annex-10'!C53&".00 ",IF(INT('[3]Annex-10'!C53*10)='[3]Annex-10'!C53*10,'[3]Annex-10'!C53&"0 ",ROUND('[3]Annex-10'!C53,2)&" ")) -> #VALUE! | D60: =IF(INT('[3]Annex-10'!D53)='[3]Annex-10'!D53,'[3]Annex-10'!D53&".00 ",IF(INT('[3]Annex-10'!D53*10)='[3]Annex-10'!D53*10,'[3]Annex-10'!D53&"0 ",ROUND('[3]Annex-10'!D53,2)&" ")) -> #VALUE! | E60: =ROUND('[3]Annex-10'!E53,2)&" " -> #VALUE! | F60: =IF(INT('[3]Annex-10'!F53)='[3]Annex-10'!F53,'[3]Annex-10'!F53&".00 ",IF(INT('[3]Annex-10'!F53*10)='[3]Annex-10'!F53*10,'[3]Annex-10'!F53&"0 ",ROUND('[3]Annex-10'!F53,2)&" ")) -> #VALUE! | G60: =IF(INT('[3]Annex-10'!G53)='[3]Annex-10'!G53,'[3]Annex-10'!G53&".00 ",IF(INT('[3]Annex-10'!G53*10)='[3]Annex-10'!G53*10,'[3]Annex-10'!G53&"0 ",ROUND('[3]Annex-10'!G53,2)&" ")) -> #VALUE! | H60: =ROUND('[3]Annex-10'!H53,2)&" " -> #VALUE! | I60: =IF(INT('[3]Annex-10'!I53)='[3]Annex-10'!I53,'[3]Annex-10'!I53&".00 ",IF(INT('[3]Annex-10'!I53*10)='[3]Annex-10'!I53*10,'[3]Annex-10'!I53&"0 ",ROUND('[3]Annex-10'!I53,2)&" ")) -> #VALUE! | J60: =IF(INT('[3]Annex-10'!J53)='[3]Annex-10'!J53,'[3]Annex-10'!J53&".00 ",IF(INT('[3]Annex-10'!J53*10)='[3]Annex-10'!J53*10,'[3]Annex-10'!J53&"0 ",ROUND('[3]Annex-10'!J53,2)&" ")) -> #VALUE! | K60: =IF('[3]Annex-10'!K53<0,"(-)"&FIXED(ABS('[3]Annex-10'!K53),2)&" ",FIXED('[3]Annex-10'!K53,2)&" ") -> #VALUE!
... A63: =A23 | B63: =ROUND('[3]Annex-10'!B56,2)&" " -> #VALUE! | C63: =IF(INT('[3]Annex-10'!C56)='[3]Annex-10'!C56,'[3]Annex-10'!C56&".00 ",IF(INT('[3]Annex-10'!C56*10)='[3]Annex-10'!C56*10,'[3]Annex-10'!C56&"0 ",ROUND('[3]Annex-10'!C56,2)&" ")) -> #VALUE! | D63: =IF(INT('[3]Annex-10'!D56)='[3]Annex-10'!D56,'[3]Annex-10'!D56&".00 ",IF(INT('[3]Annex-10'!D56*10)='[3]Annex-10'!D56*10,'[3]Annex-10'!D56&"0 ",ROUND('[3]Annex-10'!D56,2)&" ")) -> #VALUE! | E63: =ROUND('[3]Annex-10'!E56,2)&" " -> #VALUE! | F63: =IF(INT('[3]Annex-10'!F56)='[3]Annex-10'!F56,'[3]Annex-10'!F56&".00 ",IF(INT('[3]Annex-10'!F56*10)='[3]Annex-10'!F56*10,'[3]Annex-10'!F56&"0 ",ROUND('[3]Annex-10'!F56,2)&" ")) -> #VALUE! | G63: =IF(INT('[3]Annex-10'!G56)='[3]Annex-10'!G56,'[3]Annex-10'!G56&".00 ",IF(INT('[3]Annex-10'!G56*10)='[3]Annex-10'!G56*10,'[3]Annex-10'!G56&"0 ",ROUND('[3]Annex-10'!G56,2)&" ")) -> #VALUE! | H63: =ROUND('[3]Annex-10'!H56,2)&" " -> #VALUE! | I63: =IF(INT('[3]Annex-10'!I56)='[3]Annex-10'!I56,'[3]Annex-10'!I56&".00 ",IF(INT('[3]Annex-10'!I56*10)='[3]Annex-10'!I56*10,'[3]Annex-10'!I56&"0 ",ROUND('[3]Annex-10'!I56,2)&" ")) -> #VALUE! | J63: =IF(INT('[3]Annex-10'!J56)='[3]Annex-10'!J56,'[3]Annex-10'!J56&".00 ",IF(INT('[3]Annex-10'!J56*10)='[3]Annex-10'!J56*10,'[3]Annex-10'!J56&"0 ",ROUND('[3]Annex-10'!J56,2)&" ")) -> #VALUE! | K63: =IF('[3]Annex-10'!K56<0,"(-)"&FIXED(ABS('[3]Annex-10'!K56),2)&" ",FIXED('[3]Annex-10'!K56,2)&" ") -> #VALUE!
A64: =common!$I$5 -> RABI II 2023-24
A65: =A25 -> PADDY | B65: =ROUND('[3]Annex-10'!B58,2)&" " -> 5 | C65: =IF(INT('[3]Annex-10'!C58)='[3]Annex-10'!C58,'[3]Annex-10'!C58&".00 ",IF(INT('[3]Annex-10'!C58*10)='[3]Annex-10'!C58*10,'[3]Annex-10'!C58&"0 ",ROUND('[3]Annex-10'!C58,2)&" ")) -> 8.65 | D65: =IF(INT('[3]Annex-10'!D58)='[3]Annex-10'!D58,'[3]Annex-10'!D58&".00 ",IF(INT('[3]Annex-10'!D58*10)='[3]Annex-10'!D58*10,'[3]Annex-10'!D58&"0 ",ROUND('[3]Annex-10'!D58,2)&" ")) -> 8.8 | E65: =ROUND('[3]Annex-10'!E58,2)&" " -> 2 | F65: =IF(INT('[3]Annex-10'!F58)='[3]Annex-10'!F58,'[3]Annex-10'!F58&".00 ",IF(INT('[3]Annex-10'!F58*10)='[3]Annex-10'!F58*10,'[3]Annex-10'!F58&"0 ",ROUND('[3]Annex-10'!F58,2)&" ")) -> 2.46 | G65: =IF(INT('[3]Annex-10'!G58)='[3]Annex-10'!G58,'[3]Annex-10'!G58&".00 ",IF(INT('[3]Annex-10'!G58*10)='[3]Annex-10'!G58*10,'[3]Annex-10'!G58&"0 ",ROUND('[3]Annex-10'!G58,2)&" ")) -> 2.46 | H65: =ROUND('[3]Annex-10'!H58,2)&" " -> 7 | I65: =IF(INT('[3]Annex-10'!I58)='[3]Annex-10'!I58,'[3]Annex-10'!I58&".00 ",IF(INT('[3]Annex-10'!I58*10)='[3]Annex-10'!I58*10,'[3]Annex-10'!I58&"0 ",ROUND('[3]Annex-10'!I58,2)&" ")) -> 11.11 | J65: =IF(INT('[3]Annex-10'!J58)='[3]Annex-10'!J58,'[3]Annex-10'!J58&".00 ",IF(INT('[3]Annex-10'!J58*10)='[3]Annex-10'!J58*10,'[3]Annex-10'!J58&"0 ",ROUND('[3]Annex-10'!J58,2)&" ")) -> 11.26 | K65: =IF('[3]Annex-10'!K58<0,"(-)"&FIXED(ABS('[3]Annex-10'!K58),2)&" ",FIXED('[3]Annex-10'!K58,2)&" ") -> 1.35
A66: =A26 -> OTHERS | B66: =ROUND('[3]Annex-10'!B59,2)&" " -> 4 | C66: =IF(INT('[3]Annex-10'!C59)='[3]Annex-10'!C59,'[3]Annex-10'!C59&".00 ",IF(INT('[3]Annex-10'!C59*10)='[3]Annex-10'!C59*10,'[3]Annex-10'!C59&"0 ",ROUND('[3]Annex-10'!C59,2)&" ")) -> 2.53 | D66: =IF(INT('[3]Annex-10'!D59)='[3]Annex-10'!D59,'[3]Annex-10'!D59&".00 ",IF(INT('[3]Annex-10'!D59*10)='[3]Annex-10'!D59*10,'[3]Annex-10'!D59&"0 ",ROUND('[3]Annex-10'!D59,2)&" ")) -> 2.53 | E66: =ROUND('[3]Annex-10'!E59,2)&" " -> 3 | F66: =IF(INT('[3]Annex-10'!F59)='[3]Annex-10'!F59,'[3]Annex-10'!F59&".00 ",IF(INT('[3]Annex-10'!F59*10)='[3]Annex-10'!F59*10,'[3]Annex-10'!F59&"0 ",ROUND('[3]Annex-10'!F59,2)&" ")) -> 1.74 | G66: =IF(INT('[3]Annex-10'!G59)='[3]Annex-10'!G59,'[3]Annex-10'!G59&".00 ",IF(INT('[3]Annex-10'!G59*10)='[3]Annex-10'!G59*10,'[3]Annex-10'!G59&"0 ",ROUND('[3]Annex-10'!G59,2)&" ")) -> 1.74 | H66: =ROUND('[3]Annex-10'!H59,2)&" " -> 7 | I66: =IF(INT('[3]Annex-10'!I59)='[3]Annex-10'!I59,'[3]Annex-10'!I59&".00 ",IF(INT('[3]Annex-10'!I59*10)='[3]Annex-10'!I59*10,'[3]Annex-10'!I59&"0 ",ROUND('[3]Annex-10'!I59,2)&" ")) -> 4.27 | J66: =IF(INT('[3]Annex-10'!J59)='[3]Annex-10'!J59,'[3]Annex-10'!J59&".00 ",IF(INT('[3]Annex-10'!J59*10)='[3]Annex-10'!J59*10,'[3]Annex-10'!J59&"0 ",ROUND('[3]Annex-10'!J59,2)&" ")) -> 4.27 | K66: =IF('[3]Annex-10'!K59<0,"(-)"&FIXED(ABS('[3]Annex-10'!K59),2)&" ",FIXED('[3]Annex-10'!K59,2)&" ") -> 0.00
A67: =A27 | B67: =ROUND('[3]Annex-10'!B60,2)&" " -> #VALUE! | C67: =IF(INT('[3]Annex-10'!C60)='[3]Annex-10'!C60,'[3]Annex-10'!C60&".00 ",IF(INT('[3]Annex-10'!C60*10)='[3]Annex-10'!C60*10,'[3]Annex-10'!C60&"0 ",ROUND('[3]Annex-10'!C60,2)&" ")) -> #VALUE! | D67: =IF(INT('[3]Annex-10'!D60)='[3]Annex-10'!D60,'[3]Annex-10'!D60&".00 ",IF(INT('[3]Annex-10'!D60*10)='[3]Annex-10'!D60*10,'[3]Annex-10'!D60&"0 ",ROUND('[3]Annex-10'!D60,2)&" ")) -> #VALUE! | E67: =ROUND('[3]Annex-10'!E60,2)&" " -> #VALUE! | F67: =IF(INT('[3]Annex-10'!F60)='[3]Annex-10'!F60,'[3]Annex-10'!F60&".00 ",IF(INT('[3]Annex-10'!F60*10)='[3]Annex-10'!F60*10,'[3]Annex-10'!F60&"0 ",ROUND('[3]Annex-10'!F60,2)&" ")) -> #VALUE! | G67: =IF(INT('[3]Annex-10'!G60)='[3]Annex-10'!G60,'[3]Annex-10'!G60&".00 ",IF(INT('[3]Annex-10'!G60*10)='[3]Annex-10'!G60*10,'[3]Annex-10'!G60&"0 ",ROUND('[3]Annex-10'!G60,2)&" ")) -> #VALUE! | H67: =ROUND('[3]Annex-10'!H60,2)&" " -> #VALUE! | I67: =IF(INT('[3]Annex-10'!I60)='[3]Annex-10'!I60,'[3]Annex-10'!I60&".00 ",IF(INT('[3]Annex-10'!I60*10)='[3]Annex-10'!I60*10,'[3]Annex-10'!I60&"0 ",ROUND('[3]Annex-10'!I60,2)&" ")) -> #VALUE! | J67: =IF(INT('[3]Annex-10'!J60)='[3]Annex-10'!J60,'[3]Annex-10'!J60&".00 ",IF(INT('[3]Annex-10'!J60*10)='[3]Annex-10'!J60*10,'[3]Annex-10'!J60&"0 ",ROUND('[3]Annex-10'!J60,2)&" ")) -> #VALUE! | K67: =IF('[3]Annex-10'!K60<0,"(-)"&FIXED(ABS('[3]Annex-10'!K60),2)&" ",FIXED('[3]Annex-10'!K60,2)&" ") -> #VALUE!
A68: =A28 | B68: =ROUND('[3]Annex-10'!B61,2)&" " -> #VALUE! | C68: =IF(INT('[3]Annex-10'!C61)='[3]Annex-10'!C61,'[3]Annex-10'!C61&".00 ",IF(INT('[3]Annex-10'!C61*10)='[3]Annex-10'!C61*10,'[3]Annex-10'!C61&"0 ",ROUND('[3]Annex-10'!C61,2)&" ")) -> #VALUE! | D68: =IF(INT('[3]Annex-10'!D61)='[3]Annex-10'!D61,'[3]Annex-10'!D61&".00 ",IF(INT('[3]Annex-10'!D61*10)='[3]Annex-10'!D61*10,'[3]Annex-10'!D61&"0 ",ROUND('[3]Annex-10'!D61,2)&" ")) -> #VALUE! | E68: =ROUND('[3]Annex-10'!E61,2)&" " -> #VALUE! | F68: =IF(INT('[3]Annex-10'!F61)='[3]Annex-10'!F61,'[3]Annex-10'!F61&".00 ",IF(INT('[3]Annex-10'!F61*10)='[3]Annex-10'!F61*10,'[3]Annex-10'!F61&"0 ",ROUND('[3]Annex-10'!F61,2)&" ")) -> #VALUE! | G68: =IF(INT('[3]Annex-10'!G61)='[3]Annex-10'!G61,'[3]Annex-10'!G61&".00 ",IF(INT('[3]Annex-10'!G61*10)='[3]Annex-10'!G61*10,'[3]Annex-10'!G61&"0 ",ROUND('[3]Annex-10'!G61,2)&" ")) -> #VALUE! | H68: =ROUND('[3]Annex-10'!H61,2)&" " -> #VALUE! | I68: =IF(INT('[3]Annex-10'!I61)='[3]Annex-10'!I61,'[3]Annex-10'!I61&".00 ",IF(INT('[3]Annex-10'!I61*10)='[3]Annex-10'!I61*10,'[3]Annex-10'!I61&"0 ",ROUND('[3]Annex-10'!I61,2)&" ")) -> #VALUE! | J68: =IF(INT('[3]Annex-10'!J61)='[3]Annex-10'!J61,'[3]Annex-10'!J61&".00 ",IF(INT('[3]Annex-10'!J61*10)='[3]Annex-10'!J61*10,'[3]Annex-10'!J61&"0 ",ROUND('[3]Annex-10'!J61,2)&" ")) -> #VALUE! | K68: =IF('[3]Annex-10'!K61<0,"(-)"&FIXED(ABS('[3]Annex-10'!K61),2)&" ",FIXED('[3]Annex-10'!K61,2)&" ") -> #VALUE!
A69: =A29 | B69: =ROUND('[3]Annex-10'!B62,2)&" " -> #VALUE! | C69: =IF(INT('[3]Annex-10'!C62)='[3]Annex-10'!C62,'[3]Annex-10'!C62&".00 ",IF(INT('[3]Annex-10'!C62*10)='[3]Annex-10'!C62*10,'[3]Annex-10'!C62&"0 ",ROUND('[3]Annex-10'!C62,2)&" ")) -> #VALUE! | D69: =IF(INT('[3]Annex-10'!D62)='[3]Annex-10'!D62,'[3]Annex-10'!D62&".00 ",IF(INT('[3]Annex-10'!D62*10)='[3]Annex-10'!D62*10,'[3]Annex-10'!D62&"0 ",ROUND('[3]Annex-10'!D62,2)&" ")) -> #VALUE! | E69: =ROUND('[3]Annex-10'!E62,2)&" " -> #VALUE! | F69: =IF(INT('[3]Annex-10'!F62)='[3]Annex-10'!F62,'[3]Annex-10'!F62&".00 ",IF(INT('[3]Annex-10'!F62*10)='[3]Annex-10'!F62*10,'[3]Annex-10'!F62&"0 ",ROUND('[3]Annex-10'!F62,2)&" ")) -> #VALUE! | G69: =IF(INT('[3]Annex-10'!G62)='[3]Annex-10'!G62,'[3]Annex-10'!G62&".00 ",IF(INT('[3]Annex-10'!G62*10)='[3]Annex-10'!G62*10,'[3]Annex-10'!G62&"0 ",ROUND('[3]Annex-10'!G62,2)&" ")) -> #VALUE! | H69: =ROUND('[3]Annex-10'!H62,2)&" " -> #VALUE! | I69: =IF(INT('[3]Annex-10'!I62)='[3]Annex-10'!I62,'[3]Annex-10'!I62&".00 ",IF(INT('[3]Annex-10'!I62*10)='[3]Annex-10'!I62*10,'[3]Annex-10'!I62&"0 ",ROUND('[3]Annex-10'!I62,2)&" ")) -> #VALUE! | J69: =IF(INT('[3]Annex-10'!J62)='[3]Annex-10'!J62,'[3]Annex-10'!J62&".00 ",IF(INT('[3]Annex-10'!J62*10)='[3]Annex-10'!J62*10,'[3]Annex-10'!J62&"0 ",ROUND('[3]Annex-10'!J62,2)&" ")) -> #VALUE! | K69: =IF('[3]Annex-10'!K62<0,"(-)"&FIXED(ABS('[3]Annex-10'!K62),2)&" ",FIXED('[3]Annex-10'!K62,2)&" ") -> #VALUE!
A70: =A30 | B70: =ROUND('[3]Annex-10'!B63,2)&" " -> #VALUE! | C70: =IF(INT('[3]Annex-10'!C63)='[3]Annex-10'!C63,'[3]Annex-10'!C63&".00 ",IF(INT('[3]Annex-10'!C63*10)='[3]Annex-10'!C63*10,'[3]Annex-10'!C63&"0 ",ROUND('[3]Annex-10'!C63,2)&" ")) -> #VALUE! | D70: =IF(INT('[3]Annex-10'!D63)='[3]Annex-10'!D63,'[3]Annex-10'!D63&".00 ",IF(INT('[3]Annex-10'!D63*10)='[3]Annex-10'!D63*10,'[3]Annex-10'!D63&"0 ",ROUND('[3]Annex-10'!D63,2)&" ")) -> #VALUE! | E70: =ROUND('[3]Annex-10'!E63,2)&" " -> #VALUE! | F70: =IF(INT('[3]Annex-10'!F63)='[3]Annex-10'!F63,'[3]Annex-10'!F63&".00 ",IF(INT('[3]Annex-10'!F63*10)='[3]Annex-10'!F63*10,'[3]Annex-10'!F63&"0 ",ROUND('[3]Annex-10'!F63,2)&" ")) -> #VALUE! | G70: =IF(INT('[3]Annex-10'!G63)='[3]Annex-10'!G63,'[3]Annex-10'!G63&".00 ",IF(INT('[3]Annex-10'!G63*10)='[3]Annex-10'!G63*10,'[3]Annex-10'!G63&"0 ",ROUND('[3]Annex-10'!G63,2)&" ")) -> #VALUE! | H70: =ROUND('[3]Annex-10'!H63,2)&" " -> #VALUE! | I70: =IF(INT('[3]Annex-10'!I63)='[3]Annex-10'!I63,'[3]Annex-10'!I63&".00 ",IF(INT('[3]Annex-10'!I63*10)='[3]Annex-10'!I63*10,'[3]Annex-10'!I63&"0 ",ROUND('[3]Annex-10'!I63,2)&" ")) -> #VALUE! | J70: =IF(INT('[3]Annex-10'!J63)='[3]Annex-10'!J63,'[3]Annex-10'!J63&".00 ",IF(INT('[3]Annex-10'!J63*10)='[3]Annex-10'!J63*10,'[3]Annex-10'!J63&"0 ",ROUND('[3]Annex-10'!J63,2)&" ")) -> #VALUE! | K70: =IF('[3]Annex-10'!K63<0,"(-)"&FIXED(ABS('[3]Annex-10'!K63),2)&" ",FIXED('[3]Annex-10'!K63,2)&" ") -> #VALUE!
A71: =A31 | B71: =ROUND('[3]Annex-10'!B64,2)&" " -> #VALUE! | C71: =IF(INT('[3]Annex-10'!C64)='[3]Annex-10'!C64,'[3]Annex-10'!C64&".00 ",IF(INT('[3]Annex-10'!C64*10)='[3]Annex-10'!C64*10,'[3]Annex-10'!C64&"0 ",ROUND('[3]Annex-10'!C64,2)&" ")) -> #VALUE! | D71: =IF(INT('[3]Annex-10'!D64)='[3]Annex-10'!D64,'[3]Annex-10'!D64&".00 ",IF(INT('[3]Annex-10'!D64*10)='[3]Annex-10'!D64*10,'[3]Annex-10'!D64&"0 ",ROUND('[3]Annex-10'!D64,2)&" ")) -> #VALUE! | E71: =ROUND('[3]Annex-10'!E64,2)&" " -> #VALUE! | F71: =IF(INT('[3]Annex-10'!F64)='[3]Annex-10'!F64,'[3]Annex-10'!F64&".00 ",IF(INT('[3]Annex-10'!F64*10)='[3]Annex-10'!F64*10,'[3]Annex-10'!F64&"0 ",ROUND('[3]Annex-10'!F64,2)&" ")) -> #VALUE! | G71: =IF(INT('[3]Annex-10'!G64)='[3]Annex-10'!G64,'[3]Annex-10'!G64&".00 ",IF(INT('[3]Annex-10'!G64*10)='[3]Annex-10'!G64*10,'[3]Annex-10'!G64&"0 ",ROUND('[3]Annex-10'!G64,2)&" ")) -> #VALUE! | H71: =ROUND('[3]Annex-10'!H64,2)&" " -> #VALUE! | I71: =IF(INT('[3]Annex-10'!I64)='[3]Annex-10'!I64,'[3]Annex-10'!I64&".00 ",IF(INT('[3]Annex-10'!I64*10)='[3]Annex-10'!I64*10,'[3]Annex-10'!I64&"0 ",ROUND('[3]Annex-10'!I64,2)&" ")) -> #VALUE! | J71: =IF(INT('[3]Annex-10'!J64)='[3]Annex-10'!J64,'[3]Annex-10'!J64&".00 ",IF(INT('[3]Annex-10'!J64*10)='[3]Annex-10'!J64*10,'[3]Annex-10'!J64&"0 ",ROUND('[3]Annex-10'!J64,2)&" ")) -> #VALUE! | K71: =IF('[3]Annex-10'!K64<0,"(-)"&FIXED(ABS('[3]Annex-10'!K64),2)&" ",FIXED('[3]Annex-10'!K64,2)&" ") -> #VALUE!
A72: =A32 | B72: =ROUND('[3]Annex-10'!B65,2)&" " -> #VALUE! | C72: =IF(INT('[3]Annex-10'!C65)='[3]Annex-10'!C65,'[3]Annex-10'!C65&".00 ",IF(INT('[3]Annex-10'!C65*10)='[3]Annex-10'!C65*10,'[3]Annex-10'!C65&"0 ",ROUND('[3]Annex-10'!C65,2)&" ")) -> #VALUE! | D72: =IF(INT('[3]Annex-10'!D65)='[3]Annex-10'!D65,'[3]Annex-10'!D65&".00 ",IF(INT('[3]Annex-10'!D65*10)='[3]Annex-10'!D65*10,'[3]Annex-10'!D65&"0 ",ROUND('[3]Annex-10'!D65,2)&" ")) -> #VALUE! | E72: =ROUND('[3]Annex-10'!E65,2)&" " -> #VALUE! | F72: =IF(INT('[3]Annex-10'!F65)='[3]Annex-10'!F65,'[3]Annex-10'!F65&".00 ",IF(INT('[3]Annex-10'!F65*10)='[3]Annex-10'!F65*10,'[3]Annex-10'!F65&"0 ",ROUND('[3]Annex-10'!F65,2)&" ")) -> #VALUE! | G72: =IF(INT('[3]Annex-10'!G65)='[3]Annex-10'!G65,'[3]Annex-10'!G65&".00 ",IF(INT('[3]Annex-10'!G65*10)='[3]Annex-10'!G65*10,'[3]Annex-10'!G65&"0 ",ROUND('[3]Annex-10'!G65,2)&" ")) -> #VALUE! | H72: =ROUND('[3]Annex-10'!H65,2)&" " -> #VALUE! | I72: =IF(INT('[3]Annex-10'!I65)='[3]Annex-10'!I65,'[3]Annex-10'!I65&".00 ",IF(INT('[3]Annex-10'!I65*10)='[3]Annex-10'!I65*10,'[3]Annex-10'!I65&"0 ",ROUND('[3]Annex-10'!I65,2)&" ")) -> #VALUE! | J72: =IF(INT('[3]Annex-10'!J65)='[3]Annex-10'!J65,'[3]Annex-10'!J65&".00 ",IF(INT('[3]Annex-10'!J65*10)='[3]Annex-10'!J65*10,'[3]Annex-10'!J65&"0 ",ROUND('[3]Annex-10'!J65,2)&" ")) -> #VALUE! | K72: =IF('[3]Annex-10'!K65<0,"(-)"&FIXED(ABS('[3]Annex-10'!K65),2)&" ",FIXED('[3]Annex-10'!K65,2)&" ") -> #VALUE!
A73: =A33 | B73: =ROUND('[3]Annex-10'!B66,2)&" " -> #VALUE! | C73: =IF(INT('[3]Annex-10'!C66)='[3]Annex-10'!C66,'[3]Annex-10'!C66&".00 ",IF(INT('[3]Annex-10'!C66*10)='[3]Annex-10'!C66*10,'[3]Annex-10'!C66&"0 ",ROUND('[3]Annex-10'!C66,2)&" ")) -> #VALUE! | D73: =IF(INT('[3]Annex-10'!D66)='[3]Annex-10'!D66,'[3]Annex-10'!D66&".00 ",IF(INT('[3]Annex-10'!D66*10)='[3]Annex-10'!D66*10,'[3]Annex-10'!D66&"0 ",ROUND('[3]Annex-10'!D66,2)&" ")) -> #VALUE! | E73: =ROUND('[3]Annex-10'!E66,2)&" " -> #VALUE! | F73: =IF(INT('[3]Annex-10'!F66)='[3]Annex-10'!F66,'[3]Annex-10'!F66&".00 ",IF(INT('[3]Annex-10'!F66*10)='[3]Annex-10'!F66*10,'[3]Annex-10'!F66&"0 ",ROUND('[3]Annex-10'!F66,2)&" ")) -> #VALUE! | G73: =IF(INT('[3]Annex-10'!G66)='[3]Annex-10'!G66,'[3]Annex-10'!G66&".00 ",IF(INT('[3]Annex-10'!G66*10)='[3]Annex-10'!G66*10,'[3]Annex-10'!G66&"0 ",ROUND('[3]Annex-10'!G66,2)&" ")) -> #VALUE! | H73: =ROUND('[3]Annex-10'!H66,2)&" " -> #VALUE! | I73: =IF(INT('[3]Annex-10'!I66)='[3]Annex-10'!I66,'[3]Annex-10'!I66&".00 ",IF(INT('[3]Annex-10'!I66*10)='[3]Annex-10'!I66*10,'[3]Annex-10'!I66&"0 ",ROUND('[3]Annex-10'!I66,2)&" ")) -> #VALUE! | J73: =IF(INT('[3]Annex-10'!J66)='[3]Annex-10'!J66,'[3]Annex-10'!J66&".00 ",IF(INT('[3]Annex-10'!J66*10)='[3]Annex-10'!J66*10,'[3]Annex-10'!J66&"0 ",ROUND('[3]Annex-10'!J66,2)&" ")) -> #VALUE! | K73: =IF('[3]Annex-10'!K66<0,"(-)"&FIXED(ABS('[3]Annex-10'!K66),2)&" ",FIXED('[3]Annex-10'!K66,2)&" ") -> #VALUE!
A74: =A34 | B74: =ROUND('[3]Annex-10'!B67,2)&" " -> #VALUE! | C74: =IF(INT('[3]Annex-10'!C67)='[3]Annex-10'!C67,'[3]Annex-10'!C67&".00 ",IF(INT('[3]Annex-10'!C67*10)='[3]Annex-10'!C67*10,'[3]Annex-10'!C67&"0 ",ROUND('[3]Annex-10'!C67,2)&" ")) -> #VALUE! | D74: =IF(INT('[3]Annex-10'!D67)='[3]Annex-10'!D67,'[3]Annex-10'!D67&".00 ",IF(INT('[3]Annex-10'!D67*10)='[3]Annex-10'!D67*10,'[3]Annex-10'!D67&"0 ",ROUND('[3]Annex-10'!D67,2)&" ")) -> #VALUE! | E74: =ROUND('[3]Annex-10'!E67,2)&" " -> #VALUE! | F74: =IF(INT('[3]Annex-10'!F67)='[3]Annex-10'!F67,'[3]Annex-10'!F67&".00 ",IF(INT('[3]Annex-10'!F67*10)='[3]Annex-10'!F67*10,'[3]Annex-10'!F67&"0 ",ROUND('[3]Annex-10'!F67,2)&" ")) -> #VALUE! | G74: =IF(INT('[3]Annex-10'!G67)='[3]Annex-10'!G67,'[3]Annex-10'!G67&".00 ",IF(INT('[3]Annex-10'!G67*10)='[3]Annex-10'!G67*10,'[3]Annex-10'!G67&"0 ",ROUND('[3]Annex-10'!G67,2)&" ")) -> #VALUE! | H74: =ROUND('[3]Annex-10'!H67,2)&" " -> #VALUE! | I74: =IF(INT('[3]Annex-10'!I67)='[3]Annex-10'!I67,'[3]Annex-10'!I67&".00 ",IF(INT('[3]Annex-10'!I67*10)='[3]Annex-10'!I67*10,'[3]Annex-10'!I67&"0 ",ROUND('[3]Annex-10'!I67,2)&" ")) -> #VALUE! | J74: =IF(INT('[3]Annex-10'!J67)='[3]Annex-10'!J67,'[3]Annex-10'!J67&".00 ",IF(INT('[3]Annex-10'!J67*10)='[3]Annex-10'!J67*10,'[3]Annex-10'!J67&"0 ",ROUND('[3]Annex-10'!J67,2)&" ")) -> #VALUE! | K74: =IF('[3]Annex-10'!K67<0,"(-)"&FIXED(ABS('[3]Annex-10'!K67),2)&" ",FIXED('[3]Annex-10'!K67,2)&" ") -> #VALUE!
A75: =A35 | B75: =ROUND('[3]Annex-10'!B68,2)&" " -> #VALUE! | C75: =IF(INT('[3]Annex-10'!C68)='[3]Annex-10'!C68,'[3]Annex-10'!C68&".00 ",IF(INT('[3]Annex-10'!C68*10)='[3]Annex-10'!C68*10,'[3]Annex-10'!C68&"0 ",ROUND('[3]Annex-10'!C68,2)&" ")) -> #VALUE! | D75: =IF(INT('[3]Annex-10'!D68)='[3]Annex-10'!D68,'[3]Annex-10'!D68&".00 ",IF(INT('[3]Annex-10'!D68*10)='[3]Annex-10'!D68*10,'[3]Annex-10'!D68&"0 ",ROUND('[3]Annex-10'!D68,2)&" ")) -> #VALUE! | E75: =ROUND('[3]Annex-10'!E68,2)&" " -> #VALUE! | F75: =IF(INT('[3]Annex-10'!F68)='[3]Annex-10'!F68,'[3]Annex-10'!F68&".00 ",IF(INT('[3]Annex-10'!F68*10)='[3]Annex-10'!F68*10,'[3]Annex-10'!F68&"0 ",ROUND('[3]Annex-10'!F68,2)&" ")) -> #VALUE! | G75: =IF(INT('[3]Annex-10'!G68)='[3]Annex-10'!G68,'[3]Annex-10'!G68&".00 ",IF(INT('[3]Annex-10'!G68*10)='[3]Annex-10'!G68*10,'[3]Annex-10'!G68&"0 ",ROUND('[3]Annex-10'!G68,2)&" ")) -> #VALUE! | H75: =ROUND('[3]Annex-10'!H68,2)&" " -> #VALUE! | I75: =IF(INT('[3]Annex-10'!I68)='[3]Annex-10'!I68,'[3]Annex-10'!I68&".00 ",IF(INT('[3]Annex-10'!I68*10)='[3]Annex-10'!I68*10,'[3]Annex-10'!I68&"0 ",ROUND('[3]Annex-10'!I68,2)&" ")) -> #VALUE! | J75: =IF(INT('[3]Annex-10'!J68)='[3]Annex-10'!J68,'[3]Annex-10'!J68&".00 ",IF(INT('[3]Annex-10'!J68*10)='[3]Annex-10'!J68*10,'[3]Annex-10'!J68&"0 ",ROUND('[3]Annex-10'!J68,2)&" ")) -> #VALUE! | K75: =IF('[3]Annex-10'!K68<0,"(-)"&FIXED(ABS('[3]Annex-10'!K68),2)&" ",FIXED('[3]Annex-10'!K68,2)&" ") -> #VALUE!
A76: =A36 | B76: =ROUND('[3]Annex-10'!B69,2)&" " -> #VALUE! | C76: =IF(INT('[3]Annex-10'!C69)='[3]Annex-10'!C69,'[3]Annex-10'!C69&".00 ",IF(INT('[3]Annex-10'!C69*10)='[3]Annex-10'!C69*10,'[3]Annex-10'!C69&"0 ",ROUND('[3]Annex-10'!C69,2)&" ")) -> #VALUE! | D76: =IF(INT('[3]Annex-10'!D69)='[3]Annex-10'!D69,'[3]Annex-10'!D69&".00 ",IF(INT('[3]Annex-10'!D69*10)='[3]Annex-10'!D69*10,'[3]Annex-10'!D69&"0 ",ROUND('[3]Annex-10'!D69,2)&" ")) -> #VALUE! | E76: =ROUND('[3]Annex-10'!E69,2)&" " -> #VALUE! | F76: =IF(INT('[3]Annex-10'!F69)='[3]Annex-10'!F69,'[3]Annex-10'!F69&".00 ",IF(INT('[3]Annex-10'!F69*10)='[3]Annex-10'!F69*10,'[3]Annex-10'!F69&"0 ",ROUND('[3]Annex-10'!F69,2)&" ")) -> #VALUE! | G76: =IF(INT('[3]Annex-10'!G69)='[3]Annex-10'!G69,'[3]Annex-10'!G69&".00 ",IF(INT('[3]Annex-10'!G69*10)='[3]Annex-10'!G69*10,'[3]Annex-10'!G69&"0 ",ROUND('[3]Annex-10'!G69,2)&" ")) -> #VALUE! | H76: =ROUND('[3]Annex-10'!H69,2)&" " -> #VALUE! | I76: =IF(INT('[3]Annex-10'!I69)='[3]Annex-10'!I69,'[3]Annex-10'!I69&".00 ",IF(INT('[3]Annex-10'!I69*10)='[3]Annex-10'!I69*10,'[3]Annex-10'!I69&"0 ",ROUND('[3]Annex-10'!I69,2)&" ")) -> #VALUE! | J76: =IF(INT('[3]Annex-10'!J69)='[3]Annex-10'!J69,'[3]Annex-10'!J69&".00 ",IF(INT('[3]Annex-10'!J69*10)='[3]Annex-10'!J69*10,'[3]Annex-10'!J69&"0 ",ROUND('[3]Annex-10'!J69,2)&" ")) -> #VALUE! | K76: =IF('[3]Annex-10'!K69<0,"(-)"&FIXED(ABS('[3]Annex-10'!K69),2)&" ",FIXED('[3]Annex-10'!K69,2)&" ") -> #VALUE!
... A79: =A39 | B79: =ROUND('[3]Annex-10'!B72,2)&" " -> #VALUE! | C79: =IF(INT('[3]Annex-10'!C72)='[3]Annex-10'!C72,'[3]Annex-10'!C72&".00 ",IF(INT('[3]Annex-10'!C72*10)='[3]Annex-10'!C72*10,'[3]Annex-10'!C72&"0 ",ROUND('[3]Annex-10'!C72,2)&" ")) -> #VALUE! | D79: =IF(INT('[3]Annex-10'!D72)='[3]Annex-10'!D72,'[3]Annex-10'!D72&".00 ",IF(INT('[3]Annex-10'!D72*10)='[3]Annex-10'!D72*10,'[3]Annex-10'!D72&"0 ",ROUND('[3]Annex-10'!D72,2)&" ")) -> #VALUE! | E79: =ROUND('[3]Annex-10'!E72,2)&" " -> #VALUE! | F79: =IF(INT('[3]Annex-10'!F72)='[3]Annex-10'!F72,'[3]Annex-10'!F72&".00 ",IF(INT('[3]Annex-10'!F72*10)='[3]Annex-10'!F72*10,'[3]Annex-10'!F72&"0 ",ROUND('[3]Annex-10'!F72,2)&" ")) -> #VALUE! | G79: =IF(INT('[3]Annex-10'!G72)='[3]Annex-10'!G72,'[3]Annex-10'!G72&".00 ",IF(INT('[3]Annex-10'!G72*10)='[3]Annex-10'!G72*10,'[3]Annex-10'!G72&"0 ",ROUND('[3]Annex-10'!G72,2)&" ")) -> #VALUE! | H79: =ROUND('[3]Annex-10'!H72,2)&" " -> #VALUE! | I79: =IF(INT('[3]Annex-10'!I72)='[3]Annex-10'!I72,'[3]Annex-10'!I72&".00 ",IF(INT('[3]Annex-10'!I72*10)='[3]Annex-10'!I72*10,'[3]Annex-10'!I72&"0 ",ROUND('[3]Annex-10'!I72,2)&" ")) -> #VALUE! | J79: =IF(INT('[3]Annex-10'!J72)='[3]Annex-10'!J72,'[3]Annex-10'!J72&".00 ",IF(INT('[3]Annex-10'!J72*10)='[3]Annex-10'!J72*10,'[3]Annex-10'!J72&"0 ",ROUND('[3]Annex-10'!J72,2)&" ")) -> #VALUE! | K79: =IF('[3]Annex-10'!K72<0,"(-)"&FIXED(ABS('[3]Annex-10'!K72),2)&" ",FIXED('[3]Annex-10'!K72,2)&" ") -> #VALUE!

Sheet Annex-XI
A1: A-9
A2: =common!$H$2 -> UT : PUDUCHERRY | B2: =common!$H$2 -> UT : PUDUCHERRY | C2: =common!$H$2 -> UT : PUDUCHERRY | D2: =common!$H$2 -> UT : PUDUCHERRY | E2: =common!$H$2 -> UT : PUDUCHERRY | F2: =common!$H$2 -> UT : PUDUCHERRY | G2: =common!$H$2 -> UT : PUDUCHERRY | H2: =common!$H$2 -> UT : PUDUCHERRY | ... N2: =common!$H$2 -> UT : PUDUCHERRY | O2: ='[2]Annex-11'!O2 -> ANNEX-XI
A3: ='[2]Annex-11'!A3 -> DISCREPANCIES IN RECORDING SEED VARIETY PARTICULARS DURING 0 AND 0.
A4: YEAR/ SEASON/ AGENCY | B4: NO. OF SURVEY/ SUB SURVEY NUMBERS | C4: NO. AND PERCENTAGE OF SURVEY NUMBERS IN WHICH PARTICULARS TALLIED | G4: NO. AND PERCENTAGE OF SURVEY NUMBERS IN WHICH PARTICULARS NOT TALLIED
C5: HY | D5: L | E5: HY&L | F5: TOTAL | G5: SUPERVISOR | L5: PATWARI
G6: HY | H6: L | I6: HY&L | J6: NR | K6: TOTAL | L6: HY | M6: L | N6: HY&L | O6: NR | P6: TOTAL
A7: (1) | B7: (2) | C7: (3) | D7: (4) | E7: (5) | F7: (6) | G7: (7) | H7: (8) | I7: (9) | J7: (10) | K7: (11) | L7: (12) | M7: (13) | N7: (14) | O7: (15) | P7: (16)
A8: =common!$H$4 -> RABI I 2024-25
A9: ='[2]Annex-11'!A9 -> CENTRAL | B9: ='[2]Annex-11'!B9&" " -> 52 | C9: ='[2]Annex-11'!C9&" " -> 38 | D9: ='[2]Annex-11'!D9&" " -> 0 | E9: ='[2]Annex-11'!E9&" " -> 0 | F9: ='[2]Annex-11'!F9&" " -> 38 | G9: ='[2]Annex-11'!G9&" " -> 0 | H9: ='[2]Annex-11'!H9&" " -> 0 | I9: ='[2]Annex-11'!I9&" " -> 0 | ... P9: ='[2]Annex-11'!P9&" " -> 14
A10: ='[2]Annex-11'!A10 -> (%) | C10: ='[2]Annex-11'!C10 -> ( 73.1) | D10: ='[2]Annex-11'!D10 -> ( 0.0) | E10: ='[2]Annex-11'!E10 -> ( 0.0) | F10: ='[2]Annex-11'!F10 -> ( 73.1) | G10: ='[2]Annex-11'!G10 -> ( 0.0) | H10: ='[2]Annex-11'!H10 -> ( 0.0) | I10: ='[2]Annex-11'!I10 -> ( 0.0) | J10: ='[2]Annex-11'!J10 -> ( 26.9) | ... P10: ='[2]Annex-11'!P10 -> ( 26.9)
A11: ='[2]Annex-11'!A11 -> STATE | B11: ='[2]Annex-11'!B11&" " -> 182 | C11: ='[2]Annex-11'!C11&" " -> 174 | D11: ='[2]Annex-11'!D11&" " -> 4 | E11: ='[2]Annex-11'!E11&" " -> 0 | F11: ='[2]Annex-11'!F11&" " -> 178 | G11: ='[2]Annex-11'!G11&" " -> 2 | H11: ='[2]Annex-11'!H11&" " -> 0 | I11: ='[2]Annex-11'!I11&" " -> 0 | ... P11: ='[2]Annex-11'!P11&" " -> 4
A12: ='[2]Annex-11'!A12 -> (%) | C12: ='[2]Annex-11'!C12 -> ( 95.6) | D12: ='[2]Annex-11'!D12 -> ( 2.2) | E12: ='[2]Annex-11'!E12 -> ( 0.0) | F12: ='[2]Annex-11'!F12 -> ( 97.8) | G12: ='[2]Annex-11'!G12 -> ( 1.1) | H12: ='[2]Annex-11'!H12 -> ( 0.0) | I12: ='[2]Annex-11'!I12 -> ( 0.0) | J12: ='[2]Annex-11'!J12 -> ( 1.1) | ... P12: ='[2]Annex-11'!P12 -> ( 2.2)
A13: ='[2]Annex-11'!A13 -> POOLED | B13: ='[2]Annex-11'!B13&" " -> 234 | C13: ='[2]Annex-11'!C13&" " -> 212 | D13: ='[2]Annex-11'!D13&" " -> 4 | E13: ='[2]Annex-11'!E13&" " -> 0 | F13: ='[2]Annex-11'!F13&" " -> 216 | G13: ='[2]Annex-11'!G13&" " -> 2 | H13: ='[2]Annex-11'!H13&" " -> 0 | I13: ='[2]Annex-11'!I13&" " -> 0 | ... P13: ='[2]Annex-11'!P13&" " -> 18
A14: ='[2]Annex-11'!A14 -> (%) | C14: ='[2]Annex-11'!C14 -> ( 90.6) | D14: ='[2]Annex-11'!D14 -> ( 1.7) | E14: ='[2]Annex-11'!E14 -> ( 0.0) | F14: ='[2]Annex-11'!F14 -> ( 92.3) | G14: ='[2]Annex-11'!G14 -> ( 0.9) | H14: ='[2]Annex-11'!H14 -> ( 0.0) | I14: ='[2]Annex-11'!I14 -> ( 0.0) | J14: ='[2]Annex-11'!J14 -> ( 6.8) | ... P14: ='[2]Annex-11'!P14 -> ( 7.7)
A15: =common!$I$4 -> RABI II 2024-25
A16: ='[2]Annex-11'!A16 -> CENTRAL | B16: ='[2]Annex-11'!B16&" " -> 32 | C16: ='[2]Annex-11'!C16&" " -> 20 | D16: ='[2]Annex-11'!D16&" " -> 0 | E16: ='[2]Annex-11'!E16&" " -> 0 | F16: ='[2]Annex-11'!F16&" " -> 20 | G16: ='[2]Annex-11'!G16&" " -> 0 | H16: ='[2]Annex-11'!H16&" " -> 0 | I16: ='[2]Annex-11'!I16&" " -> 0 | ... P16: ='[2]Annex-11'!P16&" " -> 12
A17: ='[2]Annex-11'!A17 -> (%) | C17: ='[2]Annex-11'!C17 -> ( 62.5) | D17: ='[2]Annex-11'!D17 -> ( 0.0) | E17: ='[2]Annex-11'!E17 -> ( 0.0) | F17: ='[2]Annex-11'!F17 -> ( 62.5) | G17: ='[2]Annex-11'!G17 -> ( 0.0) | H17: ='[2]Annex-11'!H17 -> ( 0.0) | I17: ='[2]Annex-11'!I17 -> ( 0.0) | J17: ='[2]Annex-11'!J17 -> ( 37.5) | ... P17: ='[2]Annex-11'!P17 -> ( 37.5)
A18: ='[2]Annex-11'!A18 -> STATE | B18: ='[2]Annex-11'!B18&" " -> 110 | C18: ='[2]Annex-11'!C18&" " -> 84 | D18: ='[2]Annex-11'!D18&" " -> 10 | E18: ='[2]Annex-11'!E18&" " -> 16 | F18: ='[2]Annex-11'!F18&" " -> 110 | G18: ='[2]Annex-11'!G18&" " -> 0 | H18: ='[2]Annex-11'!H18&" " -> 0 | I18: ='[2]Annex-11'!I18&" " -> 0 | ... P18: ='[2]Annex-11'!P18&" " -> 0
A19: ='[2]Annex-11'!A19 -> (%) | C19: ='[2]Annex-11'!C19 -> ( 76.4) | D19: ='[2]Annex-11'!D19 -> ( 9.1) | E19: ='[2]Annex-11'!E19 -> ( 14.5) | F19: ='[2]Annex-11'!F19 -> ( 100.0) | G19: ='[2]Annex-11'!G19 -> ( 0.0) | H19: ='[2]Annex-11'!H19 -> ( 0.0) | I19: ='[2]Annex-11'!I19 -> ( 0.0) | J19: ='[2]Annex-11'!J19 -> ( 0.0) | ... P19: ='[2]Annex-11'!P19 -> ( 0.0)
A20: ='[2]Annex-11'!A20 -> POOLED | B20: ='[2]Annex-11'!B20&" " -> 142 | C20: ='[2]Annex-11'!C20&" " -> 104 | D20: ='[2]Annex-11'!D20&" " -> 10 | E20: ='[2]Annex-11'!E20&" " -> 16 | F20: ='[2]Annex-11'!F20&" " -> 130 | G20: ='[2]Annex-11'!G20&" " -> 0 | H20: ='[2]Annex-11'!H20&" " -> 0 | I20: ='[2]Annex-11'!I20&" " -> 0 | ... P20: ='[2]Annex-11'!P20&" " -> 12
A21: ='[2]Annex-11'!A21 -> (%) | C21: ='[2]Annex-11'!C21 -> ( 73.2) | D21: ='[2]Annex-11'!D21 -> ( 7.0) | E21: ='[2]Annex-11'!E21 -> ( 11.3) | F21: ='[2]Annex-11'!F21 -> ( 91.5) | G21: ='[2]Annex-11'!G21 -> ( 0.0) | H21: ='[2]Annex-11'!H21 -> ( 0.0) | I21: ='[2]Annex-11'!I21 -> ( 0.0) | J21: ='[2]Annex-11'!J21 -> ( 8.5) | ... P21: ='[2]Annex-11'!P21 -> ( 8.5)
A22: =common!$H$5 -> RABI I 2023-24
A23: ='[2]Annex-11'!A24 -> CENTRAL | B23: ='[2]Annex-11'!B24&" " -> 50 | C23: ='[2]Annex-11'!C24&" " -> 39 | D23: ='[2]Annex-11'!D24&" " -> 8 | E23: ='[2]Annex-11'!E24&" " -> 1 | F23: ='[2]Annex-11'!F24&" " -> 48 | G23: ='[2]Annex-11'!G24&" " -> 1 | H23: ='[2]Annex-11'!H24&" " -> 0 | I23: ='[2]Annex-11'!I24&" " -> 0 | ... P23: ='[2]Annex-11'!P24&" " -> 2
A24: ='[2]Annex-11'!A25 -> (%) | C24: ='[2]Annex-11'!C25 -> ( 78.0) | D24: ='[2]Annex-11'!D25 -> ( 16.0) | E24: ='[2]Annex-11'!E25 -> ( 2.0) | F24: ='[2]Annex-11'!F25 -> ( 96.0) | G24: ='[2]Annex-11'!G25 -> ( 2.0) | H24: ='[2]Annex-11'!H25 -> ( 0.0) | I24: ='[2]Annex-11'!I25 -> ( 0.0) | J24: ='[2]Annex-11'!J25 -> ( 2.0) | ... P24: ='[2]Annex-11'!P25 -> ( 4.0)
A25: ='[2]Annex-11'!A26 -> STATE | B25: ='[2]Annex-11'!B26&" " -> 37 | C25: ='[2]Annex-11'!C26&" " -> 37 | D25: ='[2]Annex-11'!D26&" " -> 0 | E25: ='[2]Annex-11'!E26&" " -> 0 | F25: ='[2]Annex-11'!F26&" " -> 37 | G25: ='[2]Annex-11'!G26&" " -> 0 | H25: ='[2]Annex-11'!H26&" " -> 0 | I25: ='[2]Annex-11'!I26&" " -> 0 | ... P25: ='[2]Annex-11'!P26&" " -> 0
A26: ='[2]Annex-11'!A27 -> (%) | C26: ='[2]Annex-11'!C27 -> ( 100.0) | D26: ='[2]Annex-11'!D27 -> ( 0.0) | E26: ='[2]Annex-11'!E27 -> ( 0.0) | F26: ='[2]Annex-11'!F27 -> ( 100.0) | G26: ='[2]Annex-11'!G27 -> ( 0.0) | H26: ='[2]Annex-11'!H27 -> ( 0.0) | I26: ='[2]Annex-11'!I27 -> ( 0.0) | J26: ='[2]Annex-11'!J27 -> ( 0.0) | ... P26: ='[2]Annex-11'!P27 -> ( 0.0)
A27: ='[2]Annex-11'!A28 -> POOLED | B27: ='[2]Annex-11'!B28&" " -> 87 | C27: ='[2]Annex-11'!C28&" " -> 76 | D27: ='[2]Annex-11'!D28&" " -> 8 | E27: ='[2]Annex-11'!E28&" " -> 1 | F27: ='[2]Annex-11'!F28&" " -> 85 | G27: ='[2]Annex-11'!G28&" " -> 1 | H27: ='[2]Annex-11'!H28&" " -> 0 | I27: ='[2]Annex-11'!I28&" " -> 0 | ... P27: ='[2]Annex-11'!P28&" " -> 2
A28: ='[2]Annex-11'!A29 -> (%) | C28: ='[2]Annex-11'!C29 -> ( 87.4) | D28: ='[2]Annex-11'!D29 -> ( 9.2) | E28: ='[2]Annex-11'!E29 -> ( 1.1) | F28: ='[2]Annex-11'!F29 -> ( 97.7) | G28: ='[2]Annex-11'!G29 -> ( 1.1) | H28: ='[2]Annex-11'!H29 -> ( 0.0) | I28: ='[2]Annex-11'!I29 -> ( 0.0) | J28: ='[2]Annex-11'!J29 -> ( 1.1) | ... P28: ='[2]Annex-11'!P29 -> ( 2.3)
A29: =common!$I$5 -> RABI II 2023-24
A30: ='[2]Annex-11'!A31 -> CENTRAL | B30: ='[2]Annex-11'!B31&" " -> 35 | C30: ='[2]Annex-11'!C31&" " -> 30 | D30: ='[2]Annex-11'!D31&" " -> 4 | E30: ='[2]Annex-11'!E31&" " -> 0 | F30: ='[2]Annex-11'!F31&" " -> 34 | G30: ='[2]Annex-11'!G31&" " -> 0 | H30: ='[2]Annex-11'!H31&" " -> 0 | I30: ='[2]Annex-11'!I31&" " -> 0 | ... P30: ='[2]Annex-11'!P31&" " -> 1
A31: ='[2]Annex-11'!A32 -> (%) | C31: ='[2]Annex-11'!C32 -> ( 85.7) | D31: ='[2]Annex-11'!D32 -> ( 11.4) | E31: ='[2]Annex-11'!E32 -> ( 0.0) | F31: ='[2]Annex-11'!F32 -> ( 97.1) | G31: ='[2]Annex-11'!G32 -> ( 0.0) | H31: ='[2]Annex-11'!H32 -> ( 0.0) | I31: ='[2]Annex-11'!I32 -> ( 0.0) | J31: ='[2]Annex-11'!J32 -> ( 2.9) | ... P31: ='[2]Annex-11'!P32 -> ( 2.9)
A32: ='[2]Annex-11'!A33 -> STATE | B32: ='[2]Annex-11'!B33&" " -> 44 | C32: ='[2]Annex-11'!C33&" " -> 31 | D32: ='[2]Annex-11'!D33&" " -> 13 | E32: ='[2]Annex-11'!E33&" " -> 0 | F32: ='[2]Annex-11'!F33&" " -> 44 | G32: ='[2]Annex-11'!G33&" " -> 0 | H32: ='[2]Annex-11'!H33&" " -> 0 | I32: ='[2]Annex-11'!I33&" " -> 0 | ... P32: ='[2]Annex-11'!P33&" " -> 0
A33: ='[2]Annex-11'!A34 -> (%) | C33: ='[2]Annex-11'!C34 -> ( 70.5) | D33: ='[2]Annex-11'!D34 -> ( 29.5) | E33: ='[2]Annex-11'!E34 -> ( 0.0) | F33: ='[2]Annex-11'!F34 -> ( 100.0) | G33: ='[2]Annex-11'!G34 -> ( 0.0) | H33: ='[2]Annex-11'!H34 -> ( 0.0) | I33: ='[2]Annex-11'!I34 -> ( 0.0) | J33: ='[2]Annex-11'!J34 -> ( 0.0) | ... P33: ='[2]Annex-11'!P34 -> ( 0.0)
A34: ='[2]Annex-11'!A35 -> POOLED | B34: ='[2]Annex-11'!B35&" " -> 79 | C34: ='[2]Annex-11'!C35&" " -> 61 | D34: ='[2]Annex-11'!D35&" " -> 17 | E34: ='[2]Annex-11'!E35&" " -> 0 | F34: ='[2]Annex-11'!F35&" " -> 78 | G34: ='[2]Annex-11'!G35&" " -> 0 | H34: ='[2]Annex-11'!H35&" " -> 0 | I34: ='[2]Annex-11'!I35&" " -> 0 | ... P34: ='[2]Annex-11'!P35&" " -> 1
