Workbook

Sheet BD CY
A1: ='[1]RC-2'!A1 -> RC | B1: ='[1]RC-2'!B1 -> ST | C1: ='[1]RC-2'!C1 -> YR | D1: ='[1]RC-2'!D1 -> SESON | E1: ='[1]RC-2'!E1 -> STAT | F1: ='[1]RC-2'!F1 -> DIST | G1: ='[1]RC-2'!G1 -> STRA | H1: ='[1]RC-2'!H1 -> VILL | ... Q1: ='[1]RC-2'!Q1 -> ARPI
A2: ='[1]RC-2'!A2 -> 2 | B2: ='[1]RC-2'!B2 -> 1 | C2: ='[1]RC-2'!C2 -> 2025 | D2: ='[1]RC-2'!D2 -> 4 | E2: ='[1]RC-2'!E2 -> 34 | F2: ='[1]RC-2'!F2 -> 2 | G2: ='[1]RC-2'!G2 -> 1 | H2: ='[1]RC-2'!H2 -> 1 | ... Q2: ='[1]RC-2'!Q2 -> 0
A3: ='[1]RC-2'!A3 -> 2 | B3: ='[1]RC-2'!B3 -> 1 | C3: ='[1]RC-2'!C3 -> 2025 | D3: ='[1]RC-2'!D3 -> 4 | E3: ='[1]RC-2'!E3 -> 34 | F3: ='[1]RC-2'!F3 -> 2 | G3: ='[1]RC-2'!G3 -> 1 | H3: ='[1]RC-2'!H3 -> 2 | ... Q3: ='[1]RC-2'!Q3 -> 0
A4: ='[1]RC-2'!A4 -> 2 | B4: ='[1]RC-2'!B4 -> 1 | C4: ='[1]RC-2'!C4 -> 2025 | D4: ='[1]RC-2'!D4 -> 4 | E4: ='[1]RC-2'!E4 -> 34 | F4: ='[1]RC-2'!F4 -> 2 | G4: ='[1]RC-2'!G4 -> 1 | H4: ='[1]RC-2'!H4 -> 3 | ... Q4: ='[1]RC-2'!Q4 -> 0
A5: ='[1]RC-2'!A5 -> 2 | B5: ='[1]RC-2'!B5 -> 1 | C5: ='[1]RC-2'!C5 -> 2025 | D5: ='[1]RC-2'!D5 -> 4 | E5: ='[1]RC-2'!E5 -> 34 | F5: ='[1]RC-2'!F5 -> 2 | G5: ='[1]RC-2'!G5 -> 2 | H5: ='[1]RC-2'!H5 -> 1 | ... Q5: ='[1]RC-2'!Q5 -> 0
A6: ='[1]RC-2'!A6 -> 2 | B6: ='[1]RC-2'!B6 -> 1 | C6: ='[1]RC-2'!C6 -> 2025 | D6: ='[1]RC-2'!D6 -> 4 | E6: ='[1]RC-2'!E6 -> 34 | F6: ='[1]RC-2'!F6 -> 2 | G6: ='[1]RC-2'!G6 -> 2 | H6: ='[1]RC-2'!H6 -> 1 | ... Q6: ='[1]RC-2'!Q6 -> 0.8858
A7: ='[1]RC-2'!A7 -> 2 | B7: ='[1]RC-2'!B7 -> 1 | C7: ='[1]RC-2'!C7 -> 2025 | D7: ='[1]RC-2'!D7 -> 4 | E7: ='[1]RC-2'!E7 -> 34 | F7: ='[1]RC-2'!F7 -> 2 | G7: ='[1]RC-2'!G7 -> 2 | H7: ='[1]RC-2'!H7 -> 2 | ... Q7: ='[1]RC-2'!Q7 -> 0
A8: ='[1]RC-2'!A8 -> 2 | B8: ='[1]RC-2'!B8 -> 1 | C8: ='[1]RC-2'!C8 -> 2025 | D8: ='[1]RC-2'!D8 -> 4 | E8: ='[1]RC-2'!E8 -> 34 | F8: ='[1]RC-2'!F8 -> 2 | G8: ='[1]RC-2'!G8 -> 2 | H8: ='[1]RC-2'!H8 -> 2 | ... Q8: ='[1]RC-2'!Q8 -> 0.855
A9: ='[1]RC-2'!A9 -> 2 | B9: ='[1]RC-2'!B9 -> 1 | C9: ='[1]RC-2'!C9 -> 2025 | D9: ='[1]RC-2'!D9 -> 4 | E9: ='[1]RC-2'!E9 -> 34 | F9: ='[1]RC-2'!F9 -> 2 | G9: ='[1]RC-2'!G9 -> 2 | H9: ='[1]RC-2'!H9 -> 3 | ... Q9: ='[1]RC-2'!Q9 -> 0
A10: ='[1]RC-2'!A10 -> 2 | B10: ='[1]RC-2'!B10 -> 1 | C10: ='[1]RC-2'!C10 -> 2025 | D10: ='[1]RC-2'!D10 -> 4 | E10: ='[1]RC-2'!E10 -> 34 | F10: ='[1]RC-2'!F10 -> 2 | G10: ='[1]RC-2'!G10 -> 2 | H10: ='[1]RC-2'!H10 -> 3 | ... Q10: ='[1]RC-2'!Q10 -> 0.84
A11: ='[1]RC-2'!A11 -> 2 | B11: ='[1]RC-2'!B11 -> 1 | C11: ='[1]RC-2'!C11 -> 2025 | D11: ='[1]RC-2'!D11 -> 4 | E11: ='[1]RC-2'!E11 -> 34 | F11: ='[1]RC-2'!F11 -> 4 | G11: ='[1]RC-2'!G11 -> 1 | H11: ='[1]RC-2'!H11 -> 1 | ... Q11: ='[1]RC-2'!Q11 -> 0
A12: ='[1]RC-2'!A12 -> 2 | B12: ='[1]RC-2'!B12 -> 1 | C12: ='[1]RC-2'!C12 -> 2025 | D12: ='[1]RC-2'!D12 -> 4 | E12: ='[1]RC-2'!E12 -> 34 | F12: ='[1]RC-2'!F12 -> 4 | G12: ='[1]RC-2'!G12 -> 1 | H12: ='[1]RC-2'!H12 -> 1 | ... Q12: ='[1]RC-2'!Q12 -> 0.594
... A5000: ='[1]RC-2'!A5000 -> 0 | B5000: ='[1]RC-2'!B5000 -> 0 | C5000: ='[1]RC-2'!C5000 -> 0 | D5000: ='[1]RC-2'!D5000 -> 0 | E5000: ='[1]RC-2'!E5000 -> 0 | F5000: ='[1]RC-2'!F5000 -> 0 | G5000: ='[1]RC-2'!G5000 -> 0 | H5000: ='[1]RC-2'!H5000 -> 0 | ... Q5000: ='[1]RC-2'!Q5000 -> 0

Sheet BD PY
A1: ='[2]RC-2(PY)'!A1 -> RC | B1: ='[2]RC-2(PY)'!B1 -> ST | C1: ='[2]RC-2(PY)'!C1 -> YR | D1: ='[2]RC-2(PY)'!D1 -> SESON | E1: ='[2]RC-2(PY)'!E1 -> STAT | F1: ='[2]RC-2(PY)'!F1 -> DIST | G1: ='[2]RC-2(PY)'!G1 -> STRA | H1: ='[2]RC-2(PY)'!H1 -> VILL | ... Q1: ='[2]RC-2(PY)'!Q1 -> ARPI
A2: ='[2]RC-2(PY)'!A2 -> 2 | B2: ='[2]RC-2(PY)'!B2 -> 1 | C2: ='[2]RC-2(PY)'!C2 -> 2024 | D2: ='[2]RC-2(PY)'!D2 -> 4 | E2: ='[2]RC-2(PY)'!E2 -> 34 | F2: ='[2]RC-2(PY)'!F2 -> 2 | G2: ='[2]RC-2(PY)'!G2 -> 1 | H2: ='[2]RC-2(PY)'!H2 -> 1 | ... Q2: ='[2]RC-2(PY)'!Q2 -> 0
A3: ='[2]RC-2(PY)'!A3 -> 2 | B3: ='[2]RC-2(PY)'!B3 -> 1 | C3: ='[2]RC-2(PY)'!C3 -> 2024 | D3: ='[2]RC-2(PY)'!D3 -> 4 | E3: ='[2]RC-2(PY)'!E3 -> 34 | F3: ='[2]RC-2(PY)'!F3 -> 2 | G3: ='[2]RC-2(PY)'!G3 -> 1 | H3: ='[2]RC-2(PY)'!H3 -> 1 | ... Q3: ='[2]RC-2(PY)'!Q3 -> 3.785
A4: ='[2]RC-2(PY)'!A4 -> 2 | B4: ='[2]RC-2(PY)'!B4 -> 1 | C4: ='[2]RC-2(PY)'!C4 -> 2024 | D4: ='[2]RC-2(PY)'!D4 -> 4 | E4: ='[2]RC-2(PY)'!E4 -> 34 | F4: ='[2]RC-2(PY)'!F4 -> 2 | G4: ='[2]RC-2(PY)'!G4 -> 1 | H4: ='[2]RC-2(PY)'!H4 -> 1 | ... Q4: ='[2]RC-2(PY)'!Q4 -> 3.785
A5: ='[2]RC-2(PY)'!A5 -> 2 | B5: ='[2]RC-2(PY)'!B5 -> 1 | C5: ='[2]RC-2(PY)'!C5 -> 2024 | D5: ='[2]RC-2(PY)'!D5 -> 4 | E5: ='[2]RC-2(PY)'!E5 -> 34 | F5: ='[2]RC-2(PY)'!F5 -> 2 | G5: ='[2]RC-2(PY)'!G5 -> 1 | H5: ='[2]RC-2(PY)'!H5 -> 2 | ... Q5: ='[2]RC-2(PY)'!Q5 -> 0
A6: ='[2]RC-2(PY)'!A6 -> 2 | B6: ='[2]RC-2(PY)'!B6 -> 1 | C6: ='[2]RC-2(PY)'!C6 -> 2024 | D6: ='[2]RC-2(PY)'!D6 -> 4 | E6: ='[2]RC-2(PY)'!E6 -> 34 | F6: ='[2]RC-2(PY)'!F6 -> 2 | G6: ='[2]RC-2(PY)'!G6 -> 1 | H6: ='[2]RC-2(PY)'!H6 -> 2 | ... Q6: ='[2]RC-2(PY)'!Q6 -> 0.735
A7: ='[2]RC-2(PY)'!A7 -> 2 | B7: ='[2]RC-2(PY)'!B7 -> 1 | C7: ='[2]RC-2(PY)'!C7 -> 2024 | D7: ='[2]RC-2(PY)'!D7 -> 4 | E7: ='[2]RC-2(PY)'!E7 -> 34 | F7: ='[2]RC-2(PY)'!F7 -> 2 | G7: ='[2]RC-2(PY)'!G7 -> 1 | H7: ='[2]RC-2(PY)'!H7 -> 3 | ... Q7: ='[2]RC-2(PY)'!Q7 -> 0
A8: ='[2]RC-2(PY)'!A8 -> 2 | B8: ='[2]RC-2(PY)'!B8 -> 1 | C8: ='[2]RC-2(PY)'!C8 -> 2024 | D8: ='[2]RC-2(PY)'!D8 -> 4 | E8: ='[2]RC-2(PY)'!E8 -> 34 | F8: ='[2]RC-2(PY)'!F8 -> 2 | G8: ='[2]RC-2(PY)'!G8 -> 2 | H8: ='[2]RC-2(PY)'!H8 -> 1 | ... Q8: ='[2]RC-2(PY)'!Q8 -> 0
A9: ='[2]RC-2(PY)'!A9 -> 2 | B9: ='[2]RC-2(PY)'!B9 -> 1 | C9: ='[2]RC-2(PY)'!C9 -> 2024 | D9: ='[2]RC-2(PY)'!D9 -> 4 | E9: ='[2]RC-2(PY)'!E9 -> 34 | F9: ='[2]RC-2(PY)'!F9 -> 2 | G9: ='[2]RC-2(PY)'!G9 -> 2 | H9: ='[2]RC-2(PY)'!H9 -> 1 | ... Q9: ='[2]RC-2(PY)'!Q9 -> 1.9
A10: ='[2]RC-2(PY)'!A10 -> 2 | B10: ='[2]RC-2(PY)'!B10 -> 1 | C10: ='[2]RC-2(PY)'!C10 -> 2024 | D10: ='[2]RC-2(PY)'!D10 -> 4 | E10: ='[2]RC-2(PY)'!E10 -> 34 | F10: ='[2]RC-2(PY)'!F10 -> 2 | G10: ='[2]RC-2(PY)'!G10 -> 2 | H10: ='[2]RC-2(PY)'!H10 -> 1 | ... Q10: ='[2]RC-2(PY)'!Q10 -> 1.62
A11: ='[2]RC-2(PY)'!A11 -> 2 | B11: ='[2]RC-2(PY)'!B11 -> 1 | C11: ='[2]RC-2(PY)'!C11 -> 2024 | D11: ='[2]RC-2(PY)'!D11 -> 4 | E11: ='[2]RC-2(PY)'!E11 -> 34 | F11: ='[2]RC-2(PY)'!F11 -> 2 | G11: ='[2]RC-2(PY)'!G11 -> 2 | H11: ='[2]RC-2(PY)'!H11 -> 2 | ... Q11: ='[2]RC-2(PY)'!Q11 -> 0
A12: ='[2]RC-2(PY)'!A12 -> 2 | B12: ='[2]RC-2(PY)'!B12 -> 1 | C12: ='[2]RC-2(PY)'!C12 -> 2024 | D12: ='[2]RC-2(PY)'!D12 -> 4 | E12: ='[2]RC-2(PY)'!E12 -> 34 | F12: ='[2]RC-2(PY)'!F12 -> 2 | G12: ='[2]RC-2(PY)'!G12 -> 2 | H12: ='[2]RC-2(PY)'!H12 -> 2 | ... Q12: ='[2]RC-2(PY)'!Q12 -> 0.76
... A5000: ='[2]RC-2(PY)'!A5000 -> 0 | B5000: ='[2]RC-2(PY)'!B5000 -> 0 | C5000: ='[2]RC-2(PY)'!C5000 -> 0 | D5000: ='[2]RC-2(PY)'!D5000 -> 0 | E5000: ='[2]RC-2(PY)'!E5000 -> 0 | F5000: ='[2]RC-2(PY)'!F5000 -> 0 | G5000: ='[2]RC-2(PY)'!G5000 -> 0 | H5000: ='[2]RC-2(PY)'!H5000 -> 0 | ... Q5000: ='[2]RC-2(PY)'!Q5000 -> 0

Sheet Crops CY
A1: =[1]Crops!A1 -> STATE | B1: =[1]Crops!B1 -> Code | C1: =[1]Crops!C1 -> Sample Type | D1: =[1]Crops!D1 -> code
A2: =[1]Crops!A2 -> PUDUCHERRY | B2: =[1]Crops!B2 -> 34 | C2: =[1]Crops!C2 -> CENTRAL | D2: =[1]Crops!D2 -> 1 | F2: Don't cut/delete the cell
A3: =[1]Crops!A3 -> YEAR | B3: =[1]Crops!B3 -> 0 | C3: =[1]Crops!C3 -> STATE | D3: =[1]Crops!D3 -> 2
A4: =[1]Crops!A4 -> Season | B4: =[1]Crops!B4 -> code | C4: =[1]Crops!C4 -> Season | D4: =[1]Crops!D4 -> code
A5: =[1]Crops!A5 -> RABI I | B5: =[1]Crops!B5 -> 4 | C5: =[1]Crops!C5 -> RABI II | D5: =[1]Crops!D5 -> 5
A6: =[1]Crops!A6 -> Crop | B6: =[1]Crops!B6 -> Code | C6: =[1]Crops!C6 -> Crop | D6: =[1]Crops!D6 -> Code
A7: =[1]Crops!A7 -> PADDY | B7: =[1]Crops!B7 -> 97 | C7: =[1]Crops!C7 -> PADDY | D7: =[1]Crops!D7 -> 98
A8: =[1]Crops!A8 -> OTHERS | B8: =[1]Crops!B8 -> 99 | C8: =[1]Crops!C8 -> OTHERS | D8: =[1]Crops!D8 -> 99
A9: =[1]Crops!A9 -> 0 | B9: =[1]Crops!B9 -> 0 | C9: =[1]Crops!C9 -> 0 | D9: =[1]Crops!D9 -> 0
A10: =[1]Crops!A10 -> 0 | B10: =[1]Crops!B10 -> 0 | C10: =[1]Crops!C10 -> 0 | D10: =[1]Crops!D10 -> 0
A11: =[1]Crops!A11 -> 0 | B11: =[1]Crops!B11 -> 0 | C11: =[1]Crops!C11 -> 0 | D11: =[1]Crops!D11 -> 0
A12: =[1]Crops!A12 -> 0 | B12: =[1]Crops!B12 -> 0 | C12: =[1]Crops!C12 -> 0 | D12: =[1]Crops!D12 -> 0
A13: =[1]Crops!A13 -> 0 | B13: =[1]Crops!B13 -> 0 | C13: =[1]Crops!C13 -> 0 | D13: =[1]Crops!D13 -> 0
A14: =[1]Crops!A14 -> 0 | B14: =[1]Crops!B14 -> 0 | C14: =[1]Crops!C14 -> 0 | D14: =[1]Crops!D14 -> 0
... A21: =[1]Crops!A21 -> 0 | B21: =[1]Crops!B21 -> 0 | C21: =[1]Crops!C21 -> 0 | D21: =[1]Crops!D21 -> 0

Sheet Crops PY
A1: ='[2]Crops(PY)'!A1 -> STATE | B1: ='[2]Crops(PY)'!B1 -> Code | C1: ='[2]Crops(PY)'!C1 -> Sample Type | D1: ='[2]Crops(PY)'!D1 -> code
A2: ='[2]Crops(PY)'!A2 -> PUDUCHERRY | B2: ='[2]Crops(PY)'!B2 -> 34 | C2: ='[2]Crops(PY)'!C2 -> CENTRAL | D2: ='[2]Crops(PY)'!D2 -> 1 | F2: Don't cut/delete the cell
A3: ='[2]Crops(PY)'!A3 -> YEAR | B3: ='[2]Crops(PY)'!B3 -> 0 | C3: ='[2]Crops(PY)'!C3 -> STATE | D3: ='[2]Crops(PY)'!D3 -> 2
A4: ='[2]Crops(PY)'!A4 -> Season | B4: ='[2]Crops(PY)'!B4 -> code | C4: ='[2]Crops(PY)'!C4 -> Season | D4: ='[2]Crops(PY)'!D4 -> code
A5: ='[2]Crops(PY)'!A5 -> RABI I | B5: ='[2]Crops(PY)'!B5 -> 4 | C5: ='[2]Crops(PY)'!C5 -> RABI II | D5: ='[2]Crops(PY)'!D5 -> 5
A6: ='[2]Crops(PY)'!A6 -> Crop | B6: ='[2]Crops(PY)'!B6 -> Code | C6: ='[2]Crops(PY)'!C6 -> Crop | D6: ='[2]Crops(PY)'!D6 -> Code
A7: ='[2]Crops(PY)'!A7 -> PADDY | B7: ='[2]Crops(PY)'!B7 -> 97 | C7: ='[2]Crops(PY)'!C7 -> PADDY | D7: ='[2]Crops(PY)'!D7 -> 98
A8: ='[2]Crops(PY)'!A8 -> OTHERS | B8: ='[2]Crops(PY)'!B8 -> 99 | C8: ='[2]Crops(PY)'!C8 -> OTHERS | D8: ='[2]Crops(PY)'!D8 -> 99
A9: ='[2]Crops(PY)'!A9 -> 0 | B9: ='[2]Crops(PY)'!B9 -> 0 | C9: ='[2]Crops(PY)'!C9 -> 0 | D9: ='[2]Crops(PY)'!D9 -> 0
A10: ='[2]Crops(PY)'!A10 -> 0 | B10: ='[2]Crops(PY)'!B10 -> 0 | C10: ='[2]Crops(PY)'!C10 -> 0 | D10: ='[2]Crops(PY)'!D10 -> 0
A11: ='[2]Crops(PY)'!A11 -> 0 | B11: ='[2]Crops(PY)'!B11 -> 0 | C11: ='[2]Crops(PY)'!C11 -> 0 | D11: ='[2]Crops(PY)'!D11 -> 0
A12: ='[2]Crops(PY)'!A12 -> 0 | B12: ='[2]Crops(PY)'!B12 -> 0 | C12: ='[2]Crops(PY)'!C12 -> 0 | D12: ='[2]Crops(PY)'!D12 -> 0
A13: ='[2]Crops(PY)'!A13 -> 0 | B13: ='[2]Crops(PY)'!B13 -> 0 | C13: ='[2]Crops(PY)'!C13 -> 0 | D13: ='[2]Crops(PY)'!D13 -> 0
A14: ='[2]Crops(PY)'!A14 -> 0 | B14: ='[2]Crops(PY)'!B14 -> 0 | C14: ='[2]Crops(PY)'!C14 -> 0 | D14: ='[2]Crops(PY)'!D14 -> 0
... A21: ='[2]Crops(PY)'!A21 -> 0 | B21: ='[2]Crops(PY)'!B21 -> 0 | C21: ='[2]Crops(PY)'!C21 -> 0 | D21: ='[2]Crops(PY)'!D21 -> 0

Sheet Annex-8
A2: A-10 | N2: TABLE-11(A):CROPWISE COMPARISON OF ENTRIES BY SUPERVISOR AND PATWARI OF CROP AREAS AS PER IRRIGATION AND SEED VARIETY. | AI2: TABLE-11(A):CROPWISE COMPARISON OF ENTRIES BY SUPERVISOR AND PATWARI OF CROP AREAS AS PER IRRIGATION AND SEED VARIETY.
A3: ="STATE:"& 'Crops CY'!$A$2 -> STATE:PUDUCHERRY | G3: ANNEX-VIII | N3: STATE: | O3: MAHARASHTRA(27) | S3: YEAR: | U3: 2014-15 | Y3: SEASON: | Z3: KHARIF(1) | AD3: SAMPLE: | AF3: CENTRAL(1) | AI3: STATE: | AJ3: MAHARASHTRA(27) | AN3: YEAR: | AP3: 2014-15 | AT3: SEASON: | AU3: KHARIF(1) | AY3: SAMPLE: | BA3: STATE(2)
A4: ="IMPACT OF DISCREPANCIES IN RECORDING AREA UNDER CROPS DURING"&" "& 'Crops CY'!$B$3 &" AND "& 'Crops PY'!$B$3&"." -> IMPACT OF DISCREPANCIES IN RECORDING AREA UNDER CROPS DURING 0 AND 0. | N4: CROP | O4: NO. OF VILLAGE REPORTING CROP | R4: COMPARISON AS PER IRRIGATION PARTICULARS | X4: COL (8-5)/5 *100 | Y4: COL (10-7)/7 *100 | Z4: COL (10)/7 (0.0000) | AA4: COMPARISON AS PER VARIETY OF SEED | AG4: COL (17-14)/14 *100 | AI4: CROP | AJ4: NO. OF VILLAGE REPORTING CROP | AM4: COMPARISON AS PER IRRIGATION PARTICULARS | AS4: COL (8-5)/5 *100 | AT4: COL (10-7)/7 *100 | AU4: COL (10)/7 (0.0000) | AV4: COMPARISON AS PER VARIETY OF SEED | BB4: COL (17-14)/14 *100
A5: SEASON / CROP | B5: AREA IN HECTARES AS OBSERVED IN SAMPLE CLUSTERS | R5: AREA UNDER CROP (0.00)HA | AA5: AREA UNDER CROP (0.00)HA | AM5: AREA UNDER CROP (0.00)HA | AV5: AREA UNDER CROP (0.00)HA
B6: CENTRAL SAMPLE | D6: STATE SAMPLE | F6: POOLED SAMPLE | I6: IMPACT OF DISCRIPANCIES (b-a/a)*100 (POOLED SAMPLE ONLY) | R6: AS PER SUPERVISOR | U6: AS PER PATWARIES | AA6: AS PER SUPERVISOR | AD6: AS PER PATWARIES | AM6: AS PER SUPERVISOR | AP6: AS PER PATWARIES | AV6: AS PER SUPERVISOR | AY6: AS PER PATWARIES
B7: AS PER SUPERVISOR | C7: AS PER PATWARI | D7: AS PER SUPERVISOR | E7: AS PER PATWARI | F7: AS PER SUPERVISOR | G7: AS PER PATWARI | O7: TOTAL | P7: IRR | Q7: HY | R7: IRR | S7: UN-IRR | T7: TOTAL | U7: IRR | V7: UN-IRR | W7: TOTAL | AA7: HY | AB7: LOCAL | AC7: TOTAL | AD7: HY | AE7: LOCAL | AF7: TOTAL | AJ7: TOTAL | AK7: IRR | AL7: HY | AM7: IRR | AN7: UN-IRR | AO7: TOTAL | AP7: IRR | AQ7: UN-IRR | AR7: TOTAL | AV7: HY | AW7: LOCAL | AX7: TOTAL | AY7: HY | AZ7: LOCAL | BA7: TOTAL
A8: (1) | B8: (2) | C8: (3) | D8: (4) | E8: (5) | F8: (6) | G8: (7) | I8: (8) | N8: 1 | O8: 2 | P8: 3 | Q8: 4 | R8: 5 | S8: 6 | T8: 7 | U8: 8 | V8: 9 | W8: 10 | X8: 11 | Y8: 12 | Z8: 13 | AA8: 14 | AB8: 15 | AC8: 16 | AD8: 17 | AE8: 18 | AF8: 19 | AG8: 20 | AI8: 1 | AJ8: 2 | AK8: 3 | AL8: 4 | AM8: 5 | AN8: 6 | AO8: 7 | AP8: 8 | AQ8: 9 | AR8: 10 | AS8: 11 | AT8: 12 | AU8: 13 | AV8: 14 | AW8: 15 | AX8: 16 | AY8: 17 | AZ8: 18 | BA8: 19 | BB8: 20
A9: ='Crops CY'!$A$5&" - "&'Crops CY'!$B$3 -> RABI I - 0 | N9: ='Crops CY'!$A$5&" - "&'Crops CY'!$B$3 -> RABI I - 0
A10: =N10 -> PADDY(97) | B10: =T10 -> 4.459 | C10: =W10 -> 4.589 | D10: =AO10 -> 15.6192 | E10: =AR10 -> 15.5092 | F10: =IF($A10="","",B10+D10) -> 20.0782 | G10: =IF($A10="","",C10+E10) -> 20.0982 | H10: =IF($A10="","",IF(F10=0,0,(G10-F10)*100/F10)) -> 0.099610523 | I10: =IF($A10="","",IF(H10<0,"(-)"&ROUND(ABS(H10),2),ROUND(H10,2))) -> 0.1 | N10: ='[3]Table-11(a)-O'!A9 -> PADDY(97) | O10: ='[3]Table-11(a)-O'!B9 -> 3 | P10: ='[3]Table-11(a)-O'!C9 -> 3 | Q10: ='[3]Table-11(a)-O'!D9 -> 3 | R10: ='[3]Table-11(a)-O'!E9 -> 4.459 | S10: ='[3]Table-11(a)-O'!F9 -> 0 | T10: ='[3]Table-11(a)-O'!G9 -> 4.459 | U10: ='[3]Table-11(a)-O'!H9 -> 4.589 | ... AG10: ='[3]Table-11(a)-O'!T9 -> 2.9154519 | AI10: ='[3]Table-11(a)-O'!V9 -> PADDY(97) | AJ10: ='[3]Table-11(a)-O'!W9 -> 8 | AK10: ='[3]Table-11(a)-O'!X9 -> 8 | AL10: ='[3]Table-11(a)-O'!Y9 -> 8 | AM10: ='[3]Table-11(a)-O'!Z9 -> 15.6192 | AN10: ='[3]Table-11(a)-O'!AA9 -> 0 | AO10: ='[3]Table-11(a)-O'!AB9 -> 15.6192 | AP10: ='[3]Table-11(a)-O'!AC9 -> 15.5092 | ... BB10: ='[3]Table-11(a)-O'!AO9 -> 0.70426142
A11: =N11 -> OTHERS(99) | B11: =T11 -> 1.7258 | C11: =W11 -> 2.5933 | D11: =AO11 -> 5.8897 | E11: =AR11 -> 5.9897 | F11: =IF($A11="","",B11+D11) -> 7.6155 | G11: =IF($A11="","",C11+E11) -> 8.583 | H11: =IF($A11="","",IF(F11=0,0,(G11-F11)*100/F11)) -> 12.704353 | I11: =IF($A11="","",IF(H11<0,"(-)"&ROUND(ABS(H11),2),ROUND(H11,2))) -> 12.7 | N11: ='[3]Table-11(a)-O'!A10 -> OTHERS(99) | O11: ='[3]Table-11(a)-O'!B10 -> 4 | P11: ='[3]Table-11(a)-O'!C10 -> 4 | Q11: ='[3]Table-11(a)-O'!D10 -> 4 | R11: ='[3]Table-11(a)-O'!E10 -> 1.7258 | S11: ='[3]Table-11(a)-O'!F10 -> 0 | T11: ='[3]Table-11(a)-O'!G10 -> 1.7258 | U11: ='[3]Table-11(a)-O'!H10 -> 2.5908 | ... AG11: ='[3]Table-11(a)-O'!T10 -> 50.266543 | AI11: ='[3]Table-11(a)-O'!V10 -> OTHERS(99) | AJ11: ='[3]Table-11(a)-O'!W10 -> 7 | AK11: ='[3]Table-11(a)-O'!X10 -> 7 | AL11: ='[3]Table-11(a)-O'!Y10 -> 6 | AM11: ='[3]Table-11(a)-O'!Z10 -> 5.7236 | AN11: ='[3]Table-11(a)-O'!AA10 -> 0.1661 | AO11: ='[3]Table-11(a)-O'!AB10 -> 5.8897 | AP11: ='[3]Table-11(a)-O'!AC10 -> 5.8236 | ... BB11: ='[3]Table-11(a)-O'!AO10 -> 1.7153541
A12: =N12 | B12: =T12 | C12: =W12 | D12: =AO12 | E12: =AR12 | F12: =IF($A12="","",B12+D12) | G12: =IF($A12="","",C12+E12) | H12: =IF($A12="","",IF(F12=0,0,(G12-F12)*100/F12)) | I12: =IF($A12="","",IF(H12<0,"(-)"&ROUND(ABS(H12),2),ROUND(H12,2))) | N12: ='[3]Table-11(a)-O'!A11 | O12: ='[3]Table-11(a)-O'!B11 | P12: ='[3]Table-11(a)-O'!C11 | Q12: ='[3]Table-11(a)-O'!D11 | R12: ='[3]Table-11(a)-O'!E11 | S12: ='[3]Table-11(a)-O'!F11 | T12: ='[3]Table-11(a)-O'!G11 | U12: ='[3]Table-11(a)-O'!H11 | ... AG12: ='[3]Table-11(a)-O'!T11 | AI12: ='[3]Table-11(a)-O'!V11 | AJ12: ='[3]Table-11(a)-O'!W11 | AK12: ='[3]Table-11(a)-O'!X11 | AL12: ='[3]Table-11(a)-O'!Y11 | AM12: ='[3]Table-11(a)-O'!Z11 | AN12: ='[3]Table-11(a)-O'!AA11 | AO12: ='[3]Table-11(a)-O'!AB11 | AP12: ='[3]Table-11(a)-O'!AC11 | ... BB12: ='[3]Table-11(a)-O'!AO11
A13: =N13 | B13: =T13 | C13: =W13 | D13: =AO13 | E13: =AR13 | F13: =IF($A13="","",B13+D13) | G13: =IF($A13="","",C13+E13) | H13: =IF($A13="","",IF(F13=0,0,(G13-F13)*100/F13)) | I13: =IF($A13="","",IF(H13<0,"(-)"&ROUND(ABS(H13),2),ROUND(H13,2))) | N13: ='[3]Table-11(a)-O'!A12 | O13: ='[3]Table-11(a)-O'!B12 | P13: ='[3]Table-11(a)-O'!C12 | Q13: ='[3]Table-11(a)-O'!D12 | R13: ='[3]Table-11(a)-O'!E12 | S13: ='[3]Table-11(a)-O'!F12 | T13: ='[3]Table-11(a)-O'!G12 | U13: ='[3]Table-11(a)-O'!H12 | ... AG13: ='[3]Table-11(a)-O'!T12 | AI13: ='[3]Table-11(a)-O'!V12 | AJ13: ='[3]Table-11(a)-O'!W12 | AK13: ='[3]Table-11(a)-O'!X12 | AL13: ='[3]Table-11(a)-O'!Y12 | AM13: ='[3]Table-11(a)-O'!Z12 | AN13: ='[3]Table-11(a)-O'!AA12 | AO13: ='[3]Table-11(a)-O'!AB12 | AP13: ='[3]Table-11(a)-O'!AC12 | ... BB13: ='[3]Table-11(a)-O'!AO12
A14: =N14 | B14: =T14 | C14: =W14 | D14: =AO14 | E14: =AR14 | F14: =IF($A14="","",B14+D14) | G14: =IF($A14="","",C14+E14) | H14: =IF($A14="","",IF(F14=0,0,(G14-F14)*100/F14)) | I14: =IF($A14="","",IF(H14<0,"(-)"&ROUND(ABS(H14),2),ROUND(H14,2))) | N14: ='[3]Table-11(a)-O'!A13 | O14: ='[3]Table-11(a)-O'!B13 | P14: ='[3]Table-11(a)-O'!C13 | Q14: ='[3]Table-11(a)-O'!D13 | R14: ='[3]Table-11(a)-O'!E13 | S14: ='[3]Table-11(a)-O'!F13 | T14: ='[3]Table-11(a)-O'!G13 | U14: ='[3]Table-11(a)-O'!H13 | ... AG14: ='[3]Table-11(a)-O'!T13 | AI14: ='[3]Table-11(a)-O'!V13 | AJ14: ='[3]Table-11(a)-O'!W13 | AK14: ='[3]Table-11(a)-O'!X13 | AL14: ='[3]Table-11(a)-O'!Y13 | AM14: ='[3]Table-11(a)-O'!Z13 | AN14: ='[3]Table-11(a)-O'!AA13 | AO14: ='[3]Table-11(a)-O'!AB13 | AP14: ='[3]Table-11(a)-O'!AC13 | ... BB14: ='[3]Table-11(a)-O'!AO13
A15: =N15 | B15: =T15 | C15: =W15 | D15: =AO15 | E15: =AR15 | F15: =IF($A15="","",B15+D15) | G15: =IF($A15="","",C15+E15) | H15: =IF($A15="","",IF(F15=0,0,(G15-F15)*100/F15)) | I15: =IF($A15="","",IF(H15<0,"(-)"&ROUND(ABS(H15),2),ROUND(H15,2))) | N15: ='[3]Table-11(a)-O'!A14 | O15: ='[3]Table-11(a)-O'!B14 | P15: ='[3]Table-11(a)-O'!C14 | Q15: ='[3]Table-11(a)-O'!D14 | R15: ='[3]Table-11(a)-O'!E14 | S15: ='[3]Table-11(a)-O'!F14 | T15: ='[3]Table-11(a)-O'!G14 | U15: ='[3]Table-11(a)-O'!H14 | ... AG15: ='[3]Table-11(a)-O'!T14 | AI15: ='[3]Table-11(a)-O'!V14 | AJ15: ='[3]Table-11(a)-O'!W14 | AK15: ='[3]Table-11(a)-O'!X14 | AL15: ='[3]Table-11(a)-O'!Y14 | AM15: ='[3]Table-11(a)-O'!Z14 | AN15: ='[3]Table-11(a)-O'!AA14 | AO15: ='[3]Table-11(a)-O'!AB14 | AP15: ='[3]Table-11(a)-O'!AC14 | ... BB15: ='[3]Table-11(a)-O'!AO14
A16: =N16 | B16: =T16 | C16: =W16 | D16: =AO16 | E16: =AR16 | F16: =IF($A16="","",B16+D16) | G16: =IF($A16="","",C16+E16) | H16: =IF($A16="","",IF(F16=0,0,(G16-F16)*100/F16)) | I16: =IF($A16="","",IF(H16<0,"(-)"&ROUND(ABS(H16),2),ROUND(H16,2))) | N16: ='[3]Table-11(a)-O'!A15 | O16: ='[3]Table-11(a)-O'!B15 | P16: ='[3]Table-11(a)-O'!C15 | Q16: ='[3]Table-11(a)-O'!D15 | R16: ='[3]Table-11(a)-O'!E15 | S16: ='[3]Table-11(a)-O'!F15 | T16: ='[3]Table-11(a)-O'!G15 | U16: ='[3]Table-11(a)-O'!H15 | ... AG16: ='[3]Table-11(a)-O'!T15 | AI16: ='[3]Table-11(a)-O'!V15 | AJ16: ='[3]Table-11(a)-O'!W15 | AK16: ='[3]Table-11(a)-O'!X15 | AL16: ='[3]Table-11(a)-O'!Y15 | AM16: ='[3]Table-11(a)-O'!Z15 | AN16: ='[3]Table-11(a)-O'!AA15 | AO16: ='[3]Table-11(a)-O'!AB15 | AP16: ='[3]Table-11(a)-O'!AC15 | ... BB16: ='[3]Table-11(a)-O'!AO15
A17: =N17 | B17: =T17 | C17: =W17 | D17: =AO17 | E17: =AR17 | F17: =IF($A17="","",B17+D17) | G17: =IF($A17="","",C17+E17) | H17: =IF($A17="","",IF(F17=0,0,(G17-F17)*100/F17)) | I17: =IF($A17="","",IF(H17<0,"(-)"&ROUND(ABS(H17),2),ROUND(H17,2))) | N17: ='[3]Table-11(a)-O'!A16 | O17: ='[3]Table-11(a)-O'!B16 | P17: ='[3]Table-11(a)-O'!C16 | Q17: ='[3]Table-11(a)-O'!D16 | R17: ='[3]Table-11(a)-O'!E16 | S17: ='[3]Table-11(a)-O'!F16 | T17: ='[3]Table-11(a)-O'!G16 | U17: ='[3]Table-11(a)-O'!H16 | ... AG17: ='[3]Table-11(a)-O'!T16 | AI17: ='[3]Table-11(a)-O'!V16 | AJ17: ='[3]Table-11(a)-O'!W16 | AK17: ='[3]Table-11(a)-O'!X16 | AL17: ='[3]Table-11(a)-O'!Y16 | AM17: ='[3]Table-11(a)-O'!Z16 | AN17: ='[3]Table-11(a)-O'!AA16 | AO17: ='[3]Table-11(a)-O'!AB16 | AP17: ='[3]Table-11(a)-O'!AC16 | ... BB17: ='[3]Table-11(a)-O'!AO16
A18: =N18 | B18: =T18 | C18: =W18 | D18: =AO18 | E18: =AR18 | F18: =IF($A18="","",B18+D18) | G18: =IF($A18="","",C18+E18) | H18: =IF($A18="","",IF(F18=0,0,(G18-F18)*100/F18)) | I18: =IF($A18="","",IF(H18<0,"(-)"&ROUND(ABS(H18),2),ROUND(H18,2))) | N18: ='[3]Table-11(a)-O'!A17 | O18: ='[3]Table-11(a)-O'!B17 | P18: ='[3]Table-11(a)-O'!C17 | Q18: ='[3]Table-11(a)-O'!D17 | R18: ='[3]Table-11(a)-O'!E17 | S18: ='[3]Table-11(a)-O'!F17 | T18: ='[3]Table-11(a)-O'!G17 | U18: ='[3]Table-11(a)-O'!H17 | ... AG18: ='[3]Table-11(a)-O'!T17 | AI18: ='[3]Table-11(a)-O'!V17 | AJ18: ='[3]Table-11(a)-O'!W17 | AK18: ='[3]Table-11(a)-O'!X17 | AL18: ='[3]Table-11(a)-O'!Y17 | AM18: ='[3]Table-11(a)-O'!Z17 | AN18: ='[3]Table-11(a)-O'!AA17 | AO18: ='[3]Table-11(a)-O'!AB17 | AP18: ='[3]Table-11(a)-O'!AC17 | ... BB18: ='[3]Table-11(a)-O'!AO17
A19: =N19 | B19: =T19 | C19: =W19 | D19: =AO19 | E19: =AR19 | F19: =IF($A19="","",B19+D19) | G19: =IF($A19="","",C19+E19) | H19: =IF($A19="","",IF(F19=0,0,(G19-F19)*100/F19)) | I19: =IF($A19="","",IF(H19<0,"(-)"&ROUND(ABS(H19),2),ROUND(H19,2))) | N19: ='[3]Table-11(a)-O'!A18 | O19: ='[3]Table-11(a)-O'!B18 | P19: ='[3]Table-11(a)-O'!C18 | Q19: ='[3]Table-11(a)-O'!D18 | R19: ='[3]Table-11(a)-O'!E18 | S19: ='[3]Table-11(a)-O'!F18 | T19: ='[3]Table-11(a)-O'!G18 | U19: ='[3]Table-11(a)-O'!H18 | ... AG19: ='[3]Table-11(a)-O'!T18 | AI19: ='[3]Table-11(a)-O'!V18 | AJ19: ='[3]Table-11(a)-O'!W18 | AK19: ='[3]Table-11(a)-O'!X18 | AL19: ='[3]Table-11(a)-O'!Y18 | AM19: ='[3]Table-11(a)-O'!Z18 | AN19: ='[3]Table-11(a)-O'!AA18 | AO19: ='[3]Table-11(a)-O'!AB18 | AP19: ='[3]Table-11(a)-O'!AC18 | ... BB19: ='[3]Table-11(a)-O'!AO18
A20: =N20 | B20: =T20 | C20: =W20 | D20: =AO20 | E20: =AR20 | F20: =IF($A20="","",B20+D20) | G20: =IF($A20="","",C20+E20) | H20: =IF($A20="","",IF(F20=0,0,(G20-F20)*100/F20)) | I20: =IF($A20="","",IF(H20<0,"(-)"&ROUND(ABS(H20),2),ROUND(H20,2))) | N20: ='[3]Table-11(a)-O'!A19 | O20: ='[3]Table-11(a)-O'!B19 | P20: ='[3]Table-11(a)-O'!C19 | Q20: ='[3]Table-11(a)-O'!D19 | R20: ='[3]Table-11(a)-O'!E19 | S20: ='[3]Table-11(a)-O'!F19 | T20: ='[3]Table-11(a)-O'!G19 | U20: ='[3]Table-11(a)-O'!H19 | ... AG20: ='[3]Table-11(a)-O'!T19 | AI20: ='[3]Table-11(a)-O'!V19 | AJ20: ='[3]Table-11(a)-O'!W19 | AK20: ='[3]Table-11(a)-O'!X19 | AL20: ='[3]Table-11(a)-O'!Y19 | AM20: ='[3]Table-11(a)-O'!Z19 | AN20: ='[3]Table-11(a)-O'!AA19 | AO20: ='[3]Table-11(a)-O'!AB19 | AP20: ='[3]Table-11(a)-O'!AC19 | ... BB20: ='[3]Table-11(a)-O'!AO19
A21: =N21 | B21: =T21 | C21: =W21 | D21: =AO21 | E21: =AR21 | F21: =IF($A21="","",B21+D21) | G21: =IF($A21="","",C21+E21) | H21: =IF($A21="","",IF(F21=0,0,(G21-F21)*100/F21)) | I21: =IF($A21="","",IF(H21<0,"(-)"&ROUND(ABS(H21),2),ROUND(H21,2))) | N21: ='[3]Table-11(a)-O'!A20 | O21: ='[3]Table-11(a)-O'!B20 | P21: ='[3]Table-11(a)-O'!C20 | Q21: ='[3]Table-11(a)-O'!D20 | R21: ='[3]Table-11(a)-O'!E20 | S21: ='[3]Table-11(a)-O'!F20 | T21: ='[3]Table-11(a)-O'!G20 | U21: ='[3]Table-11(a)-O'!H20 | ... AG21: ='[3]Table-11(a)-O'!T20 | AI21: ='[3]Table-11(a)-O'!V20 | AJ21: ='[3]Table-11(a)-O'!W20 | AK21: ='[3]Table-11(a)-O'!X20 | AL21: ='[3]Table-11(a)-O'!Y20 | AM21: ='[3]Table-11(a)-O'!Z20 | AN21: ='[3]Table-11(a)-O'!AA20 | AO21: ='[3]Table-11(a)-O'!AB20 | AP21: ='[3]Table-11(a)-O'!AC20 | ... BB21: ='[3]Table-11(a)-O'!AO20
... A24: =N24 | B24: =T24 | C24: =W24 | D24: =AO24 | E24: =AR24 | F24: =IF($A24="","",B24+D24) | G24: =IF($A24="","",C24+E24) | H24: =IF($A24="","",IF(F24=0,0,(G24-F24)*100/F24)) | I24: =IF($A24="","",IF(H24<0,"(-)"&ROUND(ABS(H24),2),ROUND(H24,2))) | N24: ='[3]Table-11(a)-O'!A23 | O24: ='[3]Table-11(a)-O'!B23 | P24: ='[3]Table-11(a)-O'!C23 | Q24: ='[3]Table-11(a)-O'!D23 | R24: ='[3]Table-11(a)-O'!E23 | S24: ='[3]Table-11(a)-O'!F23 | T24: ='[3]Table-11(a)-O'!G23 | U24: ='[3]Table-11(a)-O'!H23 | ... AG24: ='[3]Table-11(a)-O'!T23 | AI24: ='[3]Table-11(a)-O'!V23 | AJ24: ='[3]Table-11(a)-O'!W23 | AK24: ='[3]Table-11(a)-O'!X23 | AL24: ='[3]Table-11(a)-O'!Y23 | AM24: ='[3]Table-11(a)-O'!Z23 | AN24: ='[3]Table-11(a)-O'!AA23 | AO24: ='[3]Table-11(a)-O'!AB23 | AP24: ='[3]Table-11(a)-O'!AC23 | ... BB24: ='[3]Table-11(a)-O'!AO23
A25: ='Crops CY'!$C$5&" - "&'Crops CY'!$B$3 -> RABI II - 0 | N25: ='Crops CY'!$C$5&" - "&'Crops CY'!$B$3 -> RABI II - 0
A26: =N26 -> PADDY(98) | B26: =T26 -> 0.025 | C26: =W26 -> 0.025 | D26: =AO26 -> 8.785 | E26: =AR26 -> 8.6 | F26: =IF($A26="","",B26+D26) -> 8.81 | G26: =IF($A26="","",C26+E26) -> 8.625 | H26: =IF($A26="","",IF(F26=0,0,(G26-F26)*100/F26)) -> -2.0998865 | I26: =IF($A26="","",IF(H26<0,"(-)"&ROUND(ABS(H26),2),ROUND(H26,2))) -> (-)2.1 | N26: ='[4]Table-11(a)-O'!A9 -> PADDY(98) | O26: ='[4]Table-11(a)-O'!B9 -> 1 | P26: ='[4]Table-11(a)-O'!C9 -> 1 | Q26: ='[4]Table-11(a)-O'!D9 -> 1 | R26: ='[4]Table-11(a)-O'!E9 -> 0.025 | S26: ='[4]Table-11(a)-O'!F9 -> 0 | T26: ='[4]Table-11(a)-O'!G9 -> 0.025 | U26: ='[4]Table-11(a)-O'!H9 -> 0.025 | ... AG26: ='[4]Table-11(a)-O'!T9 -> 0 | AI26: ='[4]Table-11(a)-O'!V9 -> PADDY(98) | AJ26: ='[4]Table-11(a)-O'!W9 -> 5 | AK26: ='[4]Table-11(a)-O'!X9 -> 5 | AL26: ='[4]Table-11(a)-O'!Y9 -> 5 | AM26: ='[4]Table-11(a)-O'!Z9 -> 8.785 | AN26: ='[4]Table-11(a)-O'!AA9 -> 0 | AO26: ='[4]Table-11(a)-O'!AB9 -> 8.785 | AP26: ='[4]Table-11(a)-O'!AC9 -> 8.6 | ... BB26: ='[4]Table-11(a)-O'!AO9 -> 2.1058623
A27: =N27 -> OTHERS(99) | B27: =T27 -> 1.77 | C27: =W27 -> 2.6175 | D27: =AO27 -> 4.4943 | E27: =AR27 -> 4.4943 | F27: =IF($A27="","",B27+D27) -> 6.2643 | G27: =IF($A27="","",C27+E27) -> 7.1118 | H27: =IF($A27="","",IF(F27=0,0,(G27-F27)*100/F27)) -> 13.529046 | I27: =IF($A27="","",IF(H27<0,"(-)"&ROUND(ABS(H27),2),ROUND(H27,2))) -> 13.53 | N27: ='[4]Table-11(a)-O'!A10 -> OTHERS(99) | O27: ='[4]Table-11(a)-O'!B10 -> 4 | P27: ='[4]Table-11(a)-O'!C10 -> 4 | Q27: ='[4]Table-11(a)-O'!D10 -> 4 | R27: ='[4]Table-11(a)-O'!E10 -> 1.77 | S27: ='[4]Table-11(a)-O'!F10 -> 0 | T27: ='[4]Table-11(a)-O'!G10 -> 1.77 | U27: ='[4]Table-11(a)-O'!H10 -> 2.615 | ... AG27: ='[4]Table-11(a)-O'!T10 -> 47.881356 | AI27: ='[4]Table-11(a)-O'!V10 -> OTHERS(99) | AJ27: ='[4]Table-11(a)-O'!W10 -> 7 | AK27: ='[4]Table-11(a)-O'!X10 -> 7 | AL27: ='[4]Table-11(a)-O'!Y10 -> 6 | AM27: ='[4]Table-11(a)-O'!Z10 -> 3.5894 | AN27: ='[4]Table-11(a)-O'!AA10 -> 0.9049 | AO27: ='[4]Table-11(a)-O'!AB10 -> 4.4943 | AP27: ='[4]Table-11(a)-O'!AC10 -> 3.5894 | ... BB27: ='[4]Table-11(a)-O'!AO10 -> 0
A28: =N28 | B28: =T28 | C28: =W28 | D28: =AO28 | E28: =AR28 | F28: =IF($A28="","",B28+D28) | G28: =IF($A28="","",C28+E28) | H28: =IF($A28="","",IF(F28=0,0,(G28-F28)*100/F28)) | I28: =IF($A28="","",IF(H28<0,"(-)"&ROUND(ABS(H28),2),ROUND(H28,2))) | N28: ='[4]Table-11(a)-O'!A11 | O28: ='[4]Table-11(a)-O'!B11 | P28: ='[4]Table-11(a)-O'!C11 | Q28: ='[4]Table-11(a)-O'!D11 | R28: ='[4]Table-11(a)-O'!E11 | S28: ='[4]Table-11(a)-O'!F11 | T28: ='[4]Table-11(a)-O'!G11 | U28: ='[4]Table-11(a)-O'!H11 | ... AG28: ='[4]Table-11(a)-O'!T11 | AI28: ='[4]Table-11(a)-O'!V11 | AJ28: ='[4]Table-11(a)-O'!W11 | AK28: ='[4]Table-11(a)-O'!X11 | AL28: ='[4]Table-11(a)-O'!Y11 | AM28: ='[4]Table-11(a)-O'!Z11 | AN28: ='[4]Table-11(a)-O'!AA11 | AO28: ='[4]Table-11(a)-O'!AB11 | AP28: ='[4]Table-11(a)-O'!AC11 | ... BB28: ='[4]Table-11(a)-O'!AO11
A29: =N29 | B29: =T29 | C29: =W29 | D29: =AO29 | E29: =AR29 | F29: =IF($A29="","",B29+D29) | G29: =IF($A29="","",C29+E29) | H29: =IF($A29="","",IF(F29=0,0,(G29-F29)*100/F29)) | I29: =IF($A29="","",IF(H29<0,"(-)"&ROUND(ABS(H29),2),ROUND(H29,2))) | N29: ='[4]Table-11(a)-O'!A12 | O29: ='[4]Table-11(a)-O'!B12 | P29: ='[4]Table-11(a)-O'!C12 | Q29: ='[4]Table-11(a)-O'!D12 | R29: ='[4]Table-11(a)-O'!E12 | S29: ='[4]Table-11(a)-O'!F12 | T29: ='[4]Table-11(a)-O'!G12 | U29: ='[4]Table-11(a)-O'!H12 | ... AG29: ='[4]Table-11(a)-O'!T12 | AI29: ='[4]Table-11(a)-O'!V12 | AJ29: ='[4]Table-11(a)-O'!W12 | AK29: ='[4]Table-11(a)-O'!X12 | AL29: ='[4]Table-11(a)-O'!Y12 | AM29: ='[4]Table-11(a)-O'!Z12 | AN29: ='[4]Table-11(a)-O'!AA12 | AO29: ='[4]Table-11(a)-O'!AB12 | AP29: ='[4]Table-11(a)-O'!AC12 | ... BB29: ='[4]Table-11(a)-O'!AO12
A30: =N30 | B30: =T30 | C30: =W30 | D30: =AO30 | E30: =AR30 | F30: =IF($A30="","",B30+D30) | G30: =IF($A30="","",C30+E30) | H30: =IF($A30="","",IF(F30=0,0,(G30-F30)*100/F30)) | I30: =IF($A30="","",IF(H30<0,"(-)"&ROUND(ABS(H30),2),ROUND(H30,2))) | N30: ='[4]Table-11(a)-O'!A13 | O30: ='[4]Table-11(a)-O'!B13 | P30: ='[4]Table-11(a)-O'!C13 | Q30: ='[4]Table-11(a)-O'!D13 | R30: ='[4]Table-11(a)-O'!E13 | S30: ='[4]Table-11(a)-O'!F13 | T30: ='[4]Table-11(a)-O'!G13 | U30: ='[4]Table-11(a)-O'!H13 | ... AG30: ='[4]Table-11(a)-O'!T13 | AI30: ='[4]Table-11(a)-O'!V13 | AJ30: ='[4]Table-11(a)-O'!W13 | AK30: ='[4]Table-11(a)-O'!X13 | AL30: ='[4]Table-11(a)-O'!Y13 | AM30: ='[4]Table-11(a)-O'!Z13 | AN30: ='[4]Table-11(a)-O'!AA13 | AO30: ='[4]Table-11(a)-O'!AB13 | AP30: ='[4]Table-11(a)-O'!AC13 | ... BB30: ='[4]Table-11(a)-O'!AO13
A31: =N31 | B31: =T31 | C31: =W31 | D31: =AO31 | E31: =AR31 | F31: =IF($A31="","",B31+D31) | G31: =IF($A31="","",C31+E31) | H31: =IF($A31="","",IF(F31=0,0,(G31-F31)*100/F31)) | I31: =IF($A31="","",IF(H31<0,"(-)"&ROUND(ABS(H31),2),ROUND(H31,2))) | N31: ='[4]Table-11(a)-O'!A14 | O31: ='[4]Table-11(a)-O'!B14 | P31: ='[4]Table-11(a)-O'!C14 | Q31: ='[4]Table-11(a)-O'!D14 | R31: ='[4]Table-11(a)-O'!E14 | S31: ='[4]Table-11(a)-O'!F14 | T31: ='[4]Table-11(a)-O'!G14 | U31: ='[4]Table-11(a)-O'!H14 | ... AG31: ='[4]Table-11(a)-O'!T14 | AI31: ='[4]Table-11(a)-O'!V14 | AJ31: ='[4]Table-11(a)-O'!W14 | AK31: ='[4]Table-11(a)-O'!X14 | AL31: ='[4]Table-11(a)-O'!Y14 | AM31: ='[4]Table-11(a)-O'!Z14 | AN31: ='[4]Table-11(a)-O'!AA14 | AO31: ='[4]Table-11(a)-O'!AB14 | AP31: ='[4]Table-11(a)-O'!AC14 | ... BB31: ='[4]Table-11(a)-O'!AO14
A32: =N32 | B32: =T32 | C32: =W32 | D32: =AO32 | E32: =AR32 | F32: =IF($A32="","",B32+D32) | G32: =IF($A32="","",C32+E32) | H32: =IF($A32="","",IF(F32=0,0,(G32-F32)*100/F32)) | I32: =IF($A32="","",IF(H32<0,"(-)"&ROUND(ABS(H32),2),ROUND(H32,2))) | N32: ='[4]Table-11(a)-O'!A15 | O32: ='[4]Table-11(a)-O'!B15 | P32: ='[4]Table-11(a)-O'!C15 | Q32: ='[4]Table-11(a)-O'!D15 | R32: ='[4]Table-11(a)-O'!E15 | S32: ='[4]Table-11(a)-O'!F15 | T32: ='[4]Table-11(a)-O'!G15 | U32: ='[4]Table-11(a)-O'!H15 | ... AG32: ='[4]Table-11(a)-O'!T15 | AI32: ='[4]Table-11(a)-O'!V15 | AJ32: ='[4]Table-11(a)-O'!W15 | AK32: ='[4]Table-11(a)-O'!X15 | AL32: ='[4]Table-11(a)-O'!Y15 | AM32: ='[4]Table-11(a)-O'!Z15 | AN32: ='[4]Table-11(a)-O'!AA15 | AO32: ='[4]Table-11(a)-O'!AB15 | AP32: ='[4]Table-11(a)-O'!AC15 | ... BB32: ='[4]Table-11(a)-O'!AO15
A33: =N33 | B33: =T33 | C33: =W33 | D33: =AO33 | E33: =AR33 | F33: =IF($A33="","",B33+D33) | G33: =IF($A33="","",C33+E33) | H33: =IF($A33="","",IF(F33=0,0,(G33-F33)*100/F33)) | I33: =IF($A33="","",IF(H33<0,"(-)"&ROUND(ABS(H33),2),ROUND(H33,2))) | N33: ='[4]Table-11(a)-O'!A16 | O33: ='[4]Table-11(a)-O'!B16 | P33: ='[4]Table-11(a)-O'!C16 | Q33: ='[4]Table-11(a)-O'!D16 | R33: ='[4]Table-11(a)-O'!E16 | S33: ='[4]Table-11(a)-O'!F16 | T33: ='[4]Table-11(a)-O'!G16 | U33: ='[4]Table-11(a)-O'!H16 | ... AG33: ='[4]Table-11(a)-O'!T16 | AI33: ='[4]Table-11(a)-O'!V16 | AJ33: ='[4]Table-11(a)-O'!W16 | AK33: ='[4]Table-11(a)-O'!X16 | AL33: ='[4]Table-11(a)-O'!Y16 | AM33: ='[4]Table-11(a)-O'!Z16 | AN33: ='[4]Table-11(a)-O'!AA16 | AO33: ='[4]Table-11(a)-O'!AB16 | AP33: ='[4]Table-11(a)-O'!AC16 | ... BB33: ='[4]Table-11(a)-O'!AO16
A34: =N34 | B34: =T34 | C34: =W34 | D34: =AO34 | E34: =AR34 | F34: =IF($A34="","",B34+D34) | G34: =IF($A34="","",C34+E34) | H34: =IF($A34="","",IF(F34=0,0,(G34-F34)*100/F34)) | I34: =IF($A34="","",IF(H34<0,"(-)"&ROUND(ABS(H34),2),ROUND(H34,2))) | N34: ='[4]Table-11(a)-O'!A17 | O34: ='[4]Table-11(a)-O'!B17 | P34: ='[4]Table-11(a)-O'!C17 | Q34: ='[4]Table-11(a)-O'!D17 | R34: ='[4]Table-11(a)-O'!E17 | S34: ='[4]Table-11(a)-O'!F17 | T34: ='[4]Table-11(a)-O'!G17 | U34: ='[4]Table-11(a)-O'!H17 | ... AG34: ='[4]Table-11(a)-O'!T17 | AI34: ='[4]Table-11(a)-O'!V17 | AJ34: ='[4]Table-11(a)-O'!W17 | AK34: ='[4]Table-11(a)-O'!X17 | AL34: ='[4]Table-11(a)-O'!Y17 | AM34: ='[4]Table-11(a)-O'!Z17 | AN34: ='[4]Table-11(a)-O'!AA17 | AO34: ='[4]Table-11(a)-O'!AB17 | AP34: ='[4]Table-11(a)-O'!AC17 | ... BB34: ='[4]Table-11(a)-O'!AO17
A35: =N35 | B35: =T35 | C35: =W35 | D35: =AO35 | E35: =AR35 | F35: =IF($A35="","",B35+D35) | G35: =IF($A35="","",C35+E35) | H35: =IF($A35="","",IF(F35=0,0,(G35-F35)*100/F35)) | I35: =IF($A35="","",IF(H35<0,"(-)"&ROUND(ABS(H35),2),ROUND(H35,2))) | N35: ='[4]Table-11(a)-O'!A18 | O35: ='[4]Table-11(a)-O'!B18 | P35: ='[4]Table-11(a)-O'!C18 | Q35: ='[4]Table-11(a)-O'!D18 | R35: ='[4]Table-11(a)-O'!E18 | S35: ='[4]Table-11(a)-O'!F18 | T35: ='[4]Table-11(a)-O'!G18 | U35: ='[4]Table-11(a)-O'!H18 | ... AG35: ='[4]Table-11(a)-O'!T18 | AI35: ='[4]Table-11(a)-O'!V18 | AJ35: ='[4]Table-11(a)-O'!W18 | AK35: ='[4]Table-11(a)-O'!X18 | AL35: ='[4]Table-11(a)-O'!Y18 | AM35: ='[4]Table-11(a)-O'!Z18 | AN35: ='[4]Table-11(a)-O'!AA18 | AO35: ='[4]Table-11(a)-O'!AB18 | AP35: ='[4]Table-11(a)-O'!AC18 | ... BB35: ='[4]Table-11(a)-O'!AO18
A36: =N36 | B36: =T36 | C36: =W36 | D36: =AO36 | E36: =AR36 | F36: =IF($A36="","",B36+D36) | G36: =IF($A36="","",C36+E36) | H36: =IF($A36="","",IF(F36=0,0,(G36-F36)*100/F36)) | I36: =IF($A36="","",IF(H36<0,"(-)"&ROUND(ABS(H36),2),ROUND(H36,2))) | N36: ='[4]Table-11(a)-O'!A19 | O36: ='[4]Table-11(a)-O'!B19 | P36: ='[4]Table-11(a)-O'!C19 | Q36: ='[4]Table-11(a)-O'!D19 | R36: ='[4]Table-11(a)-O'!E19 | S36: ='[4]Table-11(a)-O'!F19 | T36: ='[4]Table-11(a)-O'!G19 | U36: ='[4]Table-11(a)-O'!H19 | ... AG36: ='[4]Table-11(a)-O'!T19 | AI36: ='[4]Table-11(a)-O'!V19 | AJ36: ='[4]Table-11(a)-O'!W19 | AK36: ='[4]Table-11(a)-O'!X19 | AL36: ='[4]Table-11(a)-O'!Y19 | AM36: ='[4]Table-11(a)-O'!Z19 | AN36: ='[4]Table-11(a)-O'!AA19 | AO36: ='[4]Table-11(a)-O'!AB19 | AP36: ='[4]Table-11(a)-O'!AC19 | ... BB36: ='[4]Table-11(a)-O'!AO19
A37: =N37 | B37: =T37 | C37: =W37 | D37: =AO37 | E37: =AR37 | F37: =IF($A37="","",B37+D37) | G37: =IF($A37="","",C37+E37) | H37: =IF($A37="","",IF(F37=0,0,(G37-F37)*100/F37)) | I37: =IF($A37="","",IF(H37<0,"(-)"&ROUND(ABS(H37),2),ROUND(H37,2))) | N37: ='[4]Table-11(a)-O'!A20 | O37: ='[4]Table-11(a)-O'!B20 | P37: ='[4]Table-11(a)-O'!C20 | Q37: ='[4]Table-11(a)-O'!D20 | R37: ='[4]Table-11(a)-O'!E20 | S37: ='[4]Table-11(a)-O'!F20 | T37: ='[4]Table-11(a)-O'!G20 | U37: ='[4]Table-11(a)-O'!H20 | ... AG37: ='[4]Table-11(a)-O'!T20 | AI37: ='[4]Table-11(a)-O'!V20 | AJ37: ='[4]Table-11(a)-O'!W20 | AK37: ='[4]Table-11(a)-O'!X20 | AL37: ='[4]Table-11(a)-O'!Y20 | AM37: ='[4]Table-11(a)-O'!Z20 | AN37: ='[4]Table-11(a)-O'!AA20 | AO37: ='[4]Table-11(a)-O'!AB20 | AP37: ='[4]Table-11(a)-O'!AC20 | ... BB37: ='[4]Table-11(a)-O'!AO20
... A40: =N40 | B40: =T40 | C40: =W40 | D40: =AO40 | E40: =AR40 | F40: =IF($A40="","",B40+D40) | G40: =IF($A40="","",C40+E40) | H40: =IF($A40="","",IF(F40=0,0,(G40-F40)*100/F40)) | I40: =IF($A40="","",IF(H40<0,"(-)"&ROUND(ABS(H40),2),ROUND(H40,2))) | N40: ='[4]Table-11(a)-O'!A23 | O40: ='[4]Table-11(a)-O'!B23 | P40: ='[4]Table-11(a)-O'!C23 | Q40: ='[4]Table-11(a)-O'!D23 | R40: ='[4]Table-11(a)-O'!E23 | S40: ='[4]Table-11(a)-O'!F23 | T40: ='[4]Table-11(a)-O'!G23 | U40: ='[4]Table-11(a)-O'!H23 | ... AG40: ='[4]Table-11(a)-O'!T23 | AI40: ='[4]Table-11(a)-O'!V23 | AJ40: ='[4]Table-11(a)-O'!W23 | AK40: ='[4]Table-11(a)-O'!X23 | AL40: ='[4]Table-11(a)-O'!Y23 | AM40: ='[4]Table-11(a)-O'!Z23 | AN40: ='[4]Table-11(a)-O'!AA23 | AO40: ='[4]Table-11(a)-O'!AB23 | AP40: ='[4]Table-11(a)-O'!AC23 | ... BB40: ='[4]Table-11(a)-O'!AO23
A41: ='Crops PY'!$A$5&" - "&'Crops PY'!$B$3 -> RABI I - 0 | N41: ='Crops PY'!$A$5&" - "&'Crops PY'!$B$3 -> RABI I - 0
A42: =N42 -> PADDY(97) | B42: =T42 -> 26.545 | C42: =W42 -> 26.625 | D42: =AO42 -> 7.648 | E42: =AR42 -> 7.543 | F42: =IF($A42="","",B42+D42) -> 34.193 | G42: =IF($A42="","",C42+E42) -> 34.168 | H42: =IF($A42="","",IF(F42=0,0,(G42-F42)*100/F42)) -> -0.07311438 | I42: =IF($A42="","",IF(H42<0,"(-)"&ROUND(ABS(H42),2),ROUND(H42,2))) -> (-)0.07 | N42: ='[5]Table-11(a)'!A9 -> PADDY(97) | O42: ='[5]Table-11(a)'!B9 -> 7 | P42: ='[5]Table-11(a)'!C9 -> 7 | Q42: ='[5]Table-11(a)'!D9 -> 7 | R42: ='[5]Table-11(a)'!E9 -> 26.43 | S42: ='[5]Table-11(a)'!F9 -> 0.115 | T42: ='[5]Table-11(a)'!G9 -> 26.545 | U42: ='[5]Table-11(a)'!H9 -> 26.51 | ... AG42: ='[5]Table-11(a)'!T9 -> 0.35327887 | AI42: ='[5]Table-11(a)'!V9 -> PADDY(97) | AJ42: ='[5]Table-11(a)'!W9 -> 7 | AK42: ='[5]Table-11(a)'!X9 -> 7 | AL42: ='[5]Table-11(a)'!Y9 -> 7 | AM42: ='[5]Table-11(a)'!Z9 -> 7.648 | AN42: ='[5]Table-11(a)'!AA9 -> 0 | AO42: ='[5]Table-11(a)'!AB9 -> 7.648 | AP42: ='[5]Table-11(a)'!AC9 -> 7.543 | ... BB42: ='[5]Table-11(a)'!AO9 -> 1.3729079
A43: =N43 -> OTHERS(99) | B43: =T43 -> 3.295 | C43: =W43 -> 3.025 | D43: =AO43 -> 3.3839 | E43: =AR43 -> 3.3839 | F43: =IF($A43="","",B43+D43) -> 6.6789 | G43: =IF($A43="","",C43+E43) -> 6.4089 | H43: =IF($A43="","",IF(F43=0,0,(G43-F43)*100/F43)) -> -4.0425819 | I43: =IF($A43="","",IF(H43<0,"(-)"&ROUND(ABS(H43),2),ROUND(H43,2))) -> (-)4.04 | N43: ='[5]Table-11(a)'!A10 -> OTHERS(99) | O43: ='[5]Table-11(a)'!B10 -> 3 | P43: ='[5]Table-11(a)'!C10 -> 3 | Q43: ='[5]Table-11(a)'!D10 -> 2 | R43: ='[5]Table-11(a)'!E10 -> 3.295 | S43: ='[5]Table-11(a)'!F10 -> 0 | T43: ='[5]Table-11(a)'!G10 -> 3.295 | U43: ='[5]Table-11(a)'!H10 -> 3.025 | ... AG43: ='[5]Table-11(a)'!T10 -> 0 | AI43: ='[5]Table-11(a)'!V10 -> OTHERS(99) | AJ43: ='[5]Table-11(a)'!W10 -> 3 | AK43: ='[5]Table-11(a)'!X10 -> 3 | AL43: ='[5]Table-11(a)'!Y10 -> 3 | AM43: ='[5]Table-11(a)'!Z10 -> 2.6339 | AN43: ='[5]Table-11(a)'!AA10 -> 0.75 | AO43: ='[5]Table-11(a)'!AB10 -> 3.3839 | AP43: ='[5]Table-11(a)'!AC10 -> 2.6339 | ... BB43: ='[5]Table-11(a)'!AO10 -> 0
A44: =N44 | B44: =T44 | C44: =W44 | D44: =AO44 | E44: =AR44 | F44: =IF($A44="","",B44+D44) | G44: =IF($A44="","",C44+E44) | H44: =IF($A44="","",IF(F44=0,0,(G44-F44)*100/F44)) | I44: =IF($A44="","",IF(H44<0,"(-)"&ROUND(ABS(H44),2),ROUND(H44,2))) | N44: ='[5]Table-11(a)'!A11 | O44: ='[5]Table-11(a)'!B11 | P44: ='[5]Table-11(a)'!C11 | Q44: ='[5]Table-11(a)'!D11 | R44: ='[5]Table-11(a)'!E11 | S44: ='[5]Table-11(a)'!F11 | T44: ='[5]Table-11(a)'!G11 | U44: ='[5]Table-11(a)'!H11 | ... AG44: ='[5]Table-11(a)'!T11 | AI44: ='[5]Table-11(a)'!V11 | AJ44: ='[5]Table-11(a)'!W11 | AK44: ='[5]Table-11(a)'!X11 | AL44: ='[5]Table-11(a)'!Y11 | AM44: ='[5]Table-11(a)'!Z11 | AN44: ='[5]Table-11(a)'!AA11 | AO44: ='[5]Table-11(a)'!AB11 | AP44: ='[5]Table-11(a)'!AC11 | ... BB44: ='[5]Table-11(a)'!AO11
A45: =N45 | B45: =T45 | C45: =W45 | D45: =AO45 | E45: =AR45 | F45: =IF($A45="","",B45+D45) | G45: =IF($A45="","",C45+E45) | H45: =IF($A45="","",IF(F45=0,0,(G45-F45)*100/F45)) | I45: =IF($A45="","",IF(H45<0,"(-)"&ROUND(ABS(H45),2),ROUND(H45,2))) | N45: ='[5]Table-11(a)'!A12 | O45: ='[5]Table-11(a)'!B12 | P45: ='[5]Table-11(a)'!C12 | Q45: ='[5]Table-11(a)'!D12 | R45: ='[5]Table-11(a)'!E12 | S45: ='[5]Table-11(a)'!F12 | T45: ='[5]Table-11(a)'!G12 | U45: ='[5]Table-11(a)'!H12 | ... AG45: ='[5]Table-11(a)'!T12 | AI45: ='[5]Table-11(a)'!V12 | AJ45: ='[5]Table-11(a)'!W12 | AK45: ='[5]Table-11(a)'!X12 | AL45: ='[5]Table-11(a)'!Y12 | AM45: ='[5]Table-11(a)'!Z12 | AN45: ='[5]Table-11(a)'!AA12 | AO45: ='[5]Table-11(a)'!AB12 | AP45: ='[5]Table-11(a)'!AC12 | ... BB45: ='[5]Table-11(a)'!AO12
A46: =N46 | B46: =T46 | C46: =W46 | D46: =AO46 | E46: =AR46 | F46: =IF($A46="","",B46+D46) | G46: =IF($A46="","",C46+E46) | H46: =IF($A46="","",IF(F46=0,0,(G46-F46)*100/F46)) | I46: =IF($A46="","",IF(H46<0,"(-)"&ROUND(ABS(H46),2),ROUND(H46,2))) | N46: ='[5]Table-11(a)'!A13 | O46: ='[5]Table-11(a)'!B13 | P46: ='[5]Table-11(a)'!C13 | Q46: ='[5]Table-11(a)'!D13 | R46: ='[5]Table-11(a)'!E13 | S46: ='[5]Table-11(a)'!F13 | T46: ='[5]Table-11(a)'!G13 | U46: ='[5]Table-11(a)'!H13 | ... AG46: ='[5]Table-11(a)'!T13 | AI46: ='[5]Table-11(a)'!V13 | AJ46: ='[5]Table-11(a)'!W13 | AK46: ='[5]Table-11(a)'!X13 | AL46: ='[5]Table-11(a)'!Y13 | AM46: ='[5]Table-11(a)'!Z13 | AN46: ='[5]Table-11(a)'!AA13 | AO46: ='[5]Table-11(a)'!AB13 | AP46: ='[5]Table-11(a)'!AC13 | ... BB46: ='[5]Table-11(a)'!AO13
A47: =N47 | B47: =T47 | C47: =W47 | D47: =AO47 | E47: =AR47 | F47: =IF($A47="","",B47+D47) | G47: =IF($A47="","",C47+E47) | H47: =IF($A47="","",IF(F47=0,0,(G47-F47)*100/F47)) | I47: =IF($A47="","",IF(H47<0,"(-)"&ROUND(ABS(H47),2),ROUND(H47,2))) | N47: ='[5]Table-11(a)'!A14 | O47: ='[5]Table-11(a)'!B14 | P47: ='[5]Table-11(a)'!C14 | Q47: ='[5]Table-11(a)'!D14 | R47: ='[5]Table-11(a)'!E14 | S47: ='[5]Table-11(a)'!F14 | T47: ='[5]Table-11(a)'!G14 | U47: ='[5]Table-11(a)'!H14 | ... AG47: ='[5]Table-11(a)'!T14 | AI47: ='[5]Table-11(a)'!V14 | AJ47: ='[5]Table-11(a)'!W14 | AK47: ='[5]Table-11(a)'!X14 | AL47: ='[5]Table-11(a)'!Y14 | AM47: ='[5]Table-11(a)'!Z14 | AN47: ='[5]Table-11(a)'!AA14 | AO47: ='[5]Table-11(a)'!AB14 | AP47: ='[5]Table-11(a)'!AC14 | ... BB47: ='[5]Table-11(a)'!AO14
A48: =N48 | B48: =T48 | C48: =W48 | D48: =AO48 | E48: =AR48 | F48: =IF($A48="","",B48+D48) | G48: =IF($A48="","",C48+E48) | H48: =IF($A48="","",IF(F48=0,0,(G48-F48)*100/F48)) | I48: =IF($A48="","",IF(H48<0,"(-)"&ROUND(ABS(H48),2),ROUND(H48,2))) | N48: ='[5]Table-11(a)'!A15 | O48: ='[5]Table-11(a)'!B15 | P48: ='[5]Table-11(a)'!C15 | Q48: ='[5]Table-11(a)'!D15 | R48: ='[5]Table-11(a)'!E15 | S48: ='[5]Table-11(a)'!F15 | T48: ='[5]Table-11(a)'!G15 | U48: ='[5]Table-11(a)'!H15 | ... AG48: ='[5]Table-11(a)'!T15 | AI48: ='[5]Table-11(a)'!V15 | AJ48: ='[5]Table-11(a)'!W15 | AK48: ='[5]Table-11(a)'!X15 | AL48: ='[5]Table-11(a)'!Y15 | AM48: ='[5]Table-11(a)'!Z15 | AN48: ='[5]Table-11(a)'!AA15 | AO48: ='[5]Table-11(a)'!AB15 | AP48: ='[5]Table-11(a)'!AC15 | ... BB48: ='[5]Table-11(a)'!AO15
A49: =N49 | B49: =T49 | C49: =W49 | D49: =AO49 | E49: =AR49 | F49: =IF($A49="","",B49+D49) | G49: =IF($A49="","",C49+E49) | H49: =IF($A49="","",IF(F49=0,0,(G49-F49)*100/F49)) | I49: =IF($A49="","",IF(H49<0,"(-)"&ROUND(ABS(H49),2),ROUND(H49,2))) | N49: ='[5]Table-11(a)'!A16 | O49: ='[5]Table-11(a)'!B16 | P49: ='[5]Table-11(a)'!C16 | Q49: ='[5]Table-11(a)'!D16 | R49: ='[5]Table-11(a)'!E16 | S49: ='[5]Table-11(a)'!F16 | T49: ='[5]Table-11(a)'!G16 | U49: ='[5]Table-11(a)'!H16 | ... AG49: ='[5]Table-11(a)'!T16 | AI49: ='[5]Table-11(a)'!V16 | AJ49: ='[5]Table-11(a)'!W16 | AK49: ='[5]Table-11(a)'!X16 | AL49: ='[5]Table-11(a)'!Y16 | AM49: ='[5]Table-11(a)'!Z16 | AN49: ='[5]Table-11(a)'!AA16 | AO49: ='[5]Table-11(a)'!AB16 | AP49: ='[5]Table-11(a)'!AC16 | ... BB49: ='[5]Table-11(a)'!AO16
A50: =N50 | B50: =T50 | C50: =W50 | D50: =AO50 | E50: =AR50 | F50: =IF($A50="","",B50+D50) | G50: =IF($A50="","",C50+E50) | H50: =IF($A50="","",IF(F50=0,0,(G50-F50)*100/F50)) | I50: =IF($A50="","",IF(H50<0,"(-)"&ROUND(ABS(H50),2),ROUND(H50,2))) | N50: ='[5]Table-11(a)'!A17 | O50: ='[5]Table-11(a)'!B17 | P50: ='[5]Table-11(a)'!C17 | Q50: ='[5]Table-11(a)'!D17 | R50: ='[5]Table-11(a)'!E17 | S50: ='[5]Table-11(a)'!F17 | T50: ='[5]Table-11(a)'!G17 | U50: ='[5]Table-11(a)'!H17 | ... AG50: ='[5]Table-11(a)'!T17 | AI50: ='[5]Table-11(a)'!V17 | AJ50: ='[5]Table-11(a)'!W17 | AK50: ='[5]Table-11(a)'!X17 | AL50: ='[5]Table-11(a)'!Y17 | AM50: ='[5]Table-11(a)'!Z17 | AN50: ='[5]Table-11(a)'!AA17 | AO50: ='[5]Table-11(a)'!AB17 | AP50: ='[5]Table-11(a)'!AC17 | ... BB50: ='[5]Table-11(a)'!AO17
A51: =N51 | B51: =T51 | C51: =W51 | D51: =AO51 | E51: =AR51 | F51: =IF($A51="","",B51+D51) | G51: =IF($A51="","",C51+E51) | H51: =IF($A51="","",IF(F51=0,0,(G51-F51)*100/F51)) | I51: =IF($A51="","",IF(H51<0,"(-)"&ROUND(ABS(H51),2),ROUND(H51,2))) | N51: ='[5]Table-11(a)'!A18 | O51: ='[5]Table-11(a)'!B18 | P51: ='[5]Table-11(a)'!C18 | Q51: ='[5]Table-11(a)'!D18 | R51: ='[5]Table-11(a)'!E18 | S51: ='[5]Table-11(a)'!F18 | T51: ='[5]Table-11(a)'!G18 | U51: ='[5]Table-11(a)'!H18 | ... AG51: ='[5]Table-11(a)'!T18 | AI51: ='[5]Table-11(a)'!V18 | AJ51: ='[5]Table-11(a)'!W18 | AK51: ='[5]Table-11(a)'!X18 | AL51: ='[5]Table-11(a)'!Y18 | AM51: ='[5]Table-11(a)'!Z18 | AN51: ='[5]Table-11(a)'!AA18 | AO51: ='[5]Table-11(a)'!AB18 | AP51: ='[5]Table-11(a)'!AC18 | ... BB51: ='[5]Table-11(a)'!AO18
A52: =N52 | B52: =T52 | C52: =W52 | D52: =AO52 | E52: =AR52 | F52: =IF($A52="","",B52+D52) | G52: =IF($A52="","",C52+E52) | H52: =IF($A52="","",IF(F52=0,0,(G52-F52)*100/F52)) | I52: =IF($A52="","",IF(H52<0,"(-)"&ROUND(ABS(H52),2),ROUND(H52,2))) | N52: ='[5]Table-11(a)'!A19 | O52: ='[5]Table-11(a)'!B19 | P52: ='[5]Table-11(a)'!C19 | Q52: ='[5]Table-11(a)'!D19 | R52: ='[5]Table-11(a)'!E19 | S52: ='[5]Table-11(a)'!F19 | T52: ='[5]Table-11(a)'!G19 | U52: ='[5]Table-11(a)'!H19 | ... AG52: ='[5]Table-11(a)'!T19 | AI52: ='[5]Table-11(a)'!V19 | AJ52: ='[5]Table-11(a)'!W19 | AK52: ='[5]Table-11(a)'!X19 | AL52: ='[5]Table-11(a)'!Y19 | AM52: ='[5]Table-11(a)'!Z19 | AN52: ='[5]Table-11(a)'!AA19 | AO52: ='[5]Table-11(a)'!AB19 | AP52: ='[5]Table-11(a)'!AC19 | ... BB52: ='[5]Table-11(a)'!AO19
A53: =N53 | B53: =T53 | C53: =W53 | D53: =AO53 | E53: =AR53 | F53: =IF($A53="","",B53+D53) | G53: =IF($A53="","",C53+E53) | H53: =IF($A53="","",IF(F53=0,0,(G53-F53)*100/F53)) | I53: =IF($A53="","",IF(H53<0,"(-)"&ROUND(ABS(H53),2),ROUND(H53,2))) | N53: ='[5]Table-11(a)'!A20 | O53: ='[5]Table-11(a)'!B20 | P53: ='[5]Table-11(a)'!C20 | Q53: ='[5]Table-11(a)'!D20 | R53: ='[5]Table-11(a)'!E20 | S53: ='[5]Table-11(a)'!F20 | T53: ='[5]Table-11(a)'!G20 | U53: ='[5]Table-11(a)'!H20 | ... AG53: ='[5]Table-11(a)'!T20 | AI53: ='[5]Table-11(a)'!V20 | AJ53: ='[5]Table-11(a)'!W20 | AK53: ='[5]Table-11(a)'!X20 | AL53: ='[5]Table-11(a)'!Y20 | AM53: ='[5]Table-11(a)'!Z20 | AN53: ='[5]Table-11(a)'!AA20 | AO53: ='[5]Table-11(a)'!AB20 | AP53: ='[5]Table-11(a)'!AC20 | ... BB53: ='[5]Table-11(a)'!AO20
... A56: =N56 | B56: =T56 | C56: =W56 | D56: =AO56 | E56: =AR56 | F56: =IF($A56="","",B56+D56) | G56: =IF($A56="","",C56+E56) | H56: =IF($A56="","",IF(F56=0,0,(G56-F56)*100/F56)) | I56: =IF($A56="","",IF(H56<0,"(-)"&ROUND(ABS(H56),2),ROUND(H56,2))) | N56: ='[5]Table-11(a)'!A23 | O56: ='[5]Table-11(a)'!B23 | P56: ='[5]Table-11(a)'!C23 | Q56: ='[5]Table-11(a)'!D23 | R56: ='[5]Table-11(a)'!E23 | S56: ='[5]Table-11(a)'!F23 | T56: ='[5]Table-11(a)'!G23 | U56: ='[5]Table-11(a)'!H23 | ... AG56: ='[5]Table-11(a)'!T23 | AI56: ='[5]Table-11(a)'!V23 | AJ56: ='[5]Table-11(a)'!W23 | AK56: ='[5]Table-11(a)'!X23 | AL56: ='[5]Table-11(a)'!Y23 | AM56: ='[5]Table-11(a)'!Z23 | AN56: ='[5]Table-11(a)'!AA23 | AO56: ='[5]Table-11(a)'!AB23 | AP56: ='[5]Table-11(a)'!AC23 | ... BB56: ='[5]Table-11(a)'!AO23
A57: ='Crops PY'!$C$5&" - "&'Crops PY'!$B$3 -> RABI II - 0 | N57: ='Crops PY'!$C$5&" - "&'Crops PY'!$B$3 -> RABI II - 0
A58: =N58 -> PADDY(98) | B58: =T58 -> 9.52 | C58: =W58 -> 9.52 | D58: =AO58 -> 3.1732 | E58: =AR58 -> 3.1732 | F58: =IF($A58="","",B58+D58) -> 12.6932 | G58: =IF($A58="","",C58+E58) -> 12.6932 | H58: =IF($A58="","",IF(F58=0,0,(G58-F58)*100/F58)) -> 0 | I58: =IF($A58="","",IF(H58<0,"(-)"&ROUND(ABS(H58),2),ROUND(H58,2))) -> 0 | N58: ='[6]Table-11(a)'!A9 -> PADDY(98) | O58: ='[6]Table-11(a)'!B9 -> 5 | P58: ='[6]Table-11(a)'!C9 -> 5 | Q58: ='[6]Table-11(a)'!D9 -> 5 | R58: ='[6]Table-11(a)'!E9 -> 8.645 | S58: ='[6]Table-11(a)'!F9 -> 0.875 | T58: ='[6]Table-11(a)'!G9 -> 9.52 | U58: ='[6]Table-11(a)'!H9 -> 8.795 | ... AG58: ='[6]Table-11(a)'!T9 -> 1.735107 | AI58: ='[6]Table-11(a)'!V9 -> PADDY(98) | AJ58: ='[6]Table-11(a)'!W9 -> 3 | AK58: ='[6]Table-11(a)'!X9 -> 2 | AL58: ='[6]Table-11(a)'!Y9 -> 2 | AM58: ='[6]Table-11(a)'!Z9 -> 2.4632 | AN58: ='[6]Table-11(a)'!AA9 -> 0.71 | AO58: ='[6]Table-11(a)'!AB9 -> 3.1732 | AP58: ='[6]Table-11(a)'!AC9 -> 2.4632 | ... BB58: ='[6]Table-11(a)'!AO9 -> 0
A59: =N59 -> OTHERS(99) | B59: =T59 -> 2.53 | C59: =W59 -> 2.53 | D59: =AO59 -> 2.8889 | E59: =AR59 -> 2.8089 | F59: =IF($A59="","",B59+D59) -> 5.4189 | G59: =IF($A59="","",C59+E59) -> 5.3389 | H59: =IF($A59="","",IF(F59=0,0,(G59-F59)*100/F59)) -> -1.4763144 | I59: =IF($A59="","",IF(H59<0,"(-)"&ROUND(ABS(H59),2),ROUND(H59,2))) -> (-)1.48 | N59: ='[6]Table-11(a)'!A10 -> OTHERS(99) | O59: ='[6]Table-11(a)'!B10 -> 4 | P59: ='[6]Table-11(a)'!C10 -> 4 | Q59: ='[6]Table-11(a)'!D10 -> 3 | R59: ='[6]Table-11(a)'!E10 -> 2.53 | S59: ='[6]Table-11(a)'!F10 -> 0 | T59: ='[6]Table-11(a)'!G10 -> 2.53 | U59: ='[6]Table-11(a)'!H10 -> 2.53 | ... AG59: ='[6]Table-11(a)'!T10 -> 0 | AI59: ='[6]Table-11(a)'!V10 -> OTHERS(99) | AJ59: ='[6]Table-11(a)'!W10 -> 7 | AK59: ='[6]Table-11(a)'!X10 -> 3 | AL59: ='[6]Table-11(a)'!Y10 -> 4 | AM59: ='[6]Table-11(a)'!Z10 -> 1.7389 | AN59: ='[6]Table-11(a)'!AA10 -> 1.15 | AO59: ='[6]Table-11(a)'!AB10 -> 2.8889 | AP59: ='[6]Table-11(a)'!AC10 -> 1.7389 | ... BB59: ='[6]Table-11(a)'!AO10 -> 3.3418271
A60: =N60 | B60: =T60 | C60: =W60 | D60: =AO60 | E60: =AR60 | F60: =IF($A60="","",B60+D60) | G60: =IF($A60="","",C60+E60) | H60: =IF($A60="","",IF(F60=0,0,(G60-F60)*100/F60)) | I60: =IF($A60="","",IF(H60<0,"(-)"&ROUND(ABS(H60),2),ROUND(H60,2))) | N60: ='[6]Table-11(a)'!A11 | O60: ='[6]Table-11(a)'!B11 | P60: ='[6]Table-11(a)'!C11 | Q60: ='[6]Table-11(a)'!D11 | R60: ='[6]Table-11(a)'!E11 | S60: ='[6]Table-11(a)'!F11 | T60: ='[6]Table-11(a)'!G11 | U60: ='[6]Table-11(a)'!H11 | ... AG60: ='[6]Table-11(a)'!T11 | AI60: ='[6]Table-11(a)'!V11 | AJ60: ='[6]Table-11(a)'!W11 | AK60: ='[6]Table-11(a)'!X11 | AL60: ='[6]Table-11(a)'!Y11 | AM60: ='[6]Table-11(a)'!Z11 | AN60: ='[6]Table-11(a)'!AA11 | AO60: ='[6]Table-11(a)'!AB11 | AP60: ='[6]Table-11(a)'!AC11 | ... BB60: ='[6]Table-11(a)'!AO11
A61: =N61 | B61: =T61 | C61: =W61 | D61: =AO61 | E61: =AR61 | F61: =IF($A61="","",B61+D61) | G61: =IF($A61="","",C61+E61) | H61: =IF($A61="","",IF(F61=0,0,(G61-F61)*100/F61)) | I61: =IF($A61="","",IF(H61<0,"(-)"&ROUND(ABS(H61),2),ROUND(H61,2))) | N61: ='[6]Table-11(a)'!A12 | O61: ='[6]Table-11(a)'!B12 | P61: ='[6]Table-11(a)'!C12 | Q61: ='[6]Table-11(a)'!D12 | R61: ='[6]Table-11(a)'!E12 | S61: ='[6]Table-11(a)'!F12 | T61: ='[6]Table-11(a)'!G12 | U61: ='[6]Table-11(a)'!H12 | ... AG61: ='[6]Table-11(a)'!T12 | AI61: ='[6]Table-11(a)'!V12 | AJ61: ='[6]Table-11(a)'!W12 | AK61: ='[6]Table-11(a)'!X12 | AL61: ='[6]Table-11(a)'!Y12 | AM61: ='[6]Table-11(a)'!Z12 | AN61: ='[6]Table-11(a)'!AA12 | AO61: ='[6]Table-11(a)'!AB12 | AP61: ='[6]Table-11(a)'!AC12 | ... BB61: ='[6]Table-11(a)'!AO12
A62: =N62 | B62: =T62 | C62: =W62 | D62: =AO62 | E62: =AR62 | F62: =IF($A62="","",B62+D62) | G62: =IF($A62="","",C62+E62) | H62: =IF($A62="","",IF(F62=0,0,(G62-F62)*100/F62)) | I62: =IF($A62="","",IF(H62<0,"(-)"&ROUND(ABS(H62),2),ROUND(H62,2))) | N62: ='[6]Table-11(a)'!A13 | O62: ='[6]Table-11(a)'!B13 | P62: ='[6]Table-11(a)'!C13 | Q62: ='[6]Table-11(a)'!D13 | R62: ='[6]Table-11(a)'!E13 | S62: ='[6]Table-11(a)'!F13 | T62: ='[6]Table-11(a)'!G13 | U62: ='[6]Table-11(a)'!H13 | ... AG62: ='[6]Table-11(a)'!T13 | AI62: ='[6]Table-11(a)'!V13 | AJ62: ='[6]Table-11(a)'!W13 | AK62: ='[6]Table-11(a)'!X13 | AL62: ='[6]Table-11(a)'!Y13 | AM62: ='[6]Table-11(a)'!Z13 | AN62: ='[6]Table-11(a)'!AA13 | AO62: ='[6]Table-11(a)'!AB13 | AP62: ='[6]Table-11(a)'!AC13 | ... BB62: ='[6]Table-11(a)'!AO13
A63: =N63 | B63: =T63 | C63: =W63 | D63: =AO63 | E63: =AR63 | F63: =IF($A63="","",B63+D63) | G63: =IF($A63="","",C63+E63) | H63: =IF($A63="","",IF(F63=0,0,(G63-F63)*100/F63)) | I63: =IF($A63="","",IF(H63<0,"(-)"&ROUND(ABS(H63),2),ROUND(H63,2))) | N63: ='[6]Table-11(a)'!A14 | O63: ='[6]Table-11(a)'!B14 | P63: ='[6]Table-11(a)'!C14 | Q63: ='[6]Table-11(a)'!D14 | R63: ='[6]Table-11(a)'!E14 | S63: ='[6]Table-11(a)'!F14 | T63: ='[6]Table-11(a)'!G14 | U63: ='[6]Table-11(a)'!H14 | ... AG63: ='[6]Table-11(a)'!T14 | AI63: ='[6]Table-11(a)'!V14 | AJ63: ='[6]Table-11(a)'!W14 | AK63: ='[6]Table-11(a)'!X14 | AL63: ='[6]Table-11(a)'!Y14 | AM63: ='[6]Table-11(a)'!Z14 | AN63: ='[6]Table-11(a)'!AA14 | AO63: ='[6]Table-11(a)'!AB14 | AP63: ='[6]Table-11(a)'!AC14 | ... BB63: ='[6]Table-11(a)'!AO14
A64: =N64 | B64: =T64 | C64: =W64 | D64: =AO64 | E64: =AR64 | F64: =IF($A64="","",B64+D64) | G64: =IF($A64="","",C64+E64) | H64: =IF($A64="","",IF(F64=0,0,(G64-F64)*100/F64)) | I64: =IF($A64="","",IF(H64<0,"(-)"&ROUND(ABS(H64),2),ROUND(H64,2))) | N64: ='[6]Table-11(a)'!A15 | O64: ='[6]Table-11(a)'!B15 | P64: ='[6]Table-11(a)'!C15 | Q64: ='[6]Table-11(a)'!D15 | R64: ='[6]Table-11(a)'!E15 | S64: ='[6]Table-11(a)'!F15 | T64: ='[6]Table-11(a)'!G15 | U64: ='[6]Table-11(a)'!H15 | ... AG64: ='[6]Table-11(a)'!T15 | AI64: ='[6]Table-11(a)'!V15 | AJ64: ='[6]Table-11(a)'!W15 | AK64: ='[6]Table-11(a)'!X15 | AL64: ='[6]Table-11(a)'!Y15 | AM64: ='[6]Table-11(a)'!Z15 | AN64: ='[6]Table-11(a)'!AA15 | AO64: ='[6]Table-11(a)'!AB15 | AP64: ='[6]Table-11(a)'!AC15 | ... BB64: ='[6]Table-11(a)'!AO15
A65: =N65 | B65: =T65 | C65: =W65 | D65: =AO65 | E65: =AR65 | F65: =IF($A65="","",B65+D65) | G65: =IF($A65="","",C65+E65) | H65: =IF($A65="","",IF(F65=0,0,(G65-F65)*100/F65)) | I65: =IF($A65="","",IF(H65<0,"(-)"&ROUND(ABS(H65),2),ROUND(H65,2))) | N65: ='[6]Table-11(a)'!A16 | O65: ='[6]Table-11(a)'!B16 | P65: ='[6]Table-11(a)'!C16 | Q65: ='[6]Table-11(a)'!D16 | R65: ='[6]Table-11(a)'!E16 | S65: ='[6]Table-11(a)'!F16 | T65: ='[6]Table-11(a)'!G16 | U65: ='[6]Table-11(a)'!H16 | ... AG65: ='[6]Table-11(a)'!T16 | AI65: ='[6]Table-11(a)'!V16 | AJ65: ='[6]Table-11(a)'!W16 | AK65: ='[6]Table-11(a)'!X16 | AL65: ='[6]Table-11(a)'!Y16 | AM65: ='[6]Table-11(a)'!Z16 | AN65: ='[6]Table-11(a)'!AA16 | AO65: ='[6]Table-11(a)'!AB16 | AP65: ='[6]Table-11(a)'!AC16 | ... BB65: ='[6]Table-11(a)'!AO16
A66: =N66 | B66: =T66 | C66: =W66 | D66: =AO66 | E66: =AR66 | F66: =IF($A66="","",B66+D66) | G66: =IF($A66="","",C66+E66) | H66: =IF($A66="","",IF(F66=0,0,(G66-F66)*100/F66)) | I66: =IF($A66="","",IF(H66<0,"(-)"&ROUND(ABS(H66),2),ROUND(H66,2))) | N66: ='[6]Table-11(a)'!A17 | O66: ='[6]Table-11(a)'!B17 | P66: ='[6]Table-11(a)'!C17 | Q66: ='[6]Table-11(a)'!D17 | R66: ='[6]Table-11(a)'!E17 | S66: ='[6]Table-11(a)'!F17 | T66: ='[6]Table-11(a)'!G17 | U66: ='[6]Table-11(a)'!H17 | ... AG66: ='[6]Table-11(a)'!T17 | AI66: ='[6]Table-11(a)'!V17 | AJ66: ='[6]Table-11(a)'!W17 | AK66: ='[6]Table-11(a)'!X17 | AL66: ='[6]Table-11(a)'!Y17 | AM66: ='[6]Table-11(a)'!Z17 | AN66: ='[6]Table-11(a)'!AA17 | AO66: ='[6]Table-11(a)'!AB17 | AP66: ='[6]Table-11(a)'!AC17 | ... BB66: ='[6]Table-11(a)'!AO17
A67: =N67 | B67: =T67 | C67: =W67 | D67: =AO67 | E67: =AR67 | F67: =IF($A67="","",B67+D67) | G67: =IF($A67="","",C67+E67) | H67: =IF($A67="","",IF(F67=0,0,(G67-F67)*100/F67)) | I67: =IF($A67="","",IF(H67<0,"(-)"&ROUND(ABS(H67),2),ROUND(H67,2))) | N67: ='[6]Table-11(a)'!A18 | O67: ='[6]Table-11(a)'!B18 | P67: ='[6]Table-11(a)'!C18 | Q67: ='[6]Table-11(a)'!D18 | R67: ='[6]Table-11(a)'!E18 | S67: ='[6]Table-11(a)'!F18 | T67: ='[6]Table-11(a)'!G18 | U67: ='[6]Table-11(a)'!H18 | ... AG67: ='[6]Table-11(a)'!T18 | AI67: ='[6]Table-11(a)'!V18 | AJ67: ='[6]Table-11(a)'!W18 | AK67: ='[6]Table-11(a)'!X18 | AL67: ='[6]Table-11(a)'!Y18 | AM67: ='[6]Table-11(a)'!Z18 | AN67: ='[6]Table-11(a)'!AA18 | AO67: ='[6]Table-11(a)'!AB18 | AP67: ='[6]Table-11(a)'!AC18 | ... BB67: ='[6]Table-11(a)'!AO18
A68: =N68 | B68: =T68 | C68: =W68 | D68: =AO68 | E68: =AR68 | F68: =IF($A68="","",B68+D68) | G68: =IF($A68="","",C68+E68) | H68: =IF($A68="","",IF(F68=0,0,(G68-F68)*100/F68)) | I68: =IF($A68="","",IF(H68<0,"(-)"&ROUND(ABS(H68),2),ROUND(H68,2))) | N68: ='[6]Table-11(a)'!A19 | O68: ='[6]Table-11(a)'!B19 | P68: ='[6]Table-11(a)'!C19 | Q68: ='[6]Table-11(a)'!D19 | R68: ='[6]Table-11(a)'!E19 | S68: ='[6]Table-11(a)'!F19 | T68: ='[6]Table-11(a)'!G19 | U68: ='[6]Table-11(a)'!H19 | ... AG68: ='[6]Table-11(a)'!T19 | AI68: ='[6]Table-11(a)'!V19 | AJ68: ='[6]Table-11(a)'!W19 | AK68: ='[6]Table-11(a)'!X19 | AL68: ='[6]Table-11(a)'!Y19 | AM68: ='[6]Table-11(a)'!Z19 | AN68: ='[6]Table-11(a)'!AA19 | AO68: ='[6]Table-11(a)'!AB19 | AP68: ='[6]Table-11(a)'!AC19 | ... BB68: ='[6]Table-11(a)'!AO19
A69: =N69 | B69: =T69 | C69: =W69 | D69: =AO69 | E69: =AR69 | F69: =IF($A69="","",B69+D69) | G69: =IF($A69="","",C69+E69) | H69: =IF($A69="","",IF(F69=0,0,(G69-F69)*100/F69)) | I69: =IF($A69="","",IF(H69<0,"(-)"&ROUND(ABS(H69),2),ROUND(H69,2))) | N69: ='[6]Table-11(a)'!A20 | O69: ='[6]Table-11(a)'!B20 | P69: ='[6]Table-11(a)'!C20 | Q69: ='[6]Table-11(a)'!D20 | R69: ='[6]Table-11(a)'!E20 | S69: ='[6]Table-11(a)'!F20 | T69: ='[6]Table-11(a)'!G20 | U69: ='[6]Table-11(a)'!H20 | ... AG69: ='[6]Table-11(a)'!T20 | AI69: ='[6]Table-11(a)'!V20 | AJ69: ='[6]Table-11(a)'!W20 | AK69: ='[6]Table-11(a)'!X20 | AL69: ='[6]Table-11(a)'!Y20 | AM69: ='[6]Table-11(a)'!Z20 | AN69: ='[6]Table-11(a)'!AA20 | AO69: ='[6]Table-11(a)'!AB20 | AP69: ='[6]Table-11(a)'!AC20 | ... BB69: ='[6]Table-11(a)'!AO20
... A72: =N72 | B72: =T72 | C72: =W72 | D72: =AO72 | E72: =AR72 | F72: =IF($A72="","",B72+D72) | G72: =IF($A72="","",C72+E72) | H72: =IF($A72="","",IF(F72=0,0,(G72-F72)*100/F72)) | I72: =IF($A72="","",IF(H72<0,"(-)"&ROUND(ABS(H72),2),ROUND(H72,2))) | N72: ='[6]Table-11(a)'!A23 | O72: ='[6]Table-11(a)'!B23 | P72: ='[6]Table-11(a)'!C23 | Q72: ='[6]Table-11(a)'!D23 | R72: ='[6]Table-11(a)'!E23 | S72: ='[6]Table-11(a)'!F23 | T72: ='[6]Table-11(a)'!G23 | U72: ='[6]Table-11(a)'!H23 | ... AG72: ='[6]Table-11(a)'!T23 | AI72: ='[6]Table-11(a)'!V23 | AJ72: ='[6]Table-11(a)'!W23 | AK72: ='[6]Table-11(a)'!X23 | AL72: ='[6]Table-11(a)'!Y23 | AM72: ='[6]Table-11(a)'!Z23 | AN72: ='[6]Table-11(a)'!AA23 | AO72: ='[6]Table-11(a)'!AB23 | AP72: ='[6]Table-11(a)'!AC23 | ... BB72: ='[6]Table-11(a)'!AO23
A73: # NOT COMPARABLE AS THE IMPACT IS 100% OR MORE
A74: Developed by: Deepak Kumar Agrawal, Senior Statistical Officer, NSSO (FOD), Faridabad, Haryana

Sheet Annex-10
A2: A-12 | N2: TABLE-11(A):CROPWISE COMPARISON OF ENTRIES BY SUPERVISOR AND PATWARI OF CROP AREAS AS PER IRRIGATION AND SEED VARIETY. | AI2: TABLE-11(A):CROPWISE COMPARISON OF ENTRIES BY SUPERVISOR AND PATWARI OF CROP AREAS AS PER IRRIGATION AND SEED VARIETY.
A3: ="STATE:"& 'Crops CY'!$A$2 -> STATE:PUDUCHERRY | J3: ANNEX-X | N3: STATE: | O3: MAHARASHTRA(27) | S3: YEAR: | U3: 2014-15 | Y3: SEASON: | Z3: KHARIF(1) | AD3: SAMPLE: | AF3: CENTRAL(1) | AI3: STATE: | AJ3: MAHARASHTRA(27) | AN3: YEAR: | AP3: 2014-15 | AT3: SEASON: | AU3: KHARIF(1) | AY3: SAMPLE: | BA3: STATE(2)
A4: ="IMPACT OF DISCREPANCIES IN RECORDING AREA UNDER CROPS(IRRIGATED) DURING"&" "& 'Crops CY'!$B$3 &" AND "& 'Crops PY'!$B$3&"." -> IMPACT OF DISCREPANCIES IN RECORDING AREA UNDER CROPS(IRRIGATED) DURING 0 AND 0. | N4: CROP | O4: NO. OF VILLAGE REPORTING CROP | R4: COMPARISON AS PER IRRIGATION PARTICULARS | X4: COL (8-5)/5 *100 | Y4: COL (10-7)/7 *100 | Z4: COL (10)/7 (0.0000) | AA4: COMPARISON AS PER VARIETY OF SEED | AG4: COL (17-14)/14 *100 | AI4: CROP | AJ4: NO. OF VILLAGE REPORTING CROP | AM4: COMPARISON AS PER IRRIGATION PARTICULARS | AS4: COL (8-5)/5 *100 | AT4: COL (10-7)/7 *100 | AU4: COL (10)/7 (0.0000) | AV4: COMPARISON AS PER VARIETY OF SEED | BB4: COL (17-14)/14 *100
A5: SEASON / CROP | B5: AREA IN HECTARES AS OBSERVED IN SAMPLE CLUSTERS | R5: AREA UNDER CROP (0.00)HA | AA5: AREA UNDER CROP (0.00)HA | AM5: AREA UNDER CROP (0.00)HA | AV5: AREA UNDER CROP (0.00)HA
B6: CENTRAL SAMPLE | E6: STATE SAMPLE | H6: POOLED SAMPLE | L6: IMPACT OF DISCRIPANCIES (b-a/a)*100 (POOLED SAMPLE ONLY) | R6: AS PER SUPERVISOR | U6: AS PER PATWARIES | AA6: AS PER SUPERVISOR | AD6: AS PER PATWARIES | AM6: AS PER SUPERVISOR | AP6: AS PER PATWARIES | AV6: AS PER SUPERVISOR | AY6: AS PER PATWARIES
B7: NO OF VILLAGES REPORTING CROP | C7: AS PER SUPERVISOR | D7: AS PER PATWARI | E7: NO OF VILLAGES REPORTING CROP | F7: AS PER SUPERVISOR | G7: AS PER PATWARI | H7: NO OF VILLAGES REPORTING CROP | I7: AS PER SUPERVISOR | J7: AS PER PATWARI | O7: TOTAL | P7: IRR | Q7: HY | R7: IRR | S7: UN-IRR | T7: TOTAL | U7: IRR | V7: UN-IRR | W7: TOTAL | AA7: HY | AB7: LOCAL | AC7: TOTAL | AD7: HY | AE7: LOCAL | AF7: TOTAL | AJ7: TOTAL | AK7: IRR | AL7: HY | AM7: IRR | AN7: UN-IRR | AO7: TOTAL | AP7: IRR | AQ7: UN-IRR | AR7: TOTAL | AV7: HY | AW7: LOCAL | AX7: TOTAL | AY7: HY | AZ7: LOCAL | BA7: TOTAL
A8: (1) | B8: (2) | C8: (3) | D8: (4) | E8: (5) | F8: (6) | G8: (7) | H8: (8) | I8: (9) | J8: (10) | L8: (11) | N8: 1 | O8: 2 | P8: 3 | Q8: 4 | R8: 5 | S8: 6 | T8: 7 | U8: 8 | V8: 9 | W8: 10 | X8: 11 | Y8: 12 | Z8: 13 | AA8: 14 | AB8: 15 | AC8: 16 | AD8: 17 | AE8: 18 | AF8: 19 | AG8: 20 | AI8: 1 | AJ8: 2 | AK8: 3 | AL8: 4 | AM8: 5 | AN8: 6 | AO8: 7 | AP8: 8 | AQ8: 9 | AR8: 10 | AS8: 11 | AT8: 12 | AU8: 13 | AV8: 14 | AW8: 15 | AX8: 16 | AY8: 17 | AZ8: 18 | BA8: 19 | BB8: 20
A9: ='Crops CY'!$A$5&" - "&'Crops CY'!$B$3 -> RABI I - 0 | N9: ='Crops CY'!$A$5&" - "&'Crops CY'!$B$3 -> RABI I - 0
A10: =N10 -> PADDY(97) | B10: =P10 -> 3 | C10: =R10 -> 4.459 | D10: =U10 -> 4.589 | E10: =AK10 -> 8 | F10: =AM10 -> 15.6192 | G10: =AP10 -> 15.5092 | H10: =IF($A10="","",B10+E10) -> 11 | I10: =IF($A10="","",C10+F10) -> 20.0782 | J10: =IF($A10="","",D10+G10) -> 20.0982 | K10: =IF($A10="","",IF(I10=0,0,(J10-I10)*100/I10)) -> 0.099610523 | L10: =IF($A10="","",IF(K10<0,"(-)"&ROUND(ABS(K10),2),ROUND(K10,2))) -> 0.1 | N10: ='Annex-8'!N10 -> PADDY(97) | O10: ='Annex-8'!O10 -> 3 | P10: ='Annex-8'!P10 -> 3 | Q10: ='Annex-8'!Q10 -> 3 | R10: ='Annex-8'!R10 -> 4.459 | S10: ='Annex-8'!S10 -> 0 | T10: ='Annex-8'!T10 -> 4.459 | U10: ='Annex-8'!U10 -> 4.589 | ... AG10: ='Annex-8'!AG10 -> 2.9154519 | AI10: ='Annex-8'!AI10 -> PADDY(97) | AJ10: ='Annex-8'!AJ10 -> 8 | AK10: ='Annex-8'!AK10 -> 8 | AL10: ='Annex-8'!AL10 -> 8 | AM10: ='Annex-8'!AM10 -> 15.6192 | AN10: ='Annex-8'!AN10 -> 0 | AO10: ='Annex-8'!AO10 -> 15.6192 | AP10: ='Annex-8'!AP10 -> 15.5092 | ... BB10: ='Annex-8'!BB10 -> 0.70426142
A11: =N11 -> OTHERS(99) | B11: =P11 -> 4 | C11: =R11 -> 1.7258 | D11: =U11 -> 2.5908 | E11: =AK11 -> 7 | F11: =AM11 -> 5.7236 | G11: =AP11 -> 5.8236 | H11: =IF($A11="","",B11+E11) -> 11 | I11: =IF($A11="","",C11+F11) -> 7.4494 | J11: =IF($A11="","",D11+G11) -> 8.4144 | K11: =IF($A11="","",IF(I11=0,0,(J11-I11)*100/I11)) -> 12.954063 | L11: =IF($A11="","",IF(K11<0,"(-)"&ROUND(ABS(K11),2),ROUND(K11,2))) -> 12.95 | N11: ='Annex-8'!N11 -> OTHERS(99) | O11: ='Annex-8'!O11 -> 4 | P11: ='Annex-8'!P11 -> 4 | Q11: ='Annex-8'!Q11 -> 4 | R11: ='Annex-8'!R11 -> 1.7258 | S11: ='Annex-8'!S11 -> 0 | T11: ='Annex-8'!T11 -> 1.7258 | U11: ='Annex-8'!U11 -> 2.5908 | ... AG11: ='Annex-8'!AG11 -> 50.266543 | AI11: ='Annex-8'!AI11 -> OTHERS(99) | AJ11: ='Annex-8'!AJ11 -> 7 | AK11: ='Annex-8'!AK11 -> 7 | AL11: ='Annex-8'!AL11 -> 6 | AM11: ='Annex-8'!AM11 -> 5.7236 | AN11: ='Annex-8'!AN11 -> 0.1661 | AO11: ='Annex-8'!AO11 -> 5.8897 | AP11: ='Annex-8'!AP11 -> 5.8236 | ... BB11: ='Annex-8'!BB11 -> 1.7153541
A12: =N12 | B12: =P12 | C12: =R12 | D12: =U12 | E12: =AK12 | F12: =AM12 | G12: =AP12 | H12: =IF($A12="","",B12+E12) | I12: =IF($A12="","",C12+F12) | J12: =IF($A12="","",D12+G12) | K12: =IF($A12="","",IF(I12=0,0,(J12-I12)*100/I12)) | L12: =IF($A12="","",IF(K12<0,"(-)"&ROUND(ABS(K12),2),ROUND(K12,2))) | N12: ='Annex-8'!N12 | O12: ='Annex-8'!O12 | P12: ='Annex-8'!P12 | Q12: ='Annex-8'!Q12 | R12: ='Annex-8'!R12 | S12: ='Annex-8'!S12 | T12: ='Annex-8'!T12 | U12: ='Annex-8'!U12 | ... AG12: ='Annex-8'!AG12 | AI12: ='Annex-8'!AI12 | AJ12: ='Annex-8'!AJ12 | AK12: ='Annex-8'!AK12 | AL12: ='Annex-8'!AL12 | AM12: ='Annex-8'!AM12 | AN12: ='Annex-8'!AN12 | AO12: ='Annex-8'!AO12 | AP12: ='Annex-8'!AP12 | ... BB12: ='Annex-8'!BB12
A13: =N13 | B13: =P13 | C13: =R13 | D13: =U13 | E13: =AK13 | F13: =AM13 | G13: =AP13 | H13: =IF($A13="","",B13+E13) | I13: =IF($A13="","",C13+F13) | J13: =IF($A13="","",D13+G13) | K13: =IF($A13="","",IF(I13=0,0,(J13-I13)*100/I13)) | L13: =IF($A13="","",IF(K13<0,"(-)"&ROUND(ABS(K13),2),ROUND(K13,2))) | N13: ='Annex-8'!N13 | O13: ='Annex-8'!O13 | P13: ='Annex-8'!P13 | Q13: ='Annex-8'!Q13 | R13: ='Annex-8'!R13 | S13: ='Annex-8'!S13 | T13: ='Annex-8'!T13 | U13: ='Annex-8'!U13 | ... AG13: ='Annex-8'!AG13 | AI13: ='Annex-8'!AI13 | AJ13: ='Annex-8'!AJ13 | AK13: ='Annex-8'!AK13 | AL13: ='Annex-8'!AL13 | AM13: ='Annex-8'!AM13 | AN13: ='Annex-8'!AN13 | AO13: ='Annex-8'!AO13 | AP13: ='Annex-8'!AP13 | ... BB13: ='Annex-8'!BB13
A14: =N14 | B14: =P14 | C14: =R14 | D14: =U14 | E14: =AK14 | F14: =AM14 | G14: =AP14 | H14: =IF($A14="","",B14+E14) | I14: =IF($A14="","",C14+F14) | J14: =IF($A14="","",D14+G14) | K14: =IF($A14="","",IF(I14=0,0,(J14-I14)*100/I14)) | L14: =IF($A14="","",IF(K14<0,"(-)"&ROUND(ABS(K14),2),ROUND(K14,2))) | N14: ='Annex-8'!N14 | O14: ='Annex-8'!O14 | P14: ='Annex-8'!P14 | Q14: ='Annex-8'!Q14 | R14: ='Annex-8'!R14 | S14: ='Annex-8'!S14 | T14: ='Annex-8'!T14 | U14: ='Annex-8'!U14 | ... AG14: ='Annex-8'!AG14 | AI14: ='Annex-8'!AI14 | AJ14: ='Annex-8'!AJ14 | AK14: ='Annex-8'!AK14 | AL14: ='Annex-8'!AL14 | AM14: ='Annex-8'!AM14 | AN14: ='Annex-8'!AN14 | AO14: ='Annex-8'!AO14 | AP14: ='Annex-8'!AP14 | ... BB14: ='Annex-8'!BB14
A15: =N15 | B15: =P15 | C15: =R15 | D15: =U15 | E15: =AK15 | F15: =AM15 | G15: =AP15 | H15: =IF($A15="","",B15+E15) | I15: =IF($A15="","",C15+F15) | J15: =IF($A15="","",D15+G15) | K15: =IF($A15="","",IF(I15=0,0,(J15-I15)*100/I15)) | L15: =IF($A15="","",IF(K15<0,"(-)"&ROUND(ABS(K15),2),ROUND(K15,2))) | N15: ='Annex-8'!N15 | O15: ='Annex-8'!O15 | P15: ='Annex-8'!P15 | Q15: ='Annex-8'!Q15 | R15: ='Annex-8'!R15 | S15: ='Annex-8'!S15 | T15: ='Annex-8'!T15 | U15: ='Annex-8'!U15 | ... AG15: ='Annex-8'!AG15 | AI15: ='Annex-8'!AI15 | AJ15: ='Annex-8'!AJ15 | AK15: ='Annex-8'!AK15 | AL15: ='Annex-8'!AL15 | AM15: ='Annex-8'!AM15 | AN15: ='Annex-8'!AN15 | AO15: ='Annex-8'!AO15 | AP15: ='Annex-8'!AP15 | ... BB15: ='Annex-8'!BB15
A16: =N16 | B16: =P16 | C16: =R16 | D16: =U16 | E16: =AK16 | F16: =AM16 | G16: =AP16 | H16: =IF($A16="","",B16+E16) | I16: =IF($A16="","",C16+F16) | J16: =IF($A16="","",D16+G16) | K16: =IF($A16="","",IF(I16=0,0,(J16-I16)*100/I16)) | L16: =IF($A16="","",IF(K16<0,"(-)"&ROUND(ABS(K16),2),ROUND(K16,2))) | N16: ='Annex-8'!N16 | O16: ='Annex-8'!O16 | P16: ='Annex-8'!P16 | Q16: ='Annex-8'!Q16 | R16: ='Annex-8'!R16 | S16: ='Annex-8'!S16 | T16: ='Annex-8'!T16 | U16: ='Annex-8'!U16 | ... AG16: ='Annex-8'!AG16 | AI16: ='Annex-8'!AI16 | AJ16: ='Annex-8'!AJ16 | AK16: ='Annex-8'!AK16 | AL16: ='Annex-8'!AL16 | AM16: ='Annex-8'!AM16 | AN16: ='Annex-8'!AN16 | AO16: ='Annex-8'!AO16 | AP16: ='Annex-8'!AP16 | ... BB16: ='Annex-8'!BB16
A17: =N17 | B17: =P17 | C17: =R17 | D17: =U17 | E17: =AK17 | F17: =AM17 | G17: =AP17 | H17: =IF($A17="","",B17+E17) | I17: =IF($A17="","",C17+F17) | J17: =IF($A17="","",D17+G17) | K17: =IF($A17="","",IF(I17=0,0,(J17-I17)*100/I17)) | L17: =IF($A17="","",IF(K17<0,"(-)"&ROUND(ABS(K17),2),ROUND(K17,2))) | N17: ='Annex-8'!N17 | O17: ='Annex-8'!O17 | P17: ='Annex-8'!P17 | Q17: ='Annex-8'!Q17 | R17: ='Annex-8'!R17 | S17: ='Annex-8'!S17 | T17: ='Annex-8'!T17 | U17: ='Annex-8'!U17 | ... AG17: ='Annex-8'!AG17 | AI17: ='Annex-8'!AI17 | AJ17: ='Annex-8'!AJ17 | AK17: ='Annex-8'!AK17 | AL17: ='Annex-8'!AL17 | AM17: ='Annex-8'!AM17 | AN17: ='Annex-8'!AN17 | AO17: ='Annex-8'!AO17 | AP17: ='Annex-8'!AP17 | ... BB17: ='Annex-8'!BB17
A18: =N18 | B18: =P18 | C18: =R18 | D18: =U18 | E18: =AK18 | F18: =AM18 | G18: =AP18 | H18: =IF($A18="","",B18+E18) | I18: =IF($A18="","",C18+F18) | J18: =IF($A18="","",D18+G18) | K18: =IF($A18="","",IF(I18=0,0,(J18-I18)*100/I18)) | L18: =IF($A18="","",IF(K18<0,"(-)"&ROUND(ABS(K18),2),ROUND(K18,2))) | N18: ='Annex-8'!N18 | O18: ='Annex-8'!O18 | P18: ='Annex-8'!P18 | Q18: ='Annex-8'!Q18 | R18: ='Annex-8'!R18 | S18: ='Annex-8'!S18 | T18: ='Annex-8'!T18 | U18: ='Annex-8'!U18 | ... AG18: ='Annex-8'!AG18 | AI18: ='Annex-8'!AI18 | AJ18: ='Annex-8'!AJ18 | AK18: ='Annex-8'!AK18 | AL18: ='Annex-8'!AL18 | AM18: ='Annex-8'!AM18 | AN18: ='Annex-8'!AN18 | AO18: ='Annex-8'!AO18 | AP18: ='Annex-8'!AP18 | ... BB18: ='Annex-8'!BB18
A19: =N19 | B19: =P19 | C19: =R19 | D19: =U19 | E19: =AK19 | F19: =AM19 | G19: =AP19 | H19: =IF($A19="","",B19+E19) | I19: =IF($A19="","",C19+F19) | J19: =IF($A19="","",D19+G19) | K19: =IF($A19="","",IF(I19=0,0,(J19-I19)*100/I19)) | L19: =IF($A19="","",IF(K19<0,"(-)"&ROUND(ABS(K19),2),ROUND(K19,2))) | N19: ='Annex-8'!N19 | O19: ='Annex-8'!O19 | P19: ='Annex-8'!P19 | Q19: ='Annex-8'!Q19 | R19: ='Annex-8'!R19 | S19: ='Annex-8'!S19 | T19: ='Annex-8'!T19 | U19: ='Annex-8'!U19 | ... AG19: ='Annex-8'!AG19 | AI19: ='Annex-8'!AI19 | AJ19: ='Annex-8'!AJ19 | AK19: ='Annex-8'!AK19 | AL19: ='Annex-8'!AL19 | AM19: ='Annex-8'!AM19 | AN19: ='Annex-8'!AN19 | AO19: ='Annex-8'!AO19 | AP19: ='Annex-8'!AP19 | ... BB19: ='Annex-8'!BB19
A20: =N20 | B20: =P20 | C20: =R20 | D20: =U20 | E20: =AK20 | F20: =AM20 | G20: =AP20 | H20: =IF($A20="","",B20+E20) | I20: =IF($A20="","",C20+F20) | J20: =IF($A20="","",D20+G20) | K20: =IF($A20="","",IF(I20=0,0,(J20-I20)*100/I20)) | L20: =IF($A20="","",IF(K20<0,"(-)"&ROUND(ABS(K20),2),ROUND(K20,2))) | N20: ='Annex-8'!N20 | O20: ='Annex-8'!O20 | P20: ='Annex-8'!P20 | Q20: ='Annex-8'!Q20 | R20: ='Annex-8'!R20 | S20: ='Annex-8'!S20 | T20: ='Annex-8'!T20 | U20: ='Annex-8'!U20 | ... AG20: ='Annex-8'!AG20 | AI20: ='Annex-8'!AI20 | AJ20: ='Annex-8'!AJ20 | AK20: ='Annex-8'!AK20 | AL20: ='Annex-8'!AL20 | AM20: ='Annex-8'!AM20 | AN20: ='Annex-8'!AN20 | AO20: ='Annex-8'!AO20 | AP20: ='Annex-8'!AP20 | ... BB20: ='Annex-8'!BB20
A21: =N21 | B21: =P21 | C21: =R21 | D21: =U21 | E21: =AK21 | F21: =AM21 | G21: =AP21 | H21: =IF($A21="","",B21+E21) | I21: =IF($A21="","",C21+F21) | J21: =IF($A21="","",D21+G21) | K21: =IF($A21="","",IF(I21=0,0,(J21-I21)*100/I21)) | L21: =IF($A21="","",IF(K21<0,"(-)"&ROUND(ABS(K21),2),ROUND(K21,2))) | N21: ='Annex-8'!N21 | O21: ='Annex-8'!O21 | P21: ='Annex-8'!P21 | Q21: ='Annex-8'!Q21 | R21: ='Annex-8'!R21 | S21: ='Annex-8'!S21 | T21: ='Annex-8'!T21 | U21: ='Annex-8'!U21 | ... AG21: ='Annex-8'!AG21 | AI21: ='Annex-8'!AI21 | AJ21: ='Annex-8'!AJ21 | AK21: ='Annex-8'!AK21 | AL21: ='Annex-8'!AL21 | AM21: ='Annex-8'!AM21 | AN21: ='Annex-8'!AN21 | AO21: ='Annex-8'!AO21 | AP21: ='Annex-8'!AP21 | ... BB21: ='Annex-8'!BB21
... A24: =N24 | B24: =P24 | C24: =R24 | D24: =U24 | E24: =AK24 | F24: =AM24 | G24: =AP24 | H24: =IF($A24="","",B24+E24) | I24: =IF($A24="","",C24+F24) | J24: =IF($A24="","",D24+G24) | K24: =IF($A24="","",IF(I24=0,0,(J24-I24)*100/I24)) | L24: =IF($A24="","",IF(K24<0,"(-)"&ROUND(ABS(K24),2),ROUND(K24,2))) | N24: ='Annex-8'!N24 | O24: ='Annex-8'!O24 | P24: ='Annex-8'!P24 | Q24: ='Annex-8'!Q24 | R24: ='Annex-8'!R24 | S24: ='Annex-8'!S24 | T24: ='Annex-8'!T24 | U24: ='Annex-8'!U24 | ... AG24: ='Annex-8'!AG24 | AI24: ='Annex-8'!AI24 | AJ24: ='Annex-8'!AJ24 | AK24: ='Annex-8'!AK24 | AL24: ='Annex-8'!AL24 | AM24: ='Annex-8'!AM24 | AN24: ='Annex-8'!AN24 | AO24: ='Annex-8'!AO24 | AP24: ='Annex-8'!AP24 | ... BB24: ='Annex-8'!BB24
A25: ='Crops CY'!$C$5&" - "&'Crops CY'!$B$3 -> RABI II - 0 | N25: ='Crops CY'!$C$5&" - "&'Crops CY'!$B$3 -> RABI II - 0
A26: =N26 -> PADDY(98) | B26: =P26 -> 1 | C26: =R26 -> 0.025 | D26: =U26 -> 0.025 | E26: =AK26 -> 5 | F26: =AM26 -> 8.785 | G26: =AP26 -> 8.6 | H26: =IF($A26="","",B26+E26) -> 6 | I26: =IF($A26="","",C26+F26) -> 8.81 | J26: =IF($A26="","",D26+G26) -> 8.625 | K26: =IF($A26="","",IF(I26=0,0,(J26-I26)*100/I26)) -> -2.0998865 | L26: =IF($A26="","",IF(K26<0,"(-)"&ROUND(ABS(K26),2),ROUND(K26,2))) -> (-)2.1 | N26: ='Annex-8'!N26 -> PADDY(98) | O26: ='Annex-8'!O26 -> 1 | P26: ='Annex-8'!P26 -> 1 | Q26: ='Annex-8'!Q26 -> 1 | R26: ='Annex-8'!R26 -> 0.025 | S26: ='Annex-8'!S26 -> 0 | T26: ='Annex-8'!T26 -> 0.025 | U26: ='Annex-8'!U26 -> 0.025 | ... AG26: ='Annex-8'!AG26 -> 0 | AI26: ='Annex-8'!AI26 -> PADDY(98) | AJ26: ='Annex-8'!AJ26 -> 5 | AK26: ='Annex-8'!AK26 -> 5 | AL26: ='Annex-8'!AL26 -> 5 | AM26: ='Annex-8'!AM26 -> 8.785 | AN26: ='Annex-8'!AN26 -> 0 | AO26: ='Annex-8'!AO26 -> 8.785 | AP26: ='Annex-8'!AP26 -> 8.6 | ... BB26: ='Annex-8'!BB26 -> 2.1058623
A27: =N27 -> OTHERS(99) | B27: =P27 -> 4 | C27: =R27 -> 1.77 | D27: =U27 -> 2.615 | E27: =AK27 -> 7 | F27: =AM27 -> 3.5894 | G27: =AP27 -> 3.5894 | H27: =IF($A27="","",B27+E27) -> 11 | I27: =IF($A27="","",C27+F27) -> 5.3594 | J27: =IF($A27="","",D27+G27) -> 6.2044 | K27: =IF($A27="","",IF(I27=0,0,(J27-I27)*100/I27)) -> 15.76669 | L27: =IF($A27="","",IF(K27<0,"(-)"&ROUND(ABS(K27),2),ROUND(K27,2))) -> 15.77 | N27: ='Annex-8'!N27 -> OTHERS(99) | O27: ='Annex-8'!O27 -> 4 | P27: ='Annex-8'!P27 -> 4 | Q27: ='Annex-8'!Q27 -> 4 | R27: ='Annex-8'!R27 -> 1.77 | S27: ='Annex-8'!S27 -> 0 | T27: ='Annex-8'!T27 -> 1.77 | U27: ='Annex-8'!U27 -> 2.615 | ... AG27: ='Annex-8'!AG27 -> 47.881356 | AI27: ='Annex-8'!AI27 -> OTHERS(99) | AJ27: ='Annex-8'!AJ27 -> 7 | AK27: ='Annex-8'!AK27 -> 7 | AL27: ='Annex-8'!AL27 -> 6 | AM27: ='Annex-8'!AM27 -> 3.5894 | AN27: ='Annex-8'!AN27 -> 0.9049 | AO27: ='Annex-8'!AO27 -> 4.4943 | AP27: ='Annex-8'!AP27 -> 3.5894 | ... BB27: ='Annex-8'!BB27 -> 0
A28: =N28 | B28: =P28 | C28: =R28 | D28: =U28 | E28: =AK28 | F28: =AM28 | G28: =AP28 | H28: =IF($A28="","",B28+E28) | I28: =IF($A28="","",C28+F28) | J28: =IF($A28="","",D28+G28) | K28: =IF($A28="","",IF(I28=0,0,(J28-I28)*100/I28)) | L28: =IF($A28="","",IF(K28<0,"(-)"&ROUND(ABS(K28),2),ROUND(K28,2))) | N28: ='Annex-8'!N28 | O28: ='Annex-8'!O28 | P28: ='Annex-8'!P28 | Q28: ='Annex-8'!Q28 | R28: ='Annex-8'!R28 | S28: ='Annex-8'!S28 | T28: ='Annex-8'!T28 | U28: ='Annex-8'!U28 | ... AG28: ='Annex-8'!AG28 | AI28: ='Annex-8'!AI28 | AJ28: ='Annex-8'!AJ28 | AK28: ='Annex-8'!AK28 | AL28: ='Annex-8'!AL28 | AM28: ='Annex-8'!AM28 | AN28: ='Annex-8'!AN28 | AO28: ='Annex-8'!AO28 | AP28: ='Annex-8'!AP28 | ... BB28: ='Annex-8'!BB28
A29: =N29 | B29: =P29 | C29: =R29 | D29: =U29 | E29: =AK29 | F29: =AM29 | G29: =AP29 | H29: =IF($A29="","",B29+E29) | I29: =IF($A29="","",C29+F29) | J29: =IF($A29="","",D29+G29) | K29: =IF($A29="","",IF(I29=0,0,(J29-I29)*100/I29)) | L29: =IF($A29="","",IF(K29<0,"(-)"&ROUND(ABS(K29),2),ROUND(K29,2))) | N29: ='Annex-8'!N29 | O29: ='Annex-8'!O29 | P29: ='Annex-8'!P29 | Q29: ='Annex-8'!Q29 | R29: ='Annex-8'!R29 | S29: ='Annex-8'!S29 | T29: ='Annex-8'!T29 | U29: ='Annex-8'!U29 | ... AG29: ='Annex-8'!AG29 | AI29: ='Annex-8'!AI29 | AJ29: ='Annex-8'!AJ29 | AK29: ='Annex-8'!AK29 | AL29: ='Annex-8'!AL29 | AM29: ='Annex-8'!AM29 | AN29: ='Annex-8'!AN29 | AO29: ='Annex-8'!AO29 | AP29: ='Annex-8'!AP29 | ... BB29: ='Annex-8'!BB29
A30: =N30 | B30: =P30 | C30: =R30 | D30: =U30 | E30: =AK30 | F30: =AM30 | G30: =AP30 | H30: =IF($A30="","",B30+E30) | I30: =IF($A30="","",C30+F30) | J30: =IF($A30="","",D30+G30) | K30: =IF($A30="","",IF(I30=0,0,(J30-I30)*100/I30)) | L30: =IF($A30="","",IF(K30<0,"(-)"&ROUND(ABS(K30),2),ROUND(K30,2))) | N30: ='Annex-8'!N30 | O30: ='Annex-8'!O30 | P30: ='Annex-8'!P30 | Q30: ='Annex-8'!Q30 | R30: ='Annex-8'!R30 | S30: ='Annex-8'!S30 | T30: ='Annex-8'!T30 | U30: ='Annex-8'!U30 | ... AG30: ='Annex-8'!AG30 | AI30: ='Annex-8'!AI30 | AJ30: ='Annex-8'!AJ30 | AK30: ='Annex-8'!AK30 | AL30: ='Annex-8'!AL30 | AM30: ='Annex-8'!AM30 | AN30: ='Annex-8'!AN30 | AO30: ='Annex-8'!AO30 | AP30: ='Annex-8'!AP30 | ... BB30: ='Annex-8'!BB30
A31: =N31 | B31: =P31 | C31: =R31 | D31: =U31 | E31: =AK31 | F31: =AM31 | G31: =AP31 | H31: =IF($A31="","",B31+E31) | I31: =IF($A31="","",C31+F31) | J31: =IF($A31="","",D31+G31) | K31: =IF($A31="","",IF(I31=0,0,(J31-I31)*100/I31)) | L31: =IF($A31="","",IF(K31<0,"(-)"&ROUND(ABS(K31),2),ROUND(K31,2))) | N31: ='Annex-8'!N31 | O31: ='Annex-8'!O31 | P31: ='Annex-8'!P31 | Q31: ='Annex-8'!Q31 | R31: ='Annex-8'!R31 | S31: ='Annex-8'!S31 | T31: ='Annex-8'!T31 | U31: ='Annex-8'!U31 | ... AG31: ='Annex-8'!AG31 | AI31: ='Annex-8'!AI31 | AJ31: ='Annex-8'!AJ31 | AK31: ='Annex-8'!AK31 | AL31: ='Annex-8'!AL31 | AM31: ='Annex-8'!AM31 | AN31: ='Annex-8'!AN31 | AO31: ='Annex-8'!AO31 | AP31: ='Annex-8'!AP31 | ... BB31: ='Annex-8'!BB31
A32: =N32 | B32: =P32 | C32: =R32 | D32: =U32 | E32: =AK32 | F32: =AM32 | G32: =AP32 | H32: =IF($A32="","",B32+E32) | I32: =IF($A32="","",C32+F32) | J32: =IF($A32="","",D32+G32) | K32: =IF($A32="","",IF(I32=0,0,(J32-I32)*100/I32)) | L32: =IF($A32="","",IF(K32<0,"(-)"&ROUND(ABS(K32),2),ROUND(K32,2))) | N32: ='Annex-8'!N32 | O32: ='Annex-8'!O32 | P32: ='Annex-8'!P32 | Q32: ='Annex-8'!Q32 | R32: ='Annex-8'!R32 | S32: ='Annex-8'!S32 | T32: ='Annex-8'!T32 | U32: ='Annex-8'!U32 | ... AG32: ='Annex-8'!AG32 | AI32: ='Annex-8'!AI32 | AJ32: ='Annex-8'!AJ32 | AK32: ='Annex-8'!AK32 | AL32: ='Annex-8'!AL32 | AM32: ='Annex-8'!AM32 | AN32: ='Annex-8'!AN32 | AO32: ='Annex-8'!AO32 | AP32: ='Annex-8'!AP32 | ... BB32: ='Annex-8'!BB32
A33: =N33 | B33: =P33 | C33: =R33 | D33: =U33 | E33: =AK33 | F33: =AM33 | G33: =AP33 | H33: =IF($A33="","",B33+E33) | I33: =IF($A33="","",C33+F33) | J33: =IF($A33="","",D33+G33) | K33: =IF($A33="","",IF(I33=0,0,(J33-I33)*100/I33)) | L33: =IF($A33="","",IF(K33<0,"(-)"&ROUND(ABS(K33),2),ROUND(K33,2))) | N33: ='Annex-8'!N33 | O33: ='Annex-8'!O33 | P33: ='Annex-8'!P33 | Q33: ='Annex-8'!Q33 | R33: ='Annex-8'!R33 | S33: ='Annex-8'!S33 | T33: ='Annex-8'!T33 | U33: ='Annex-8'!U33 | ... AG33: ='Annex-8'!AG33 | AI33: ='Annex-8'!AI33 | AJ33: ='Annex-8'!AJ33 | AK33: ='Annex-8'!AK33 | AL33: ='Annex-8'!AL33 | AM33: ='Annex-8'!AM33 | AN33: ='Annex-8'!AN33 | AO33: ='Annex-8'!AO33 | AP33: ='Annex-8'!AP33 | ... BB33: ='Annex-8'!BB33
A34: =N34 | B34: =P34 | C34: =R34 | D34: =U34 | E34: =AK34 | F34: =AM34 | G34: =AP34 | H34: =IF($A34="","",B34+E34) | I34: =IF($A34="","",C34+F34) | J34: =IF($A34="","",D34+G34) | K34: =IF($A34="","",IF(I34=0,0,(J34-I34)*100/I34)) | L34: =IF($A34="","",IF(K34<0,"(-)"&ROUND(ABS(K34),2),ROUND(K34,2))) | N34: ='Annex-8'!N34 | O34: ='Annex-8'!O34 | P34: ='Annex-8'!P34 | Q34: ='Annex-8'!Q34 | R34: ='Annex-8'!R34 | S34: ='Annex-8'!S34 | T34: ='Annex-8'!T34 | U34: ='Annex-8'!U34 | ... AG34: ='Annex-8'!AG34 | AI34: ='Annex-8'!AI34 | AJ34: ='Annex-8'!AJ34 | AK34: ='Annex-8'!AK34 | AL34: ='Annex-8'!AL34 | AM34: ='Annex-8'!AM34 | AN34: ='Annex-8'!AN34 | AO34: ='Annex-8'!AO34 | AP34: ='Annex-8'!AP34 | ... BB34: ='Annex-8'!BB34
A35: =N35 | B35: =P35 | C35: =R35 | D35: =U35 | E35: =AK35 | F35: =AM35 | G35: =AP35 | H35: =IF($A35="","",B35+E35) | I35: =IF($A35="","",C35+F35) | J35: =IF($A35="","",D35+G35) | K35: =IF($A35="","",IF(I35=0,0,(J35-I35)*100/I35)) | L35: =IF($A35="","",IF(K35<0,"(-)"&ROUND(ABS(K35),2),ROUND(K35,2))) | N35: ='Annex-8'!N35 | O35: ='Annex-8'!O35 | P35: ='Annex-8'!P35 | Q35: ='Annex-8'!Q35 | R35: ='Annex-8'!R35 | S35: ='Annex-8'!S35 | T35: ='Annex-8'!T35 | U35: ='Annex-8'!U35 | ... AG35: ='Annex-8'!AG35 | AI35: ='Annex-8'!AI35 | AJ35: ='Annex-8'!AJ35 | AK35: ='Annex-8'!AK35 | AL35: ='Annex-8'!AL35 | AM35: ='Annex-8'!AM35 | AN35: ='Annex-8'!AN35 | AO35: ='Annex-8'!AO35 | AP35: ='Annex-8'!AP35 | ... BB35: ='Annex-8'!BB35
A36: =N36 | B36: =P36 | C36: =R36 | D36: =U36 | E36: =AK36 | F36: =AM36 | G36: =AP36 | H36: =IF($A36="","",B36+E36) | I36: =IF($A36="","",C36+F36) | J36: =IF($A36="","",D36+G36) | K36: =IF($A36="","",IF(I36=0,0,(J36-I36)*100/I36)) | L36: =IF($A36="","",IF(K36<0,"(-)"&ROUND(ABS(K36),2),ROUND(K36,2))) | N36: ='Annex-8'!N36 | O36: ='Annex-8'!O36 | P36: ='Annex-8'!P36 | Q36: ='Annex-8'!Q36 | R36: ='Annex-8'!R36 | S36: ='Annex-8'!S36 | T36: ='Annex-8'!T36 | U36: ='Annex-8'!U36 | ... AG36: ='Annex-8'!AG36 | AI36: ='Annex-8'!AI36 | AJ36: ='Annex-8'!AJ36 | AK36: ='Annex-8'!AK36 | AL36: ='Annex-8'!AL36 | AM36: ='Annex-8'!AM36 | AN36: ='Annex-8'!AN36 | AO36: ='Annex-8'!AO36 | AP36: ='Annex-8'!AP36 | ... BB36: ='Annex-8'!BB36
A37: =N37 | B37: =P37 | C37: =R37 | D37: =U37 | E37: =AK37 | F37: =AM37 | G37: =AP37 | H37: =IF($A37="","",B37+E37) | I37: =IF($A37="","",C37+F37) | J37: =IF($A37="","",D37+G37) | K37: =IF($A37="","",IF(I37=0,0,(J37-I37)*100/I37)) | L37: =IF($A37="","",IF(K37<0,"(-)"&ROUND(ABS(K37),2),ROUND(K37,2))) | N37: ='Annex-8'!N37 | O37: ='Annex-8'!O37 | P37: ='Annex-8'!P37 | Q37: ='Annex-8'!Q37 | R37: ='Annex-8'!R37 | S37: ='Annex-8'!S37 | T37: ='Annex-8'!T37 | U37: ='Annex-8'!U37 | ... AG37: ='Annex-8'!AG37 | AI37: ='Annex-8'!AI37 | AJ37: ='Annex-8'!AJ37 | AK37: ='Annex-8'!AK37 | AL37: ='Annex-8'!AL37 | AM37: ='Annex-8'!AM37 | AN37: ='Annex-8'!AN37 | AO37: ='Annex-8'!AO37 | AP37: ='Annex-8'!AP37 | ... BB37: ='Annex-8'!BB37
... A40: =N40 | B40: =P40 | C40: =R40 | D40: =U40 | E40: =AK40 | F40: =AM40 | G40: =AP40 | H40: =IF($A40="","",B40+E40) | I40: =IF($A40="","",C40+F40) | J40: =IF($A40="","",D40+G40) | K40: =IF($A40="","",IF(I40=0,0,(J40-I40)*100/I40)) | L40: =IF($A40="","",IF(K40<0,"(-)"&ROUND(ABS(K40),2),ROUND(K40,2))) | N40: ='Annex-8'!N40 | O40: ='Annex-8'!O40 | P40: ='Annex-8'!P40 | Q40: ='Annex-8'!Q40 | R40: ='Annex-8'!R40 | S40: ='Annex-8'!S40 | T40: ='Annex-8'!T40 | U40: ='Annex-8'!U40 | ... AG40: ='Annex-8'!AG40 | AI40: ='Annex-8'!AI40 | AJ40: ='Annex-8'!AJ40 | AK40: ='Annex-8'!AK40 | AL40: ='Annex-8'!AL40 | AM40: ='Annex-8'!AM40 | AN40: ='Annex-8'!AN40 | AO40: ='Annex-8'!AO40 | AP40: ='Annex-8'!AP40 | ... BB40: ='Annex-8'!BB40
A41: ='Crops PY'!$A$5&" - "&'Crops PY'!$B$3 -> RABI I - 0 | N41: ='Crops PY'!$A$5&" - "&'Crops PY'!$B$3 -> RABI I - 0
A42: =N42 -> PADDY(97) | B42: =P42 -> 7 | C42: =R42 -> 26.43 | D42: =U42 -> 26.51 | E42: =AK42 -> 7 | F42: =AM42 -> 7.648 | G42: =AP42 -> 7.543 | H42: =IF($A42="","",B42+E42) -> 14 | I42: =IF($A42="","",C42+F42) -> 34.078 | J42: =IF($A42="","",D42+G42) -> 34.053 | K42: =IF($A42="","",IF(I42=0,0,(J42-I42)*100/I42)) -> -0.073361113 | L42: =IF($A42="","",IF(K42<0,"(-)"&ROUND(ABS(K42),2),ROUND(K42,2))) -> (-)0.07 | N42: ='Annex-8'!N42 -> PADDY(97) | O42: ='Annex-8'!O42 -> 7 | P42: ='Annex-8'!P42 -> 7 | Q42: ='Annex-8'!Q42 -> 7 | R42: ='Annex-8'!R42 -> 26.43 | S42: ='Annex-8'!S42 -> 0.115 | T42: ='Annex-8'!T42 -> 26.545 | U42: ='Annex-8'!U42 -> 26.51 | ... AG42: ='Annex-8'!AG42 -> 0.35327887 | AI42: ='Annex-8'!AI42 -> PADDY(97) | AJ42: ='Annex-8'!AJ42 -> 7 | AK42: ='Annex-8'!AK42 -> 7 | AL42: ='Annex-8'!AL42 -> 7 | AM42: ='Annex-8'!AM42 -> 7.648 | AN42: ='Annex-8'!AN42 -> 0 | AO42: ='Annex-8'!AO42 -> 7.648 | AP42: ='Annex-8'!AP42 -> 7.543 | ... BB42: ='Annex-8'!BB42 -> 1.3729079
A43: =N43 -> OTHERS(99) | B43: =P43 -> 3 | C43: =R43 -> 3.295 | D43: =U43 -> 3.025 | E43: =AK43 -> 3 | F43: =AM43 -> 2.6339 | G43: =AP43 -> 2.6339 | H43: =IF($A43="","",B43+E43) -> 6 | I43: =IF($A43="","",C43+F43) -> 5.9289 | J43: =IF($A43="","",D43+G43) -> 5.6589 | K43: =IF($A43="","",IF(I43=0,0,(J43-I43)*100/I43)) -> -4.5539645 | L43: =IF($A43="","",IF(K43<0,"(-)"&ROUND(ABS(K43),2),ROUND(K43,2))) -> (-)4.55 | N43: ='Annex-8'!N43 -> OTHERS(99) | O43: ='Annex-8'!O43 -> 3 | P43: ='Annex-8'!P43 -> 3 | Q43: ='Annex-8'!Q43 -> 2 | R43: ='Annex-8'!R43 -> 3.295 | S43: ='Annex-8'!S43 -> 0 | T43: ='Annex-8'!T43 -> 3.295 | U43: ='Annex-8'!U43 -> 3.025 | ... AG43: ='Annex-8'!AG43 -> 0 | AI43: ='Annex-8'!AI43 -> OTHERS(99) | AJ43: ='Annex-8'!AJ43 -> 3 | AK43: ='Annex-8'!AK43 -> 3 | AL43: ='Annex-8'!AL43 -> 3 | AM43: ='Annex-8'!AM43 -> 2.6339 | AN43: ='Annex-8'!AN43 -> 0.75 | AO43: ='Annex-8'!AO43 -> 3.3839 | AP43: ='Annex-8'!AP43 -> 2.6339 | ... BB43: ='Annex-8'!BB43 -> 0
A44: =N44 | B44: =P44 | C44: =R44 | D44: =U44 | E44: =AK44 | F44: =AM44 | G44: =AP44 | H44: =IF($A44="","",B44+E44) | I44: =IF($A44="","",C44+F44) | J44: =IF($A44="","",D44+G44) | K44: =IF($A44="","",IF(I44=0,0,(J44-I44)*100/I44)) | L44: =IF($A44="","",IF(K44<0,"(-)"&ROUND(ABS(K44),2),ROUND(K44,2))) | N44: ='Annex-8'!N44 | O44: ='Annex-8'!O44 | P44: ='Annex-8'!P44 | Q44: ='Annex-8'!Q44 | R44: ='Annex-8'!R44 | S44: ='Annex-8'!S44 | T44: ='Annex-8'!T44 | U44: ='Annex-8'!U44 | ... AG44: ='Annex-8'!AG44 | AI44: ='Annex-8'!AI44 | AJ44: ='Annex-8'!AJ44 | AK44: ='Annex-8'!AK44 | AL44: ='Annex-8'!AL44 | AM44: ='Annex-8'!AM44 | AN44: ='Annex-8'!AN44 | AO44: ='Annex-8'!AO44 | AP44: ='Annex-8'!AP44 | ... BB44: ='Annex-8'!BB44
A45: =N45 | B45: =P45 | C45: =R45 | D45: =U45 | E45: =AK45 | F45: =AM45 | G45: =AP45 | H45: =IF($A45="","",B45+E45) | I45: =IF($A45="","",C45+F45) | J45: =IF($A45="","",D45+G45) | K45: =IF($A45="","",IF(I45=0,0,(J45-I45)*100/I45)) | L45: =IF($A45="","",IF(K45<0,"(-)"&ROUND(ABS(K45),2),ROUND(K45,2))) | N45: ='Annex-8'!N45 | O45: ='Annex-8'!O45 | P45: ='Annex-8'!P45 | Q45: ='Annex-8'!Q45 | R45: ='Annex-8'!R45 | S45: ='Annex-8'!S45 | T45: ='Annex-8'!T45 | U45: ='Annex-8'!U45 | ... AG45: ='Annex-8'!AG45 | AI45: ='Annex-8'!AI45 | AJ45: ='Annex-8'!AJ45 | AK45: ='Annex-8'!AK45 | AL45: ='Annex-8'!AL45 | AM45: ='Annex-8'!AM45 | AN45: ='Annex-8'!AN45 | AO45: ='Annex-8'!AO45 | AP45: ='Annex-8'!AP45 | ... BB45: ='Annex-8'!BB45
A46: =N46 | B46: =P46 | C46: =R46 | D46: =U46 | E46: =AK46 | F46: =AM46 | G46: =AP46 | H46: =IF($A46="","",B46+E46) | I46: =IF($A46="","",C46+F46) | J46: =IF($A46="","",D46+G46) | K46: =IF($A46="","",IF(I46=0,0,(J46-I46)*100/I46)) | L46: =IF($A46="","",IF(K46<0,"(-)"&ROUND(ABS(K46),2),ROUND(K46,2))) | N46: ='Annex-8'!N46 | O46: ='Annex-8'!O46 | P46: ='Annex-8'!P46 | Q46: ='Annex-8'!Q46 | R46: ='Annex-8'!R46 | S46: ='Annex-8'!S46 | T46: ='Annex-8'!T46 | U46: ='Annex-8'!U46 | ... AG46: ='Annex-8'!AG46 | AI46: ='Annex-8'!AI46 | AJ46: ='Annex-8'!AJ46 | AK46: ='Annex-8'!AK46 | AL46: ='Annex-8'!AL46 | AM46: ='Annex-8'!AM46 | AN46: ='Annex-8'!AN46 | AO46: ='Annex-8'!AO46 | AP46: ='Annex-8'!AP46 | ... BB46: ='Annex-8'!BB46
A47: =N47 | B47: =P47 | C47: =R47 | D47: =U47 | E47: =AK47 | F47: =AM47 | G47: =AP47 | H47: =IF($A47="","",B47+E47) | I47: =IF($A47="","",C47+F47) | J47: =IF($A47="","",D47+G47) | K47: =IF($A47="","",IF(I47=0,0,(J47-I47)*100/I47)) | L47: =IF($A47="","",IF(K47<0,"(-)"&ROUND(ABS(K47),2),ROUND(K47,2))) | N47: ='Annex-8'!N47 | O47: ='Annex-8'!O47 | P47: ='Annex-8'!P47 | Q47: ='Annex-8'!Q47 | R47: ='Annex-8'!R47 | S47: ='Annex-8'!S47 | T47: ='Annex-8'!T47 | U47: ='Annex-8'!U47 | ... AG47: ='Annex-8'!AG47 | AI47: ='Annex-8'!AI47 | AJ47: ='Annex-8'!AJ47 | AK47: ='Annex-8'!AK47 | AL47: ='Annex-8'!AL47 | AM47: ='Annex-8'!AM47 | AN47: ='Annex-8'!AN47 | AO47: ='Annex-8'!AO47 | AP47: ='Annex-8'!AP47 | ... BB47: ='Annex-8'!BB47
A48: =N48 | B48: =P48 | C48: =R48 | D48: =U48 | E48: =AK48 | F48: =AM48 | G48: =AP48 | H48: =IF($A48="","",B48+E48) | I48: =IF($A48="","",C48+F48) | J48: =IF($A48="","",D48+G48) | K48: =IF($A48="","",IF(I48=0,0,(J48-I48)*100/I48)) | L48: =IF($A48="","",IF(K48<0,"(-)"&ROUND(ABS(K48),2),ROUND(K48,2))) | N48: ='Annex-8'!N48 | O48: ='Annex-8'!O48 | P48: ='Annex-8'!P48 | Q48: ='Annex-8'!Q48 | R48: ='Annex-8'!R48 | S48: ='Annex-8'!S48 | T48: ='Annex-8'!T48 | U48: ='Annex-8'!U48 | ... AG48: ='Annex-8'!AG48 | AI48: ='Annex-8'!AI48 | AJ48: ='Annex-8'!AJ48 | AK48: ='Annex-8'!AK48 | AL48: ='Annex-8'!AL48 | AM48: ='Annex-8'!AM48 | AN48: ='Annex-8'!AN48 | AO48: ='Annex-8'!AO48 | AP48: ='Annex-8'!AP48 | ... BB48: ='Annex-8'!BB48
A49: =N49 | B49: =P49 | C49: =R49 | D49: =U49 | E49: =AK49 | F49: =AM49 | G49: =AP49 | H49: =IF($A49="","",B49+E49) | I49: =IF($A49="","",C49+F49) | J49: =IF($A49="","",D49+G49) | K49: =IF($A49="","",IF(I49=0,0,(J49-I49)*100/I49)) | L49: =IF($A49="","",IF(K49<0,"(-)"&ROUND(ABS(K49),2),ROUND(K49,2))) | N49: ='Annex-8'!N49 | O49: ='Annex-8'!O49 | P49: ='Annex-8'!P49 | Q49: ='Annex-8'!Q49 | R49: ='Annex-8'!R49 | S49: ='Annex-8'!S49 | T49: ='Annex-8'!T49 | U49: ='Annex-8'!U49 | ... AG49: ='Annex-8'!AG49 | AI49: ='Annex-8'!AI49 | AJ49: ='Annex-8'!AJ49 | AK49: ='Annex-8'!AK49 | AL49: ='Annex-8'!AL49 | AM49: ='Annex-8'!AM49 | AN49: ='Annex-8'!AN49 | AO49: ='Annex-8'!AO49 | AP49: ='Annex-8'!AP49 | ... BB49: ='Annex-8'!BB49
A50: =N50 | B50: =P50 | C50: =R50 | D50: =U50 | E50: =AK50 | F50: =AM50 | G50: =AP50 | H50: =IF($A50="","",B50+E50) | I50: =IF($A50="","",C50+F50) | J50: =IF($A50="","",D50+G50) | K50: =IF($A50="","",IF(I50=0,0,(J50-I50)*100/I50)) | L50: =IF($A50="","",IF(K50<0,"(-)"&ROUND(ABS(K50),2),ROUND(K50,2))) | N50: ='Annex-8'!N50 | O50: ='Annex-8'!O50 | P50: ='Annex-8'!P50 | Q50: ='Annex-8'!Q50 | R50: ='Annex-8'!R50 | S50: ='Annex-8'!S50 | T50: ='Annex-8'!T50 | U50: ='Annex-8'!U50 | ... AG50: ='Annex-8'!AG50 | AI50: ='Annex-8'!AI50 | AJ50: ='Annex-8'!AJ50 | AK50: ='Annex-8'!AK50 | AL50: ='Annex-8'!AL50 | AM50: ='Annex-8'!AM50 | AN50: ='Annex-8'!AN50 | AO50: ='Annex-8'!AO50 | AP50: ='Annex-8'!AP50 | ... BB50: ='Annex-8'!BB50
A51: =N51 | B51: =P51 | C51: =R51 | D51: =U51 | E51: =AK51 | F51: =AM51 | G51: =AP51 | H51: =IF($A51="","",B51+E51) | I51: =IF($A51="","",C51+F51) | J51: =IF($A51="","",D51+G51) | K51: =IF($A51="","",IF(I51=0,0,(J51-I51)*100/I51)) | L51: =IF($A51="","",IF(K51<0,"(-)"&ROUND(ABS(K51),2),ROUND(K51,2))) | N51: ='Annex-8'!N51 | O51: ='Annex-8'!O51 | P51: ='Annex-8'!P51 | Q51: ='Annex-8'!Q51 | R51: ='Annex-8'!R51 | S51: ='Annex-8'!S51 | T51: ='Annex-8'!T51 | U51: ='Annex-8'!U51 | ... AG51: ='Annex-8'!AG51 | AI51: ='Annex-8'!AI51 | AJ51: ='Annex-8'!AJ51 | AK51: ='Annex-8'!AK51 | AL51: ='Annex-8'!AL51 | AM51: ='Annex-8'!AM51 | AN51: ='Annex-8'!AN51 | AO51: ='Annex-8'!AO51 | AP51: ='Annex-8'!AP51 | ... BB51: ='Annex-8'!BB51
A52: =N52 | B52: =P52 | C52: =R52 | D52: =U52 | E52: =AK52 | F52: =AM52 | G52: =AP52 | H52: =IF($A52="","",B52+E52) | I52: =IF($A52="","",C52+F52) | J52: =IF($A52="","",D52+G52) | K52: =IF($A52="","",IF(I52=0,0,(J52-I52)*100/I52)) | L52: =IF($A52="","",IF(K52<0,"(-)"&ROUND(ABS(K52),2),ROUND(K52,2))) | N52: ='Annex-8'!N52 | O52: ='Annex-8'!O52 | P52: ='Annex-8'!P52 | Q52: ='Annex-8'!Q52 | R52: ='Annex-8'!R52 | S52: ='Annex-8'!S52 | T52: ='Annex-8'!T52 | U52: ='Annex-8'!U52 | ... AG52: ='Annex-8'!AG52 | AI52: ='Annex-8'!AI52 | AJ52: ='Annex-8'!AJ52 | AK52: ='Annex-8'!AK52 | AL52: ='Annex-8'!AL52 | AM52: ='Annex-8'!AM52 | AN52: ='Annex-8'!AN52 | AO52: ='Annex-8'!AO52 | AP52: ='Annex-8'!AP52 | ... BB52: ='Annex-8'!BB52
A53: =N53 | B53: =P53 | C53: =R53 | D53: =U53 | E53: =AK53 | F53: =AM53 | G53: =AP53 | H53: =IF($A53="","",B53+E53) | I53: =IF($A53="","",C53+F53) | J53: =IF($A53="","",D53+G53) | K53: =IF($A53="","",IF(I53=0,0,(J53-I53)*100/I53)) | L53: =IF($A53="","",IF(K53<0,"(-)"&ROUND(ABS(K53),2),ROUND(K53,2))) | N53: ='Annex-8'!N53 | O53: ='Annex-8'!O53 | P53: ='Annex-8'!P53 | Q53: ='Annex-8'!Q53 | R53: ='Annex-8'!R53 | S53: ='Annex-8'!S53 | T53: ='Annex-8'!T53 | U53: ='Annex-8'!U53 | ... AG53: ='Annex-8'!AG53 | AI53: ='Annex-8'!AI53 | AJ53: ='Annex-8'!AJ53 | AK53: ='Annex-8'!AK53 | AL53: ='Annex-8'!AL53 | AM53: ='Annex-8'!AM53 | AN53: ='Annex-8'!AN53 | AO53: ='Annex-8'!AO53 | AP53: ='Annex-8'!AP53 | ... BB53: ='Annex-8'!BB53
... A56: =N56 | B56: =P56 | C56: =R56 | D56: =U56 | E56: =AK56 | F56: =AM56 | G56: =AP56 | H56: =IF($A56="","",B56+E56) | I56: =IF($A56="","",C56+F56) | J56: =IF($A56="","",D56+G56) | K56: =IF($A56="","",IF(I56=0,0,(J56-I56)*100/I56)) | L56: =IF($A56="","",IF(K56<0,"(-)"&ROUND(ABS(K56),2),ROUND(K56,2))) | N56: ='Annex-8'!N56 | O56: ='Annex-8'!O56 | P56: ='Annex-8'!P56 | Q56: ='Annex-8'!Q56 | R56: ='Annex-8'!R56 | S56: ='Annex-8'!S56 | T56: ='Annex-8'!T56 | U56: ='Annex-8'!U56 | ... AG56: ='Annex-8'!AG56 | AI56: ='Annex-8'!AI56 | AJ56: ='Annex-8'!AJ56 | AK56: ='Annex-8'!AK56 | AL56: ='Annex-8'!AL56 | AM56: ='Annex-8'!AM56 | AN56: ='Annex-8'!AN56 | AO56: ='Annex-8'!AO56 | AP56: ='Annex-8'!AP56 | ... BB56: ='Annex-8'!BB56
A57: ='Crops PY'!$C$5&" - "&'Crops PY'!$B$3 -> RABI II - 0 | N57: ='Crops PY'!$C$5&" - "&'Crops PY'!$B$3 -> RABI II - 0
A58: =N58 -> PADDY(98) | B58: =P58 -> 5 | C58: =R58 -> 8.645 | D58: =U58 -> 8.795 | E58: =AK58 -> 2 | F58: =AM58 -> 2.4632 | G58: =AP58 -> 2.4632 | H58: =IF($A58="","",B58+E58) -> 7 | I58: =IF($A58="","",C58+F58) -> 11.1082 | J58: =IF($A58="","",D58+G58) -> 11.2582 | K58: =IF($A58="","",IF(I58=0,0,(J58-I58)*100/I58)) -> 1.3503538 | L58: =IF($A58="","",IF(K58<0,"(-)"&ROUND(ABS(K58),2),ROUND(K58,2))) -> 1.35 | N58: ='Annex-8'!N58 -> PADDY(98) | O58: ='Annex-8'!O58 -> 5 | P58: ='Annex-8'!P58 -> 5 | Q58: ='Annex-8'!Q58 -> 5 | R58: ='Annex-8'!R58 -> 8.645 | S58: ='Annex-8'!S58 -> 0.875 | T58: ='Annex-8'!T58 -> 9.52 | U58: ='Annex-8'!U58 -> 8.795 | ... AG58: ='Annex-8'!AG58 -> 1.735107 | AI58: ='Annex-8'!AI58 -> PADDY(98) | AJ58: ='Annex-8'!AJ58 -> 3 | AK58: ='Annex-8'!AK58 -> 2 | AL58: ='Annex-8'!AL58 -> 2 | AM58: ='Annex-8'!AM58 -> 2.4632 | AN58: ='Annex-8'!AN58 -> 0.71 | AO58: ='Annex-8'!AO58 -> 3.1732 | AP58: ='Annex-8'!AP58 -> 2.4632 | ... BB58: ='Annex-8'!BB58 -> 0
A59: =N59 -> OTHERS(99) | B59: =P59 -> 4 | C59: =R59 -> 2.53 | D59: =U59 -> 2.53 | E59: =AK59 -> 3 | F59: =AM59 -> 1.7389 | G59: =AP59 -> 1.7389 | H59: =IF($A59="","",B59+E59) -> 7 | I59: =IF($A59="","",C59+F59) -> 4.2689 | J59: =IF($A59="","",D59+G59) -> 4.2689 | K59: =IF($A59="","",IF(I59=0,0,(J59-I59)*100/I59)) -> 0 | L59: =IF($A59="","",IF(K59<0,"(-)"&ROUND(ABS(K59),2),ROUND(K59,2))) -> 0 | N59: ='Annex-8'!N59 -> OTHERS(99) | O59: ='Annex-8'!O59 -> 4 | P59: ='Annex-8'!P59 -> 4 | Q59: ='Annex-8'!Q59 -> 3 | R59: ='Annex-8'!R59 -> 2.53 | S59: ='Annex-8'!S59 -> 0 | T59: ='Annex-8'!T59 -> 2.53 | U59: ='Annex-8'!U59 -> 2.53 | ... AG59: ='Annex-8'!AG59 -> 0 | AI59: ='Annex-8'!AI59 -> OTHERS(99) | AJ59: ='Annex-8'!AJ59 -> 7 | AK59: ='Annex-8'!AK59 -> 3 | AL59: ='Annex-8'!AL59 -> 4 | AM59: ='Annex-8'!AM59 -> 1.7389 | AN59: ='Annex-8'!AN59 -> 1.15 | AO59: ='Annex-8'!AO59 -> 2.8889 | AP59: ='Annex-8'!AP59 -> 1.7389 | ... BB59: ='Annex-8'!BB59 -> 3.3418271
A60: =N60 | B60: =P60 | C60: =R60 | D60: =U60 | E60: =AK60 | F60: =AM60 | G60: =AP60 | H60: =IF($A60="","",B60+E60) | I60: =IF($A60="","",C60+F60) | J60: =IF($A60="","",D60+G60) | K60: =IF($A60="","",IF(I60=0,0,(J60-I60)*100/I60)) | L60: =IF($A60="","",IF(K60<0,"(-)"&ROUND(ABS(K60),2),ROUND(K60,2))) | N60: ='Annex-8'!N60 | O60: ='Annex-8'!O60 | P60: ='Annex-8'!P60 | Q60: ='Annex-8'!Q60 | R60: ='Annex-8'!R60 | S60: ='Annex-8'!S60 | T60: ='Annex-8'!T60 | U60: ='Annex-8'!U60 | ... AG60: ='Annex-8'!AG60 | AI60: ='Annex-8'!AI60 | AJ60: ='Annex-8'!AJ60 | AK60: ='Annex-8'!AK60 | AL60: ='Annex-8'!AL60 | AM60: ='Annex-8'!AM60 | AN60: ='Annex-8'!AN60 | AO60: ='Annex-8'!AO60 | AP60: ='Annex-8'!AP60 | ... BB60: ='Annex-8'!BB60
A61: =N61 | B61: =P61 | C61: =R61 | D61: =U61 | E61: =AK61 | F61: =AM61 | G61: =AP61 | H61: =IF($A61="","",B61+E61) | I61: =IF($A61="","",C61+F61) | J61: =IF($A61="","",D61+G61) | K61: =IF($A61="","",IF(I61=0,0,(J61-I61)*100/I61)) | L61: =IF($A61="","",IF(K61<0,"(-)"&ROUND(ABS(K61),2),ROUND(K61,2))) | N61: ='Annex-8'!N61 | O61: ='Annex-8'!O61 | P61: ='Annex-8'!P61 | Q61: ='Annex-8'!Q61 | R61: ='Annex-8'!R61 | S61: ='Annex-8'!S61 | T61: ='Annex-8'!T61 | U61: ='Annex-8'!U61 | ... AG61: ='Annex-8'!AG61 | AI61: ='Annex-8'!AI61 | AJ61: ='Annex-8'!AJ61 | AK61: ='Annex-8'!AK61 | AL61: ='Annex-8'!AL61 | AM61: ='Annex-8'!AM61 | AN61: ='Annex-8'!AN61 | AO61: ='Annex-8'!AO61 | AP61: ='Annex-8'!AP61 | ... BB61: ='Annex-8'!BB61
A62: =N62 | B62: =P62 | C62: =R62 | D62: =U62 | E62: =AK62 | F62: =AM62 | G62: =AP62 | H62: =IF($A62="","",B62+E62) | I62: =IF($A62="","",C62+F62) | J62: =IF($A62="","",D62+G62) | K62: =IF($A62="","",IF(I62=0,0,(J62-I62)*100/I62)) | L62: =IF($A62="","",IF(K62<0,"(-)"&ROUND(ABS(K62),2),ROUND(K62,2))) | N62: ='Annex-8'!N62 | O62: ='Annex-8'!O62 | P62: ='Annex-8'!P62 | Q62: ='Annex-8'!Q62 | R62: ='Annex-8'!R62 | S62: ='Annex-8'!S62 | T62: ='Annex-8'!T62 | U62: ='Annex-8'!U62 | ... AG62: ='Annex-8'!AG62 | AI62: ='Annex-8'!AI62 | AJ62: ='Annex-8'!AJ62 | AK62: ='Annex-8'!AK62 | AL62: ='Annex-8'!AL62 | AM62: ='Annex-8'!AM62 | AN62: ='Annex-8'!AN62 | AO62: ='Annex-8'!AO62 | AP62: ='Annex-8'!AP62 | ... BB62: ='Annex-8'!BB62
A63: =N63 | B63: =P63 | C63: =R63 | D63: =U63 | E63: =AK63 | F63: =AM63 | G63: =AP63 | H63: =IF($A63="","",B63+E63) | I63: =IF($A63="","",C63+F63) | J63: =IF($A63="","",D63+G63) | K63: =IF($A63="","",IF(I63=0,0,(J63-I63)*100/I63)) | L63: =IF($A63="","",IF(K63<0,"(-)"&ROUND(ABS(K63),2),ROUND(K63,2))) | N63: ='Annex-8'!N63 | O63: ='Annex-8'!O63 | P63: ='Annex-8'!P63 | Q63: ='Annex-8'!Q63 | R63: ='Annex-8'!R63 | S63: ='Annex-8'!S63 | T63: ='Annex-8'!T63 | U63: ='Annex-8'!U63 | ... AG63: ='Annex-8'!AG63 | AI63: ='Annex-8'!AI63 | AJ63: ='Annex-8'!AJ63 | AK63: ='Annex-8'!AK63 | AL63: ='Annex-8'!AL63 | AM63: ='Annex-8'!AM63 | AN63: ='Annex-8'!AN63 | AO63: ='Annex-8'!AO63 | AP63: ='Annex-8'!AP63 | ... BB63: ='Annex-8'!BB63
A64: =N64 | B64: =P64 | C64: =R64 | D64: =U64 | E64: =AK64 | F64: =AM64 | G64: =AP64 | H64: =IF($A64="","",B64+E64) | I64: =IF($A64="","",C64+F64) | J64: =IF($A64="","",D64+G64) | K64: =IF($A64="","",IF(I64=0,0,(J64-I64)*100/I64)) | L64: =IF($A64="","",IF(K64<0,"(-)"&ROUND(ABS(K64),2),ROUND(K64,2))) | N64: ='Annex-8'!N64 | O64: ='Annex-8'!O64 | P64: ='Annex-8'!P64 | Q64: ='Annex-8'!Q64 | R64: ='Annex-8'!R64 | S64: ='Annex-8'!S64 | T64: ='Annex-8'!T64 | U64: ='Annex-8'!U64 | ... AG64: ='Annex-8'!AG64 | AI64: ='Annex-8'!AI64 | AJ64: ='Annex-8'!AJ64 | AK64: ='Annex-8'!AK64 | AL64: ='Annex-8'!AL64 | AM64: ='Annex-8'!AM64 | AN64: ='Annex-8'!AN64 | AO64: ='Annex-8'!AO64 | AP64: ='Annex-8'!AP64 | ... BB64: ='Annex-8'!BB64
A65: =N65 | B65: =P65 | C65: =R65 | D65: =U65 | E65: =AK65 | F65: =AM65 | G65: =AP65 | H65: =IF($A65="","",B65+E65) | I65: =IF($A65="","",C65+F65) | J65: =IF($A65="","",D65+G65) | K65: =IF($A65="","",IF(I65=0,0,(J65-I65)*100/I65)) | L65: =IF($A65="","",IF(K65<0,"(-)"&ROUND(ABS(K65),2),ROUND(K65,2))) | N65: ='Annex-8'!N65 | O65: ='Annex-8'!O65 | P65: ='Annex-8'!P65 | Q65: ='Annex-8'!Q65 | R65: ='Annex-8'!R65 | S65: ='Annex-8'!S65 | T65: ='Annex-8'!T65 | U65: ='Annex-8'!U65 | ... AG65: ='Annex-8'!AG65 | AI65: ='Annex-8'!AI65 | AJ65: ='Annex-8'!AJ65 | AK65: ='Annex-8'!AK65 | AL65: ='Annex-8'!AL65 | AM65: ='Annex-8'!AM65 | AN65: ='Annex-8'!AN65 | AO65: ='Annex-8'!AO65 | AP65: ='Annex-8'!AP65 | ... BB65: ='Annex-8'!BB65
A66: =N66 | B66: =P66 | C66: =R66 | D66: =U66 | E66: =AK66 | F66: =AM66 | G66: =AP66 | H66: =IF($A66="","",B66+E66) | I66: =IF($A66="","",C66+F66) | J66: =IF($A66="","",D66+G66) | K66: =IF($A66="","",IF(I66=0,0,(J66-I66)*100/I66)) | L66: =IF($A66="","",IF(K66<0,"(-)"&ROUND(ABS(K66),2),ROUND(K66,2))) | N66: ='Annex-8'!N66 | O66: ='Annex-8'!O66 | P66: ='Annex-8'!P66 | Q66: ='Annex-8'!Q66 | R66: ='Annex-8'!R66 | S66: ='Annex-8'!S66 | T66: ='Annex-8'!T66 | U66: ='Annex-8'!U66 | ... AG66: ='Annex-8'!AG66 | AI66: ='Annex-8'!AI66 | AJ66: ='Annex-8'!AJ66 | AK66: ='Annex-8'!AK66 | AL66: ='Annex-8'!AL66 | AM66: ='Annex-8'!AM66 | AN66: ='Annex-8'!AN66 | AO66: ='Annex-8'!AO66 | AP66: ='Annex-8'!AP66 | ... BB66: ='Annex-8'!BB66
A67: =N67 | B67: =P67 | C67: =R67 | D67: =U67 | E67: =AK67 | F67: =AM67 | G67: =AP67 | H67: =IF($A67="","",B67+E67) | I67: =IF($A67="","",C67+F67) | J67: =IF($A67="","",D67+G67) | K67: =IF($A67="","",IF(I67=0,0,(J67-I67)*100/I67)) | L67: =IF($A67="","",IF(K67<0,"(-)"&ROUND(ABS(K67),2),ROUND(K67,2))) | N67: ='Annex-8'!N67 | O67: ='Annex-8'!O67 | P67: ='Annex-8'!P67 | Q67: ='Annex-8'!Q67 | R67: ='Annex-8'!R67 | S67: ='Annex-8'!S67 | T67: ='Annex-8'!T67 | U67: ='Annex-8'!U67 | ... AG67: ='Annex-8'!AG67 | AI67: ='Annex-8'!AI67 | AJ67: ='Annex-8'!AJ67 | AK67: ='Annex-8'!AK67 | AL67: ='Annex-8'!AL67 | AM67: ='Annex-8'!AM67 | AN67: ='Annex-8'!AN67 | AO67: ='Annex-8'!AO67 | AP67: ='Annex-8'!AP67 | ... BB67: ='Annex-8'!BB67
A68: =N68 | B68: =P68 | C68: =R68 | D68: =U68 | E68: =AK68 | F68: =AM68 | G68: =AP68 | H68: =IF($A68="","",B68+E68) | I68: =IF($A68="","",C68+F68) | J68: =IF($A68="","",D68+G68) | K68: =IF($A68="","",IF(I68=0,0,(J68-I68)*100/I68)) | L68: =IF($A68="","",IF(K68<0,"(-)"&ROUND(ABS(K68),2),ROUND(K68,2))) | N68: ='Annex-8'!N68 | O68: ='Annex-8'!O68 | P68: ='Annex-8'!P68 | Q68: ='Annex-8'!Q68 | R68: ='Annex-8'!R68 | S68: ='Annex-8'!S68 | T68: ='Annex-8'!T68 | U68: ='Annex-8'!U68 | ... AG68: ='Annex-8'!AG68 | AI68: ='Annex-8'!AI68 | AJ68: ='Annex-8'!AJ68 | AK68: ='Annex-8'!AK68 | AL68: ='Annex-8'!AL68 | AM68: ='Annex-8'!AM68 | AN68: ='Annex-8'!AN68 | AO68: ='Annex-8'!AO68 | AP68: ='Annex-8'!AP68 | ... BB68: ='Annex-8'!BB68
A69: =N69 | B69: =P69 | C69: =R69 | D69: =U69 | E69: =AK69 | F69: =AM69 | G69: =AP69 | H69: =IF($A69="","",B69+E69) | I69: =IF($A69="","",C69+F69) | J69: =IF($A69="","",D69+G69) | K69: =IF($A69="","",IF(I69=0,0,(J69-I69)*100/I69)) | L69: =IF($A69="","",IF(K69<0,"(-)"&ROUND(ABS(K69),2),ROUND(K69,2))) | N69: ='Annex-8'!N69 | O69: ='Annex-8'!O69 | P69: ='Annex-8'!P69 | Q69: ='Annex-8'!Q69 | R69: ='Annex-8'!R69 | S69: ='Annex-8'!S69 | T69: ='Annex-8'!T69 | U69: ='Annex-8'!U69 | ... AG69: ='Annex-8'!AG69 | AI69: ='Annex-8'!AI69 | AJ69: ='Annex-8'!AJ69 | AK69: ='Annex-8'!AK69 | AL69: ='Annex-8'!AL69 | AM69: ='Annex-8'!AM69 | AN69: ='Annex-8'!AN69 | AO69: ='Annex-8'!AO69 | AP69: ='Annex-8'!AP69 | ... BB69: ='Annex-8'!BB69
... A72: =N72 | B72: =P72 | C72: =R72 | D72: =U72 | E72: =AK72 | F72: =AM72 | G72: =AP72 | H72: =IF($A72="","",B72+E72) | I72: =IF($A72="","",C72+F72) | J72: =IF($A72="","",D72+G72) | K72: =IF($A72="","",IF(I72=0,0,(J72-I72)*100/I72)) | L72: =IF($A72="","",IF(K72<0,"(-)"&ROUND(ABS(K72),2),ROUND(K72,2))) | N72: ='Annex-8'!N72 | O72: ='Annex-8'!O72 | P72: ='Annex-8'!P72 | Q72: ='Annex-8'!Q72 | R72: ='Annex-8'!R72 | S72: ='Annex-8'!S72 | T72: ='Annex-8'!T72 | U72: ='Annex-8'!U72 | ... AG72: ='Annex-8'!AG72 | AI72: ='Annex-8'!AI72 | AJ72: ='Annex-8'!AJ72 | AK72: ='Annex-8'!AK72 | AL72: ='Annex-8'!AL72 | AM72: ='Annex-8'!AM72 | AN72: ='Annex-8'!AN72 | AO72: ='Annex-8'!AO72 | AP72: ='Annex-8'!AP72 | ... BB72: ='Annex-8'!BB72
A73: # NOT COMPARABLE AS THE IMPACT IS 100% OR MORE
A74: Developed by: Deepak Kumar Agrawal, Senior Statistical Officer, NSSO (FOD), Faridabad, Haryana

Sheet Annex-12
A2: A-14 | N2: TABLE-11(A):CROPWISE COMPARISON OF ENTRIES BY SUPERVISOR AND PATWARI OF CROP AREAS AS PER IRRIGATION AND SEED VARIETY. | AI2: TABLE-11(A):CROPWISE COMPARISON OF ENTRIES BY SUPERVISOR AND PATWARI OF CROP AREAS AS PER IRRIGATION AND SEED VARIETY.
A3: ="STATE:"& 'Crops CY'!$A$2 -> STATE:PUDUCHERRY | J3: ANNEX-XII | N3: STATE: | O3: MAHARASHTRA(27) | S3: YEAR: | U3: 2014-15 | Y3: SEASON: | Z3: KHARIF(1) | AD3: SAMPLE: | AF3: CENTRAL(1) | AI3: STATE: | AJ3: MAHARASHTRA(27) | AN3: YEAR: | AP3: 2014-15 | AT3: SEASON: | AU3: KHARIF(1) | AY3: SAMPLE: | BA3: STATE(2)
A4: ="IMPACT OF DISCREPANCIES IN RECORDING AREA UNDER CROPS(HIGH YIELDING VARIETY OF SEEDS) DURING"&" "& 'Crops CY'!$B$3 &" AND "& 'Crops PY'!$B$3&"." -> IMPACT OF DISCREPANCIES IN RECORDING AREA UNDER CROPS(HIGH YIELDING VARIETY OF SEEDS) DURING 0 AND 0. | N4: CROP | O4: NO. OF VILLAGE REPORTING CROP | R4: COMPARISON AS PER IRRIGATION PARTICULARS | X4: COL (8-5)/5 *100 | Y4: COL (10-7)/7 *100 | Z4: COL (10)/7 (0.0000) | AA4: COMPARISON AS PER VARIETY OF SEED | AG4: COL (17-14)/14 *100 | AI4: CROP | AJ4: NO. OF VILLAGE REPORTING CROP | AM4: COMPARISON AS PER IRRIGATION PARTICULARS | AS4: COL (8-5)/5 *100 | AT4: COL (10-7)/7 *100 | AU4: COL (10)/7 (0.0000) | AV4: COMPARISON AS PER VARIETY OF SEED | BB4: COL (17-14)/14 *100
A5: SEASON / CROP | B5: AREA IN HECTARES AS OBSERVED IN SAMPLE CLUSTERS | R5: AREA UNDER CROP (0.00)HA | AA5: AREA UNDER CROP (0.00)HA | AM5: AREA UNDER CROP (0.00)HA | AV5: AREA UNDER CROP (0.00)HA
B6: CENTRAL SAMPLE | E6: STATE SAMPLE | H6: POOLED SAMPLE | L6: IMPACT OF DISCRIPANCIES (b-a/a)*100 (POOLED SAMPLE ONLY) | R6: AS PER SUPERVISOR | U6: AS PER PATWARIES | AA6: AS PER SUPERVISOR | AD6: AS PER PATWARIES | AM6: AS PER SUPERVISOR | AP6: AS PER PATWARIES | AV6: AS PER SUPERVISOR | AY6: AS PER PATWARIES
B7: NO OF VILLAGES REPORTING CROP | C7: AS PER SUPERVISOR | D7: AS PER PATWARI | E7: NO OF VILLAGES REPORTING CROP | F7: AS PER SUPERVISOR | G7: AS PER PATWARI | H7: NO OF VILLAGES REPORTING CROP | I7: AS PER SUPERVISOR | J7: AS PER PATWARI | O7: TOTAL | P7: IRR | Q7: HY | R7: IRR | S7: UN-IRR | T7: TOTAL | U7: IRR | V7: UN-IRR | W7: TOTAL | AA7: HY | AB7: LOCAL | AC7: TOTAL | AD7: HY | AE7: LOCAL | AF7: TOTAL | AJ7: TOTAL | AK7: IRR | AL7: HY | AM7: IRR | AN7: UN-IRR | AO7: TOTAL | AP7: IRR | AQ7: UN-IRR | AR7: TOTAL | AV7: HY | AW7: LOCAL | AX7: TOTAL | AY7: HY | AZ7: LOCAL | BA7: TOTAL
A8: (1) | B8: (2) | C8: (3) | D8: (4) | E8: (5) | F8: (6) | G8: (7) | H8: (8) | I8: (9) | J8: (10) | L8: (11) | N8: 1 | O8: 2 | P8: 3 | Q8: 4 | R8: 5 | S8: 6 | T8: 7 | U8: 8 | V8: 9 | W8: 10 | X8: 11 | Y8: 12 | Z8: 13 | AA8: 14 | AB8: 15 | AC8: 16 | AD8: 17 | AE8: 18 | AF8: 19 | AG8: 20 | AI8: 1 | AJ8: 2 | AK8: 3 | AL8: 4 | AM8: 5 | AN8: 6 | AO8: 7 | AP8: 8 | AQ8: 9 | AR8: 10 | AS8: 11 | AT8: 12 | AU8: 13 | AV8: 14 | AW8: 15 | AX8: 16 | AY8: 17 | AZ8: 18 | BA8: 19 | BB8: 20
A9: ='Crops CY'!$A$5&" - "&'Crops CY'!$B$3 -> RABI I - 0 | N9: ='Crops CY'!$A$5&" - "&'Crops CY'!$B$3 -> RABI I - 0
A10: =N10 -> PADDY(97) | B10: =Q10 -> 3 | C10: =AA10 -> 4.459 | D10: =AD10 -> 4.589 | E10: =AL10 -> 8 | F10: =AV10 -> 15.6192 | G10: =AY10 -> 15.5092 | H10: =IF($A10="","",B10+E10) -> 11 | I10: =IF($A10="","",C10+F10) -> 20.0782 | J10: =IF($A10="","",D10+G10) -> 20.0982 | K10: =IF($A10="","",IF(I10=0,0,(J10-I10)*100/I10)) -> 0.099610523 | L10: =IF($A10="","",IF(K10<0,"(-)"&ROUND(ABS(K10),2),ROUND(K10,2))) -> 0.1 | N10: ='Annex-8'!N10 -> PADDY(97) | O10: ='Annex-8'!O10 -> 3 | P10: ='Annex-8'!P10 -> 3 | Q10: ='Annex-8'!Q10 -> 3 | R10: ='Annex-8'!R10 -> 4.459 | S10: ='Annex-8'!S10 -> 0 | T10: ='Annex-8'!T10 -> 4.459 | U10: ='Annex-8'!U10 -> 4.589 | ... AG10: ='Annex-8'!AG10 -> 2.9154519 | AI10: ='Annex-8'!AI10 -> PADDY(97) | AJ10: ='Annex-8'!AJ10 -> 8 | AK10: ='Annex-8'!AK10 -> 8 | AL10: ='Annex-8'!AL10 -> 8 | AM10: ='Annex-8'!AM10 -> 15.6192 | AN10: ='Annex-8'!AN10 -> 0 | AO10: ='Annex-8'!AO10 -> 15.6192 | AP10: ='Annex-8'!AP10 -> 15.5092 | ... BB10: ='Annex-8'!BB10 -> 0.70426142
A11: =N11 -> OTHERS(99) | B11: =Q11 -> 4 | C11: =AA11 -> 1.7258 | D11: =AD11 -> 2.5933 | E11: =AL11 -> 6 | F11: =AV11 -> 5.8297 | G11: =AY11 -> 5.9297 | H11: =IF($A11="","",B11+E11) -> 10 | I11: =IF($A11="","",C11+F11) -> 7.5555 | J11: =IF($A11="","",D11+G11) -> 8.523 | K11: =IF($A11="","",IF(I11=0,0,(J11-I11)*100/I11)) -> 12.805241 | L11: =IF($A11="","",IF(K11<0,"(-)"&ROUND(ABS(K11),2),ROUND(K11,2))) -> 12.81 | N11: ='Annex-8'!N11 -> OTHERS(99) | O11: ='Annex-8'!O11 -> 4 | P11: ='Annex-8'!P11 -> 4 | Q11: ='Annex-8'!Q11 -> 4 | R11: ='Annex-8'!R11 -> 1.7258 | S11: ='Annex-8'!S11 -> 0 | T11: ='Annex-8'!T11 -> 1.7258 | U11: ='Annex-8'!U11 -> 2.5908 | ... AG11: ='Annex-8'!AG11 -> 50.266543 | AI11: ='Annex-8'!AI11 -> OTHERS(99) | AJ11: ='Annex-8'!AJ11 -> 7 | AK11: ='Annex-8'!AK11 -> 7 | AL11: ='Annex-8'!AL11 -> 6 | AM11: ='Annex-8'!AM11 -> 5.7236 | AN11: ='Annex-8'!AN11 -> 0.1661 | AO11: ='Annex-8'!AO11 -> 5.8897 | AP11: ='Annex-8'!AP11 -> 5.8236 | ... BB11: ='Annex-8'!BB11 -> 1.7153541
A12: =N12 | B12: =Q12 | C12: =AA12 | D12: =AD12 | E12: =AL12 | F12: =AV12 | G12: =AY12 | H12: =IF($A12="","",B12+E12) | I12: =IF($A12="","",C12+F12) | J12: =IF($A12="","",D12+G12) | K12: =IF($A12="","",IF(I12=0,0,(J12-I12)*100/I12)) | L12: =IF($A12="","",IF(K12<0,"(-)"&ROUND(ABS(K12),2),ROUND(K12,2))) | N12: ='Annex-8'!N12 | O12: ='Annex-8'!O12 | P12: ='Annex-8'!P12 | Q12: ='Annex-8'!Q12 | R12: ='Annex-8'!R12 | S12: ='Annex-8'!S12 | T12: ='Annex-8'!T12 | U12: ='Annex-8'!U12 | ... AG12: ='Annex-8'!AG12 | AI12: ='Annex-8'!AI12 | AJ12: ='Annex-8'!AJ12 | AK12: ='Annex-8'!AK12 | AL12: ='Annex-8'!AL12 | AM12: ='Annex-8'!AM12 | AN12: ='Annex-8'!AN12 | AO12: ='Annex-8'!AO12 | AP12: ='Annex-8'!AP12 | ... BB12: ='Annex-8'!BB12
A13: =N13 | B13: =Q13 | C13: =AA13 | D13: =AD13 | E13: =AL13 | F13: =AV13 | G13: =AY13 | H13: =IF($A13="","",B13+E13) | I13: =IF($A13="","",C13+F13) | J13: =IF($A13="","",D13+G13) | K13: =IF($A13="","",IF(I13=0,0,(J13-I13)*100/I13)) | L13: =IF($A13="","",IF(K13<0,"(-)"&ROUND(ABS(K13),2),ROUND(K13,2))) | N13: ='Annex-8'!N13 | O13: ='Annex-8'!O13 | P13: ='Annex-8'!P13 | Q13: ='Annex-8'!Q13 | R13: ='Annex-8'!R13 | S13: ='Annex-8'!S13 | T13: ='Annex-8'!T13 | U13: ='Annex-8'!U13 | ... AG13: ='Annex-8'!AG13 | AI13: ='Annex-8'!AI13 | AJ13: ='Annex-8'!AJ13 | AK13: ='Annex-8'!AK13 | AL13: ='Annex-8'!AL13 | AM13: ='Annex-8'!AM13 | AN13: ='Annex-8'!AN13 | AO13: ='Annex-8'!AO13 | AP13: ='Annex-8'!AP13 | ... BB13: ='Annex-8'!BB13
A14: =N14 | B14: =Q14 | C14: =AA14 | D14: =AD14 | E14: =AL14 | F14: =AV14 | G14: =AY14 | H14: =IF($A14="","",B14+E14) | I14: =IF($A14="","",C14+F14) | J14: =IF($A14="","",D14+G14) | K14: =IF($A14="","",IF(I14=0,0,(J14-I14)*100/I14)) | L14: =IF($A14="","",IF(K14<0,"(-)"&ROUND(ABS(K14),2),ROUND(K14,2))) | N14: ='Annex-8'!N14 | O14: ='Annex-8'!O14 | P14: ='Annex-8'!P14 | Q14: ='Annex-8'!Q14 | R14: ='Annex-8'!R14 | S14: ='Annex-8'!S14 | T14: ='Annex-8'!T14 | U14: ='Annex-8'!U14 | ... AG14: ='Annex-8'!AG14 | AI14: ='Annex-8'!AI14 | AJ14: ='Annex-8'!AJ14 | AK14: ='Annex-8'!AK14 | AL14: ='Annex-8'!AL14 | AM14: ='Annex-8'!AM14 | AN14: ='Annex-8'!AN14 | AO14: ='Annex-8'!AO14 | AP14: ='Annex-8'!AP14 | ... BB14: ='Annex-8'!BB14
A15: =N15 | B15: =Q15 | C15: =AA15 | D15: =AD15 | E15: =AL15 | F15: =AV15 | G15: =AY15 | H15: =IF($A15="","",B15+E15) | I15: =IF($A15="","",C15+F15) | J15: =IF($A15="","",D15+G15) | K15: =IF($A15="","",IF(I15=0,0,(J15-I15)*100/I15)) | L15: =IF($A15="","",IF(K15<0,"(-)"&ROUND(ABS(K15),2),ROUND(K15,2))) | N15: ='Annex-8'!N15 | O15: ='Annex-8'!O15 | P15: ='Annex-8'!P15 | Q15: ='Annex-8'!Q15 | R15: ='Annex-8'!R15 | S15: ='Annex-8'!S15 | T15: ='Annex-8'!T15 | U15: ='Annex-8'!U15 | ... AG15: ='Annex-8'!AG15 | AI15: ='Annex-8'!AI15 | AJ15: ='Annex-8'!AJ15 | AK15: ='Annex-8'!AK15 | AL15: ='Annex-8'!AL15 | AM15: ='Annex-8'!AM15 | AN15: ='Annex-8'!AN15 | AO15: ='Annex-8'!AO15 | AP15: ='Annex-8'!AP15 | ... BB15: ='Annex-8'!BB15
A16: =N16 | B16: =Q16 | C16: =AA16 | D16: =AD16 | E16: =AL16 | F16: =AV16 | G16: =AY16 | H16: =IF($A16="","",B16+E16) | I16: =IF($A16="","",C16+F16) | J16: =IF($A16="","",D16+G16) | K16: =IF($A16="","",IF(I16=0,0,(J16-I16)*100/I16)) | L16: =IF($A16="","",IF(K16<0,"(-)"&ROUND(ABS(K16),2),ROUND(K16,2))) | N16: ='Annex-8'!N16 | O16: ='Annex-8'!O16 | P16: ='Annex-8'!P16 | Q16: ='Annex-8'!Q16 | R16: ='Annex-8'!R16 | S16: ='Annex-8'!S16 | T16: ='Annex-8'!T16 | U16: ='Annex-8'!U16 | ... AG16: ='Annex-8'!AG16 | AI16: ='Annex-8'!AI16 | AJ16: ='Annex-8'!AJ16 | AK16: ='Annex-8'!AK16 | AL16: ='Annex-8'!AL16 | AM16: ='Annex-8'!AM16 | AN16: ='Annex-8'!AN16 | AO16: ='Annex-8'!AO16 | AP16: ='Annex-8'!AP16 | ... BB16: ='Annex-8'!BB16
A17: =N17 | B17: =Q17 | C17: =AA17 | D17: =AD17 | E17: =AL17 | F17: =AV17 | G17: =AY17 | H17: =IF($A17="","",B17+E17) | I17: =IF($A17="","",C17+F17) | J17: =IF($A17="","",D17+G17) | K17: =IF($A17="","",IF(I17=0,0,(J17-I17)*100/I17)) | L17: =IF($A17="","",IF(K17<0,"(-)"&ROUND(ABS(K17),2),ROUND(K17,2))) | N17: ='Annex-8'!N17 | O17: ='Annex-8'!O17 | P17: ='Annex-8'!P17 | Q17: ='Annex-8'!Q17 | R17: ='Annex-8'!R17 | S17: ='Annex-8'!S17 | T17: ='Annex-8'!T17 | U17: ='Annex-8'!U17 | ... AG17: ='Annex-8'!AG17 | AI17: ='Annex-8'!AI17 | AJ17: ='Annex-8'!AJ17 | AK17: ='Annex-8'!AK17 | AL17: ='Annex-8'!AL17 | AM17: ='Annex-8'!AM17 | AN17: ='Annex-8'!AN17 | AO17: ='Annex-8'!AO17 | AP17: ='Annex-8'!AP17 | ... BB17: ='Annex-8'!BB17
A18: =N18 | B18: =Q18 | C18: =AA18 | D18: =AD18 | E18: =AL18 | F18: =AV18 | G18: =AY18 | H18: =IF($A18="","",B18+E18) | I18: =IF($A18="","",C18+F18) | J18: =IF($A18="","",D18+G18) | K18: =IF($A18="","",IF(I18=0,0,(J18-I18)*100/I18)) | L18: =IF($A18="","",IF(K18<0,"(-)"&ROUND(ABS(K18),2),ROUND(K18,2))) | N18: ='Annex-8'!N18 | O18: ='Annex-8'!O18 | P18: ='Annex-8'!P18 | Q18: ='Annex-8'!Q18 | R18: ='Annex-8'!R18 | S18: ='Annex-8'!S18 | T18: ='Annex-8'!T18 | U18: ='Annex-8'!U18 | ... AG18: ='Annex-8'!AG18 | AI18: ='Annex-8'!AI18 | AJ18: ='Annex-8'!AJ18 | AK18: ='Annex-8'!AK18 | AL18: ='Annex-8'!AL18 | AM18: ='Annex-8'!AM18 | AN18: ='Annex-8'!AN18 | AO18: ='Annex-8'!AO18 | AP18: ='Annex-8'!AP18 | ... BB18: ='Annex-8'!BB18
A19: =N19 | B19: =Q19 | C19: =AA19 | D19: =AD19 | E19: =AL19 | F19: =AV19 | G19: =AY19 | H19: =IF($A19="","",B19+E19) | I19: =IF($A19="","",C19+F19) | J19: =IF($A19="","",D19+G19) | K19: =IF($A19="","",IF(I19=0,0,(J19-I19)*100/I19)) | L19: =IF($A19="","",IF(K19<0,"(-)"&ROUND(ABS(K19),2),ROUND(K19,2))) | N19: ='Annex-8'!N19 | O19: ='Annex-8'!O19 | P19: ='Annex-8'!P19 | Q19: ='Annex-8'!Q19 | R19: ='Annex-8'!R19 | S19: ='Annex-8'!S19 | T19: ='Annex-8'!T19 | U19: ='Annex-8'!U19 | ... AG19: ='Annex-8'!AG19 | AI19: ='Annex-8'!AI19 | AJ19: ='Annex-8'!AJ19 | AK19: ='Annex-8'!AK19 | AL19: ='Annex-8'!AL19 | AM19: ='Annex-8'!AM19 | AN19: ='Annex-8'!AN19 | AO19: ='Annex-8'!AO19 | AP19: ='Annex-8'!AP19 | ... BB19: ='Annex-8'!BB19
A20: =N20 | B20: =Q20 | C20: =AA20 | D20: =AD20 | E20: =AL20 | F20: =AV20 | G20: =AY20 | H20: =IF($A20="","",B20+E20) | I20: =IF($A20="","",C20+F20) | J20: =IF($A20="","",D20+G20) | K20: =IF($A20="","",IF(I20=0,0,(J20-I20)*100/I20)) | L20: =IF($A20="","",IF(K20<0,"(-)"&ROUND(ABS(K20),2),ROUND(K20,2))) | N20: ='Annex-8'!N20 | O20: ='Annex-8'!O20 | P20: ='Annex-8'!P20 | Q20: ='Annex-8'!Q20 | R20: ='Annex-8'!R20 | S20: ='Annex-8'!S20 | T20: ='Annex-8'!T20 | U20: ='Annex-8'!U20 | ... AG20: ='Annex-8'!AG20 | AI20: ='Annex-8'!AI20 | AJ20: ='Annex-8'!AJ20 | AK20: ='Annex-8'!AK20 | AL20: ='Annex-8'!AL20 | AM20: ='Annex-8'!AM20 | AN20: ='Annex-8'!AN20 | AO20: ='Annex-8'!AO20 | AP20: ='Annex-8'!AP20 | ... BB20: ='Annex-8'!BB20
A21: =N21 | B21: =Q21 | C21: =AA21 | D21: =AD21 | E21: =AL21 | F21: =AV21 | G21: =AY21 | H21: =IF($A21="","",B21+E21) | I21: =IF($A21="","",C21+F21) | J21: =IF($A21="","",D21+G21) | K21: =IF($A21="","",IF(I21=0,0,(J21-I21)*100/I21)) | L21: =IF($A21="","",IF(K21<0,"(-)"&ROUND(ABS(K21),2),ROUND(K21,2))) | N21: ='Annex-8'!N21 | O21: ='Annex-8'!O21 | P21: ='Annex-8'!P21 | Q21: ='Annex-8'!Q21 | R21: ='Annex-8'!R21 | S21: ='Annex-8'!S21 | T21: ='Annex-8'!T21 | U21: ='Annex-8'!U21 | ... AG21: ='Annex-8'!AG21 | AI21: ='Annex-8'!AI21 | AJ21: ='Annex-8'!AJ21 | AK21: ='Annex-8'!AK21 | AL21: ='Annex-8'!AL21 | AM21: ='Annex-8'!AM21 | AN21: ='Annex-8'!AN21 | AO21: ='Annex-8'!AO21 | AP21: ='Annex-8'!AP21 | ... BB21: ='Annex-8'!BB21
... A24: =N24 | B24: =Q24 | C24: =AA24 | D24: =AD24 | E24: =AL24 | F24: =AV24 | G24: =AY24 | H24: =IF($A24="","",B24+E24) | I24: =IF($A24="","",C24+F24) | J24: =IF($A24="","",D24+G24) | K24: =IF($A24="","",IF(I24=0,0,(J24-I24)*100/I24)) | L24: =IF($A24="","",IF(K24<0,"(-)"&ROUND(ABS(K24),2),ROUND(K24,2))) | N24: ='Annex-8'!N24 | O24: ='Annex-8'!O24 | P24: ='Annex-8'!P24 | Q24: ='Annex-8'!Q24 | R24: ='Annex-8'!R24 | S24: ='Annex-8'!S24 | T24: ='Annex-8'!T24 | U24: ='Annex-8'!U24 | ... AG24: ='Annex-8'!AG24 | AI24: ='Annex-8'!AI24 | AJ24: ='Annex-8'!AJ24 | AK24: ='Annex-8'!AK24 | AL24: ='Annex-8'!AL24 | AM24: ='Annex-8'!AM24 | AN24: ='Annex-8'!AN24 | AO24: ='Annex-8'!AO24 | AP24: ='Annex-8'!AP24 | ... BB24: ='Annex-8'!BB24
A25: ='Crops CY'!$C$5&" - "&'Crops CY'!$B$3 -> RABI II - 0 | N25: ='Crops CY'!$C$5&" - "&'Crops CY'!$B$3 -> RABI II - 0
A26: =N26 -> PADDY(98) | B26: =Q26 -> 1 | C26: =AA26 -> 0.025 | D26: =AD26 -> 0.025 | E26: =AL26 -> 5 | F26: =AV26 -> 8.785 | G26: =AY26 -> 8.6 | H26: =IF($A26="","",B26+E26) -> 6 | I26: =IF($A26="","",C26+F26) -> 8.81 | J26: =IF($A26="","",D26+G26) -> 8.625 | K26: =IF($A26="","",IF(I26=0,0,(J26-I26)*100/I26)) -> -2.0998865 | L26: =IF($A26="","",IF(K26<0,"(-)"&ROUND(ABS(K26),2),ROUND(K26,2))) -> (-)2.1 | N26: ='Annex-8'!N26 -> PADDY(98) | O26: ='Annex-8'!O26 -> 1 | P26: ='Annex-8'!P26 -> 1 | Q26: ='Annex-8'!Q26 -> 1 | R26: ='Annex-8'!R26 -> 0.025 | S26: ='Annex-8'!S26 -> 0 | T26: ='Annex-8'!T26 -> 0.025 | U26: ='Annex-8'!U26 -> 0.025 | ... AG26: ='Annex-8'!AG26 -> 0 | AI26: ='Annex-8'!AI26 -> PADDY(98) | AJ26: ='Annex-8'!AJ26 -> 5 | AK26: ='Annex-8'!AK26 -> 5 | AL26: ='Annex-8'!AL26 -> 5 | AM26: ='Annex-8'!AM26 -> 8.785 | AN26: ='Annex-8'!AN26 -> 0 | AO26: ='Annex-8'!AO26 -> 8.785 | AP26: ='Annex-8'!AP26 -> 8.6 | ... BB26: ='Annex-8'!BB26 -> 2.1058623
A27: =N27 -> OTHERS(99) | B27: =Q27 -> 4 | C27: =AA27 -> 1.77 | D27: =AD27 -> 2.6175 | E27: =AL27 -> 6 | F27: =AV27 -> 3.5824 | G27: =AY27 -> 3.5824 | H27: =IF($A27="","",B27+E27) -> 10 | I27: =IF($A27="","",C27+F27) -> 5.3524 | J27: =IF($A27="","",D27+G27) -> 6.1999 | K27: =IF($A27="","",IF(I27=0,0,(J27-I27)*100/I27)) -> 15.834018 | L27: =IF($A27="","",IF(K27<0,"(-)"&ROUND(ABS(K27),2),ROUND(K27,2))) -> 15.83 | N27: ='Annex-8'!N27 -> OTHERS(99) | O27: ='Annex-8'!O27 -> 4 | P27: ='Annex-8'!P27 -> 4 | Q27: ='Annex-8'!Q27 -> 4 | R27: ='Annex-8'!R27 -> 1.77 | S27: ='Annex-8'!S27 -> 0 | T27: ='Annex-8'!T27 -> 1.77 | U27: ='Annex-8'!U27 -> 2.615 | ... AG27: ='Annex-8'!AG27 -> 47.881356 | AI27: ='Annex-8'!AI27 -> OTHERS(99) | AJ27: ='Annex-8'!AJ27 -> 7 | AK27: ='Annex-8'!AK27 -> 7 | AL27: ='Annex-8'!AL27 -> 6 | AM27: ='Annex-8'!AM27 -> 3.5894 | AN27: ='Annex-8'!AN27 -> 0.9049 | AO27: ='Annex-8'!AO27 -> 4.4943 | AP27: ='Annex-8'!AP27 -> 3.5894 | ... BB27: ='Annex-8'!BB27 -> 0
A28: =N28 | B28: =Q28 | C28: =AA28 | D28: =AD28 | E28: =AL28 | F28: =AV28 | G28: =AY28 | H28: =IF($A28="","",B28+E28) | I28: =IF($A28="","",C28+F28) | J28: =IF($A28="","",D28+G28) | K28: =IF($A28="","",IF(I28=0,0,(J28-I28)*100/I28)) | L28: =IF($A28="","",IF(K28<0,"(-)"&ROUND(ABS(K28),2),ROUND(K28,2))) | N28: ='Annex-8'!N28 | O28: ='Annex-8'!O28 | P28: ='Annex-8'!P28 | Q28: ='Annex-8'!Q28 | R28: ='Annex-8'!R28 | S28: ='Annex-8'!S28 | T28: ='Annex-8'!T28 | U28: ='Annex-8'!U28 | ... AG28: ='Annex-8'!AG28 | AI28: ='Annex-8'!AI28 | AJ28: ='Annex-8'!AJ28 | AK28: ='Annex-8'!AK28 | AL28: ='Annex-8'!AL28 | AM28: ='Annex-8'!AM28 | AN28: ='Annex-8'!AN28 | AO28: ='Annex-8'!AO28 | AP28: ='Annex-8'!AP28 | ... BB28: ='Annex-8'!BB28
A29: =N29 | B29: =Q29 | C29: =AA29 | D29: =AD29 | E29: =AL29 | F29: =AV29 | G29: =AY29 | H29: =IF($A29="","",B29+E29) | I29: =IF($A29="","",C29+F29) | J29: =IF($A29="","",D29+G29) | K29: =IF($A29="","",IF(I29=0,0,(J29-I29)*100/I29)) | L29: =IF($A29="","",IF(K29<0,"(-)"&ROUND(ABS(K29),2),ROUND(K29,2))) | N29: ='Annex-8'!N29 | O29: ='Annex-8'!O29 | P29: ='Annex-8'!P29 | Q29: ='Annex-8'!Q29 | R29: ='Annex-8'!R29 | S29: ='Annex-8'!S29 | T29: ='Annex-8'!T29 | U29: ='Annex-8'!U29 | ... AG29: ='Annex-8'!AG29 | AI29: ='Annex-8'!AI29 | AJ29: ='Annex-8'!AJ29 | AK29: ='Annex-8'!AK29 | AL29: ='Annex-8'!AL29 | AM29: ='Annex-8'!AM29 | AN29: ='Annex-8'!AN29 | AO29: ='Annex-8'!AO29 | AP29: ='Annex-8'!AP29 | ... BB29: ='Annex-8'!BB29
A30: =N30 | B30: =Q30 | C30: =AA30 | D30: =AD30 | E30: =AL30 | F30: =AV30 | G30: =AY30 | H30: =IF($A30="","",B30+E30) | I30: =IF($A30="","",C30+F30) | J30: =IF($A30="","",D30+G30) | K30: =IF($A30="","",IF(I30=0,0,(J30-I30)*100/I30)) | L30: =IF($A30="","",IF(K30<0,"(-)"&ROUND(ABS(K30),2),ROUND(K30,2))) | N30: ='Annex-8'!N30 | O30: ='Annex-8'!O30 | P30: ='Annex-8'!P30 | Q30: ='Annex-8'!Q30 | R30: ='Annex-8'!R30 | S30: ='Annex-8'!S30 | T30: ='Annex-8'!T30 | U30: ='Annex-8'!U30 | ... AG30: ='Annex-8'!AG30 | AI30: ='Annex-8'!AI30 | AJ30: ='Annex-8'!AJ30 | AK30: ='Annex-8'!AK30 | AL30: ='Annex-8'!AL30 | AM30: ='Annex-8'!AM30 | AN30: ='Annex-8'!AN30 | AO30: ='Annex-8'!AO30 | AP30: ='Annex-8'!AP30 | ... BB30: ='Annex-8'!BB30
A31: =N31 | B31: =Q31 | C31: =AA31 | D31: =AD31 | E31: =AL31 | F31: =AV31 | G31: =AY31 | H31: =IF($A31="","",B31+E31) | I31: =IF($A31="","",C31+F31) | J31: =IF($A31="","",D31+G31) | K31: =IF($A31="","",IF(I31=0,0,(J31-I31)*100/I31)) | L31: =IF($A31="","",IF(K31<0,"(-)"&ROUND(ABS(K31),2),ROUND(K31,2))) | N31: ='Annex-8'!N31 | O31: ='Annex-8'!O31 | P31: ='Annex-8'!P31 | Q31: ='Annex-8'!Q31 | R31: ='Annex-8'!R31 | S31: ='Annex-8'!S31 | T31: ='Annex-8'!T31 | U31: ='Annex-8'!U31 | ... AG31: ='Annex-8'!AG31 | AI31: ='Annex-8'!AI31 | AJ31: ='Annex-8'!AJ31 | AK31: ='Annex-8'!AK31 | AL31: ='Annex-8'!AL31 | AM31: ='Annex-8'!AM31 | AN31: ='Annex-8'!AN31 | AO31: ='Annex-8'!AO31 | AP31: ='Annex-8'!AP31 | ... BB31: ='Annex-8'!BB31
A32: =N32 | B32: =Q32 | C32: =AA32 | D32: =AD32 | E32: =AL32 | F32: =AV32 | G32: =AY32 | H32: =IF($A32="","",B32+E32) | I32: =IF($A32="","",C32+F32) | J32: =IF($A32="","",D32+G32) | K32: =IF($A32="","",IF(I32=0,0,(J32-I32)*100/I32)) | L32: =IF($A32="","",IF(K32<0,"(-)"&ROUND(ABS(K32),2),ROUND(K32,2))) | N32: ='Annex-8'!N32 | O32: ='Annex-8'!O32 | P32: ='Annex-8'!P32 | Q32: ='Annex-8'!Q32 | R32: ='Annex-8'!R32 | S32: ='Annex-8'!S32 | T32: ='Annex-8'!T32 | U32: ='Annex-8'!U32 | ... AG32: ='Annex-8'!AG32 | AI32: ='Annex-8'!AI32 | AJ32: ='Annex-8'!AJ32 | AK32: ='Annex-8'!AK32 | AL32: ='Annex-8'!AL32 | AM32: ='Annex-8'!AM32 | AN32: ='Annex-8'!AN32 | AO32: ='Annex-8'!AO32 | AP32: ='Annex-8'!AP32 | ... BB32: ='Annex-8'!BB32
A33: =N33 | B33: =Q33 | C33: =AA33 | D33: =AD33 | E33: =AL33 | F33: =AV33 | G33: =AY33 | H33: =IF($A33="","",B33+E33) | I33: =IF($A33="","",C33+F33) | J33: =IF($A33="","",D33+G33) | K33: =IF($A33="","",IF(I33=0,0,(J33-I33)*100/I33)) | L33: =IF($A33="","",IF(K33<0,"(-)"&ROUND(ABS(K33),2),ROUND(K33,2))) | N33: ='Annex-8'!N33 | O33: ='Annex-8'!O33 | P33: ='Annex-8'!P33 | Q33: ='Annex-8'!Q33 | R33: ='Annex-8'!R33 | S33: ='Annex-8'!S33 | T33: ='Annex-8'!T33 | U33: ='Annex-8'!U33 | ... AG33: ='Annex-8'!AG33 | AI33: ='Annex-8'!AI33 | AJ33: ='Annex-8'!AJ33 | AK33: ='Annex-8'!AK33 | AL33: ='Annex-8'!AL33 | AM33: ='Annex-8'!AM33 | AN33: ='Annex-8'!AN33 | AO33: ='Annex-8'!AO33 | AP33: ='Annex-8'!AP33 | ... BB33: ='Annex-8'!BB33
A34: =N34 | B34: =Q34 | C34: =AA34 | D34: =AD34 | E34: =AL34 | F34: =AV34 | G34: =AY34 | H34: =IF($A34="","",B34+E34) | I34: =IF($A34="","",C34+F34) | J34: =IF($A34="","",D34+G34) | K34: =IF($A34="","",IF(I34=0,0,(J34-I34)*100/I34)) | L34: =IF($A34="","",IF(K34<0,"(-)"&ROUND(ABS(K34),2),ROUND(K34,2))) | N34: ='Annex-8'!N34 | O34: ='Annex-8'!O34 | P34: ='Annex-8'!P34 | Q34: ='Annex-8'!Q34 | R34: ='Annex-8'!R34 | S34: ='Annex-8'!S34 | T34: ='Annex-8'!T34 | U34: ='Annex-8'!U34 | ... AG34: ='Annex-8'!AG34 | AI34: ='Annex-8'!AI34 | AJ34: ='Annex-8'!AJ34 | AK34: ='Annex-8'!AK34 | AL34: ='Annex-8'!AL34 | AM34: ='Annex-8'!AM34 | AN34: ='Annex-8'!AN34 | AO34: ='Annex-8'!AO34 | AP34: ='Annex-8'!AP34 | ... BB34: ='Annex-8'!BB34
A35: =N35 | B35: =Q35 | C35: =AA35 | D35: =AD35 | E35: =AL35 | F35: =AV35 | G35: =AY35 | H35: =IF($A35="","",B35+E35) | I35: =IF($A35="","",C35+F35) | J35: =IF($A35="","",D35+G35) | K35: =IF($A35="","",IF(I35=0,0,(J35-I35)*100/I35)) | L35: =IF($A35="","",IF(K35<0,"(-)"&ROUND(ABS(K35),2),ROUND(K35,2))) | N35: ='Annex-8'!N35 | O35: ='Annex-8'!O35 | P35: ='Annex-8'!P35 | Q35: ='Annex-8'!Q35 | R35: ='Annex-8'!R35 | S35: ='Annex-8'!S35 | T35: ='Annex-8'!T35 | U35: ='Annex-8'!U35 | ... AG35: ='Annex-8'!AG35 | AI35: ='Annex-8'!AI35 | AJ35: ='Annex-8'!AJ35 | AK35: ='Annex-8'!AK35 | AL35: ='Annex-8'!AL35 | AM35: ='Annex-8'!AM35 | AN35: ='Annex-8'!AN35 | AO35: ='Annex-8'!AO35 | AP35: ='Annex-8'!AP35 | ... BB35: ='Annex-8'!BB35
A36: =N36 | B36: =Q36 | C36: =AA36 | D36: =AD36 | E36: =AL36 | F36: =AV36 | G36: =AY36 | H36: =IF($A36="","",B36+E36) | I36: =IF($A36="","",C36+F36) | J36: =IF($A36="","",D36+G36) | K36: =IF($A36="","",IF(I36=0,0,(J36-I36)*100/I36)) | L36: =IF($A36="","",IF(K36<0,"(-)"&ROUND(ABS(K36),2),ROUND(K36,2))) | N36: ='Annex-8'!N36 | O36: ='Annex-8'!O36 | P36: ='Annex-8'!P36 | Q36: ='Annex-8'!Q36 | R36: ='Annex-8'!R36 | S36: ='Annex-8'!S36 | T36: ='Annex-8'!T36 | U36: ='Annex-8'!U36 | ... AG36: ='Annex-8'!AG36 | AI36: ='Annex-8'!AI36 | AJ36: ='Annex-8'!AJ36 | AK36: ='Annex-8'!AK36 | AL36: ='Annex-8'!AL36 | AM36: ='Annex-8'!AM36 | AN36: ='Annex-8'!AN36 | AO36: ='Annex-8'!AO36 | AP36: ='Annex-8'!AP36 | ... BB36: ='Annex-8'!BB36
A37: =N37 | B37: =Q37 | C37: =AA37 | D37: =AD37 | E37: =AL37 | F37: =AV37 | G37: =AY37 | H37: =IF($A37="","",B37+E37) | I37: =IF($A37="","",C37+F37) | J37: =IF($A37="","",D37+G37) | K37: =IF($A37="","",IF(I37=0,0,(J37-I37)*100/I37)) | L37: =IF($A37="","",IF(K37<0,"(-)"&ROUND(ABS(K37),2),ROUND(K37,2))) | N37: ='Annex-8'!N37 | O37: ='Annex-8'!O37 | P37: ='Annex-8'!P37 | Q37: ='Annex-8'!Q37 | R37: ='Annex-8'!R37 | S37: ='Annex-8'!S37 | T37: ='Annex-8'!T37 | U37: ='Annex-8'!U37 | ... AG37: ='Annex-8'!AG37 | AI37: ='Annex-8'!AI37 | AJ37: ='Annex-8'!AJ37 | AK37: ='Annex-8'!AK37 | AL37: ='Annex-8'!AL37 | AM37: ='Annex-8'!AM37 | AN37: ='Annex-8'!AN37 | AO37: ='Annex-8'!AO37 | AP37: ='Annex-8'!AP37 | ... BB37: ='Annex-8'!BB37
... A40: =N40 | B40: =Q40 | C40: =AA40 | D40: =AD40 | E40: =AL40 | F40: =AV40 | G40: =AY40 | H40: =IF($A40="","",B40+E40) | I40: =IF($A40="","",C40+F40) | J40: =IF($A40="","",D40+G40) | K40: =IF($A40="","",IF(I40=0,0,(J40-I40)*100/I40)) | L40: =IF($A40="","",IF(K40<0,"(-)"&ROUND(ABS(K40),2),ROUND(K40,2))) | N40: ='Annex-8'!N40 | O40: ='Annex-8'!O40 | P40: ='Annex-8'!P40 | Q40: ='Annex-8'!Q40 | R40: ='Annex-8'!R40 | S40: ='Annex-8'!S40 | T40: ='Annex-8'!T40 | U40: ='Annex-8'!U40 | ... AG40: ='Annex-8'!AG40 | AI40: ='Annex-8'!AI40 | AJ40: ='Annex-8'!AJ40 | AK40: ='Annex-8'!AK40 | AL40: ='Annex-8'!AL40 | AM40: ='Annex-8'!AM40 | AN40: ='Annex-8'!AN40 | AO40: ='Annex-8'!AO40 | AP40: ='Annex-8'!AP40 | ... BB40: ='Annex-8'!BB40
A41: ='Crops PY'!$A$5&" - "&'Crops PY'!$B$3 -> RABI I - 0 | N41: ='Crops PY'!$A$5&" - "&'Crops PY'!$B$3 -> RABI I - 0
A42: =N42 -> PADDY(97) | B42: =Q42 -> 7 | C42: =AA42 -> 22.645 | D42: =AD42 -> 22.725 | E42: =AL42 -> 7 | F42: =AV42 -> 7.648 | G42: =AY42 -> 7.543 | H42: =IF($A42="","",B42+E42) -> 14 | I42: =IF($A42="","",C42+F42) -> 30.293 | J42: =IF($A42="","",D42+G42) -> 30.268 | K42: =IF($A42="","",IF(I42=0,0,(J42-I42)*100/I42)) -> -0.082527317 | L42: =IF($A42="","",IF(K42<0,"(-)"&ROUND(ABS(K42),2),ROUND(K42,2))) -> (-)0.08 | N42: ='Annex-8'!N42 -> PADDY(97) | O42: ='Annex-8'!O42 -> 7 | P42: ='Annex-8'!P42 -> 7 | Q42: ='Annex-8'!Q42 -> 7 | R42: ='Annex-8'!R42 -> 26.43 | S42: ='Annex-8'!S42 -> 0.115 | T42: ='Annex-8'!T42 -> 26.545 | U42: ='Annex-8'!U42 -> 26.51 | ... AG42: ='Annex-8'!AG42 -> 0.35327887 | AI42: ='Annex-8'!AI42 -> PADDY(97) | AJ42: ='Annex-8'!AJ42 -> 7 | AK42: ='Annex-8'!AK42 -> 7 | AL42: ='Annex-8'!AL42 -> 7 | AM42: ='Annex-8'!AM42 -> 7.648 | AN42: ='Annex-8'!AN42 -> 0 | AO42: ='Annex-8'!AO42 -> 7.648 | AP42: ='Annex-8'!AP42 -> 7.543 | ... BB42: ='Annex-8'!BB42 -> 1.3729079
A43: =N43 -> OTHERS(99) | B43: =Q43 -> 2 | C43: =AA43 -> 0.88 | D43: =AD43 -> 0.88 | E43: =AL43 -> 3 | F43: =AV43 -> 3.3839 | G43: =AY43 -> 3.3839 | H43: =IF($A43="","",B43+E43) -> 5 | I43: =IF($A43="","",C43+F43) -> 4.2639 | J43: =IF($A43="","",D43+G43) -> 4.2639 | K43: =IF($A43="","",IF(I43=0,0,(J43-I43)*100/I43)) -> 0 | L43: =IF($A43="","",IF(K43<0,"(-)"&ROUND(ABS(K43),2),ROUND(K43,2))) -> 0 | N43: ='Annex-8'!N43 -> OTHERS(99) | O43: ='Annex-8'!O43 -> 3 | P43: ='Annex-8'!P43 -> 3 | Q43: ='Annex-8'!Q43 -> 2 | R43: ='Annex-8'!R43 -> 3.295 | S43: ='Annex-8'!S43 -> 0 | T43: ='Annex-8'!T43 -> 3.295 | U43: ='Annex-8'!U43 -> 3.025 | ... AG43: ='Annex-8'!AG43 -> 0 | AI43: ='Annex-8'!AI43 -> OTHERS(99) | AJ43: ='Annex-8'!AJ43 -> 3 | AK43: ='Annex-8'!AK43 -> 3 | AL43: ='Annex-8'!AL43 -> 3 | AM43: ='Annex-8'!AM43 -> 2.6339 | AN43: ='Annex-8'!AN43 -> 0.75 | AO43: ='Annex-8'!AO43 -> 3.3839 | AP43: ='Annex-8'!AP43 -> 2.6339 | ... BB43: ='Annex-8'!BB43 -> 0
A44: =N44 | B44: =Q44 | C44: =AA44 | D44: =AD44 | E44: =AL44 | F44: =AV44 | G44: =AY44 | H44: =IF($A44="","",B44+E44) | I44: =IF($A44="","",C44+F44) | J44: =IF($A44="","",D44+G44) | K44: =IF($A44="","",IF(I44=0,0,(J44-I44)*100/I44)) | L44: =IF($A44="","",IF(K44<0,"(-)"&ROUND(ABS(K44),2),ROUND(K44,2))) | N44: ='Annex-8'!N44 | O44: ='Annex-8'!O44 | P44: ='Annex-8'!P44 | Q44: ='Annex-8'!Q44 | R44: ='Annex-8'!R44 | S44: ='Annex-8'!S44 | T44: ='Annex-8'!T44 | U44: ='Annex-8'!U44 | ... AG44: ='Annex-8'!AG44 | AI44: ='Annex-8'!AI44 | AJ44: ='Annex-8'!AJ44 | AK44: ='Annex-8'!AK44 | AL44: ='Annex-8'!AL44 | AM44: ='Annex-8'!AM44 | AN44: ='Annex-8'!AN44 | AO44: ='Annex-8'!AO44 | AP44: ='Annex-8'!AP44 | ... BB44: ='Annex-8'!BB44
A45: =N45 | B45: =Q45 | C45: =AA45 | D45: =AD45 | E45: =AL45 | F45: =AV45 | G45: =AY45 | H45: =IF($A45="","",B45+E45) | I45: =IF($A45="","",C45+F45) | J45: =IF($A45="","",D45+G45) | K45: =IF($A45="","",IF(I45=0,0,(J45-I45)*100/I45)) | L45: =IF($A45="","",IF(K45<0,"(-)"&ROUND(ABS(K45),2),ROUND(K45,2))) | N45: ='Annex-8'!N45 | O45: ='Annex-8'!O45 | P45: ='Annex-8'!P45 | Q45: ='Annex-8'!Q45 | R45: ='Annex-8'!R45 | S45: ='Annex-8'!S45 | T45: ='Annex-8'!T45 | U45: ='Annex-8'!U45 | ... AG45: ='Annex-8'!AG45 | AI45: ='Annex-8'!AI45 | AJ45: ='Annex-8'!AJ45 | AK45: ='Annex-8'!AK45 | AL45: ='Annex-8'!AL45 | AM45: ='Annex-8'!AM45 | AN45: ='Annex-8'!AN45 | AO45: ='Annex-8'!AO45 | AP45: ='Annex-8'!AP45 | ... BB45: ='Annex-8'!BB45
A46: =N46 | B46: =Q46 | C46: =AA46 | D46: =AD46 | E46: =AL46 | F46: =AV46 | G46: =AY46 | H46: =IF($A46="","",B46+E46) | I46: =IF($A46="","",C46+F46) | J46: =IF($A46="","",D46+G46) | K46: =IF($A46="","",IF(I46=0,0,(J46-I46)*100/I46)) | L46: =IF($A46="","",IF(K46<0,"(-)"&ROUND(ABS(K46),2),ROUND(K46,2))) | N46: ='Annex-8'!N46 | O46: ='Annex-8'!O46 | P46: ='Annex-8'!P46 | Q46: ='Annex-8'!Q46 | R46: ='Annex-8'!R46 | S46: ='Annex-8'!S46 | T46: ='Annex-8'!T46 | U46: ='Annex-8'!U46 | ... AG46: ='Annex-8'!AG46 | AI46: ='Annex-8'!AI46 | AJ46: ='Annex-8'!AJ46 | AK46: ='Annex-8'!AK46 | AL46: ='Annex-8'!AL46 | AM46: ='Annex-8'!AM46 | AN46: ='Annex-8'!AN46 | AO46: ='Annex-8'!AO46 | AP46: ='Annex-8'!AP46 | ... BB46: ='Annex-8'!BB46
A47: =N47 | B47: =Q47 | C47: =AA47 | D47: =AD47 | E47: =AL47 | F47: =AV47 | G47: =AY47 | H47: =IF($A47="","",B47+E47) | I47: =IF($A47="","",C47+F47) | J47: =IF($A47="","",D47+G47) | K47: =IF($A47="","",IF(I47=0,0,(J47-I47)*100/I47)) | L47: =IF($A47="","",IF(K47<0,"(-)"&ROUND(ABS(K47),2),ROUND(K47,2))) | N47: ='Annex-8'!N47 | O47: ='Annex-8'!O47 | P47: ='Annex-8'!P47 | Q47: ='Annex-8'!Q47 | R47: ='Annex-8'!R47 | S47: ='Annex-8'!S47 | T47: ='Annex-8'!T47 | U47: ='Annex-8'!U47 | ... AG47: ='Annex-8'!AG47 | AI47: ='Annex-8'!AI47 | AJ47: ='Annex-8'!AJ47 | AK47: ='Annex-8'!AK47 | AL47: ='Annex-8'!AL47 | AM47: ='Annex-8'!AM47 | AN47: ='Annex-8'!AN47 | AO47: ='Annex-8'!AO47 | AP47: ='Annex-8'!AP47 | ... BB47: ='Annex-8'!BB47
A48: =N48 | B48: =Q48 | C48: =AA48 | D48: =AD48 | E48: =AL48 | F48: =AV48 | G48: =AY48 | H48: =IF($A48="","",B48+E48) | I48: =IF($A48="","",C48+F48) | J48: =IF($A48="","",D48+G48) | K48: =IF($A48="","",IF(I48=0,0,(J48-I48)*100/I48)) | L48: =IF($A48="","",IF(K48<0,"(-)"&ROUND(ABS(K48),2),ROUND(K48,2))) | N48: ='Annex-8'!N48 | O48: ='Annex-8'!O48 | P48: ='Annex-8'!P48 | Q48: ='Annex-8'!Q48 | R48: ='Annex-8'!R48 | S48: ='Annex-8'!S48 | T48: ='Annex-8'!T48 | U48: ='Annex-8'!U48 | ... AG48: ='Annex-8'!AG48 | AI48: ='Annex-8'!AI48 | AJ48: ='Annex-8'!AJ48 | AK48: ='Annex-8'!AK48 | AL48: ='Annex-8'!AL48 | AM48: ='Annex-8'!AM48 | AN48: ='Annex-8'!AN48 | AO48: ='Annex-8'!AO48 | AP48: ='Annex-8'!AP48 | ... BB48: ='Annex-8'!BB48
A49: =N49 | B49: =Q49 | C49: =AA49 | D49: =AD49 | E49: =AL49 | F49: =AV49 | G49: =AY49 | H49: =IF($A49="","",B49+E49) | I49: =IF($A49="","",C49+F49) | J49: =IF($A49="","",D49+G49) | K49: =IF($A49="","",IF(I49=0,0,(J49-I49)*100/I49)) | L49: =IF($A49="","",IF(K49<0,"(-)"&ROUND(ABS(K49),2),ROUND(K49,2))) | N49: ='Annex-8'!N49 | O49: ='Annex-8'!O49 | P49: ='Annex-8'!P49 | Q49: ='Annex-8'!Q49 | R49: ='Annex-8'!R49 | S49: ='Annex-8'!S49 | T49: ='Annex-8'!T49 | U49: ='Annex-8'!U49 | ... AG49: ='Annex-8'!AG49 | AI49: ='Annex-8'!AI49 | AJ49: ='Annex-8'!AJ49 | AK49: ='Annex-8'!AK49 | AL49: ='Annex-8'!AL49 | AM49: ='Annex-8'!AM49 | AN49: ='Annex-8'!AN49 | AO49: ='Annex-8'!AO49 | AP49: ='Annex-8'!AP49 | ... BB49: ='Annex-8'!BB49
A50: =N50 | B50: =Q50 | C50: =AA50 | D50: =AD50 | E50: =AL50 | F50: =AV50 | G50: =AY50 | H50: =IF($A50="","",B50+E50) | I50: =IF($A50="","",C50+F50) | J50: =IF($A50="","",D50+G50) | K50: =IF($A50="","",IF(I50=0,0,(J50-I50)*100/I50)) | L50: =IF($A50="","",IF(K50<0,"(-)"&ROUND(ABS(K50),2),ROUND(K50,2))) | N50: ='Annex-8'!N50 | O50: ='Annex-8'!O50 | P50: ='Annex-8'!P50 | Q50: ='Annex-8'!Q50 | R50: ='Annex-8'!R50 | S50: ='Annex-8'!S50 | T50: ='Annex-8'!T50 | U50: ='Annex-8'!U50 | ... AG50: ='Annex-8'!AG50 | AI50: ='Annex-8'!AI50 | AJ50: ='Annex-8'!AJ50 | AK50: ='Annex-8'!AK50 | AL50: ='Annex-8'!AL50 | AM50: ='Annex-8'!AM50 | AN50: ='Annex-8'!AN50 | AO50: ='Annex-8'!AO50 | AP50: ='Annex-8'!AP50 | ... BB50: ='Annex-8'!BB50
A51: =N51 | B51: =Q51 | C51: =AA51 | D51: =AD51 | E51: =AL51 | F51: =AV51 | G51: =AY51 | H51: =IF($A51="","",B51+E51) | I51: =IF($A51="","",C51+F51) | J51: =IF($A51="","",D51+G51) | K51: =IF($A51="","",IF(I51=0,0,(J51-I51)*100/I51)) | L51: =IF($A51="","",IF(K51<0,"(-)"&ROUND(ABS(K51),2),ROUND(K51,2))) | N51: ='Annex-8'!N51 | O51: ='Annex-8'!O51 | P51: ='Annex-8'!P51 | Q51: ='Annex-8'!Q51 | R51: ='Annex-8'!R51 | S51: ='Annex-8'!S51 | T51: ='Annex-8'!T51 | U51: ='Annex-8'!U51 | ... AG51: ='Annex-8'!AG51 | AI51: ='Annex-8'!AI51 | AJ51: ='Annex-8'!AJ51 | AK51: ='Annex-8'!AK51 | AL51: ='Annex-8'!AL51 | AM51: ='Annex-8'!AM51 | AN51: ='Annex-8'!AN51 | AO51: ='Annex-8'!AO51 | AP51: ='Annex-8'!AP51 | ... BB51: ='Annex-8'!BB51
A52: =N52 | B52: =Q52 | C52: =AA52 | D52: =AD52 | E52: =AL52 | F52: =AV52 | G52: =AY52 | H52: =IF($A52="","",B52+E52) | I52: =IF($A52="","",C52+F52) | J52: =IF($A52="","",D52+G52) | K52: =IF($A52="","",IF(I52=0,0,(J52-I52)*100/I52)) | L52: =IF($A52="","",IF(K52<0,"(-)"&ROUND(ABS(K52),2),ROUND(K52,2))) | N52: ='Annex-8'!N52 | O52: ='Annex-8'!O52 | P52: ='Annex-8'!P52 | Q52: ='Annex-8'!Q52 | R52: ='Annex-8'!R52 | S52: ='Annex-8'!S52 | T52: ='Annex-8'!T52 | U52: ='Annex-8'!U52 | ... AG52: ='Annex-8'!AG52 | AI52: ='Annex-8'!AI52 | AJ52: ='Annex-8'!AJ52 | AK52: ='Annex-8'!AK52 | AL52: ='Annex-8'!AL52 | AM52: ='Annex-8'!AM52 | AN52: ='Annex-8'!AN52 | AO52: ='Annex-8'!AO52 | AP52: ='Annex-8'!AP52 | ... BB52: ='Annex-8'!BB52
A53: =N53 | B53: =Q53 | C53: =AA53 | D53: =AD53 | E53: =AL53 | F53: =AV53 | G53: =AY53 | H53: =IF($A53="","",B53+E53) | I53: =IF($A53="","",C53+F53) | J53: =IF($A53="","",D53+G53) | K53: =IF($A53="","",IF(I53=0,0,(J53-I53)*100/I53)) | L53: =IF($A53="","",IF(K53<0,"(-)"&ROUND(ABS(K53),2),ROUND(K53,2))) | N53: ='Annex-8'!N53 | O53: ='Annex-8'!O53 | P53: ='Annex-8'!P53 | Q53: ='Annex-8'!Q53 | R53: ='Annex-8'!R53 | S53: ='Annex-8'!S53 | T53: ='Annex-8'!T53 | U53: ='Annex-8'!U53 | ... AG53: ='Annex-8'!AG53 | AI53: ='Annex-8'!AI53 | AJ53: ='Annex-8'!AJ53 | AK53: ='Annex-8'!AK53 | AL53: ='Annex-8'!AL53 | AM53: ='Annex-8'!AM53 | AN53: ='Annex-8'!AN53 | AO53: ='Annex-8'!AO53 | AP53: ='Annex-8'!AP53 | ... BB53: ='Annex-8'!BB53
... A56: =N56 | B56: =Q56 | C56: =AA56 | D56: =AD56 | E56: =AL56 | F56: =AV56 | G56: =AY56 | H56: =IF($A56="","",B56+E56) | I56: =IF($A56="","",C56+F56) | J56: =IF($A56="","",D56+G56) | K56: =IF($A56="","",IF(I56=0,0,(J56-I56)*100/I56)) | L56: =IF($A56="","",IF(K56<0,"(-)"&ROUND(ABS(K56),2),ROUND(K56,2))) | N56: ='Annex-8'!N56 | O56: ='Annex-8'!O56 | P56: ='Annex-8'!P56 | Q56: ='Annex-8'!Q56 | R56: ='Annex-8'!R56 | S56: ='Annex-8'!S56 | T56: ='Annex-8'!T56 | U56: ='Annex-8'!U56 | ... AG56: ='Annex-8'!AG56 | AI56: ='Annex-8'!AI56 | AJ56: ='Annex-8'!AJ56 | AK56: ='Annex-8'!AK56 | AL56: ='Annex-8'!AL56 | AM56: ='Annex-8'!AM56 | AN56: ='Annex-8'!AN56 | AO56: ='Annex-8'!AO56 | AP56: ='Annex-8'!AP56 | ... BB56: ='Annex-8'!BB56
A57: ='Crops PY'!$C$5&" - "&'Crops PY'!$B$3 -> RABI II - 0 | N57: ='Crops PY'!$C$5&" - "&'Crops PY'!$B$3 -> RABI II - 0
A58: =N58 -> PADDY(98) | B58: =Q58 -> 5 | C58: =AA58 -> 8.645 | D58: =AD58 -> 8.795 | E58: =AL58 -> 2 | F58: =AV58 -> 2.4632 | G58: =AY58 -> 2.4632 | H58: =IF($A58="","",B58+E58) -> 7 | I58: =IF($A58="","",C58+F58) -> 11.1082 | J58: =IF($A58="","",D58+G58) -> 11.2582 | K58: =IF($A58="","",IF(I58=0,0,(J58-I58)*100/I58)) -> 1.3503538 | L58: =IF($A58="","",IF(K58<0,"(-)"&ROUND(ABS(K58),2),ROUND(K58,2))) -> 1.35 | N58: ='Annex-8'!N58 -> PADDY(98) | O58: ='Annex-8'!O58 -> 5 | P58: ='Annex-8'!P58 -> 5 | Q58: ='Annex-8'!Q58 -> 5 | R58: ='Annex-8'!R58 -> 8.645 | S58: ='Annex-8'!S58 -> 0.875 | T58: ='Annex-8'!T58 -> 9.52 | U58: ='Annex-8'!U58 -> 8.795 | ... AG58: ='Annex-8'!AG58 -> 1.735107 | AI58: ='Annex-8'!AI58 -> PADDY(98) | AJ58: ='Annex-8'!AJ58 -> 3 | AK58: ='Annex-8'!AK58 -> 2 | AL58: ='Annex-8'!AL58 -> 2 | AM58: ='Annex-8'!AM58 -> 2.4632 | AN58: ='Annex-8'!AN58 -> 0.71 | AO58: ='Annex-8'!AO58 -> 3.1732 | AP58: ='Annex-8'!AP58 -> 2.4632 | ... BB58: ='Annex-8'!BB58 -> 0
A59: =N59 -> OTHERS(99) | B59: =Q59 -> 3 | C59: =AA59 -> 1.68 | D59: =AD59 -> 1.68 | E59: =AL59 -> 4 | F59: =AV59 -> 2.3939 | G59: =AY59 -> 2.3139 | H59: =IF($A59="","",B59+E59) -> 7 | I59: =IF($A59="","",C59+F59) -> 4.0739 | J59: =IF($A59="","",D59+G59) -> 3.9939 | K59: =IF($A59="","",IF(I59=0,0,(J59-I59)*100/I59)) -> -1.9637203 | L59: =IF($A59="","",IF(K59<0,"(-)"&ROUND(ABS(K59),2),ROUND(K59,2))) -> (-)1.96 | N59: ='Annex-8'!N59 -> OTHERS(99) | O59: ='Annex-8'!O59 -> 4 | P59: ='Annex-8'!P59 -> 4 | Q59: ='Annex-8'!Q59 -> 3 | R59: ='Annex-8'!R59 -> 2.53 | S59: ='Annex-8'!S59 -> 0 | T59: ='Annex-8'!T59 -> 2.53 | U59: ='Annex-8'!U59 -> 2.53 | ... AG59: ='Annex-8'!AG59 -> 0 | AI59: ='Annex-8'!AI59 -> OTHERS(99) | AJ59: ='Annex-8'!AJ59 -> 7 | AK59: ='Annex-8'!AK59 -> 3 | AL59: ='Annex-8'!AL59 -> 4 | AM59: ='Annex-8'!AM59 -> 1.7389 | AN59: ='Annex-8'!AN59 -> 1.15 | AO59: ='Annex-8'!AO59 -> 2.8889 | AP59: ='Annex-8'!AP59 -> 1.7389 | ... BB59: ='Annex-8'!BB59 -> 3.3418271
A60: =N60 | B60: =Q60 | C60: =AA60 | D60: =AD60 | E60: =AL60 | F60: =AV60 | G60: =AY60 | H60: =IF($A60="","",B60+E60) | I60: =IF($A60="","",C60+F60) | J60: =IF($A60="","",D60+G60) | K60: =IF($A60="","",IF(I60=0,0,(J60-I60)*100/I60)) | L60: =IF($A60="","",IF(K60<0,"(-)"&ROUND(ABS(K60),2),ROUND(K60,2))) | N60: ='Annex-8'!N60 | O60: ='Annex-8'!O60 | P60: ='Annex-8'!P60 | Q60: ='Annex-8'!Q60 | R60: ='Annex-8'!R60 | S60: ='Annex-8'!S60 | T60: ='Annex-8'!T60 | U60: ='Annex-8'!U60 | ... AG60: ='Annex-8'!AG60 | AI60: ='Annex-8'!AI60 | AJ60: ='Annex-8'!AJ60 | AK60: ='Annex-8'!AK60 | AL60: ='Annex-8'!AL60 | AM60: ='Annex-8'!AM60 | AN60: ='Annex-8'!AN60 | AO60: ='Annex-8'!AO60 | AP60: ='Annex-8'!AP60 | ... BB60: ='Annex-8'!BB60
A61: =N61 | B61: =Q61 | C61: =AA61 | D61: =AD61 | E61: =AL61 | F61: =AV61 | G61: =AY61 | H61: =IF($A61="","",B61+E61) | I61: =IF($A61="","",C61+F61) | J61: =IF($A61="","",D61+G61) | K61: =IF($A61="","",IF(I61=0,0,(J61-I61)*100/I61)) | L61: =IF($A61="","",IF(K61<0,"(-)"&ROUND(ABS(K61),2),ROUND(K61,2))) | N61: ='Annex-8'!N61 | O61: ='Annex-8'!O61 | P61: ='Annex-8'!P61 | Q61: ='Annex-8'!Q61 | R61: ='Annex-8'!R61 | S61: ='Annex-8'!S61 | T61: ='Annex-8'!T61 | U61: ='Annex-8'!U61 | ... AG61: ='Annex-8'!AG61 | AI61: ='Annex-8'!AI61 | AJ61: ='Annex-8'!AJ61 | AK61: ='Annex-8'!AK61 | AL61: ='Annex-8'!AL61 | AM61: ='Annex-8'!AM61 | AN61: ='Annex-8'!AN61 | AO61: ='Annex-8'!AO61 | AP61: ='Annex-8'!AP61 | ... BB61: ='Annex-8'!BB61
A62: =N62 | B62: =Q62 | C62: =AA62 | D62: =AD62 | E62: =AL62 | F62: =AV62 | G62: =AY62 | H62: =IF($A62="","",B62+E62) | I62: =IF($A62="","",C62+F62) | J62: =IF($A62="","",D62+G62) | K62: =IF($A62="","",IF(I62=0,0,(J62-I62)*100/I62)) | L62: =IF($A62="","",IF(K62<0,"(-)"&ROUND(ABS(K62),2),ROUND(K62,2))) | N62: ='Annex-8'!N62 | O62: ='Annex-8'!O62 | P62: ='Annex-8'!P62 | Q62: ='Annex-8'!Q62 | R62: ='Annex-8'!R62 | S62: ='Annex-8'!S62 | T62: ='Annex-8'!T62 | U62: ='Annex-8'!U62 | ... AG62: ='Annex-8'!AG62 | AI62: ='Annex-8'!AI62 | AJ62: ='Annex-8'!AJ62 | AK62: ='Annex-8'!AK62 | AL62: ='Annex-8'!AL62 | AM62: ='Annex-8'!AM62 | AN62: ='Annex-8'!AN62 | AO62: ='Annex-8'!AO62 | AP62: ='Annex-8'!AP62 | ... BB62: ='Annex-8'!BB62
A63: =N63 | B63: =Q63 | C63: =AA63 | D63: =AD63 | E63: =AL63 | F63: =AV63 | G63: =AY63 | H63: =IF($A63="","",B63+E63) | I63: =IF($A63="","",C63+F63) | J63: =IF($A63="","",D63+G63) | K63: =IF($A63="","",IF(I63=0,0,(J63-I63)*100/I63)) | L63: =IF($A63="","",IF(K63<0,"(-)"&ROUND(ABS(K63),2),ROUND(K63,2))) | N63: ='Annex-8'!N63 | O63: ='Annex-8'!O63 | P63: ='Annex-8'!P63 | Q63: ='Annex-8'!Q63 | R63: ='Annex-8'!R63 | S63: ='Annex-8'!S63 | T63: ='Annex-8'!T63 | U63: ='Annex-8'!U63 | ... AG63: ='Annex-8'!AG63 | AI63: ='Annex-8'!AI63 | AJ63: ='Annex-8'!AJ63 | AK63: ='Annex-8'!AK63 | AL63: ='Annex-8'!AL63 | AM63: ='Annex-8'!AM63 | AN63: ='Annex-8'!AN63 | AO63: ='Annex-8'!AO63 | AP63: ='Annex-8'!AP63 | ... BB63: ='Annex-8'!BB63
A64: =N64 | B64: =Q64 | C64: =AA64 | D64: =AD64 | E64: =AL64 | F64: =AV64 | G64: =AY64 | H64: =IF($A64="","",B64+E64) | I64: =IF($A64="","",C64+F64) | J64: =IF($A64="","",D64+G64) | K64: =IF($A64="","",IF(I64=0,0,(J64-I64)*100/I64)) | L64: =IF($A64="","",IF(K64<0,"(-)"&ROUND(ABS(K64),2),ROUND(K64,2))) | N64: ='Annex-8'!N64 | O64: ='Annex-8'!O64 | P64: ='Annex-8'!P64 | Q64: ='Annex-8'!Q64 | R64: ='Annex-8'!R64 | S64: ='Annex-8'!S64 | T64: ='Annex-8'!T64 | U64: ='Annex-8'!U64 | ... AG64: ='Annex-8'!AG64 | AI64: ='Annex-8'!AI64 | AJ64: ='Annex-8'!AJ64 | AK64: ='Annex-8'!AK64 | AL64: ='Annex-8'!AL64 | AM64: ='Annex-8'!AM64 | AN64: ='Annex-8'!AN64 | AO64: ='Annex-8'!AO64 | AP64: ='Annex-8'!AP64 | ... BB64: ='Annex-8'!BB64
A65: =N65 | B65: =Q65 | C65: =AA65 | D65: =AD65 | E65: =AL65 | F65: =AV65 | G65: =AY65 | H65: =IF($A65="","",B65+E65) | I65: =IF($A65="","",C65+F65) | J65: =IF($A65="","",D65+G65) | K65: =IF($A65="","",IF(I65=0,0,(J65-I65)*100/I65)) | L65: =IF($A65="","",IF(K65<0,"(-)"&ROUND(ABS(K65),2),ROUND(K65,2))) | N65: ='Annex-8'!N65 | O65: ='Annex-8'!O65 | P65: ='Annex-8'!P65 | Q65: ='Annex-8'!Q65 | R65: ='Annex-8'!R65 | S65: ='Annex-8'!S65 | T65: ='Annex-8'!T65 | U65: ='Annex-8'!U65 | ... AG65: ='Annex-8'!AG65 | AI65: ='Annex-8'!AI65 | AJ65: ='Annex-8'!AJ65 | AK65: ='Annex-8'!AK65 | AL65: ='Annex-8'!AL65 | AM65: ='Annex-8'!AM65 | AN65: ='Annex-8'!AN65 | AO65: ='Annex-8'!AO65 | AP65: ='Annex-8'!AP65 | ... BB65: ='Annex-8'!BB65
A66: =N66 | B66: =Q66 | C66: =AA66 | D66: =AD66 | E66: =AL66 | F66: =AV66 | G66: =AY66 | H66: =IF($A66="","",B66+E66) | I66: =IF($A66="","",C66+F66) | J66: =IF($A66="","",D66+G66) | K66: =IF($A66="","",IF(I66=0,0,(J66-I66)*100/I66)) | L66: =IF($A66="","",IF(K66<0,"(-)"&ROUND(ABS(K66),2),ROUND(K66,2))) | N66: ='Annex-8'!N66 | O66: ='Annex-8'!O66 | P66: ='Annex-8'!P66 | Q66: ='Annex-8'!Q66 | R66: ='Annex-8'!R66 | S66: ='Annex-8'!S66 | T66: ='Annex-8'!T66 | U66: ='Annex-8'!U66 | ... AG66: ='Annex-8'!AG66 | AI66: ='Annex-8'!AI66 | AJ66: ='Annex-8'!AJ66 | AK66: ='Annex-8'!AK66 | AL66: ='Annex-8'!AL66 | AM66: ='Annex-8'!AM66 | AN66: ='Annex-8'!AN66 | AO66: ='Annex-8'!AO66 | AP66: ='Annex-8'!AP66 | ... BB66: ='Annex-8'!BB66
A67: =N67 | B67: =Q67 | C67: =AA67 | D67: =AD67 | E67: =AL67 | F67: =AV67 | G67: =AY67 | H67: =IF($A67="","",B67+E67) | I67: =IF($A67="","",C67+F67) | J67: =IF($A67="","",D67+G67) | K67: =IF($A67="","",IF(I67=0,0,(J67-I67)*100/I67)) | L67: =IF($A67="","",IF(K67<0,"(-)"&ROUND(ABS(K67),2),ROUND(K67,2))) | N67: ='Annex-8'!N67 | O67: ='Annex-8'!O67 | P67: ='Annex-8'!P67 | Q67: ='Annex-8'!Q67 | R67: ='Annex-8'!R67 | S67: ='Annex-8'!S67 | T67: ='Annex-8'!T67 | U67: ='Annex-8'!U67 | ... AG67: ='Annex-8'!AG67 | AI67: ='Annex-8'!AI67 | AJ67: ='Annex-8'!AJ67 | AK67: ='Annex-8'!AK67 | AL67: ='Annex-8'!AL67 | AM67: ='Annex-8'!AM67 | AN67: ='Annex-8'!AN67 | AO67: ='Annex-8'!AO67 | AP67: ='Annex-8'!AP67 | ... BB67: ='Annex-8'!BB67
A68: =N68 | B68: =Q68 | C68: =AA68 | D68: =AD68 | E68: =AL68 | F68: =AV68 | G68: =AY68 | H68: =IF($A68="","",B68+E68) | I68: =IF($A68="","",C68+F68) | J68: =IF($A68="","",D68+G68) | K68: =IF($A68="","",IF(I68=0,0,(J68-I68)*100/I68)) | L68: =IF($A68="","",IF(K68<0,"(-)"&ROUND(ABS(K68),2),ROUND(K68,2))) | N68: ='Annex-8'!N68 | O68: ='Annex-8'!O68 | P68: ='Annex-8'!P68 | Q68: ='Annex-8'!Q68 | R68: ='Annex-8'!R68 | S68: ='Annex-8'!S68 | T68: ='Annex-8'!T68 | U68: ='Annex-8'!U68 | ... AG68: ='Annex-8'!AG68 | AI68: ='Annex-8'!AI68 | AJ68: ='Annex-8'!AJ68 | AK68: ='Annex-8'!AK68 | AL68: ='Annex-8'!AL68 | AM68: ='Annex-8'!AM68 | AN68: ='Annex-8'!AN68 | AO68: ='Annex-8'!AO68 | AP68: ='Annex-8'!AP68 | ... BB68: ='Annex-8'!BB68
A69: =N69 | B69: =Q69 | C69: =AA69 | D69: =AD69 | E69: =AL69 | F69: =AV69 | G69: =AY69 | H69: =IF($A69="","",B69+E69) | I69: =IF($A69="","",C69+F69) | J69: =IF($A69="","",D69+G69) | K69: =IF($A69="","",IF(I69=0,0,(J69-I69)*100/I69)) | L69: =IF($A69="","",IF(K69<0,"(-)"&ROUND(ABS(K69),2),ROUND(K69,2))) | N69: ='Annex-8'!N69 | O69: ='Annex-8'!O69 | P69: ='Annex-8'!P69 | Q69: ='Annex-8'!Q69 | R69: ='Annex-8'!R69 | S69: ='Annex-8'!S69 | T69: ='Annex-8'!T69 | U69: ='Annex-8'!U69 | ... AG69: ='Annex-8'!AG69 | AI69: ='Annex-8'!AI69 | AJ69: ='Annex-8'!AJ69 | AK69: ='Annex-8'!AK69 | AL69: ='Annex-8'!AL69 | AM69: ='Annex-8'!AM69 | AN69: ='Annex-8'!AN69 | AO69: ='Annex-8'!AO69 | AP69: ='Annex-8'!AP69 | ... BB69: ='Annex-8'!BB69
... A72: =N72 | B72: =Q72 | C72: =AA72 | D72: =AD72 | E72: =AL72 | F72: =AV72 | G72: =AY72 | H72: =IF($A72="","",B72+E72) | I72: =IF($A72="","",C72+F72) | J72: =IF($A72="","",D72+G72) | K72: =IF($A72="","",IF(I72=0,0,(J72-I72)*100/I72)) | L72: =IF($A72="","",IF(K72<0,"(-)"&ROUND(ABS(K72),2),ROUND(K72,2))) | N72: ='Annex-8'!N72 | O72: ='Annex-8'!O72 | P72: ='Annex-8'!P72 | Q72: ='Annex-8'!Q72 | R72: ='Annex-8'!R72 | S72: ='Annex-8'!S72 | T72: ='Annex-8'!T72 | U72: ='Annex-8'!U72 | ... AG72: ='Annex-8'!AG72 | AI72: ='Annex-8'!AI72 | AJ72: ='Annex-8'!AJ72 | AK72: ='Annex-8'!AK72 | AL72: ='Annex-8'!AL72 | AM72: ='Annex-8'!AM72 | AN72: ='Annex-8'!AN72 | AO72: ='Annex-8'!AO72 | AP72: ='Annex-8'!AP72 | ... BB72: ='Annex-8'!BB72
A73: # NOT COMPARABLE AS THE IMPACT IS 100% OR MORE
A74: Developed by: Deepak Kumar Agrawal, Senior Statistical Officer, NSSO (FOD), Faridabad, Haryana

Sheet Annex-8,10,12
A2: ='Annex-8'!$A$2 -> A-10 | J2: ='Annex-10'!A$2 -> A-12 | V2: ='Annex-12'!A$2 -> A-14
A3: ='Annex-8'!$A$3 -> STATE:PUDUCHERRY | G3: ='Annex-8'!$G$3 -> ANNEX-VIII | J3: ='Annex-10'!A$3 -> STATE:PUDUCHERRY | S3: ='Annex-10'!J$3 -> ANNEX-X | V3: ='Annex-12'!A$3 -> STATE:PUDUCHERRY | AE3: ='Annex-12'!J$3 -> ANNEX-XII
A4: ='Annex-8'!$A$4 -> IMPACT OF DISCREPANCIES IN RECORDING AREA UNDER CROPS DURING 0 AND 0. | J4: ='Annex-10'!A$4 -> IMPACT OF DISCREPANCIES IN RECORDING AREA UNDER CROPS(IRRIGATED) DURING 0 AND 0. | V4: ='Annex-12'!A$4 -> IMPACT OF DISCREPANCIES IN RECORDING AREA UNDER CROPS(HIGH YIELDING VARIETY OF SEEDS) DURING 0 AND 0.
A5: ='Annex-8'!$A$5 -> SEASON / CROP | B5: ='Annex-8'!$B$5 -> AREA IN HECTARES AS OBSERVED IN SAMPLE CLUSTERS | J5: ='Annex-10'!A$5 -> SEASON / CROP | K5: ='Annex-10'!B$5 -> AREA IN HECTARES AS OBSERVED IN SAMPLE CLUSTERS | V5: ='Annex-12'!A$5 -> SEASON / CROP | W5: ='Annex-12'!B$5 -> AREA IN HECTARES AS OBSERVED IN SAMPLE CLUSTERS
B6: ='Annex-8'!$B$6 -> CENTRAL SAMPLE | D6: ='Annex-8'!$D$6 -> STATE SAMPLE | F6: ='Annex-8'!$F$6 -> POOLED SAMPLE | H6: ='Annex-8'!$I$6 -> IMPACT OF DISCRIPANCIES (b-a/a)*100 (POOLED SAMPLE ONLY) | K6: ='Annex-10'!B$6 -> CENTRAL SAMPLE | N6: ='Annex-10'!E$6 -> STATE SAMPLE | Q6: ='Annex-10'!H$6 -> POOLED SAMPLE | T6: ='Annex-10'!L$6 -> IMPACT OF DISCRIPANCIES (b-a/a)*100 (POOLED SAMPLE ONLY) | W6: ='Annex-12'!B$6 -> CENTRAL SAMPLE | Z6: ='Annex-12'!E$6 -> STATE SAMPLE | AC6: ='Annex-12'!H$6 -> POOLED SAMPLE | AF6: ='Annex-12'!L$6 -> IMPACT OF DISCRIPANCIES (b-a/a)*100 (POOLED SAMPLE ONLY)
B7: ='Annex-8'!$B$7 -> AS PER SUPERVISOR | C7: ='Annex-8'!$C$7 -> AS PER PATWARI | D7: ='Annex-8'!$D$7 -> AS PER SUPERVISOR | E7: ='Annex-8'!$E$7 -> AS PER PATWARI | F7: ='Annex-8'!$F$7 -> AS PER SUPERVISOR | G7: ='Annex-8'!$G$7 -> AS PER PATWARI | K7: ='Annex-10'!B$7 -> NO OF VILLAGES REPORTING CROP | L7: ='Annex-10'!C$7 -> AS PER SUPERVISOR | M7: ='Annex-10'!D$7 -> AS PER PATWARI | N7: ='Annex-10'!E$7 -> NO OF VILLAGES REPORTING CROP | O7: ='Annex-10'!F$7 -> AS PER SUPERVISOR | P7: ='Annex-10'!G$7 -> AS PER PATWARI | Q7: ='Annex-10'!H$7 -> NO OF VILLAGES REPORTING CROP | R7: ='Annex-10'!I$7 -> AS PER SUPERVISOR | S7: ='Annex-10'!J$7 -> AS PER PATWARI | W7: ='Annex-12'!B$7 -> NO OF VILLAGES REPORTING CROP | X7: ='Annex-12'!C$7 -> AS PER SUPERVISOR | Y7: ='Annex-12'!D$7 -> AS PER PATWARI | Z7: ='Annex-12'!E$7 -> NO OF VILLAGES REPORTING CROP | AA7: ='Annex-12'!F$7 -> AS PER SUPERVISOR | AB7: ='Annex-12'!G$7 -> AS PER PATWARI | AC7: ='Annex-12'!H$7 -> NO OF VILLAGES REPORTING CROP | AD7: ='Annex-12'!I$7 -> AS PER SUPERVISOR | AE7: ='Annex-12'!J$7 -> AS PER PATWARI
A8: ='Annex-8'!A$8 -> (1) | B8: ='Annex-8'!B$8 -> (2) | C8: ='Annex-8'!C$8 -> (3) | D8: ='Annex-8'!D$8 -> (4) | E8: ='Annex-8'!E$8 -> (5) | F8: ='Annex-8'!F$8 -> (6) | G8: ='Annex-8'!G$8 -> (7) | H8: ='Annex-8'!I$8 -> (8) | J8: ='Annex-10'!A$8 -> (1) | K8: ='Annex-10'!B$8 -> (2) | L8: ='Annex-10'!C$8 -> (3) | M8: ='Annex-10'!D$8 -> (4) | N8: ='Annex-10'!E$8 -> (5) | O8: ='Annex-10'!F$8 -> (6) | P8: ='Annex-10'!G$8 -> (7) | Q8: ='Annex-10'!H$8 -> (8) | ... S8: ='Annex-10'!J$8 -> (10) | T8: ='Annex-10'!L$8 -> (11) | V8: ='Annex-12'!A$8 -> (1) | W8: ='Annex-12'!B$8 -> (2) | X8: ='Annex-12'!C$8 -> (3) | Y8: ='Annex-12'!D$8 -> (4) | Z8: ='Annex-12'!E$8 -> (5) | AA8: ='Annex-12'!F$8 -> (6) | AB8: ='Annex-12'!G$8 -> (7) | AC8: ='Annex-12'!H$8 -> (8) | ... AE8: ='Annex-12'!J$8 -> (10) | AF8: ='Annex-12'!L$8 -> (11)
A9: ='Annex-8'!A9 -> RABI I - 0 | J9: ='Annex-10'!A9 -> RABI I - 0 | V9: ='Annex-12'!A9 -> RABI I - 0
A10: ='Annex-8'!A10 -> PADDY(97) | B10: ='Annex-8'!B10 -> 4.459 | C10: ='Annex-8'!C10 -> 4.589 | D10: ='Annex-8'!D10 -> 15.6192 | E10: ='Annex-8'!E10 -> 15.5092 | F10: ='Annex-8'!F10 -> 20.0782 | G10: ='Annex-8'!G10 -> 20.0982 | H10: ='Annex-8'!I10 -> 0.1 | J10: ='Annex-10'!A10 -> PADDY(97) | K10: ='Annex-10'!B10 -> 3 | L10: ='Annex-10'!C10 -> 4.459 | M10: ='Annex-10'!D10 -> 4.589 | N10: ='Annex-10'!E10 -> 8 | O10: ='Annex-10'!F10 -> 15.6192 | P10: ='Annex-10'!G10 -> 15.5092 | Q10: ='Annex-10'!H10 -> 11 | ... S10: ='Annex-10'!J10 -> 20.0982 | T10: ='Annex-10'!L10 -> 0.1 | V10: ='Annex-12'!A10 -> PADDY(97) | W10: ='Annex-12'!B10 -> 3 | X10: ='Annex-12'!C10 -> 4.459 | Y10: ='Annex-12'!D10 -> 4.589 | Z10: ='Annex-12'!E10 -> 8 | AA10: ='Annex-12'!F10 -> 15.6192 | AB10: ='Annex-12'!G10 -> 15.5092 | AC10: ='Annex-12'!H10 -> 11 | ... AE10: ='Annex-12'!J10 -> 20.0982 | AF10: ='Annex-12'!L10 -> 0.1
A11: ='Annex-8'!A11 -> OTHERS(99) | B11: ='Annex-8'!B11 -> 1.7258 | C11: ='Annex-8'!C11 -> 2.5933 | D11: ='Annex-8'!D11 -> 5.8897 | E11: ='Annex-8'!E11 -> 5.9897 | F11: ='Annex-8'!F11 -> 7.6155 | G11: ='Annex-8'!G11 -> 8.583 | H11: ='Annex-8'!I11 -> 12.7 | J11: ='Annex-10'!A11 -> OTHERS(99) | K11: ='Annex-10'!B11 -> 4 | L11: ='Annex-10'!C11 -> 1.7258 | M11: ='Annex-10'!D11 -> 2.5908 | N11: ='Annex-10'!E11 -> 7 | O11: ='Annex-10'!F11 -> 5.7236 | P11: ='Annex-10'!G11 -> 5.8236 | Q11: ='Annex-10'!H11 -> 11 | ... S11: ='Annex-10'!J11 -> 8.4144 | T11: ='Annex-10'!L11 -> 12.95 | V11: ='Annex-12'!A11 -> OTHERS(99) | W11: ='Annex-12'!B11 -> 4 | X11: ='Annex-12'!C11 -> 1.7258 | Y11: ='Annex-12'!D11 -> 2.5933 | Z11: ='Annex-12'!E11 -> 6 | AA11: ='Annex-12'!F11 -> 5.8297 | AB11: ='Annex-12'!G11 -> 5.9297 | AC11: ='Annex-12'!H11 -> 10 | ... AE11: ='Annex-12'!J11 -> 8.523 | AF11: ='Annex-12'!L11 -> 12.81
A12: ='Annex-8'!A12 | B12: ='Annex-8'!B12 | C12: ='Annex-8'!C12 | D12: ='Annex-8'!D12 | E12: ='Annex-8'!E12 | F12: ='Annex-8'!F12 | G12: ='Annex-8'!G12 | H12: ='Annex-8'!I12 | J12: ='Annex-10'!A12 | K12: ='Annex-10'!B12 | L12: ='Annex-10'!C12 | M12: ='Annex-10'!D12 | N12: ='Annex-10'!E12 | O12: ='Annex-10'!F12 | P12: ='Annex-10'!G12 | Q12: ='Annex-10'!H12 | ... S12: ='Annex-10'!J12 | T12: ='Annex-10'!L12 | V12: ='Annex-12'!A12 | W12: ='Annex-12'!B12 | X12: ='Annex-12'!C12 | Y12: ='Annex-12'!D12 | Z12: ='Annex-12'!E12 | AA12: ='Annex-12'!F12 | AB12: ='Annex-12'!G12 | AC12: ='Annex-12'!H12 | ... AE12: ='Annex-12'!J12 | AF12: ='Annex-12'!L12
A13: ='Annex-8'!A13 | B13: ='Annex-8'!B13 | C13: ='Annex-8'!C13 | D13: ='Annex-8'!D13 | E13: ='Annex-8'!E13 | F13: ='Annex-8'!F13 | G13: ='Annex-8'!G13 | H13: ='Annex-8'!I13 | J13: ='Annex-10'!A13 | K13: ='Annex-10'!B13 | L13: ='Annex-10'!C13 | M13: ='Annex-10'!D13 | N13: ='Annex-10'!E13 | O13: ='Annex-10'!F13 | P13: ='Annex-10'!G13 | Q13: ='Annex-10'!H13 | ... S13: ='Annex-10'!J13 | T13: ='Annex-10'!L13 | V13: ='Annex-12'!A13 | W13: ='Annex-12'!B13 | X13: ='Annex-12'!C13 | Y13: ='Annex-12'!D13 | Z13: ='Annex-12'!E13 | AA13: ='Annex-12'!F13 | AB13: ='Annex-12'!G13 | AC13: ='Annex-12'!H13 | ... AE13: ='Annex-12'!J13 | AF13: ='Annex-12'!L13
A14: ='Annex-8'!A14 | B14: ='Annex-8'!B14 | C14: ='Annex-8'!C14 | D14: ='Annex-8'!D14 | E14: ='Annex-8'!E14 | F14: ='Annex-8'!F14 | G14: ='Annex-8'!G14 | H14: ='Annex-8'!I14 | J14: ='Annex-10'!A14 | K14: ='Annex-10'!B14 | L14: ='Annex-10'!C14 | M14: ='Annex-10'!D14 | N14: ='Annex-10'!E14 | O14: ='Annex-10'!F14 | P14: ='Annex-10'!G14 | Q14: ='Annex-10'!H14 | ... S14: ='Annex-10'!J14 | T14: ='Annex-10'!L14 | V14: ='Annex-12'!A14 | W14: ='Annex-12'!B14 | X14: ='Annex-12'!C14 | Y14: ='Annex-12'!D14 | Z14: ='Annex-12'!E14 | AA14: ='Annex-12'!F14 | AB14: ='Annex-12'!G14 | AC14: ='Annex-12'!H14 | ... AE14: ='Annex-12'!J14 | AF14: ='Annex-12'!L14
A15: ='Annex-8'!A15 | B15: ='Annex-8'!B15 | C15: ='Annex-8'!C15 | D15: ='Annex-8'!D15 | E15: ='Annex-8'!E15 | F15: ='Annex-8'!F15 | G15: ='Annex-8'!G15 | H15: ='Annex-8'!I15 | J15: ='Annex-10'!A15 | K15: ='Annex-10'!B15 | L15: ='Annex-10'!C15 | M15: ='Annex-10'!D15 | N15: ='Annex-10'!E15 | O15: ='Annex-10'!F15 | P15: ='Annex-10'!G15 | Q15: ='Annex-10'!H15 | ... S15: ='Annex-10'!J15 | T15: ='Annex-10'!L15 | V15: ='Annex-12'!A15 | W15: ='Annex-12'!B15 | X15: ='Annex-12'!C15 | Y15: ='Annex-12'!D15 | Z15: ='Annex-12'!E15 | AA15: ='Annex-12'!F15 | AB15: ='Annex-12'!G15 | AC15: ='Annex-12'!H15 | ... AE15: ='Annex-12'!J15 | AF15: ='Annex-12'!L15
A16: ='Annex-8'!A16 | B16: ='Annex-8'!B16 | C16: ='Annex-8'!C16 | D16: ='Annex-8'!D16 | E16: ='Annex-8'!E16 | F16: ='Annex-8'!F16 | G16: ='Annex-8'!G16 | H16: ='Annex-8'!I16 | J16: ='Annex-10'!A16 | K16: ='Annex-10'!B16 | L16: ='Annex-10'!C16 | M16: ='Annex-10'!D16 | N16: ='Annex-10'!E16 | O16: ='Annex-10'!F16 | P16: ='Annex-10'!G16 | Q16: ='Annex-10'!H16 | ... S16: ='Annex-10'!J16 | T16: ='Annex-10'!L16 | V16: ='Annex-12'!A16 | W16: ='Annex-12'!B16 | X16: ='Annex-12'!C16 | Y16: ='Annex-12'!D16 | Z16: ='Annex-12'!E16 | AA16: ='Annex-12'!F16 | AB16: ='Annex-12'!G16 | AC16: ='Annex-12'!H16 | ... AE16: ='Annex-12'!J16 | AF16: ='Annex-12'!L16
A17: ='Annex-8'!A17 | B17: ='Annex-8'!B17 | C17: ='Annex-8'!C17 | D17: ='Annex-8'!D17 | E17: ='Annex-8'!E17 | F17: ='Annex-8'!F17 | G17: ='Annex-8'!G17 | H17: ='Annex-8'!I17 | J17: ='Annex-10'!A17 | K17: ='Annex-10'!B17 | L17: ='Annex-10'!C17 | M17: ='Annex-10'!D17 | N17: ='Annex-10'!E17 | O17: ='Annex-10'!F17 | P17: ='Annex-10'!G17 | Q17: ='Annex-10'!H17 | ... S17: ='Annex-10'!J17 | T17: ='Annex-10'!L17 | V17: ='Annex-12'!A17 | W17: ='Annex-12'!B17 | X17: ='Annex-12'!C17 | Y17: ='Annex-12'!D17 | Z17: ='Annex-12'!E17 | AA17: ='Annex-12'!F17 | AB17: ='Annex-12'!G17 | AC17: ='Annex-12'!H17 | ... AE17: ='Annex-12'!J17 | AF17: ='Annex-12'!L17
A18: ='Annex-8'!A18 | B18: ='Annex-8'!B18 | C18: ='Annex-8'!C18 | D18: ='Annex-8'!D18 | E18: ='Annex-8'!E18 | F18: ='Annex-8'!F18 | G18: ='Annex-8'!G18 | H18: ='Annex-8'!I18 | J18: ='Annex-10'!A18 | K18: ='Annex-10'!B18 | L18: ='Annex-10'!C18 | M18: ='Annex-10'!D18 | N18: ='Annex-10'!E18 | O18: ='Annex-10'!F18 | P18: ='Annex-10'!G18 | Q18: ='Annex-10'!H18 | ... S18: ='Annex-10'!J18 | T18: ='Annex-10'!L18 | V18: ='Annex-12'!A18 | W18: ='Annex-12'!B18 | X18: ='Annex-12'!C18 | Y18: ='Annex-12'!D18 | Z18: ='Annex-12'!E18 | AA18: ='Annex-12'!F18 | AB18: ='Annex-12'!G18 | AC18: ='Annex-12'!H18 | ... AE18: ='Annex-12'!J18 | AF18: ='Annex-12'!L18
A19: ='Annex-8'!A19 | B19: ='Annex-8'!B19 | C19: ='Annex-8'!C19 | D19: ='Annex-8'!D19 | E19: ='Annex-8'!E19 | F19: ='Annex-8'!F19 | G19: ='Annex-8'!G19 | H19: ='Annex-8'!I19 | J19: ='Annex-10'!A19 | K19: ='Annex-10'!B19 | L19: ='Annex-10'!C19 | M19: ='Annex-10'!D19 | N19: ='Annex-10'!E19 | O19: ='Annex-10'!F19 | P19: ='Annex-10'!G19 | Q19: ='Annex-10'!H19 | ... S19: ='Annex-10'!J19 | T19: ='Annex-10'!L19 | V19: ='Annex-12'!A19 | W19: ='Annex-12'!B19 | X19: ='Annex-12'!C19 | Y19: ='Annex-12'!D19 | Z19: ='Annex-12'!E19 | AA19: ='Annex-12'!F19 | AB19: ='Annex-12'!G19 | AC19: ='Annex-12'!H19 | ... AE19: ='Annex-12'!J19 | AF19: ='Annex-12'!L19
A20: ='Annex-8'!A20 | B20: ='Annex-8'!B20 | C20: ='Annex-8'!C20 | D20: ='Annex-8'!D20 | E20: ='Annex-8'!E20 | F20: ='Annex-8'!F20 | G20: ='Annex-8'!G20 | H20: ='Annex-8'!I20 | J20: ='Annex-10'!A20 | K20: ='Annex-10'!B20 | L20: ='Annex-10'!C20 | M20: ='Annex-10'!D20 | N20: ='Annex-10'!E20 | O20: ='Annex-10'!F20 | P20: ='Annex-10'!G20 | Q20: ='Annex-10'!H20 | ... S20: ='Annex-10'!J20 | T20: ='Annex-10'!L20 | V20: ='Annex-12'!A20 | W20: ='Annex-12'!B20 | X20: ='Annex-12'!C20 | Y20: ='Annex-12'!D20 | Z20: ='Annex-12'!E20 | AA20: ='Annex-12'!F20 | AB20: ='Annex-12'!G20 | AC20: ='Annex-12'!H20 | ... AE20: ='Annex-12'!J20 | AF20: ='Annex-12'!L20
A21: ='Annex-8'!A21 | B21: ='Annex-8'!B21 | C21: ='Annex-8'!C21 | D21: ='Annex-8'!D21 | E21: ='Annex-8'!E21 | F21: ='Annex-8'!F21 | G21: ='Annex-8'!G21 | H21: ='Annex-8'!I21 | J21: ='Annex-10'!A21 | K21: ='Annex-10'!B21 | L21: ='Annex-10'!C21 | M21: ='Annex-10'!D21 | N21: ='Annex-10'!E21 | O21: ='Annex-10'!F21 | P21: ='Annex-10'!G21 | Q21: ='Annex-10'!H21 | ... S21: ='Annex-10'!J21 | T21: ='Annex-10'!L21 | V21: ='Annex-12'!A21 | W21: ='Annex-12'!B21 | X21: ='Annex-12'!C21 | Y21: ='Annex-12'!D21 | Z21: ='Annex-12'!E21 | AA21: ='Annex-12'!F21 | AB21: ='Annex-12'!G21 | AC21: ='Annex-12'!H21 | ... AE21: ='Annex-12'!J21 | AF21: ='Annex-12'!L21
... A24: ='Annex-8'!A24 | B24: ='Annex-8'!B24 | C24: ='Annex-8'!C24 | D24: ='Annex-8'!D24 | E24: ='Annex-8'!E24 | F24: ='Annex-8'!F24 | G24: ='Annex-8'!G24 | H24: ='Annex-8'!I24 | J24: ='Annex-10'!A24 | K24: ='Annex-10'!B24 | L24: ='Annex-10'!C24 | M24: ='Annex-10'!D24 | N24: ='Annex-10'!E24 | O24: ='Annex-10'!F24 | P24: ='Annex-10'!G24 | Q24: ='Annex-10'!H24 | ... S24: ='Annex-10'!J24 | T24: ='Annex-10'!L24 | V24: ='Annex-12'!A24 | W24: ='Annex-12'!B24 | X24: ='Annex-12'!C24 | Y24: ='Annex-12'!D24 | Z24: ='Annex-12'!E24 | AA24: ='Annex-12'!F24 | AB24: ='Annex-12'!G24 | AC24: ='Annex-12'!H24 | ... AE24: ='Annex-12'!J24 | AF24: ='Annex-12'!L24
A25: ='Annex-8'!A25 -> RABI II - 0 | J25: ='Annex-10'!A25 -> RABI II - 0 | V25: ='Annex-12'!A25 -> RABI II - 0
A26: ='Annex-8'!A26 -> PADDY(98) | B26: ='Annex-8'!B26 -> 0.025 | C26: ='Annex-8'!C26 -> 0.025 | D26: ='Annex-8'!D26 -> 8.785 | E26: ='Annex-8'!E26 -> 8.6 | F26: ='Annex-8'!F26 -> 8.81 | G26: ='Annex-8'!G26 -> 8.625 | H26: ='Annex-8'!I26 -> (-)2.1 | J26: ='Annex-10'!A26 -> PADDY(98) | K26: ='Annex-10'!B26 -> 1 | L26: ='Annex-10'!C26 -> 0.025 | M26: ='Annex-10'!D26 -> 0.025 | N26: ='Annex-10'!E26 -> 5 | O26: ='Annex-10'!F26 -> 8.785 | P26: ='Annex-10'!G26 -> 8.6 | Q26: ='Annex-10'!H26 -> 6 | ... S26: ='Annex-10'!J26 -> 8.625 | T26: ='Annex-10'!L26 -> (-)2.1 | V26: ='Annex-12'!A26 -> PADDY(98) | W26: ='Annex-12'!B26 -> 1 | X26: ='Annex-12'!C26 -> 0.025 | Y26: ='Annex-12'!D26 -> 0.025 | Z26: ='Annex-12'!E26 -> 5 | AA26: ='Annex-12'!F26 -> 8.785 | AB26: ='Annex-12'!G26 -> 8.6 | AC26: ='Annex-12'!H26 -> 6 | ... AE26: ='Annex-12'!J26 -> 8.625 | AF26: ='Annex-12'!L26 -> (-)2.1
A27: ='Annex-8'!A27 -> OTHERS(99) | B27: ='Annex-8'!B27 -> 1.77 | C27: ='Annex-8'!C27 -> 2.6175 | D27: ='Annex-8'!D27 -> 4.4943 | E27: ='Annex-8'!E27 -> 4.4943 | F27: ='Annex-8'!F27 -> 6.2643 | G27: ='Annex-8'!G27 -> 7.1118 | H27: ='Annex-8'!I27 -> 13.53 | J27: ='Annex-10'!A27 -> OTHERS(99) | K27: ='Annex-10'!B27 -> 4 | L27: ='Annex-10'!C27 -> 1.77 | M27: ='Annex-10'!D27 -> 2.615 | N27: ='Annex-10'!E27 -> 7 | O27: ='Annex-10'!F27 -> 3.5894 | P27: ='Annex-10'!G27 -> 3.5894 | Q27: ='Annex-10'!H27 -> 11 | ... S27: ='Annex-10'!J27 -> 6.2044 | T27: ='Annex-10'!L27 -> 15.77 | V27: ='Annex-12'!A27 -> OTHERS(99) | W27: ='Annex-12'!B27 -> 4 | X27: ='Annex-12'!C27 -> 1.77 | Y27: ='Annex-12'!D27 -> 2.6175 | Z27: ='Annex-12'!E27 -> 6 | AA27: ='Annex-12'!F27 -> 3.5824 | AB27: ='Annex-12'!G27 -> 3.5824 | AC27: ='Annex-12'!H27 -> 10 | ... AE27: ='Annex-12'!J27 -> 6.1999 | AF27: ='Annex-12'!L27 -> 15.83
A28: ='Annex-8'!A28 | B28: ='Annex-8'!B28 | C28: ='Annex-8'!C28 | D28: ='Annex-8'!D28 | E28: ='Annex-8'!E28 | F28: ='Annex-8'!F28 | G28: ='Annex-8'!G28 | H28: ='Annex-8'!I28 | J28: ='Annex-10'!A28 | K28: ='Annex-10'!B28 | L28: ='Annex-10'!C28 | M28: ='Annex-10'!D28 | N28: ='Annex-10'!E28 | O28: ='Annex-10'!F28 | P28: ='Annex-10'!G28 | Q28: ='Annex-10'!H28 | ... S28: ='Annex-10'!J28 | T28: ='Annex-10'!L28 | V28: ='Annex-12'!A28 | W28: ='Annex-12'!B28 | X28: ='Annex-12'!C28 | Y28: ='Annex-12'!D28 | Z28: ='Annex-12'!E28 | AA28: ='Annex-12'!F28 | AB28: ='Annex-12'!G28 | AC28: ='Annex-12'!H28 | ... AE28: ='Annex-12'!J28 | AF28: ='Annex-12'!L28
A29: ='Annex-8'!A29 | B29: ='Annex-8'!B29 | C29: ='Annex-8'!C29 | D29: ='Annex-8'!D29 | E29: ='Annex-8'!E29 | F29: ='Annex-8'!F29 | G29: ='Annex-8'!G29 | H29: ='Annex-8'!I29 | J29: ='Annex-10'!A29 | K29: ='Annex-10'!B29 | L29: ='Annex-10'!C29 | M29: ='Annex-10'!D29 | N29: ='Annex-10'!E29 | O29: ='Annex-10'!F29 | P29: ='Annex-10'!G29 | Q29: ='Annex-10'!H29 | ... S29: ='Annex-10'!J29 | T29: ='Annex-10'!L29 | V29: ='Annex-12'!A29 | W29: ='Annex-12'!B29 | X29: ='Annex-12'!C29 | Y29: ='Annex-12'!D29 | Z29: ='Annex-12'!E29 | AA29: ='Annex-12'!F29 | AB29: ='Annex-12'!G29 | AC29: ='Annex-12'!H29 | ... AE29: ='Annex-12'!J29 | AF29: ='Annex-12'!L29
A30: ='Annex-8'!A30 | B30: ='Annex-8'!B30 | C30: ='Annex-8'!C30 | D30: ='Annex-8'!D30 | E30: ='Annex-8'!E30 | F30: ='Annex-8'!F30 | G30: ='Annex-8'!G30 | H30: ='Annex-8'!I30 | J30: ='Annex-10'!A30 | K30: ='Annex-10'!B30 | L30: ='Annex-10'!C30 | M30: ='Annex-10'!D30 | N30: ='Annex-10'!E30 | O30: ='Annex-10'!F30 | P30: ='Annex-10'!G30 | Q30: ='Annex-10'!H30 | ... S30: ='Annex-10'!J30 | T30: ='Annex-10'!L30 | V30: ='Annex-12'!A30 | W30: ='Annex-12'!B30 | X30: ='Annex-12'!C30 | Y30: ='Annex-12'!D30 | Z30: ='Annex-12'!E30 | AA30: ='Annex-12'!F30 | AB30: ='Annex-12'!G30 | AC30: ='Annex-12'!H30 | ... AE30: ='Annex-12'!J30 | AF30: ='Annex-12'!L30
A31: ='Annex-8'!A31 | B31: ='Annex-8'!B31 | C31: ='Annex-8'!C31 | D31: ='Annex-8'!D31 | E31: ='Annex-8'!E31 | F31: ='Annex-8'!F31 | G31: ='Annex-8'!G31 | H31: ='Annex-8'!I31 | J31: ='Annex-10'!A31 | K31: ='Annex-10'!B31 | L31: ='Annex-10'!C31 | M31: ='Annex-10'!D31 | N31: ='Annex-10'!E31 | O31: ='Annex-10'!F31 | P31: ='Annex-10'!G31 | Q31: ='Annex-10'!H31 | ... S31: ='Annex-10'!J31 | T31: ='Annex-10'!L31 | V31: ='Annex-12'!A31 | W31: ='Annex-12'!B31 | X31: ='Annex-12'!C31 | Y31: ='Annex-12'!D31 | Z31: ='Annex-12'!E31 | AA31: ='Annex-12'!F31 | AB31: ='Annex-12'!G31 | AC31: ='Annex-12'!H31 | ... AE31: ='Annex-12'!J31 | AF31: ='Annex-12'!L31
A32: ='Annex-8'!A32 | B32: ='Annex-8'!B32 | C32: ='Annex-8'!C32 | D32: ='Annex-8'!D32 | E32: ='Annex-8'!E32 | F32: ='Annex-8'!F32 | G32: ='Annex-8'!G32 | H32: ='Annex-8'!I32 | J32: ='Annex-10'!A32 | K32: ='Annex-10'!B32 | L32: ='Annex-10'!C32 | M32: ='Annex-10'!D32 | N32: ='Annex-10'!E32 | O32: ='Annex-10'!F32 | P32: ='Annex-10'!G32 | Q32: ='Annex-10'!H32 | ... S32: ='Annex-10'!J32 | T32: ='Annex-10'!L32 | V32: ='Annex-12'!A32 | W32: ='Annex-12'!B32 | X32: ='Annex-12'!C32 | Y32: ='Annex-12'!D32 | Z32: ='Annex-12'!E32 | AA32: ='Annex-12'!F32 | AB32: ='Annex-12'!G32 | AC32: ='Annex-12'!H32 | ... AE32: ='Annex-12'!J32 | AF32: ='Annex-12'!L32
A33: ='Annex-8'!A33 | B33: ='Annex-8'!B33 | C33: ='Annex-8'!C33 | D33: ='Annex-8'!D33 | E33: ='Annex-8'!E33 | F33: ='Annex-8'!F33 | G33: ='Annex-8'!G33 | H33: ='Annex-8'!I33 | J33: ='Annex-10'!A33 | K33: ='Annex-10'!B33 | L33: ='Annex-10'!C33 | M33: ='Annex-10'!D33 | N33: ='Annex-10'!E33 | O33: ='Annex-10'!F33 | P33: ='Annex-10'!G33 | Q33: ='Annex-10'!H33 | ... S33: ='Annex-10'!J33 | T33: ='Annex-10'!L33 | V33: ='Annex-12'!A33 | W33: ='Annex-12'!B33 | X33: ='Annex-12'!C33 | Y33: ='Annex-12'!D33 | Z33: ='Annex-12'!E33 | AA33: ='Annex-12'!F33 | AB33: ='Annex-12'!G33 | AC33: ='Annex-12'!H33 | ... AE33: ='Annex-12'!J33 | AF33: ='Annex-12'!L33
A34: ='Annex-8'!A34 | B34: ='Annex-8'!B34 | C34: ='Annex-8'!C34 | D34: ='Annex-8'!D34 | E34: ='Annex-8'!E34 | F34: ='Annex-8'!F34 | G34: ='Annex-8'!G34 | H34: ='Annex-8'!I34 | J34: ='Annex-10'!A34 | K34: ='Annex-10'!B34 | L34: ='Annex-10'!C34 | M34: ='Annex-10'!D34 | N34: ='Annex-10'!E34 | O34: ='Annex-10'!F34 | P34: ='Annex-10'!G34 | Q34: ='Annex-10'!H34 | ... S34: ='Annex-10'!J34 | T34: ='Annex-10'!L34 | V34: ='Annex-12'!A34 | W34: ='Annex-12'!B34 | X34: ='Annex-12'!C34 | Y34: ='Annex-12'!D34 | Z34: ='Annex-12'!E34 | AA34: ='Annex-12'!F34 | AB34: ='Annex-12'!G34 | AC34: ='Annex-12'!H34 | ... AE34: ='Annex-12'!J34 | AF34: ='Annex-12'!L34
A35: ='Annex-8'!A35 | B35: ='Annex-8'!B35 | C35: ='Annex-8'!C35 | D35: ='Annex-8'!D35 | E35: ='Annex-8'!E35 | F35: ='Annex-8'!F35 | G35: ='Annex-8'!G35 | H35: ='Annex-8'!I35 | J35: ='Annex-10'!A35 | K35: ='Annex-10'!B35 | L35: ='Annex-10'!C35 | M35: ='Annex-10'!D35 | N35: ='Annex-10'!E35 | O35: ='Annex-10'!F35 | P35: ='Annex-10'!G35 | Q35: ='Annex-10'!H35 | ... S35: ='Annex-10'!J35 | T35: ='Annex-10'!L35 | V35: ='Annex-12'!A35 | W35: ='Annex-12'!B35 | X35: ='Annex-12'!C35 | Y35: ='Annex-12'!D35 | Z35: ='Annex-12'!E35 | AA35: ='Annex-12'!F35 | AB35: ='Annex-12'!G35 | AC35: ='Annex-12'!H35 | ... AE35: ='Annex-12'!J35 | AF35: ='Annex-12'!L35
A36: ='Annex-8'!A36 | B36: ='Annex-8'!B36 | C36: ='Annex-8'!C36 | D36: ='Annex-8'!D36 | E36: ='Annex-8'!E36 | F36: ='Annex-8'!F36 | G36: ='Annex-8'!G36 | H36: ='Annex-8'!I36 | J36: ='Annex-10'!A36 | K36: ='Annex-10'!B36 | L36: ='Annex-10'!C36 | M36: ='Annex-10'!D36 | N36: ='Annex-10'!E36 | O36: ='Annex-10'!F36 | P36: ='Annex-10'!G36 | Q36: ='Annex-10'!H36 | ... S36: ='Annex-10'!J36 | T36: ='Annex-10'!L36 | V36: ='Annex-12'!A36 | W36: ='Annex-12'!B36 | X36: ='Annex-12'!C36 | Y36: ='Annex-12'!D36 | Z36: ='Annex-12'!E36 | AA36: ='Annex-12'!F36 | AB36: ='Annex-12'!G36 | AC36: ='Annex-12'!H36 | ... AE36: ='Annex-12'!J36 | AF36: ='Annex-12'!L36
A37: ='Annex-8'!A37 | B37: ='Annex-8'!B37 | C37: ='Annex-8'!C37 | D37: ='Annex-8'!D37 | E37: ='Annex-8'!E37 | F37: ='Annex-8'!F37 | G37: ='Annex-8'!G37 | H37: ='Annex-8'!I37 | J37: ='Annex-10'!A37 | K37: ='Annex-10'!B37 | L37: ='Annex-10'!C37 | M37: ='Annex-10'!D37 | N37: ='Annex-10'!E37 | O37: ='Annex-10'!F37 | P37: ='Annex-10'!G37 | Q37: ='Annex-10'!H37 | ... S37: ='Annex-10'!J37 | T37: ='Annex-10'!L37 | V37: ='Annex-12'!A37 | W37: ='Annex-12'!B37 | X37: ='Annex-12'!C37 | Y37: ='Annex-12'!D37 | Z37: ='Annex-12'!E37 | AA37: ='Annex-12'!F37 | AB37: ='Annex-12'!G37 | AC37: ='Annex-12'!H37 | ... AE37: ='Annex-12'!J37 | AF37: ='Annex-12'!L37
... A40: ='Annex-8'!A40 | B40: ='Annex-8'!B40 | C40: ='Annex-8'!C40 | D40: ='Annex-8'!D40 | E40: ='Annex-8'!E40 | F40: ='Annex-8'!F40 | G40: ='Annex-8'!G40 | H40: ='Annex-8'!I40 | J40: ='Annex-10'!A40 | K40: ='Annex-10'!B40 | L40: ='Annex-10'!C40 | M40: ='Annex-10'!D40 | N40: ='Annex-10'!E40 | O40: ='Annex-10'!F40 | P40: ='Annex-10'!G40 | Q40: ='Annex-10'!H40 | ... S40: ='Annex-10'!J40 | T40: ='Annex-10'!L40 | V40: ='Annex-12'!A40 | W40: ='Annex-12'!B40 | X40: ='Annex-12'!C40 | Y40: ='Annex-12'!D40 | Z40: ='Annex-12'!E40 | AA40: ='Annex-12'!F40 | AB40: ='Annex-12'!G40 | AC40: ='Annex-12'!H40 | ... AE40: ='Annex-12'!J40 | AF40: ='Annex-12'!L40
A41: =A82 -> # NOT COMPARABLE AS THE IMPACT IS 100% OR MORE | J41: # NOT COMPARABLE AS THE IMPACT IS 100% OR MORE | V41: # NOT COMPARABLE AS THE IMPACT IS 100% OR MORE
A42: =A83 -> Developed by: Deepak Kumar Agrawal, Senior Statistical Officer, NSSO (FOD), Faridabad, Haryana | J42: Developed by: Deepak Kumar Agrawal, Senior Statistical Officer, NSSO (FOD), Faridabad, Haryana | V42: Developed by: Deepak Kumar Agrawal, Senior Statistical Officer, NSSO (FOD), Faridabad, Haryana
A43: ='Annex-8'!$A$2 -> A-10 | J43: ='Annex-10'!A$2 -> A-12 | V43: ='Annex-12'!A$2 -> A-14
A44: ='Annex-8'!$A$3 -> STATE:PUDUCHERRY | G44: ='Annex-8'!$G$3 -> ANNEX-VIII | J44: ='Annex-10'!A$3 -> STATE:PUDUCHERRY | S44: ='Annex-10'!J$3 -> ANNEX-X | V44: ='Annex-12'!A$3 -> STATE:PUDUCHERRY | AE44: ='Annex-12'!J$3 -> ANNEX-XII
A45: ='Annex-8'!$A$4 -> IMPACT OF DISCREPANCIES IN RECORDING AREA UNDER CROPS DURING 0 AND 0. | J45: ='Annex-10'!A$4 -> IMPACT OF DISCREPANCIES IN RECORDING AREA UNDER CROPS(IRRIGATED) DURING 0 AND 0. | V45: ='Annex-12'!A$4 -> IMPACT OF DISCREPANCIES IN RECORDING AREA UNDER CROPS(HIGH YIELDING VARIETY OF SEEDS) DURING 0 AND 0.
A46: ='Annex-8'!$A$5 -> SEASON / CROP | B46: ='Annex-8'!$B$5 -> AREA IN HECTARES AS OBSERVED IN SAMPLE CLUSTERS | J46: ='Annex-10'!A$5 -> SEASON / CROP | K46: ='Annex-10'!B$5 -> AREA IN HECTARES AS OBSERVED IN SAMPLE CLUSTERS | V46: ='Annex-12'!A$5 -> SEASON / CROP | W46: ='Annex-12'!B$5 -> AREA IN HECTARES AS OBSERVED IN SAMPLE CLUSTERS
B47: ='Annex-8'!$B$6 -> CENTRAL SAMPLE | D47: ='Annex-8'!$D$6 -> STATE SAMPLE | F47: ='Annex-8'!$F$6 -> POOLED SAMPLE | H47: ='Annex-8'!$I$6 -> IMPACT OF DISCRIPANCIES (b-a/a)*100 (POOLED SAMPLE ONLY) | K47: ='Annex-10'!B$6 -> CENTRAL SAMPLE | N47: ='Annex-10'!E$6 -> STATE SAMPLE | Q47: ='Annex-10'!H$6 -> POOLED SAMPLE | T47: ='Annex-10'!L$6 -> IMPACT OF DISCRIPANCIES (b-a/a)*100 (POOLED SAMPLE ONLY) | W47: ='Annex-12'!B$6 -> CENTRAL SAMPLE | Z47: ='Annex-12'!E$6 -> STATE SAMPLE | AC47: ='Annex-12'!H$6 -> POOLED SAMPLE | AF47: ='Annex-12'!L$6 -> IMPACT OF DISCRIPANCIES (b-a/a)*100 (POOLED SAMPLE ONLY)
B48: ='Annex-8'!$B$7 -> AS PER SUPERVISOR | C48: ='Annex-8'!$C$7 -> AS PER PATWARI | D48: ='Annex-8'!$D$7 -> AS PER SUPERVISOR | E48: ='Annex-8'!$E$7 -> AS PER PATWARI | F48: ='Annex-8'!$F$7 -> AS PER SUPERVISOR | G48: ='Annex-8'!$G$7 -> AS PER PATWARI | K48: ='Annex-10'!B$7 -> NO OF VILLAGES REPORTING CROP | L48: ='Annex-10'!C$7 -> AS PER SUPERVISOR | M48: ='Annex-10'!D$7 -> AS PER PATWARI | N48: ='Annex-10'!E$7 -> NO OF VILLAGES REPORTING CROP | O48: ='Annex-10'!F$7 -> AS PER SUPERVISOR | P48: ='Annex-10'!G$7 -> AS PER PATWARI | Q48: ='Annex-10'!H$7 -> NO OF VILLAGES REPORTING CROP | R48: ='Annex-10'!I$7 -> AS PER SUPERVISOR | S48: ='Annex-10'!J$7 -> AS PER PATWARI | W48: ='Annex-12'!B$7 -> NO OF VILLAGES REPORTING CROP | X48: ='Annex-12'!C$7 -> AS PER SUPERVISOR | Y48: ='Annex-12'!D$7 -> AS PER PATWARI | Z48: ='Annex-12'!E$7 -> NO OF VILLAGES REPORTING CROP | AA48: ='Annex-12'!F$7 -> AS PER SUPERVISOR | AB48: ='Annex-12'!G$7 -> AS PER PATWARI | AC48: ='Annex-12'!H$7 -> NO OF VILLAGES REPORTING CROP | AD48: ='Annex-12'!I$7 -> AS PER SUPERVISOR | AE48: ='Annex-12'!J$7 -> AS PER PATWARI
A49: ='Annex-8'!A$8 -> (1) | B49: ='Annex-8'!B$8 -> (2) | C49: ='Annex-8'!C$8 -> (3) | D49: ='Annex-8'!D$8 -> (4) | E49: ='Annex-8'!E$8 -> (5) | F49: ='Annex-8'!F$8 -> (6) | G49: ='Annex-8'!G$8 -> (7) | H49: ='Annex-8'!I$8 -> (8) | J49: ='Annex-10'!A$8 -> (1) | K49: ='Annex-10'!B$8 -> (2) | L49: ='Annex-10'!C$8 -> (3) | M49: ='Annex-10'!D$8 -> (4) | N49: ='Annex-10'!E$8 -> (5) | O49: ='Annex-10'!F$8 -> (6) | P49: ='Annex-10'!G$8 -> (7) | Q49: ='Annex-10'!H$8 -> (8) | ... S49: ='Annex-10'!J$8 -> (10) | T49: ='Annex-10'!L$8 -> (11) | V49: ='Annex-12'!A$8 -> (1) | W49: ='Annex-12'!B$8 -> (2) | X49: ='Annex-12'!C$8 -> (3) | Y49: ='Annex-12'!D$8 -> (4) | Z49: ='Annex-12'!E$8 -> (5) | AA49: ='Annex-12'!F$8 -> (6) | AB49: ='Annex-12'!G$8 -> (7) | AC49: ='Annex-12'!H$8 -> (8) | ... AE49: ='Annex-12'!J$8 -> (10) | AF49: ='Annex-12'!L$8 -> (11)
A50: ='Annex-8'!A41 -> RABI I - 0 | J50: ='Annex-10'!A41 -> RABI I - 0 | V50: ='Annex-12'!A41 -> RABI I - 0
A51: ='Annex-8'!A42 -> PADDY(97) | B51: ='Annex-8'!B42 -> 26.545 | C51: ='Annex-8'!C42 -> 26.625 | D51: ='Annex-8'!D42 -> 7.648 | E51: ='Annex-8'!E42 -> 7.543 | F51: ='Annex-8'!F42 -> 34.193 | G51: ='Annex-8'!G42 -> 34.168 | H51: ='Annex-8'!I42 -> (-)0.07 | J51: ='Annex-10'!A42 -> PADDY(97) | K51: ='Annex-10'!B42 -> 7 | L51: ='Annex-10'!C42 -> 26.43 | M51: ='Annex-10'!D42 -> 26.51 | N51: ='Annex-10'!E42 -> 7 | O51: ='Annex-10'!F42 -> 7.648 | P51: ='Annex-10'!G42 -> 7.543 | Q51: ='Annex-10'!H42 -> 14 | ... S51: ='Annex-10'!J42 -> 34.053 | T51: ='Annex-10'!L42 -> (-)0.07 | V51: ='Annex-12'!A42 -> PADDY(97) | W51: ='Annex-12'!B42 -> 7 | X51: ='Annex-12'!C42 -> 22.645 | Y51: ='Annex-12'!D42 -> 22.725 | Z51: ='Annex-12'!E42 -> 7 | AA51: ='Annex-12'!F42 -> 7.648 | AB51: ='Annex-12'!G42 -> 7.543 | AC51: ='Annex-12'!H42 -> 14 | ... AE51: ='Annex-12'!J42 -> 30.268 | AF51: ='Annex-12'!L42 -> (-)0.08
A52: ='Annex-8'!A43 -> OTHERS(99) | B52: ='Annex-8'!B43 -> 3.295 | C52: ='Annex-8'!C43 -> 3.025 | D52: ='Annex-8'!D43 -> 3.3839 | E52: ='Annex-8'!E43 -> 3.3839 | F52: ='Annex-8'!F43 -> 6.6789 | G52: ='Annex-8'!G43 -> 6.4089 | H52: ='Annex-8'!I43 -> (-)4.04 | J52: ='Annex-10'!A43 -> OTHERS(99) | K52: ='Annex-10'!B43 -> 3 | L52: ='Annex-10'!C43 -> 3.295 | M52: ='Annex-10'!D43 -> 3.025 | N52: ='Annex-10'!E43 -> 3 | O52: ='Annex-10'!F43 -> 2.6339 | P52: ='Annex-10'!G43 -> 2.6339 | Q52: ='Annex-10'!H43 -> 6 | ... S52: ='Annex-10'!J43 -> 5.6589 | T52: ='Annex-10'!L43 -> (-)4.55 | V52: ='Annex-12'!A43 -> OTHERS(99) | W52: ='Annex-12'!B43 -> 2 | X52: ='Annex-12'!C43 -> 0.88 | Y52: ='Annex-12'!D43 -> 0.88 | Z52: ='Annex-12'!E43 -> 3 | AA52: ='Annex-12'!F43 -> 3.3839 | AB52: ='Annex-12'!G43 -> 3.3839 | AC52: ='Annex-12'!H43 -> 5 | ... AE52: ='Annex-12'!J43 -> 4.2639 | AF52: ='Annex-12'!L43 -> 0
A53: ='Annex-8'!A44 | B53: ='Annex-8'!B44 | C53: ='Annex-8'!C44 | D53: ='Annex-8'!D44 | E53: ='Annex-8'!E44 | F53: ='Annex-8'!F44 | G53: ='Annex-8'!G44 | H53: ='Annex-8'!I44 | J53: ='Annex-10'!A44 | K53: ='Annex-10'!B44 | L53: ='Annex-10'!C44 | M53: ='Annex-10'!D44 | N53: ='Annex-10'!E44 | O53: ='Annex-10'!F44 | P53: ='Annex-10'!G44 | Q53: ='Annex-10'!H44 | ... S53: ='Annex-10'!J44 | T53: ='Annex-10'!L44 | V53: ='Annex-12'!A44 | W53: ='Annex-12'!B44 | X53: ='Annex-12'!C44 | Y53: ='Annex-12'!D44 | Z53: ='Annex-12'!E44 | AA53: ='Annex-12'!F44 | AB53: ='Annex-12'!G44 | AC53: ='Annex-12'!H44 | ... AE53: ='Annex-12'!J44 | AF53: ='Annex-12'!L44
A54: ='Annex-8'!A45 | B54: ='Annex-8'!B45 | C54: ='Annex-8'!C45 | D54: ='Annex-8'!D45 | E54: ='Annex-8'!E45 | F54: ='Annex-8'!F45 | G54: ='Annex-8'!G45 | H54: ='Annex-8'!I45 | J54: ='Annex-10'!A45 | K54: ='Annex-10'!B45 | L54: ='Annex-10'!C45 | M54: ='Annex-10'!D45 | N54: ='Annex-10'!E45 | O54: ='Annex-10'!F45 | P54: ='Annex-10'!G45 | Q54: ='Annex-10'!H45 | ... S54: ='Annex-10'!J45 | T54: ='Annex-10'!L45 | V54: ='Annex-12'!A45 | W54: ='Annex-12'!B45 | X54: ='Annex-12'!C45 | Y54: ='Annex-12'!D45 | Z54: ='Annex-12'!E45 | AA54: ='Annex-12'!F45 | AB54: ='Annex-12'!G45 | AC54: ='Annex-12'!H45 | ... AE54: ='Annex-12'!J45 | AF54: ='Annex-12'!L45
A55: ='Annex-8'!A46 | B55: ='Annex-8'!B46 | C55: ='Annex-8'!C46 | D55: ='Annex-8'!D46 | E55: ='Annex-8'!E46 | F55: ='Annex-8'!F46 | G55: ='Annex-8'!G46 | H55: ='Annex-8'!I46 | J55: ='Annex-10'!A46 | K55: ='Annex-10'!B46 | L55: ='Annex-10'!C46 | M55: ='Annex-10'!D46 | N55: ='Annex-10'!E46 | O55: ='Annex-10'!F46 | P55: ='Annex-10'!G46 | Q55: ='Annex-10'!H46 | ... S55: ='Annex-10'!J46 | T55: ='Annex-10'!L46 | V55: ='Annex-12'!A46 | W55: ='Annex-12'!B46 | X55: ='Annex-12'!C46 | Y55: ='Annex-12'!D46 | Z55: ='Annex-12'!E46 | AA55: ='Annex-12'!F46 | AB55: ='Annex-12'!G46 | AC55: ='Annex-12'!H46 | ... AE55: ='Annex-12'!J46 | AF55: ='Annex-12'!L46
A56: ='Annex-8'!A47 | B56: ='Annex-8'!B47 | C56: ='Annex-8'!C47 | D56: ='Annex-8'!D47 | E56: ='Annex-8'!E47 | F56: ='Annex-8'!F47 | G56: ='Annex-8'!G47 | H56: ='Annex-8'!I47 | J56: ='Annex-10'!A47 | K56: ='Annex-10'!B47 | L56: ='Annex-10'!C47 | M56: ='Annex-10'!D47 | N56: ='Annex-10'!E47 | O56: ='Annex-10'!F47 | P56: ='Annex-10'!G47 | Q56: ='Annex-10'!H47 | ... S56: ='Annex-10'!J47 | T56: ='Annex-10'!L47 | V56: ='Annex-12'!A47 | W56: ='Annex-12'!B47 | X56: ='Annex-12'!C47 | Y56: ='Annex-12'!D47 | Z56: ='Annex-12'!E47 | AA56: ='Annex-12'!F47 | AB56: ='Annex-12'!G47 | AC56: ='Annex-12'!H47 | ... AE56: ='Annex-12'!J47 | AF56: ='Annex-12'!L47
A57: ='Annex-8'!A48 | B57: ='Annex-8'!B48 | C57: ='Annex-8'!C48 | D57: ='Annex-8'!D48 | E57: ='Annex-8'!E48 | F57: ='Annex-8'!F48 | G57: ='Annex-8'!G48 | H57: ='Annex-8'!I48 | J57: ='Annex-10'!A48 | K57: ='Annex-10'!B48 | L57: ='Annex-10'!C48 | M57: ='Annex-10'!D48 | N57: ='Annex-10'!E48 | O57: ='Annex-10'!F48 | P57: ='Annex-10'!G48 | Q57: ='Annex-10'!H48 | ... S57: ='Annex-10'!J48 | T57: ='Annex-10'!L48 | V57: ='Annex-12'!A48 | W57: ='Annex-12'!B48 | X57: ='Annex-12'!C48 | Y57: ='Annex-12'!D48 | Z57: ='Annex-12'!E48 | AA57: ='Annex-12'!F48 | AB57: ='Annex-12'!G48 | AC57: ='Annex-12'!H48 | ... AE57: ='Annex-12'!J48 | AF57: ='Annex-12'!L48
A58: ='Annex-8'!A49 | B58: ='Annex-8'!B49 | C58: ='Annex-8'!C49 | D58: ='Annex-8'!D49 | E58: ='Annex-8'!E49 | F58: ='Annex-8'!F49 | G58: ='Annex-8'!G49 | H58: ='Annex-8'!I49 | J58: ='Annex-10'!A49 | K58: ='Annex-10'!B49 | L58: ='Annex-10'!C49 | M58: ='Annex-10'!D49 | N58: ='Annex-10'!E49 | O58: ='Annex-10'!F49 | P58: ='Annex-10'!G49 | Q58: ='Annex-10'!H49 | ... S58: ='Annex-10'!J49 | T58: ='Annex-10'!L49 | V58: ='Annex-12'!A49 | W58: ='Annex-12'!B49 | X58: ='Annex-12'!C49 | Y58: ='Annex-12'!D49 | Z58: ='Annex-12'!E49 | AA58: ='Annex-12'!F49 | AB58: ='Annex-12'!G49 | AC58: ='Annex-12'!H49 | ... AE58: ='Annex-12'!J49 | AF58: ='Annex-12'!L49
A59: ='Annex-8'!A50 | B59: ='Annex-8'!B50 | C59: ='Annex-8'!C50 | D59: ='Annex-8'!D50 | E59: ='Annex-8'!E50 | F59: ='Annex-8'!F50 | G59: ='Annex-8'!G50 | H59: ='Annex-8'!I50 | J59: ='Annex-10'!A50 | K59: ='Annex-10'!B50 | L59: ='Annex-10'!C50 | M59: ='Annex-10'!D50 | N59: ='Annex-10'!E50 | O59: ='Annex-10'!F50 | P59: ='Annex-10'!G50 | Q59: ='Annex-10'!H50 | ... S59: ='Annex-10'!J50 | T59: ='Annex-10'!L50 | V59: ='Annex-12'!A50 | W59: ='Annex-12'!B50 | X59: ='Annex-12'!C50 | Y59: ='Annex-12'!D50 | Z59: ='Annex-12'!E50 | AA59: ='Annex-12'!F50 | AB59: ='Annex-12'!G50 | AC59: ='Annex-12'!H50 | ... AE59: ='Annex-12'!J50 | AF59: ='Annex-12'!L50
A60: ='Annex-8'!A51 | B60: ='Annex-8'!B51 | C60: ='Annex-8'!C51 | D60: ='Annex-8'!D51 | E60: ='Annex-8'!E51 | F60: ='Annex-8'!F51 | G60: ='Annex-8'!G51 | H60: ='Annex-8'!I51 | J60: ='Annex-10'!A51 | K60: ='Annex-10'!B51 | L60: ='Annex-10'!C51 | M60: ='Annex-10'!D51 | N60: ='Annex-10'!E51 | O60: ='Annex-10'!F51 | P60: ='Annex-10'!G51 | Q60: ='Annex-10'!H51 | ... S60: ='Annex-10'!J51 | T60: ='Annex-10'!L51 | V60: ='Annex-12'!A51 | W60: ='Annex-12'!B51 | X60: ='Annex-12'!C51 | Y60: ='Annex-12'!D51 | Z60: ='Annex-12'!E51 | AA60: ='Annex-12'!F51 | AB60: ='Annex-12'!G51 | AC60: ='Annex-12'!H51 | ... AE60: ='Annex-12'!J51 | AF60: ='Annex-12'!L51
A61: ='Annex-8'!A52 | B61: ='Annex-8'!B52 | C61: ='Annex-8'!C52 | D61: ='Annex-8'!D52 | E61: ='Annex-8'!E52 | F61: ='Annex-8'!F52 | G61: ='Annex-8'!G52 | H61: ='Annex-8'!I52 | J61: ='Annex-10'!A52 | K61: ='Annex-10'!B52 | L61: ='Annex-10'!C52 | M61: ='Annex-10'!D52 | N61: ='Annex-10'!E52 | O61: ='Annex-10'!F52 | P61: ='Annex-10'!G52 | Q61: ='Annex-10'!H52 | ... S61: ='Annex-10'!J52 | T61: ='Annex-10'!L52 | V61: ='Annex-12'!A52 | W61: ='Annex-12'!B52 | X61: ='Annex-12'!C52 | Y61: ='Annex-12'!D52 | Z61: ='Annex-12'!E52 | AA61: ='Annex-12'!F52 | AB61: ='Annex-12'!G52 | AC61: ='Annex-12'!H52 | ... AE61: ='Annex-12'!J52 | AF61: ='Annex-12'!L52
A62: ='Annex-8'!A53 | B62: ='Annex-8'!B53 | C62: ='Annex-8'!C53 | D62: ='Annex-8'!D53 | E62: ='Annex-8'!E53 | F62: ='Annex-8'!F53 | G62: ='Annex-8'!G53 | H62: ='Annex-8'!I53 | J62: ='Annex-10'!A53 | K62: ='Annex-10'!B53 | L62: ='Annex-10'!C53 | M62: ='Annex-10'!D53 | N62: ='Annex-10'!E53 | O62: ='Annex-10'!F53 | P62: ='Annex-10'!G53 | Q62: ='Annex-10'!H53 | ... S62: ='Annex-10'!J53 | T62: ='Annex-10'!L53 | V62: ='Annex-12'!A53 | W62: ='Annex-12'!B53 | X62: ='Annex-12'!C53 | Y62: ='Annex-12'!D53 | Z62: ='Annex-12'!E53 | AA62: ='Annex-12'!F53 | AB62: ='Annex-12'!G53 | AC62: ='Annex-12'!H53 | ... AE62: ='Annex-12'!J53 | AF62: ='Annex-12'!L53
... A65: ='Annex-8'!A56 | B65: ='Annex-8'!B56 | C65: ='Annex-8'!C56 | D65: ='Annex-8'!D56 | E65: ='Annex-8'!E56 | F65: ='Annex-8'!F56 | G65: ='Annex-8'!G56 | H65: ='Annex-8'!I56 | J65: ='Annex-10'!A56 | K65: ='Annex-10'!B56 | L65: ='Annex-10'!C56 | M65: ='Annex-10'!D56 | N65: ='Annex-10'!E56 | O65: ='Annex-10'!F56 | P65: ='Annex-10'!G56 | Q65: ='Annex-10'!H56 | ... S65: ='Annex-10'!J56 | T65: ='Annex-10'!L56 | V65: ='Annex-12'!A56 | W65: ='Annex-12'!B56 | X65: ='Annex-12'!C56 | Y65: ='Annex-12'!D56 | Z65: ='Annex-12'!E56 | AA65: ='Annex-12'!F56 | AB65: ='Annex-12'!G56 | AC65: ='Annex-12'!H56 | ... AE65: ='Annex-12'!J56 | AF65: ='Annex-12'!L56
A66: ='Annex-8'!A57 -> RABI II - 0 | J66: ='Annex-10'!A57 -> RABI II - 0 | V66: ='Annex-12'!A57 -> RABI II - 0
A67: ='Annex-8'!A58 -> PADDY(98) | B67: ='Annex-8'!B58 -> 9.52 | C67: ='Annex-8'!C58 -> 9.52 | D67: ='Annex-8'!D58 -> 3.1732 | E67: ='Annex-8'!E58 -> 3.1732 | F67: ='Annex-8'!F58 -> 12.6932 | G67: ='Annex-8'!G58 -> 12.6932 | H67: ='Annex-8'!I58 -> 0 | J67: ='Annex-10'!A58 -> PADDY(98) | K67: ='Annex-10'!B58 -> 5 | L67: ='Annex-10'!C58 -> 8.645 | M67: ='Annex-10'!D58 -> 8.795 | N67: ='Annex-10'!E58 -> 2 | O67: ='Annex-10'!F58 -> 2.4632 | P67: ='Annex-10'!G58 -> 2.4632 | Q67: ='Annex-10'!H58 -> 7 | ... S67: ='Annex-10'!J58 -> 11.2582 | T67: ='Annex-10'!L58 -> 1.35 | V67: ='Annex-12'!A58 -> PADDY(98) | W67: ='Annex-12'!B58 -> 5 | X67: ='Annex-12'!C58 -> 8.645 | Y67: ='Annex-12'!D58 -> 8.795 | Z67: ='Annex-12'!E58 -> 2 | AA67: ='Annex-12'!F58 -> 2.4632 | AB67: ='Annex-12'!G58 -> 2.4632 | AC67: ='Annex-12'!H58 -> 7 | ... AE67: ='Annex-12'!J58 -> 11.2582 | AF67: ='Annex-12'!L58 -> 1.35
A68: ='Annex-8'!A59 -> OTHERS(99) | B68: ='Annex-8'!B59 -> 2.53 | C68: ='Annex-8'!C59 -> 2.53 | D68: ='Annex-8'!D59 -> 2.8889 | E68: ='Annex-8'!E59 -> 2.8089 | F68: ='Annex-8'!F59 -> 5.4189 | G68: ='Annex-8'!G59 -> 5.3389 | H68: ='Annex-8'!I59 -> (-)1.48 | J68: ='Annex-10'!A59 -> OTHERS(99) | K68: ='Annex-10'!B59 -> 4 | L68: ='Annex-10'!C59 -> 2.53 | M68: ='Annex-10'!D59 -> 2.53 | N68: ='Annex-10'!E59 -> 3 | O68: ='Annex-10'!F59 -> 1.7389 | P68: ='Annex-10'!G59 -> 1.7389 | Q68: ='Annex-10'!H59 -> 7 | ... S68: ='Annex-10'!J59 -> 4.2689 | T68: ='Annex-10'!L59 -> 0 | V68: ='Annex-12'!A59 -> OTHERS(99) | W68: ='Annex-12'!B59 -> 3 | X68: ='Annex-12'!C59 -> 1.68 | Y68: ='Annex-12'!D59 -> 1.68 | Z68: ='Annex-12'!E59 -> 4 | AA68: ='Annex-12'!F59 -> 2.3939 | AB68: ='Annex-12'!G59 -> 2.3139 | AC68: ='Annex-12'!H59 -> 7 | ... AE68: ='Annex-12'!J59 -> 3.9939 | AF68: ='Annex-12'!L59 -> (-)1.96
A69: ='Annex-8'!A60 | B69: ='Annex-8'!B60 | C69: ='Annex-8'!C60 | D69: ='Annex-8'!D60 | E69: ='Annex-8'!E60 | F69: ='Annex-8'!F60 | G69: ='Annex-8'!G60 | H69: ='Annex-8'!I60 | J69: ='Annex-10'!A60 | K69: ='Annex-10'!B60 | L69: ='Annex-10'!C60 | M69: ='Annex-10'!D60 | N69: ='Annex-10'!E60 | O69: ='Annex-10'!F60 | P69: ='Annex-10'!G60 | Q69: ='Annex-10'!H60 | ... S69: ='Annex-10'!J60 | T69: ='Annex-10'!L60 | V69: ='Annex-12'!A60 | W69: ='Annex-12'!B60 | X69: ='Annex-12'!C60 | Y69: ='Annex-12'!D60 | Z69: ='Annex-12'!E60 | AA69: ='Annex-12'!F60 | AB69: ='Annex-12'!G60 | AC69: ='Annex-12'!H60 | ... AE69: ='Annex-12'!J60 | AF69: ='Annex-12'!L60
A70: ='Annex-8'!A61 | B70: ='Annex-8'!B61 | C70: ='Annex-8'!C61 | D70: ='Annex-8'!D61 | E70: ='Annex-8'!E61 | F70: ='Annex-8'!F61 | G70: ='Annex-8'!G61 | H70: ='Annex-8'!I61 | J70: ='Annex-10'!A61 | K70: ='Annex-10'!B61 | L70: ='Annex-10'!C61 | M70: ='Annex-10'!D61 | N70: ='Annex-10'!E61 | O70: ='Annex-10'!F61 | P70: ='Annex-10'!G61 | Q70: ='Annex-10'!H61 | ... S70: ='Annex-10'!J61 | T70: ='Annex-10'!L61 | V70: ='Annex-12'!A61 | W70: ='Annex-12'!B61 | X70: ='Annex-12'!C61 | Y70: ='Annex-12'!D61 | Z70: ='Annex-12'!E61 | AA70: ='Annex-12'!F61 | AB70: ='Annex-12'!G61 | AC70: ='Annex-12'!H61 | ... AE70: ='Annex-12'!J61 | AF70: ='Annex-12'!L61
A71: ='Annex-8'!A62 | B71: ='Annex-8'!B62 | C71: ='Annex-8'!C62 | D71: ='Annex-8'!D62 | E71: ='Annex-8'!E62 | F71: ='Annex-8'!F62 | G71: ='Annex-8'!G62 | H71: ='Annex-8'!I62 | J71: ='Annex-10'!A62 | K71: ='Annex-10'!B62 | L71: ='Annex-10'!C62 | M71: ='Annex-10'!D62 | N71: ='Annex-10'!E62 | O71: ='Annex-10'!F62 | P71: ='Annex-10'!G62 | Q71: ='Annex-10'!H62 | ... S71: ='Annex-10'!J62 | T71: ='Annex-10'!L62 | V71: ='Annex-12'!A62 | W71: ='Annex-12'!B62 | X71: ='Annex-12'!C62 | Y71: ='Annex-12'!D62 | Z71: ='Annex-12'!E62 | AA71: ='Annex-12'!F62 | AB71: ='Annex-12'!G62 | AC71: ='Annex-12'!H62 | ... AE71: ='Annex-12'!J62 | AF71: ='Annex-12'!L62
A72: ='Annex-8'!A63 | B72: ='Annex-8'!B63 | C72: ='Annex-8'!C63 | D72: ='Annex-8'!D63 | E72: ='Annex-8'!E63 | F72: ='Annex-8'!F63 | G72: ='Annex-8'!G63 | H72: ='Annex-8'!I63 | J72: ='Annex-10'!A63 | K72: ='Annex-10'!B63 | L72: ='Annex-10'!C63 | M72: ='Annex-10'!D63 | N72: ='Annex-10'!E63 | O72: ='Annex-10'!F63 | P72: ='Annex-10'!G63 | Q72: ='Annex-10'!H63 | ... S72: ='Annex-10'!J63 | T72: ='Annex-10'!L63 | V72: ='Annex-12'!A63 | W72: ='Annex-12'!B63 | X72: ='Annex-12'!C63 | Y72: ='Annex-12'!D63 | Z72: ='Annex-12'!E63 | AA72: ='Annex-12'!F63 | AB72: ='Annex-12'!G63 | AC72: ='Annex-12'!H63 | ... AE72: ='Annex-12'!J63 | AF72: ='Annex-12'!L63
A73: ='Annex-8'!A64 | B73: ='Annex-8'!B64 | C73: ='Annex-8'!C64 | D73: ='Annex-8'!D64 | E73: ='Annex-8'!E64 | F73: ='Annex-8'!F64 | G73: ='Annex-8'!G64 | H73: ='Annex-8'!I64 | J73: ='Annex-10'!A64 | K73: ='Annex-10'!B64 | L73: ='Annex-10'!C64 | M73: ='Annex-10'!D64 | N73: ='Annex-10'!E64 | O73: ='Annex-10'!F64 | P73: ='Annex-10'!G64 | Q73: ='Annex-10'!H64 | ... S73: ='Annex-10'!J64 | T73: ='Annex-10'!L64 | V73: ='Annex-12'!A64 | W73: ='Annex-12'!B64 | X73: ='Annex-12'!C64 | Y73: ='Annex-12'!D64 | Z73: ='Annex-12'!E64 | AA73: ='Annex-12'!F64 | AB73: ='Annex-12'!G64 | AC73: ='Annex-12'!H64 | ... AE73: ='Annex-12'!J64 | AF73: ='Annex-12'!L64
A74: ='Annex-8'!A65 | B74: ='Annex-8'!B65 | C74: ='Annex-8'!C65 | D74: ='Annex-8'!D65 | E74: ='Annex-8'!E65 | F74: ='Annex-8'!F65 | G74: ='Annex-8'!G65 | H74: ='Annex-8'!I65 | J74: ='Annex-10'!A65 | K74: ='Annex-10'!B65 | L74: ='Annex-10'!C65 | M74: ='Annex-10'!D65 | N74: ='Annex-10'!E65 | O74: ='Annex-10'!F65 | P74: ='Annex-10'!G65 | Q74: ='Annex-10'!H65 | ... S74: ='Annex-10'!J65 | T74: ='Annex-10'!L65 | V74: ='Annex-12'!A65 | W74: ='Annex-12'!B65 | X74: ='Annex-12'!C65 | Y74: ='Annex-12'!D65 | Z74: ='Annex-12'!E65 | AA74: ='Annex-12'!F65 | AB74: ='Annex-12'!G65 | AC74: ='Annex-12'!H65 | ... AE74: ='Annex-12'!J65 | AF74: ='Annex-12'!L65
A75: ='Annex-8'!A66 | B75: ='Annex-8'!B66 | C75: ='Annex-8'!C66 | D75: ='Annex-8'!D66 | E75: ='Annex-8'!E66 | F75: ='Annex-8'!F66 | G75: ='Annex-8'!G66 | H75: ='Annex-8'!I66 | J75: ='Annex-10'!A66 | K75: ='Annex-10'!B66 | L75: ='Annex-10'!C66 | M75: ='Annex-10'!D66 | N75: ='Annex-10'!E66 | O75: ='Annex-10'!F66 | P75: ='Annex-10'!G66 | Q75: ='Annex-10'!H66 | ... S75: ='Annex-10'!J66 | T75: ='Annex-10'!L66 | V75: ='Annex-12'!A66 | W75: ='Annex-12'!B66 | X75: ='Annex-12'!C66 | Y75: ='Annex-12'!D66 | Z75: ='Annex-12'!E66 | AA75: ='Annex-12'!F66 | AB75: ='Annex-12'!G66 | AC75: ='Annex-12'!H66 | ... AE75: ='Annex-12'!J66 | AF75: ='Annex-12'!L66
A76: ='Annex-8'!A67 | B76: ='Annex-8'!B67 | C76: ='Annex-8'!C67 | D76: ='Annex-8'!D67 | E76: ='Annex-8'!E67 | F76: ='Annex-8'!F67 | G76: ='Annex-8'!G67 | H76: ='Annex-8'!I67 | J76: ='Annex-10'!A67 | K76: ='Annex-10'!B67 | L76: ='Annex-10'!C67 | M76: ='Annex-10'!D67 | N76: ='Annex-10'!E67 | O76: ='Annex-10'!F67 | P76: ='Annex-10'!G67 | Q76: ='Annex-10'!H67 | ... S76: ='Annex-10'!J67 | T76: ='Annex-10'!L67 | V76: ='Annex-12'!A67 | W76: ='Annex-12'!B67 | X76: ='Annex-12'!C67 | Y76: ='Annex-12'!D67 | Z76: ='Annex-12'!E67 | AA76: ='Annex-12'!F67 | AB76: ='Annex-12'!G67 | AC76: ='Annex-12'!H67 | ... AE76: ='Annex-12'!J67 | AF76: ='Annex-12'!L67
A77: ='Annex-8'!A68 | B77: ='Annex-8'!B68 | C77: ='Annex-8'!C68 | D77: ='Annex-8'!D68 | E77: ='Annex-8'!E68 | F77: ='Annex-8'!F68 | G77: ='Annex-8'!G68 | H77: ='Annex-8'!I68 | J77: ='Annex-10'!A68 | K77: ='Annex-10'!B68 | L77: ='Annex-10'!C68 | M77: ='Annex-10'!D68 | N77: ='Annex-10'!E68 | O77: ='Annex-10'!F68 | P77: ='Annex-10'!G68 | Q77: ='Annex-10'!H68 | ... S77: ='Annex-10'!J68 | T77: ='Annex-10'!L68 | V77: ='Annex-12'!A68 | W77: ='Annex-12'!B68 | X77: ='Annex-12'!C68 | Y77: ='Annex-12'!D68 | Z77: ='Annex-12'!E68 | AA77: ='Annex-12'!F68 | AB77: ='Annex-12'!G68 | AC77: ='Annex-12'!H68 | ... AE77: ='Annex-12'!J68 | AF77: ='Annex-12'!L68
A78: ='Annex-8'!A69 | B78: ='Annex-8'!B69 | C78: ='Annex-8'!C69 | D78: ='Annex-8'!D69 | E78: ='Annex-8'!E69 | F78: ='Annex-8'!F69 | G78: ='Annex-8'!G69 | H78: ='Annex-8'!I69 | J78: ='Annex-10'!A69 | K78: ='Annex-10'!B69 | L78: ='Annex-10'!C69 | M78: ='Annex-10'!D69 | N78: ='Annex-10'!E69 | O78: ='Annex-10'!F69 | P78: ='Annex-10'!G69 | Q78: ='Annex-10'!H69 | ... S78: ='Annex-10'!J69 | T78: ='Annex-10'!L69 | V78: ='Annex-12'!A69 | W78: ='Annex-12'!B69 | X78: ='Annex-12'!C69 | Y78: ='Annex-12'!D69 | Z78: ='Annex-12'!E69 | AA78: ='Annex-12'!F69 | AB78: ='Annex-12'!G69 | AC78: ='Annex-12'!H69 | ... AE78: ='Annex-12'!J69 | AF78: ='Annex-12'!L69
... A81: ='Annex-8'!A72 | B81: ='Annex-8'!B72 | C81: ='Annex-8'!C72 | D81: ='Annex-8'!D72 | E81: ='Annex-8'!E72 | F81: ='Annex-8'!F72 | G81: ='Annex-8'!G72 | H81: ='Annex-8'!I72 | J81: ='Annex-10'!A72 | K81: ='Annex-10'!B72 | L81: ='Annex-10'!C72 | M81: ='Annex-10'!D72 | N81: ='Annex-10'!E72 | O81: ='Annex-10'!F72 | P81: ='Annex-10'!G72 | Q81: ='Annex-10'!H72 | ... S81: ='Annex-10'!J72 | T81: ='Annex-10'!L72 | V81: ='Annex-12'!A72 | W81: ='Annex-12'!B72 | X81: ='Annex-12'!C72 | Y81: ='Annex-12'!D72 | Z81: ='Annex-12'!E72 | AA81: ='Annex-12'!F72 | AB81: ='Annex-12'!G72 | AC81: ='Annex-12'!H72 | ... AE81: ='Annex-12'!J72 | AF81: ='Annex-12'!L72
A82: ='Annex-8'!A73 -> # NOT COMPARABLE AS THE IMPACT IS 100% OR MORE | J82: ='Annex-10'!A73 -> # NOT COMPARABLE AS THE IMPACT IS 100% OR MORE | V82: ='Annex-12'!A73 -> # NOT COMPARABLE AS THE IMPACT IS 100% OR MORE
A83: ='Annex-8'!A74 -> Developed by: Deepak Kumar Agrawal, Senior Statistical Officer, NSSO (FOD), Faridabad, Haryana | J83: ='Annex-10'!A74 -> Developed by: Deepak Kumar Agrawal, Senior Statistical Officer, NSSO (FOD), Faridabad, Haryana | V83: ='Annex-12'!A74 -> Developed by: Deepak Kumar Agrawal, Senior Statistical Officer, NSSO (FOD), Faridabad, Haryana
