Workbook

Sheet Dist-wise
B1: District | C1: PAD-KK | D1: PAD-S | E1: PAD-S | F1: PAD-NK | G1: CHLM_K | H1: CHLM_K | I1: CHLM_R | J1: CHLM_R | K1: CMBU_K | L1: CMBU_K | M1: CMBU_R | N1: CMBU_R | O1: RAGI-K | P1: RAGI-K | Q1: RAGI-R | R1: MAIZE_K | S1: MAIZE_K | T1: MAIZE_R | U1: MAIZE_R | V1: RGRM_K | W1: BGRM_K | X1: BGRM_K | Y1: BGRM_R | Z1: BGRM_R | AA1: GGRM_K | AB1: GGRM_R | AC1: GGRM_R | AD1: HGRM_R | AE1: VRGU_K | AF1: SMAI_K | AG1: COTT_K | AH1: COTT_K | AI1: COTT_R | AJ1: COTT_R | AK1: GNUT_K | AL1: GNUT_K | AM1: GNUT_R | AN1: GNUT_R | AO1: SCAN_K | AP1: GNGL_K | AQ1: GNGL_K | AR1: GNGL_R | AS1: GNGL_R | AT1: SUNF_K | AU1: SUNF_K | AV1: SUNF_R | AW1: SUNF_R | AX1: COWP_K | AY1: COWP_R | AZ1: THINAI | BA1: KUDIRAI VALI | BB1: PANI VARAGU | BC1: BENGAL GRAM | BD1: MOCHAI | BE1: SOYA BEAN | BF1: CASTOR | BG1: G. Total
C2: (1-1) | D2: (2-1) | E2: (2-2) | F2: (3-1) | G2: (4-1) | H2: (4-2) | I2: (5-1) | J2: (5-2) | K2: (6-1) | L2: (6-2) | M2: (7-1) | N2: (7-2) | O2: (8-1) | P2: (8-2) | Q2: (9-1) | R2: (10-1) | S2: (10-2) | T2: (11-1) | U2: (11-2) | V2: (12-2) | W2: (14-1) | X2: (14-2) | Y2: (15-1) | Z2: (15-2) | AA2: (16-2) | AB2: (17-1) | AC2: (17-2) | AD2: (19-2) | AE2: (20-2) | AF2: (22-2) | AG2: (24-1) | AH2: (24-2) | AI2: (25-1) | AJ2: (25-2) | AK2: (26-1) | AL2: (26-2) | AM2: (27-1) | AN2: (27-2) | AO2: (28-1) | AP2: (29-1) | AQ2: (29-2) | AR2: (30-1) | AS2: (30-2) | AT2: (31-1) | AU2: (31-2) | AV2: (32-1) | AW2: (32-2) | AX2: (33-2) | AY2: (34-2) | AZ2: 35 | BA2: 36 | BB2: 37 | BC2: 38 | BD2: 39 | BE2: 40 | BF2: 41
A3: 1 | B3: KANCHEEPURAM | C3: 20 | D3: 20 | E3: - | F3: 8 | G3: - | H3: - | I3: - | J3: - | K3: - | L3: - | M3: - | N3: - | O3: - | P3: - | Q3: - | R3: - | S3: - | T3: - | U3: - | V3: - | W3: - | X3: - | Y3: - | Z3: - | AA3: - | AB3: - | AC3: - | AD3: - | AE3: - | AF3: - | AG3: - | AH3: - | AI3: - | AJ3: - | AK3: 12 | AL3: - | AM3: 4 | AN3: - | AO3: 4 | AP3: 8 | AQ3: - | AR3: - | AS3: - | AT3: - | AU3: - | AV3: - | AW3: - | AX3: - | AY3: - | AZ3: - | BA3: - | BG3: 76
A4: 2 | B4: THIRUVALLUR | C4: 36 | D4: 52 | E4: - | F4: 20 | G4: - | H4: - | I4: - | J4: - | K4: - | L4: - | M4: - | N4: - | O4: - | P4: - | Q4: - | R4: - | S4: - | T4: - | U4: - | V4: - | W4: - | X4: - | Y4: - | Z4: - | AA4: - | AB4: 16 | AC4: - | AD4: - | AE4: - | AF4: - | AG4: - | AH4: - | AI4: - | AJ4: - | AK4: - | AL4: - | AM4: 16 | AN4: - | AO4: 16 | AP4: - | AQ4: - | AR4: - | AS4: - | AT4: - | AU4: - | AV4: - | AW4: - | AX4: - | AY4: - | AZ4: - | BA4: - | BE4: 4 | BG4: 160
A5: 3 | B5: CUDDALORE | C5: 48 | D5: 84 | E5: - | F5: 16 | G5: - | H5: - | I5: - | J5: - | K5: 20 | L5: 16 | M5: - | N5: 8 | O5: - | P5: - | Q5: - | R5: - | S5: 16 | T5: - | U5: - | V5: - | W5: - | X5: - | Y5: - | Z5: 28 | AA5: - | AB5: - | AC5: 20 | AD5: - | AE5: 48 | AF5: - | AG5: - | AH5: 36 | AI5: - | AJ5: - | AK5: 16 | AL5: - | AM5: 16 | AN5: - | AO5: 32 | AP5: - | AQ5: 16 | AR5: 16 | AS5: - | AT5: - | AU5: - | AV5: - | AW5: - | AX5: - | AY5: - | AZ5: 4 | BA5: - | BG5: 440
A6: 4 | B6: VILLUPURAM | C6: 24 | D6: 52 | E6: - | F6: 8 | G6: - | H6: - | I6: - | J6: - | K6: 12 | L6: 48 | M6: - | N6: - | O6: - | P6: - | Q6: 20 | R6: - | S6: - | T6: - | U6: - | V6: - | W6: - | X6: 16 | Y6: 24 | Z6: 8 | AA6: - | AB6: - | AC6: - | AD6: - | AE6: - | AF6: - | AG6: - | AH6: - | AI6: - | AJ6: - | AK6: 12 | AL6: 36 | AM6: 28 | AN6: - | AO6: 24 | AP6: - | AQ6: - | AR6: 8 | AS6: 8 | AT6: - | AU6: - | AV6: - | AW6: - | AX6: - | AY6: - | AZ6: 4 | BA6: - | BG6: 332
A7: 5 | B7: VELLORE | C7: - | D7: - | E7: - | F7: 4 | G7: - | H7: 4 | I7: - | J7: - | K7: - | L7: 4 | M7: - | N7: - | O7: - | P7: - | Q7: 20 | R7: - | S7: - | T7: - | U7: - | V7: 36 | W7: - | X7: 4 | Y7: - | Z7: - | AA7: 4 | AB7: - | AC7: - | AD7: 10 | AE7: - | AF7: 4 | AG7: - | AH7: 4 | AI7: - | AJ7: - | AK7: - | AL7: 28 | AM7: - | AN7: - | AO7: 4 | AP7: - | AQ7: - | AR7: - | AS7: - | AT7: - | AU7: - | AV7: - | AW7: - | AX7: 6 | AY7: - | AZ7: - | BA7: - | BD7: 4 | BG7: 136
A8: 6 | B8: THIRUVANNAMALAI | C8: 24 | D8: 52 | E8: - | F8: 20 | G8: - | H8: - | I8: - | J8: - | K8: - | L8: 44 | M8: - | N8: - | O8: - | P8: - | Q8: 32 | R8: - | S8: - | T8: - | U8: - | V8: 16 | W8: - | X8: 16 | Y8: 16 | Z8: 16 | AA8: - | AB8: - | AC8: - | AD8: 16 | AE8: - | AF8: 16 | AG8: 24 | AH8: - | AI8: - | AJ8: - | AK8: 24 | AL8: 72 | AM8: 48 | AN8: 16 | AO8: 36 | AP8: 16 | AQ8: - | AR8: - | AS8: 32 | AT8: - | AU8: - | AV8: - | AW8: - | AX8: - | AY8: 10 | AZ8: - | BA8: - | BE8: 4 | BG8: 550
A9: 7 | B9: SALEM | C9: - | D9: 16 | E9: - | F9: 16 | G9: - | H9: 60 | I9: 36 | J9: 24 | K9: - | L9: - | M9: 8 | N9: - | O9: - | P9: 20 | Q9: 28 | R9: 20 | S9: 16 | T9: 16 | U9: - | V9: 24 | W9: - | X9: 16 | Y9: - | Z9: - | AA9: 32 | AB9: - | AC9: - | AD9: 32 | AE9: - | AF9: 16 | AG9: 16 | AH9: 48 | AI9: 16 | AJ9: - | AK9: - | AL9: 56 | AM9: 16 | AN9: - | AO9: 16 | AP9: 16 | AQ9: 16 | AR9: 16 | AS9: - | AT9: - | AU9: - | AV9: - | AW9: - | AX9: 16 | AY9: 16 | AZ9: 4 | BA9: - | BB9: 4 | BD9: 16 | BE9: 4 | BF9: 4 | BG9: 660
A10: 8 | B10: NAMAKKAL | C10: - | D10: 16 | E10: - | F10: - | G10: 16 | H10: 80 | I10: 30 | J10: 86 | K10: - | L10: - | M10: - | N10: - | O10: 16 | P10: - | Q10: - | R10: - | S10: - | T10: 16 | U10: - | V10: - | W10: - | X10: - | Y10: - | Z10: - | AA10: 20 | AB10: - | AC10: - | AD10: - | AE10: - | AF10: - | AG10: 16 | AH10: 16 | AI10: - | AJ10: - | AK10: - | AL10: 68 | AM10: 16 | AN10: - | AO10: 20 | AP10: - | AQ10: - | AR10: 16 | AS10: - | AT10: - | AU10: - | AV10: - | AW10: - | AX10: - | AY10: - | AZ10: 4 | BA10: - | BC10: 4 | BF10: 4 | BG10: 444
A11: 9 | B11: DHARMAPURI | C11: - | D11: 28 | E11: - | F11: 16 | G11: - | H11: 32 | I11: - | J11: - | K11: - | L11: - | M11: - | N11: - | O11: - | P11: 32 | Q11: 40 | R11: 12 | S11: 20 | T11: - | U11: - | V11: 48 | W11: - | X11: 16 | Y11: - | Z11: - | AA11: 16 | AB11: - | AC11: - | AD11: 50 | AE11: - | AF11: 36 | AG11: - | AH11: 56 | AI11: - | AJ11: - | AK11: - | AL11: 20 | AM11: 16 | AN11: - | AO11: 16 | AP11: - | AQ11: 16 | AR11: - | AS11: - | AT11: - | AU11: - | AV11: - | AW11: - | AX11: 16 | AY11: - | AZ11: 4 | BA11: - | BB11: 4 | BC11: 4 | BD11: 16 | BF11: 4 | BG11: 518
A12: 10 | B12: COIMBATORE | C12: - | D12: - | E12: - | F12: - | G12: - | H12: 32 | I12: - | J12: 36 | K12: - | L12: - | M12: - | N12: 8 | O12: - | P12: - | Q12: - | R12: - | S12: - | T12: - | U12: - | V12: - | W12: - | X12: - | Y12: - | Z12: - | AA12: - | AB12: - | AC12: - | AD12: 16 | AE12: - | AF12: - | AG12: - | AH12: - | AI12: - | AJ12: - | AK12: - | AL12: 16 | AM12: - | AN12: - | AO12: - | AP12: - | AQ12: - | AR12: - | AS12: - | AT12: - | AU12: - | AV12: - | AW12: - | AX12: 16 | AY12: 16 | AZ12: - | BA12: - | BC12: 4 | BG12: 144
A13: 11 | B13: ERODE | C13: - | D13: 16 | E13: - | F13: - | G13: - | H13: - | I13: - | J13: - | K13: - | L13: - | M13: - | N13: - | O13: - | P13: 16 | Q13: - | R13: 20 | S13: 16 | T13: 16 | U13: - | V13: 16 | W13: - | X13: - | Y13: - | Z13: - | AA13: - | AB13: - | AC13: - | AD13: - | AE13: 8 | AF13: - | AG13: - | AH13: - | AI13: - | AJ13: - | AK13: 16 | AL13: 44 | AM13: 16 | AN13: - | AO13: 36 | AP13: - | AQ13: - | AR13: 16 | AS13: - | AT13: - | AU13: 4 | AV13: - | AW13: - | AX13: - | AY13: - | AZ13: - | BA13: - | BG13: 240
A14: 12 | B14: TIRUCHIRAPPALLI | C14: 16 | D14: 48 | E14: - | F14: 16 | G14: - | H14: 44 | I14: 16 | J14: 20 | K14: - | L14: - | M14: - | N14: - | O14: - | P14: - | Q14: - | R14: - | S14: 16 | T14: - | U14: - | V14: 16 | W14: - | X14: - | Y14: - | Z14: 16 | AA14: - | AB14: - | AC14: - | AD14: - | AE14: - | AF14: - | AG14: - | AH14: 72 | AI14: - | AJ14: - | AK14: - | AL14: 20 | AM14: 16 | AN14: - | AO14: 16 | AP14: - | AQ14: - | AR14: 16 | AS14: - | AT14: 16 | AU14: 8 | AV14: - | AW14: 8 | AX14: - | AY14: - | AZ14: - | BA14: - | BF14: 4 | BG14: 384
A15: 13 | B15: KARUR | C15: - | D15: 16 | E15: - | F15: - | G15: 20 | H15: 24 | I15: 16 | J15: 24 | K15: - | L15: - | M15: - | N15: 20 | O15: - | P15: - | Q15: - | R15: - | S15: - | T15: - | U15: - | V15: 16 | W15: - | X15: - | Y15: - | Z15: - | AA15: - | AB15: - | AC15: - | AD15: 16 | AE15: - | AF15: - | AG15: - | AH15: - | AI15: - | AJ15: - | AK15: - | AL15: - | AM15: 16 | AN15: - | AO15: 16 | AP15: - | AQ15: 24 | AR15: - | AS15: - | AT15: 36 | AU15: - | AV15: 16 | AW15: - | AX15: - | AY15: - | AZ15: - | BA15: - | BG15: 260
A16: 14 | B16: PERAMBALUR | C16: - | D16: 16 | E16: - | F16: - | G16: - | H16: - | I16: - | J16: - | K16: - | L16: - | M16: - | N16: - | O16: - | P16: - | Q16: - | R16: - | S16: 20 | T16: - | U16: - | V16: 16 | W16: - | X16: - | Y16: - | Z16: - | AA16: - | AB16: - | AC16: - | AD16: - | AE16: 16 | AF16: - | AG16: - | AH16: 64 | AI16: - | AJ16: - | AK16: - | AL16: - | AM16: 16 | AN16: - | AO16: 16 | AP16: - | AQ16: - | AR16: - | AS16: - | AT16: - | AU16: 4 | AV16: - | AW16: - | AX16: - | AY16: - | AZ16: - | BA16: - | BG16: 168
A17: 15 | B17: THANJAVUR | C17: 36 | D17: 92 | E17: - | F17: 16 | G17: - | H17: - | I17: - | J17: - | K17: - | L17: - | M17: - | N17: - | O17: - | P17: - | Q17: - | R17: - | S17: - | T17: - | U17: - | V17: - | W17: 32 | X17: - | Y17: - | Z17: 16 | AA17: - | AB17: - | AC17: 16 | AD17: - | AE17: - | AF17: - | AG17: - | AH17: - | AI17: - | AJ17: - | AK17: - | AL17: - | AM17: 16 | AN17: - | AO17: 16 | AP17: 20 | AQ17: - | AR17: 16 | AS17: 28 | AT17: - | AU17: - | AV17: - | AW17: - | AX17: - | AY17: - | AZ17: - | BA17: - | BE17: 4 | BG17: 308
A18: 16 | B18: THIRUVARUR | C18: 36 | D18: 92 | E18: - | F18: 16 | G18: - | H18: - | I18: - | J18: - | K18: - | L18: - | M18: - | N18: - | O18: - | P18: - | Q18: - | R18: - | S18: - | T18: - | U18: - | V18: - | W18: - | X18: - | Y18: 12 | Z18: 32 | AA18: - | AB18: - | AC18: 68 | AD18: - | AE18: - | AF18: - | AG18: - | AH18: - | AI18: 16 | AJ18: - | AK18: - | AL18: - | AM18: 16 | AN18: - | AO18: - | AP18: - | AQ18: - | AR18: - | AS18: 16 | AT18: - | AU18: - | AV18: - | AW18: - | AX18: - | AY18: - | AZ18: - | BA18: - | BG18: 304
A19: 17 | B19: NAGAPATTINAM | C19: 4 | D19: 48 | E19: - | F19: - | G19: - | H19: - | I19: - | J19: - | K19: - | L19: - | M19: - | N19: - | O19: - | P19: - | Q19: - | R19: - | S19: - | T19: - | U19: - | V19: - | W19: - | X19: - | Y19: - | Z19: 8 | AA19: - | AB19: - | AC19: 28 | AD19: - | AE19: - | AF19: - | AG19: - | AH19: - | AI19: 4 | AJ19: - | AK19: - | AL19: - | AM19: - | AN19: - | AO19: - | AP19: - | AQ19: - | AR19: - | AS19: - | AT19: - | AU19: - | AV19: - | AW19: - | AX19: - | AY19: - | AZ19: - | BA19: - | BG19: 92
A20: 18 | B20: PUDUKOTTAI | C20: 16 | D20: 72 | E20: - | F20: 16 | G20: - | H20: - | I20: - | J20: - | K20: - | L20: - | M20: - | N20: - | O20: - | P20: - | Q20: - | R20: - | S20: - | T20: - | U20: - | V20: 24 | W20: - | X20: - | Y20: - | Z20: - | AA20: - | AB20: - | AC20: - | AD20: - | AE20: - | AF20: - | AG20: - | AH20: - | AI20: - | AJ20: - | AK20: 16 | AL20: 16 | AM20: 16 | AN20: - | AO20: 16 | AP20: - | AQ20: - | AR20: - | AS20: 16 | AT20: - | AU20: - | AV20: - | AW20: - | AX20: - | AY20: - | AZ20: - | BA20: - | BG20: 208
A21: 19 | B21: MADURAI | C21: - | D21: 40 | E21: - | F21: 16 | G21: - | H21: 20 | I21: - | J21: 16 | K21: - | L21: 16 | M21: - | N21: 16 | O21: - | P21: - | Q21: - | R21: - | S21: 16 | T21: - | U21: - | V21: 16 | W21: - | X21: - | Y21: - | Z21: - | AA21: 16 | AB21: - | AC21: - | AD21: - | AE21: 24 | AF21: - | AG21: - | AH21: 24 | AI21: 16 | AJ21: 16 | AK21: - | AL21: 16 | AM21: - | AN21: - | AO21: 16 | AP21: - | AQ21: - | AR21: - | AS21: - | AT21: - | AU21: - | AV21: - | AW21: - | AX21: 16 | AY21: 16 | AZ21: - | BA21: 4 | BB21: 4 | BD21: 4 | BG21: 328
A22: 20 | B22: THENI | C22: 16 | D22: 16 | E22: - | F22: - | G22: - | H22: 16 | I22: 16 | J22: 16 | K22: - | L22: - | M22: - | N22: 24 | O22: - | P22: - | Q22: - | R22: - | S22: - | T22: - | U22: - | V22: 16 | W22: - | X22: - | Y22: - | Z22: - | AA22: 16 | AB22: - | AC22: 16 | AD22: - | AE22: - | AF22: - | AG22: 16 | AH22: - | AI22: 16 | AJ22: - | AK22: - | AL22: 16 | AM22: - | AN22: - | AO22: 16 | AP22: - | AQ22: 16 | AR22: - | AS22: - | AT22: - | AU22: - | AV22: - | AW22: - | AX22: 16 | AY22: 16 | AZ22: - | BA22: - | BD22: 16 | BG22: 280
A23: 21 | B23: DINDIGUL | C23: - | D23: 16 | E23: - | F23: 16 | G23: - | H23: 24 | I23: 16 | J23: 92 | K23: - | L23: - | M23: - | N23: 16 | O23: - | P23: - | Q23: - | R23: - | S23: - | T23: 16 | U23: 16 | V23: - | W23: - | X23: - | Y23: - | Z23: 16 | AA23: - | AB23: - | AC23: 16 | AD23: 16 | AE23: - | AF23: - | AG23: - | AH23: - | AI23: 16 | AJ23: 16 | AK23: - | AL23: 16 | AM23: 16 | AN23: 16 | AO23: 16 | AP23: - | AQ23: - | AR23: - | AS23: - | AT23: 12 | AU23: - | AV23: 32 | AW23: - | AX23: 16 | AY23: 32 | AZ23: - | BA23: - | BC23: 4 | BD23: 8 | BG23: 460
A24: 22 | B24: RAMANATHAPURAM | C24: - | D24: - | E24: 92 | F24: - | G24: - | H24: - | I24: - | J24: 16 | K24: - | L24: - | M24: - | N24: 16 | O24: - | P24: - | Q24: - | R24: - | S24: - | T24: - | U24: - | V24: - | W24: - | X24: - | Y24: - | Z24: 16 | AA24: - | AB24: - | AC24: - | AD24: - | AE24: - | AF24: - | AG24: - | AH24: - | AI24: - | AJ24: 16 | AK24: - | AL24: - | AM24: - | AN24: 20 | AO24: - | AP24: - | AQ24: - | AR24: - | AS24: 16 | AT24: - | AU24: - | AV24: - | AW24: 32 | AX24: - | AY24: - | AZ24: - | BA24: 4 | BB24: 4 | BG24: 232
A25: 23 | B25: VIRUDHUNAGAR | C25: - | D25: 24 | E25: - | F25: 16 | G25: - | H25: 16 | I25: - | J25: 44 | K25: - | L25: - | M25: - | N25: 32 | O25: - | P25: - | Q25: - | R25: - | S25: 16 | T25: 16 | U25: 16 | V25: - | W25: - | X25: - | Y25: - | Z25: - | AA25: 16 | AB25: - | AC25: 16 | AD25: - | AE25: - | AF25: - | AG25: - | AH25: 28 | AI25: 16 | AJ25: 40 | AK25: - | AL25: 16 | AM25: - | AN25: 20 | AO25: 16 | AP25: - | AQ25: 16 | AR25: - | AS25: 16 | AT25: - | AU25: 4 | AV25: - | AW25: 52 | AX25: - | AY25: - | AZ25: - | BA25: 4 | BB25: 4 | BG25: 444
A26: 24 | B26: SIVAGANGAI | C26: - | D26: 72 | E26: - | F26: - | G26: - | H26: - | I26: - | J26: - | K26: - | L26: - | M26: - | N26: - | O26: - | P26: - | Q26: - | R26: - | S26: - | T26: - | U26: - | V26: - | W26: - | X26: - | Y26: - | Z26: - | AA26: - | AB26: - | AC26: - | AD26: - | AE26: - | AF26: - | AG26: - | AH26: - | AI26: - | AJ26: - | AK26: - | AL26: 16 | AM26: - | AN26: - | AO26: 16 | AP26: - | AQ26: - | AR26: - | AS26: - | AT26: - | AU26: - | AV26: - | AW26: - | AX26: - | AY26: - | AZ26: - | BA26: 4 | BG26: 108
A27: 25 | B27: TIRUNELVELI | C27: 4 | D27: 36 | E27: - | F27: 8 | G27: - | H27: - | I27: - | J27: - | K27: - | L27: - | M27: - | N27: - | O27: - | P27: - | Q27: - | R27: - | S27: - | T27: - | U27: - | V27: - | W27: - | X27: - | Y27: - | Z27: 4 | AA27: - | AB27: - | AC27: - | AD27: - | AE27: - | AF27: - | AG27: - | AH27: - | AI27: - | AJ27: - | AK27: - | AL27: - | AM27: - | AN27: - | AO27: - | AP27: - | AQ27: - | AR27: - | AS27: - | AT27: - | AU27: 4 | AV27: - | AW27: - | AX27: - | AY27: - | AZ27: - | BA27: - | BG27: 56
A28: 26 | B28: THOOTHUKUDI | C28: - | D28: 16 | E28: - | F28: 16 | G28: - | H28: - | I28: - | J28: 32 | K28: - | L28: - | M28: - | N28: 56 | O28: - | P28: - | Q28: - | R28: - | S28: - | T28: - | U28: 16 | V28: - | W28: - | X28: - | Y28: - | Z28: 28 | AA28: - | AB28: - | AC28: 52 | AD28: - | AE28: - | AF28: - | AG28: - | AH28: - | AI28: - | AJ28: 24 | AK28: - | AL28: - | AM28: - | AN28: - | AO28: - | AP28: - | AQ28: - | AR28: - | AS28: - | AT28: - | AU28: - | AV28: - | AW28: 48 | AX28: - | AY28: - | AZ28: - | BG28: 288
A29: 27 | B29: KANYAKUMARI | C29: 16 | D29: 16 | E29: - | F29: - | G29: - | H29: - | I29: - | J29: - | K29: - | L29: - | M29: - | N29: - | O29: - | P29: - | Q29: - | R29: - | S29: - | T29: - | U29: - | V29: - | W29: - | X29: - | Y29: - | Z29: - | AA29: - | AB29: - | AC29: - | AD29: - | AE29: - | AF29: - | AG29: - | AH29: - | AI29: - | AJ29: - | AK29: - | AL29: - | AM29: - | AN29: - | AO29: - | AP29: - | AQ29: - | AR29: - | AS29: - | AT29: - | AU29: - | AV29: - | AW29: - | AX29: - | AY29: - | AZ29: - | BG29: 32
A30: 28 | B30: THE NILGIRIS | C30: - | D30: - | E30: - | F30: - | G30: - | H30: - | I30: - | J30: - | K30: - | L30: - | M30: - | N30: - | O30: - | P30: - | Q30: - | R30: - | S30: - | T30: - | U30: - | V30: - | W30: - | X30: - | Y30: - | Z30: - | AA30: - | AB30: - | AC30: - | AD30: - | AE30: - | AF30: - | AG30: - | AH30: - | AI30: - | AJ30: - | AK30: - | AL30: - | AM30: - | AN30: - | AO30: - | AP30: - | AQ30: - | AR30: - | AS30: - | AT30: - | AU30: - | AV30: - | AW30: - | AX30: - | AY30: - | AZ30: - | BG30: 0
A31: 29 | B31: KRISHNAGIRI | C31: 16 | D31: 16 | E31: - | F31: 16 | G31: - | H31: 16 | I31: - | J31: - | K31: - | L31: - | M31: - | N31: - | O31: - | P31: 60 | Q31: 40 | R31: 16 | S31: - | T31: - | U31: - | V31: 48 | W31: - | X31: - | Y31: - | Z31: - | AA31: - | AB31: - | AC31: - | AD31: 88 | AE31: - | AF31: 16 | AG31: - | AH31: 16 | AI31: - | AJ31: - | AK31: - | AL31: 36 | AM31: 16 | AN31: - | AO31: - | AP31: - | AQ31: 16 | AR31: - | AS31: - | AT31: - | AU31: - | AV31: - | AW31: - | AX31: 16 | AY31: - | AZ31: - | BD31: 16 | BF31: 4 | BG31: 452
A32: 30 | B32: ARIYALUR | C32: 16 | D32: 28 | E32: - | F32: - | G32: - | H32: - | I32: - | J32: - | K32: - | L32: 16 | M32: - | N32: - | O32: - | P32: - | Q32: - | R32: - | S32: 16 | T32: - | U32: - | V32: - | W32: - | X32: - | Y32: - | Z32: 16 | AA32: - | AB32: - | AC32: - | AD32: - | AE32: 8 | AF32: - | AG32: - | AH32: 48 | AI32: - | AJ32: - | AK32: 16 | AL32: 16 | AM32: 16 | AN32: - | AO32: 16 | AP32: 20 | AQ32: - | AR32: - | AS32: - | AT32: 4 | AU32: 16 | AV32: - | AW32: - | AX32: - | AY32: - | AZ32: - | BG32: 252
A33: 31 | B33: THIRUPPUR | C33: - | D33: 16 | E33: - | F33: - | G33: - | H33: 24 | I33: - | J33: 104 | K33: - | L33: - | M33: - | N33: - | O33: - | P33: - | Q33: - | R33: 16 | S33: - | T33: 16 | U33: - | V33: - | W33: - | X33: - | Y33: - | Z33: - | AA33: - | AB33: - | AC33: 16 | AD33: 28 | AE33: - | AF33: - | AG33: - | AH33: - | AI33: 16 | AJ33: - | AK33: - | AL33: 16 | AM33: 16 | AN33: - | AO33: 16 | AP33: - | AQ33: - | AR33: - | AS33: - | AT33: - | AU33: - | AV33: - | AW33: - | AX33: - | AY33: 16 | AZ33: - | BC33: 4 | BG33: 304
A34: 32 | B34: CHANGALPATTU | C34: 16 | D34: 28 | E34: - | F34: 12 | G34: - | H34: - | I34: - | J34: - | K34: - | L34: - | M34: - | N34: - | O34: - | P34: - | Q34: - | R34: - | S34: - | T34: - | U34: - | V34: - | W34: - | X34: - | Y34: - | Z34: - | AA34: - | AB34: - | AC34: - | AD34: - | AE34: - | AF34: - | AG34: - | AH34: - | AI34: - | AJ34: - | AK34: 4 | AL34: - | AM34: 16 | AN34: - | AO34: 12 | AP34: 8 | AQ34: - | AR34: - | AS34: - | AT34: - | AU34: - | AV34: - | AW34: - | AX34: - | AY34: - | AZ34: - | BG34: 96
A35: 33 | B35: KALLAKURICHI | C35: 12 | D35: 36 | E35: - | F35: 8 | G35: - | H35: - | I35: - | J35: - | K35: - | L35: 48 | M35: - | N35: - | O35: - | P35: - | Q35: - | R35: 20 | S35: - | T35: 16 | U35: - | V35: - | W35: - | X35: - | Y35: - | Z35: 20 | AA35: - | AB35: - | AC35: - | AD35: - | AE35: 20 | AF35: - | AG35: 28 | AH35: 20 | AI35: - | AJ35: - | AK35: 8 | AL35: 8 | AM35: 4 | AN35: - | AO35: 32 | AP35: - | AQ35: - | AR35: 12 | AS35: 8 | AT35: - | AU35: - | AV35: - | AW35: - | AX35: - | AY35: - | AZ35: - | BG35: 300
A36: 34 | B36: RANIPET | C36: 16 | D36: 12 | E36: - | F36: 12 | G36: - | H36: - | I36: - | J36: - | K36: - | L36: 4 | M36: - | N36: - | O36: - | P36: - | Q36: - | R36: - | S36: - | T36: - | U36: - | V36: 16 | W36: - | X36: 4 | Y36: - | Z36: - | AA36: - | AB36: - | AC36: - | AD36: - | AE36: - | AF36: - | AG36: - | AH36: - | AI36: - | AJ36: - | AK36: - | AL36: 16 | AM36: 16 | AN36: - | AO36: 8 | AP36: - | AQ36: - | AR36: - | AS36: - | AT36: - | AU36: - | AV36: - | AW36: - | AX36: 4 | AY36: - | AZ36: - | BG36: 108
A37: 35 | B37: TIRUPPATHUR | C37: - | D37: 4 | E37: - | F37: - | G37: - | H37: 12 | I37: - | J37: - | K37: - | L37: 12 | M37: - | N37: - | O37: - | P37: 16 | Q37: 20 | R37: - | S37: - | T37: - | U37: - | V37: 28 | W37: - | X37: 8 | Y37: - | Z37: - | AA37: 12 | AB37: - | AC37: - | AD37: 28 | AE37: - | AF37: 12 | AG37: - | AH37: 32 | AI37: - | AJ37: - | AK37: - | AL37: 28 | AM37: - | AN37: - | AO37: 4 | AP37: - | AQ37: - | AR37: - | AS37: - | AT37: - | AU37: - | AV37: - | AW37: - | AX37: - | AY37: - | AZ37: - | BG37: 216
A38: 36 | B38: THENKASI | C38: 16 | D38: 28 | E38: - | F38: 8 | G38: - | H38: - | I38: - | J38: - | K38: - | L38: - | M38: - | N38: - | O38: - | P38: - | Q38: - | R38: - | S38: - | T38: - | U38: 16 | V38: - | W38: - | X38: - | Y38: - | Z38: 16 | AA38: - | AB38: - | AC38: 16 | AD38: - | AE38: - | AF38: - | AG38: - | AH38: - | AI38: - | AJ38: 16 | AK38: - | AL38: - | AM38: - | AN38: - | AO38: 16 | AP38: - | AQ38: 16 | AR38: - | AS38: - | AT38: 12 | AU38: - | AV38: - | AW38: 16 | AX38: - | AY38: - | AZ38: - | BA38: 4 | BG38: 180
A39: 37 | B39: MYLADUTHURAI | C39: 40 | D39: 44 | E39: - | F39: - | G39: - | H39: - | I39: - | J39: - | K39: - | L39: - | M39: - | N39: - | O39: - | P39: - | Q39: - | R39: - | S39: - | T39: - | U39: - | V39: - | W39: - | X39: - | Y39: - | Z39: 20 | AA39: - | AB39: - | AC39: 28 | AD39: - | AE39: - | AF39: - | AG39: - | AH39: - | AI39: 12 | AJ39: - | AK39: - | AL39: - | AM39: 16 | AN39: - | AO39: - | AP39: - | AQ39: - | AR39: - | AS39: - | AT39: - | AU39: - | AV39: - | AW39: - | AX39: - | AY39: - | AZ39: - | BE39: 4 | BG39: 164
B40: TOTAL | C40: 428 | D40: 1168 | E40: 92 | F40: 300 | G40: 36 | H40: 404 | I40: 130 | J40: 510 | K40: 32 | L40: 208 | M40: 8 | N40: 196 | O40: 16 | P40: 144 | Q40: 200 | R40: 104 | S40: 152 | T40: 112 | U40: 64 | V40: 336 | W40: 32 | X40: 80 | Y40: 52 | Z40: 260 | AA40: 132 | AB40: 16 | AC40: 292 | AD40: 300 | AE40: 124 | AF40: 100 | AG40: 100 | AH40: 464 | AI40: 128 | AJ40: 128 | AK40: 124 | AL40: 576 | AM40: 388 | AN40: 72 | AO40: 468 | AP40: 88 | AQ40: 136 | AR40: 116 | AS40: 140 | AT40: 80 | AU40: 40 | AV40: 48 | AW40: 156 | AX40: 122 | AY40: 122 | AZ40: 20 | BA40: 20 | BB40: 20 | BC40: 20 | BD40: 80 | BE40: 20 | BF40: 20 | BG40: 9724

Sheet GCES
A1: CROP ESTIMATION SURVEY FASLI 1435 (2025- 2026) DISTRICT WISE ALLOCATION
A2: SL. NO | B2: District | C2: PAD-KK | D2: PAD-S | E2: PAD-S | F2: PAD-NK | G2: CHLM_K | H2: CHLM_K | I2: CHLM_R | J2: CHLM_R | K2: CMBU_K | L2: CMBU_K | M2: CMBU_R | N2: CMBU_R | O2: RAGI-K | P2: RAGI-K | Q2: RAGI-R | R2: MAIZE_K | S2: MAIZE_K | T2: MAIZE_R | U2: MAIZE_R | V2: RGRM_K | W2: BGRM_K | X2: BGRM_K | Y2: BGRM_R | Z2: BGRM_R | AA2: GGRM_K | AB2: GGRM_R | AC2: GGRM_R | AD2: HGRM_R | AE2: VRGU_K | AF2: SMAI_K | AG2: COTT_K | AH2: COTT_K | AI2: COTT_R | AJ2: COTT_R | AK2: GNUT_K | AL2: GNUT_K | AM2: GNUT_R | AN2: GNUT_R | AO2: SCAN_K | AP2: GNGL_K | AQ2: GNGL_K | AR2: GNGL_R | AS2: GNGL_R | AT2: SUNF_K | AU2: SUNF_K | AV2: SUNF_R | AW2: SUNF_R | AX2: COWP_K | AY2: COWP_R | AZ2: G. Total
C3: (1-1) | D3: (2-1) | E3: (2-2) | F3: (3-1) | G3: (4-1) | H3: (4-2) | I3: (5-1) | J3: (5-2) | K3: (6-1) | L3: (6-2) | M3: (7-1) | N3: (7-2) | O3: (8-1) | P3: (8-2) | Q3: (9-1) | R3: (10-1) | S3: (10-2) | T3: (11-1) | U3: (11-2) | V3: (12-2) | W3: (14-1) | X3: (14-2) | Y3: (15-1) | Z3: (15-2) | AA3: (16-2) | AB3: (17-1) | AC3: (17-2) | AD3: (19-2) | AE3: (20-2) | AF3: (22-2) | AG3: (24-1) | AH3: (24-2) | AI3: (25-1) | AJ3: (25-2) | AK3: (26-1) | AL3: (26-2) | AM3: (27-1) | AN3: (27-2) | AO3: (28-1) | AP3: (29-1) | AQ3: (29-2) | AR3: (30-1) | AS3: (30-2) | AT3: (31-1) | AU3: (31-2) | AV3: (32-1) | AW3: (32-2) | AX3: (33-2) | AY3: (34-2)
A4: 1 | B4: KANCHEEPURAM | C4: 20 | D4: 20 | F4: 8 | AK4: 12 | AM4: 4 | AO4: 4 | AP4: 8 | AZ4: =SUM(C4:AY4) -> 76
A5: 2 | B5: THIRUVALLUR | C5: 36 | D5: 52 | F5: 20 | AB5: 16 | AM5: 16 | AO5: 16 | AZ5: =SUM(C5:AY5) -> 156
A6: 3 | B6: CUDDALORE | C6: 48 | D6: 84 | F6: 16 | K6: 20 | L6: 16 | N6: 8 | S6: 16 | Z6: 28 | AC6: 20 | AE6: 48 | AH6: 36 | AK6: 16 | AM6: 16 | AO6: 32 | AQ6: 16 | AR6: 16 | AZ6: =SUM(C6:AY6) -> 436
A7: 4 | B7: VILLUPURAM | C7: 24 | D7: 52 | F7: 8 | K7: 12 | L7: 48 | Q7: 20 | X7: 16 | Y7: 24 | Z7: 8 | AK7: 12 | AL7: 36 | AM7: 28 | AO7: 24 | AR7: 8 | AS7: 8 | AZ7: =SUM(C7:AY7) -> 328
A8: 5 | B8: VELLORE | F8: 4 | H8: 4 | L8: 4 | Q8: 20 | V8: 36 | X8: 4 | AA8: 4 | AD8: 10 | AF8: 4 | AH8: 4 | AL8: 28 | AO8: 4 | AX8: 6 | AZ8: =SUM(C8:AY8) -> 132
A9: 6 | B9: THIRUVANNAMALAI | C9: 24 | D9: 52 | F9: 20 | L9: 44 | Q9: 32 | V9: 16 | X9: 16 | Y9: 16 | Z9: 16 | AD9: 16 | AF9: 16 | AG9: 24 | AK9: 24 | AL9: 72 | AM9: 48 | AN9: 16 | AO9: 36 | AP9: 16 | AS9: 32 | AY9: 10 | AZ9: =SUM(C9:AY9) -> 546
A10: 7 | B10: SALEM | D10: 16 | F10: 16 | H10: 60 | I10: 36 | J10: 24 | M10: 8 | P10: 20 | Q10: 28 | R10: 20 | S10: 16 | T10: 16 | V10: 24 | X10: 16 | AA10: 32 | AD10: 32 | AF10: 16 | AG10: 16 | AH10: 48 | AI10: 16 | AL10: 56 | AM10: 16 | AO10: 16 | AP10: 16 | AQ10: 16 | AR10: 16 | AX10: 16 | AY10: 16 | AZ10: =SUM(C10:AY10) -> 628
A11: 8 | B11: NAMAKKAL | D11: 16 | G11: 16 | H11: 80 | I11: 30 | J11: 86 | O11: 16 | T11: 16 | AA11: 20 | AG11: 16 | AH11: 16 | AL11: 68 | AM11: 16 | AO11: 20 | AR11: 16 | AZ11: =SUM(C11:AY11) -> 432
A12: 9 | B12: DHARMAPURI | D12: 28 | F12: 16 | H12: 32 | P12: 32 | Q12: 40 | R12: 12 | S12: 20 | V12: 48 | X12: 16 | AA12: 16 | AD12: 50 | AF12: 36 | AH12: 56 | AL12: 20 | AM12: 16 | AO12: 16 | AQ12: 16 | AX12: 16 | AZ12: =SUM(C12:AY12) -> 486
A13: 10 | B13: COIMBATORE | H13: 32 | J13: 36 | N13: 8 | AD13: 16 | AL13: 16 | AX13: 16 | AY13: 16 | AZ13: =SUM(C13:AY13) -> 140
A14: 11 | B14: ERODE | D14: 16 | P14: 16 | R14: 20 | S14: 16 | T14: 16 | V14: 16 | AE14: 8 | AK14: 16 | AL14: 44 | AM14: 16 | AO14: 36 | AR14: 16 | AU14: 4 | AZ14: =SUM(C14:AY14) -> 240
A15: 12 | B15: TIRUCHIRAPALLI | C15: 16 | D15: 48 | F15: 16 | H15: 44 | I15: 16 | J15: 20 | S15: 16 | V15: 16 | Z15: 16 | AH15: 72 | AL15: 20 | AM15: 16 | AO15: 16 | AR15: 16 | AT15: 16 | AU15: 8 | AW15: 8 | AZ15: =SUM(C15:AY15) -> 380
A16: 13 | B16: KARUR | D16: 16 | G16: 20 | H16: 24 | I16: 16 | J16: 24 | N16: 20 | V16: 16 | AD16: 16 | AM16: 16 | AO16: 16 | AQ16: 24 | AT16: 36 | AV16: 16 | AZ16: =SUM(C16:AY16) -> 260
A17: 14 | B17: PERAMBALUR | D17: 16 | S17: 20 | V17: 16 | AE17: 16 | AH17: 64 | AM17: 16 | AO17: 16 | AU17: 4 | AZ17: =SUM(C17:AY17) -> 168
A18: 15 | B18: THANJAVUR | C18: 36 | D18: 92 | F18: 16 | W18: 32 | Z18: 16 | AC18: 16 | AM18: 16 | AO18: 16 | AP18: 20 | AR18: 16 | AS18: 28 | AZ18: =SUM(C18:AY18) -> 304
A19: 16 | B19: THIRUVARUR | C19: 36 | D19: 92 | F19: 16 | Y19: 12 | Z19: 32 | AC19: 68 | AI19: 16 | AM19: 16 | AS19: 16 | AZ19: =SUM(C19:AY19) -> 304
A20: 17 | B20: NAGAPATTINAM | C20: 4 | D20: 48 | Z20: 8 | AC20: 28 | AI20: 4 | AZ20: =SUM(C20:AY20) -> 92
A21: 18 | B21: PUDUKOTTAI | C21: 16 | D21: 72 | F21: 16 | V21: 24 | AK21: 16 | AL21: 16 | AM21: 16 | AO21: 16 | AS21: 16 | AZ21: =SUM(C21:AY21) -> 208
A22: 19 | B22: MADURAI | D22: 40 | F22: 16 | H22: 20 | J22: 16 | L22: 16 | N22: 16 | S22: 16 | V22: 16 | AA22: 16 | AE22: 24 | AH22: 24 | AI22: 16 | AJ22: 16 | AL22: 16 | AO22: 16 | AX22: 16 | AY22: 16 | AZ22: =SUM(C22:AY22) -> 316
A23: 20 | B23: THENI | C23: 16 | D23: 16 | H23: 16 | I23: 16 | J23: 16 | N23: 24 | V23: 16 | AA23: 16 | AC23: 16 | AG23: 16 | AI23: 16 | AL23: 16 | AO23: 16 | AQ23: 16 | AX23: 16 | AY23: 16 | AZ23: =SUM(C23:AY23) -> 264
A24: 21 | B24: DINDIGUL | D24: 16 | F24: 16 | H24: 24 | I24: 16 | J24: 92 | N24: 16 | T24: 16 | U24: 16 | Z24: 16 | AC24: 16 | AD24: 16 | AI24: 16 | AJ24: 16 | AL24: 16 | AM24: 16 | AN24: 16 | AO24: 16 | AT24: 12 | AV24: 32 | AX24: 16 | AY24: 32 | AZ24: =SUM(C24:AY24) -> 448
A25: 22 | B25: RAMANATHAPURAM | E25: 92 | J25: 16 | N25: 16 | Z25: 16 | AJ25: 16 | AN25: 20 | AS25: 16 | AW25: 32 | AZ25: =SUM(C25:AY25) -> 224
A26: 23 | B26: VIRUDHUNAGAR | D26: 24 | F26: 16 | H26: 16 | J26: 44 | N26: 32 | S26: 16 | T26: 16 | U26: 16 | AA26: 16 | AC26: 16 | AH26: 28 | AI26: 16 | AJ26: 40 | AL26: 16 | AN26: 20 | AO26: 16 | AQ26: 16 | AS26: 16 | AU26: 4 | AW26: 52 | AZ26: =SUM(C26:AY26) -> 436
A27: 24 | B27: SIVAGANGAI | D27: 72 | AL27: 16 | AO27: 16 | AZ27: =SUM(C27:AY27) -> 104
A28: 25 | B28: TIRUNELVELI | C28: 4 | D28: 36 | F28: 8 | Z28: 4 | AU28: 4 | AZ28: =SUM(C28:AY28) -> 56
A29: 26 | B29: THOOTHUKUDI | D29: 16 | F29: 16 | J29: 32 | N29: 56 | U29: 16 | Z29: 28 | AC29: 52 | AJ29: 24 | AW29: 48 | AZ29: =SUM(C29:AY29) -> 288
A30: 27 | B30: KANYAKUMARI | C30: 16 | D30: 16 | AZ30: =SUM(C30:AY30) -> 32
A31: 28 | B31: THE NILGIRIS | AZ31: =SUM(C31:AY31) -> 0
A32: 29 | B32: KRISHNAGIRI | C32: 16 | D32: 16 | F32: 16 | H32: 16 | P32: 60 | Q32: 40 | R32: 16 | V32: 48 | AD32: 88 | AF32: 16 | AH32: 16 | AL32: 36 | AM32: 16 | AQ32: 16 | AX32: 16 | AZ32: =SUM(C32:AY32) -> 432
A33: 30 | B33: ARIYALUR | C33: 16 | D33: 28 | L33: 16 | S33: 16 | Z33: 16 | AE33: 8 | AH33: 48 | AK33: 16 | AL33: 16 | AM33: 16 | AO33: 16 | AP33: 20 | AT33: 4 | AU33: 16 | AZ33: =SUM(C33:AY33) -> 252
A34: 31 | B34: THIRUPPUR | D34: 16 | H34: 24 | J34: 104 | R34: 16 | T34: 16 | AC34: 16 | AD34: 28 | AI34: 16 | AL34: 16 | AM34: 16 | AO34: 16 | AY34: 16 | AZ34: =SUM(C34:AY34) -> 300
A35: 32 | B35: CHENGALPATTU | C35: 16 | D35: 28 | F35: 12 | AK35: 4 | AM35: 16 | AO35: 12 | AP35: 8 | AZ35: =SUM(C35:AY35) -> 96
A36: 33 | B36: KALLAKURICHI | C36: 12 | D36: 36 | F36: 8 | L36: 48 | R36: 20 | T36: 16 | Z36: 20 | AE36: 20 | AG36: 28 | AH36: 20 | AK36: 8 | AL36: 8 | AM36: 4 | AO36: 32 | AR36: 12 | AS36: 8 | AZ36: =SUM(C36:AY36) -> 300
A37: 34 | B37: RANIPET | C37: 16 | D37: 12 | F37: 12 | L37: 4 | V37: 16 | X37: 4 | AL37: 16 | AM37: 16 | AO37: 8 | AX37: 4 | AZ37: =SUM(C37:AY37) -> 108
A38: 35 | B38: TIRUPATHUR | D38: 4 | H38: 12 | L38: 12 | P38: 16 | Q38: 20 | V38: 28 | X38: 8 | AA38: 12 | AD38: 28 | AF38: 12 | AH38: 32 | AL38: 28 | AO38: 4 | AZ38: =SUM(C38:AY38) -> 216
A39: 36 | B39: TENKASI | C39: 16 | D39: 28 | F39: 8 | U39: 16 | Z39: 16 | AC39: 16 | AJ39: 16 | AO39: 16 | AQ39: 16 | AT39: 12 | AW39: 16 | AZ39: =SUM(C39:AY39) -> 176
A40: 37 | B40: MYLADUTHURAI | C40: 40 | D40: 44 | Z40: 20 | AC40: 28 | AI40: 12 | AM40: 16 | AZ40: =SUM(C40:AY40) -> 160
B41: TOTAL | C41: =SUM(C4:C40) -> 428 | D41: =SUM(D4:D40) -> 1168 | F41: =SUM(F4:F40) -> 300 | G41: =SUM(G4:G40) -> 36 | H41: =SUM(H4:H40) -> 404 | I41: =SUM(I4:I40) -> 130 | J41: =SUM(J4:J40) -> 510 | K41: =SUM(K4:K40) -> 32 | L41: =SUM(L4:L40) -> 208 | M41: =SUM(M4:M40) -> 8 | ... AY41: =SUM(AY4:AY40) -> 122 | AZ41: =SUM(C41:AY41) -> 9432
B42: *K Kharif | C42: *R Rabi | F42: *1 Irrigated | I42: *2 Unirrigated
C45: =EXACT(C2,'Dist-wise'!C1) -> TRUE | D45: =EXACT(D2,'Dist-wise'!D1) -> TRUE | F45: =EXACT(F2,'Dist-wise'!F1) -> TRUE | G45: =EXACT(G2,'Dist-wise'!G1) -> TRUE | H45: =EXACT(H2,'Dist-wise'!H1) -> TRUE | I45: =EXACT(I2,'Dist-wise'!I1) -> TRUE | J45: =EXACT(J2,'Dist-wise'!J1) -> TRUE | K45: =EXACT(K2,'Dist-wise'!K1) -> TRUE | L45: =EXACT(L2,'Dist-wise'!L1) -> TRUE | M45: =EXACT(M2,'Dist-wise'!M1) -> TRUE | ... AY45: =EXACT(AY2,'Dist-wise'!AY1) -> TRUE

Sheet 2.0WS
A1: CENTRAL WORKING SHEET FOR AS2.0 OF TAMIL NADU BASED ON CES PLANNING 2026-27
C2: KHARIF | BC2: RABI | CZ2: GRAND TOTAL
C3: PADDY-I (K) | F3: PADDY-II (S) | L3: JOWAR | R3: BAJRA | X3: MAIZE | AD3: GROUNDNUT | AJ3: GINGELLY | AP3: REDGRAM | AS3: COTTON | AY3: SUGARCANE | BB3: TOTAL | BC3: PADDY-III (N) | BF3: JOWAR | BL3: GROUNDNUT | BR3: BLACKGRAM | BX3: GREENGRAM | CD3: GINGELLY | CJ3: BAJRA | CP3: HORSEGRAM | CS3: COTTON | CY3: TOTAL
C4: IR | F4: UI | I4: IR | L4: UI | O4: IR | R4: UI | U4: IR | X4: UI | AA4: IR | AD4: UI | AG4: IR | AJ4: UI | AM4: IR | AP4: UI | AS4: UI | AV4: IR | BC4: IR | BF4: UI | BI4: IR | BL4: UI | BO4: IR | BR4: UI | BU4: IR | BX4: UI | CA4: IR | CD4: UI | CG4: IR | CJ4: UI | CM4: IR | CP4: UI | CS4: UI | CV4: IR
A5: D_CD | B5: DIST_NM | C5: CES | D5: ICS | E5: ADJ | F5: CES | G5: ICS | H5: ADJ | I5: CES | J5: ICS | K5: ADJ | L5: CES | M5: ICS | N5: ADJ | O5: CES | P5: ICS | Q5: ADJ | R5: CES | S5: ICS | T5: ADJ | U5: CES | V5: ICS | W5: ADJ | X5: CES | Y5: ICS | Z5: ADJ | AA5: CES | AB5: ICS | AC5: ADJ | AD5: CES | AE5: ICS | AF5: ADJ | AG5: CES | AH5: ICS | AI5: ADJ | AJ5: CES | AK5: ICS | AL5: ADJ | AM5: CES | AN5: ICS | AO5: ADJ | AP5: CES | AQ5: ICS | AR5: ADJ | AS5: CES | AT5: ICS | AU5: ADJ | AV5: CES | AW5: ICS | AX5: ADJ | AY5: CES | AZ5: ICS | BA5: ADJ | BC5: CES | BD5: ICS | BE5: ADJ | BF5: CES | BG5: ICS | BH5: ADJ | BI5: CES | BJ5: ICS | BK5: ADJ | BL5: CES | BM5: ICS | BN5: ADJ | BO5: CES | BP5: ICS | BQ5: ADJ | BR5: CES | BS5: ICS | BT5: ADJ | BU5: CES | BV5: ICS | BW5: ADJ | BX5: CES | BY5: ICS | BZ5: ADJ | CA5: CES | CB5: ICS | CC5: ADJ | CD5: CES | CE5: ICS | CF5: ADJ | CG5: CES | CH5: ICS | CI5: ADJ | CJ5: CES | CK5: ICS | CL5: ADJ | CM5: CES | CN5: ICS | CO5: ADJ | CP5: CES | CQ5: ICS | CR5: ADJ | CS5: CES | CT5: ICS | CU5: ADJ | CV5: CES | CW5: ICS | CX5: ADJ
A6: 10 | B6: ERODE | C6: =_xlfn.XLOOKUP($B6,GCES!$B:$B,GCES!$C:$C,"",0,1) | D6: =IF(C6="","",D$58*C6/C$57) | E6: =IF(C6="","",IF(D6>4,ROUND(D6/2,0)*2,IF(D6>D$59,4,""))) | F6: =_xlfn.XLOOKUP($B6,GCES!$B:$B,GCES!$E:$E,"",0,1) | G6: =IF(F6="","",G$58*F6/F$57) | H6: =IF(F6="","",IF(G6>4,ROUND(G6/2,0)*2,IF(G6>G$59,4,""))) | I6: =_xlfn.XLOOKUP($B6,GCES!$B:$B,GCES!$D:$D,"",0,1) -> 16 | J6: =IF(I6="","",J$58*I6/I$57) -> 1.5115207 | K6: =IF(I6="","",IF(J6>4,ROUND(J6/2,0)*2,IF(J6>J$59,4,""))) | L6: =_xlfn.XLOOKUP($B6,GCES!$B:$B,GCES!$H:$H,"",0,1) | M6: =IF(L6="","",M$58*L6/L$57) | N6: =IF(L6="","",IF(M6>4,ROUND(M6/2,0)*2,IF(M6>M$59,4,""))) | O6: =_xlfn.XLOOKUP($B6,GCES!$B:$B,GCES!$G:$G,"",0,1) | P6: =IF(O6="","",P$58*O6/O$57) | Q6: =IF(O6="","",IF(P6>4,ROUND(P6/2,0)*2,IF(P6>P$59,4,""))) | R6: =_xlfn.XLOOKUP($B6,GCES!$B:$B,GCES!$L:$L,"",0,1) | S6: =IF(R6="","",S$58*R6/R$57) | T6: =IF(R6="","",IF(S6>4,ROUND(S6/2,0)*2,IF(S6>S$59,4,""))) | U6: =_xlfn.XLOOKUP($B6,GCES!$B:$B,GCES!$K:$K,"",0,1) | V6: =IF(U6="","",V$58*U6/U$57) | W6: =IF(U6="","",IF(V6>4,ROUND(V6/2,0)*2,IF(V6>V$59,4,""))) | X6: =_xlfn.XLOOKUP($B6,GCES!$B:$B,GCES!$S:$S,"",0,1) -> 16 | Y6: =IF(X6="","",Y$58*X6/X$57) -> 5.6470588 | Z6: =IF(X6="","",IF(Y6>4,ROUND(Y6/2,0)*2,IF(Y6>Y$59,4,""))) -> 6 | AA6: =_xlfn.XLOOKUP($B6,GCES!$B:$B,GCES!$R:$R,"",0,1) -> 20 | AB6: =IF(AA6="","",AB$58*AA6/AA$57) -> 6.8181818 | AC6: 8 | AD6: =_xlfn.XLOOKUP($B6,GCES!$B:$B,GCES!$AL:$AL,"",0,1) -> 44 | AE6: =IF(AD6="","",AE$58*AD6/AD$57) -> 5.2884615 | AF6: =IF(AD6="","",IF(AE6>4,ROUND(AE6/2,0)*2,IF(AE6>AE$59,4,""))) -> 6 | AG6: =_xlfn.XLOOKUP($B6,GCES!$B:$B,GCES!$AK:$AK,"",0,1) -> 16 | AH6: =IF(AG6="","",AH$58*AG6/AG$57) -> 2.6666667 | AI6: =IF(AG6="","",IF(AH6>4,ROUND(AH6/2,0)*2,IF(AH6>AH$59,4,""))) -> 4 | AJ6: =_xlfn.XLOOKUP($B6,GCES!$B:$B,GCES!$AQ:$AQ,"",0,1) | AK6: =IF(AJ6="","",AK$58*AJ6/AJ$57) | AL6: =IF(AJ6="","",IF(AK6>4,ROUND(AK6/2,0)*2,IF(AK6>AK$59,4,""))) | AM6: =_xlfn.XLOOKUP($B6,GCES!$B:$B,GCES!$AP:$AP,"",0,1) | AN6: =IF(AM6="","",AN$58*AM6/AM$57) | AO6: =IF(AM6="","",IF(AN6>4,ROUND(AN6/2,0)*2,IF(AN6>AN$59,4,""))) | AP6: =_xlfn.XLOOKUP($B6,GCES!$B:$B,GCES!$V:$V,"",0,1) -> 16 | AQ6: =IF(AP6="","",AQ$58*AP6/AP$57) -> 4.4571429 | AR6: =IF(AP6="","",IF(AQ6>4,ROUND(AQ6/2,0)*2,IF(AQ6>AQ$59,4,""))) -> 4 | AS6: =_xlfn.XLOOKUP($B6,GCES!$B:$B,GCES!$AH:$AH,"",0,1) | AT6: =IF(AS6="","",AT$58*AS6/AS$57) | AU6: =IF(AS6="","",IF(AT6>4,ROUND(AT6/2,0)*2,IF(AT6>AT$59,4,""))) | AV6: =_xlfn.XLOOKUP($B6,GCES!$B:$B,GCES!$AG:$AG,"",0,1) | AW6: =IF(AV6="","",AW$58*AV6/AV$57) | AX6: =IF(AV6="","",IF(AW6>4,ROUND(AW6/2,0)*2,IF(AW6>AW$59,4,""))) | AY6: =_xlfn.XLOOKUP($B6,GCES!$B:$B,GCES!$AO:$AO,"",0,1) -> 36 | AZ6: =IF(AY6="","",AZ$58*AY6/AY$57) -> 6.6 | BA6: =IF(AY6="","",IF(AZ6>4,ROUND(AZ6/2,0)*2,IF(AZ6>AZ$59,4,""))) -> 6 | BB6: =SUM(E6,H6,K6,N6,Q6,T6,W6,Z6,AC6,AF6,AI6,AL6,AO6,AR6,AU6,AX6,BA6) -> 34 | BC6: =_xlfn.XLOOKUP($B6,GCES!$B:$B,GCES!$F:$F,"",0,1) | BD6: =IF(BC6="","",BD$58*BC6/BC$57) | BE6: =IF(BC6="","",IF(BD6>4,ROUND(BD6/2,0)*2,IF(BD6>BD$59,4,""))) | BF6: =_xlfn.XLOOKUP($B6,GCES!$B:$B,GCES!$J:$J,"",0,1) | BG6: =IF(BF6="","",BG$58*BF6/BF$57) | BH6: =IF(BF6="","",IF(BG6>4,ROUND(BG6/2,0)*2,IF(BG6>BG$59,4,""))) | BI6: =_xlfn.XLOOKUP($B6,GCES!$B:$B,GCES!$I:$I,"",0,1) | BJ6: =IF(BI6="","",BJ$58*BI6/BI$57) | BK6: =IF(BI6="","",IF(BJ6>4,ROUND(BJ6/2,0)*2,IF(BJ6>BJ$59,4,""))) | BL6: =_xlfn.XLOOKUP($B6,GCES!$B:$B,GCES!$AN:$AN,"",0,1) | BM6: =IF(BL6="","",BM$58*BL6/BL$57) | BN6: =IF(BL6="","",IF(BM6>4,ROUND(BM6/2,0)*2,IF(BM6>BM$59,4,""))) | BO6: =_xlfn.XLOOKUP($B6,GCES!$B:$B,GCES!$AM:$AM,"",0,1) -> 16 | BP6: =IF(BO6="","",BP$58*BO6/BO$57) -> 3.8709677 | BQ6: =IF(BO6="","",IF(BP6>4,ROUND(BP6/2,0)*2,IF(BP6>BP$59,4,""))) -> 4 | BR6: =_xlfn.XLOOKUP($B6,GCES!$B:$B,GCES!$Z:$Z,"",0,1) | BS6: =IF(BR6="","",BS$58*BR6/BR$57) | BT6: =IF(BR6="","",IF(BS6>4,ROUND(BS6/2,0)*2,IF(BS6>BS$59,4,""))) | BU6: =_xlfn.XLOOKUP($B6,GCES!$B:$B,GCES!$Y:$Y,"",0,1) | BV6: =IF(BU6="","",BV$58*BU6/BU$57) | BW6: =IF(BU6="","",IF(BV6>4,ROUND(BV6/2,0)*2,IF(BV6>BV$59,4,""))) | BX6: =_xlfn.XLOOKUP($B6,GCES!$B:$B,GCES!$AC:$AC,"",0,1) | BY6: =IF(BX6="","",BY$58*BX6/BX$57) | BZ6: =IF(BX6="","",IF(BY6>4,ROUND(BY6/2,0)*2,IF(BY6>BY$59,4,""))) | CA6: =_xlfn.XLOOKUP($B6,GCES!$B:$B,GCES!$AB:$AB,"",0,1) | CB6: =IF(CA6="","",CB$58*CA6/CA$57) | CC6: =IF(CA6="","",IF(CB6>4,ROUND(CB6/2,0)*2,IF(CB6>CB$59,4,""))) | CD6: =_xlfn.XLOOKUP($B6,GCES!$B:$B,GCES!$AS:$AS,"",0,1) | CE6: =IF(CD6="","",CE$58*CD6/CD$57) | CF6: =IF(CD6="","",IF(CE6>4,ROUND(CE6/2,0)*2,IF(CE6>CE$59,4,""))) | CG6: =_xlfn.XLOOKUP($B6,GCES!$B:$B,GCES!$AR:$AR,"",0,1) -> 16 | CH6: =IF(CG6="","",CH$58*CG6/CG$57) -> 5.2173913 | CI6: =IF(CG6="","",IF(CH6>4,ROUND(CH6/2,0)*2,IF(CH6>CH$59,4,""))) -> 6 | CJ6: =_xlfn.XLOOKUP($B6,GCES!$B:$B,GCES!$N:$N,"",0,1) | CK6: =IF(CJ6="","",CK$58*CJ6/CJ$57) | CL6: =IF(CJ6="","",IF(CK6>4,ROUND(CK6/2,0)*2,IF(CK6>CK$59,4,""))) | CM6: =_xlfn.XLOOKUP($B6,GCES!$B:$B,GCES!$M:$M,"",0,1) | CN6: =IF(CM6="","",CN$58*CM6/CM$57) | CO6: =IF(CM6="","",IF(CN6>4,ROUND(CN6/2,0)*2,IF(CN6>CN$59,4,""))) | CP6: =_xlfn.XLOOKUP($B6,GCES!$B:$B,GCES!$AD:$AD,"",0,1) | CQ6: =IF(CP6="","",CQ$58*CP6/CP$57) | CR6: =IF(CP6="","",IF(CQ6>4,ROUND(CQ6/2,0)*2,IF(CQ6>CQ$59,4,""))) | CS6: =_xlfn.XLOOKUP($B6,GCES!$B:$B,GCES!$AJ:$AJ,"",0,1) | CT6: =IF(CS6="","",CT$58*CS6/CS$57) | CU6: =IF(CS6="","",IF(CT6>4,ROUND(CT6/2,0)*2,IF(CT6>CT$59,4,""))) | CV6: =_xlfn.XLOOKUP($B6,GCES!$B:$B,GCES!$AI:$AI,"",0,1) | CW6: =IF(CV6="","",CW$58*CV6/CV$57) | CX6: =IF(CV6="","",IF(CW6>4,ROUND(CW6/2,0)*2,IF(CW6>CW$59,4,""))) | CY6: =SUM(BE6,BH6,BK6,BN6,BQ6,BT6,BW6,BZ6,CC6,CF6,CI6,CL6,CO6,CR6,CU6,CX6) -> 10 | CZ6: =SUM(BB6,CY6) -> 44
A7: 11 | B7: THE NILGIRIS | C7: =_xlfn.XLOOKUP($B7,GCES!$B:$B,GCES!$C:$C,"",0,1) | D7: =IF(C7="","",D$58*C7/C$57) | E7: =IF(C7="","",IF(D7>4,ROUND(D7/2,0)*2,IF(D7>D$59,4,""))) | F7: =_xlfn.XLOOKUP($B7,GCES!$B:$B,GCES!$E:$E,"",0,1) | G7: =IF(F7="","",G$58*F7/F$57) | H7: =IF(F7="","",IF(G7>4,ROUND(G7/2,0)*2,IF(G7>G$59,4,""))) | I7: =_xlfn.XLOOKUP($B7,GCES!$B:$B,GCES!$D:$D,"",0,1) | J7: =IF(I7="","",J$58*I7/I$57) | K7: =IF(I7="","",IF(J7>4,ROUND(J7/2,0)*2,IF(J7>J$59,4,""))) | L7: =_xlfn.XLOOKUP($B7,GCES!$B:$B,GCES!$H:$H,"",0,1) | M7: =IF(L7="","",M$58*L7/L$57) | N7: =IF(L7="","",IF(M7>4,ROUND(M7/2,0)*2,IF(M7>M$59,4,""))) | O7: =_xlfn.XLOOKUP($B7,GCES!$B:$B,GCES!$G:$G,"",0,1) | P7: =IF(O7="","",P$58*O7/O$57) | Q7: =IF(O7="","",IF(P7>4,ROUND(P7/2,0)*2,IF(P7>P$59,4,""))) | R7: =_xlfn.XLOOKUP($B7,GCES!$B:$B,GCES!$L:$L,"",0,1) | S7: =IF(R7="","",S$58*R7/R$57) | T7: =IF(R7="","",IF(S7>4,ROUND(S7/2,0)*2,IF(S7>S$59,4,""))) | U7: =_xlfn.XLOOKUP($B7,GCES!$B:$B,GCES!$K:$K,"",0,1) | V7: =IF(U7="","",V$58*U7/U$57) | W7: =IF(U7="","",IF(V7>4,ROUND(V7/2,0)*2,IF(V7>V$59,4,""))) | X7: =_xlfn.XLOOKUP($B7,GCES!$B:$B,GCES!$S:$S,"",0,1) | Y7: =IF(X7="","",Y$58*X7/X$57) | Z7: =IF(X7="","",IF(Y7>4,ROUND(Y7/2,0)*2,IF(Y7>Y$59,4,""))) | AA7: =_xlfn.XLOOKUP($B7,GCES!$B:$B,GCES!$R:$R,"",0,1) | AB7: =IF(AA7="","",AB$58*AA7/AA$57) | AC7: =IF(AA7="","",IF(AB7>4,ROUND(AB7/2,0)*2,IF(AB7>AB$59,4,""))) | AD7: =_xlfn.XLOOKUP($B7,GCES!$B:$B,GCES!$AL:$AL,"",0,1) | AE7: =IF(AD7="","",AE$58*AD7/AD$57) | AF7: =IF(AD7="","",IF(AE7>4,ROUND(AE7/2,0)*2,IF(AE7>AE$59,4,""))) | AG7: =_xlfn.XLOOKUP($B7,GCES!$B:$B,GCES!$AK:$AK,"",0,1) | AH7: =IF(AG7="","",AH$58*AG7/AG$57) | AI7: =IF(AG7="","",IF(AH7>4,ROUND(AH7/2,0)*2,IF(AH7>AH$59,4,""))) | AJ7: =_xlfn.XLOOKUP($B7,GCES!$B:$B,GCES!$AQ:$AQ,"",0,1) | AK7: =IF(AJ7="","",AK$58*AJ7/AJ$57) | AL7: =IF(AJ7="","",IF(AK7>4,ROUND(AK7/2,0)*2,IF(AK7>AK$59,4,""))) | AM7: =_xlfn.XLOOKUP($B7,GCES!$B:$B,GCES!$AP:$AP,"",0,1) | AN7: =IF(AM7="","",AN$58*AM7/AM$57) | AO7: =IF(AM7="","",IF(AN7>4,ROUND(AN7/2,0)*2,IF(AN7>AN$59,4,""))) | AP7: =_xlfn.XLOOKUP($B7,GCES!$B:$B,GCES!$V:$V,"",0,1) | AQ7: =IF(AP7="","",AQ$58*AP7/AP$57) | AR7: =IF(AP7="","",IF(AQ7>4,ROUND(AQ7/2,0)*2,IF(AQ7>AQ$59,4,""))) | AS7: =_xlfn.XLOOKUP($B7,GCES!$B:$B,GCES!$AH:$AH,"",0,1) | AT7: =IF(AS7="","",AT$58*AS7/AS$57) | AU7: =IF(AS7="","",IF(AT7>4,ROUND(AT7/2,0)*2,IF(AT7>AT$59,4,""))) | AV7: =_xlfn.XLOOKUP($B7,GCES!$B:$B,GCES!$AG:$AG,"",0,1) | AW7: =IF(AV7="","",AW$58*AV7/AV$57) | AX7: =IF(AV7="","",IF(AW7>4,ROUND(AW7/2,0)*2,IF(AW7>AW$59,4,""))) | AY7: =_xlfn.XLOOKUP($B7,GCES!$B:$B,GCES!$AO:$AO,"",0,1) | AZ7: =IF(AY7="","",AZ$58*AY7/AY$57) | BA7: =IF(AY7="","",IF(AZ7>4,ROUND(AZ7/2,0)*2,IF(AZ7>AZ$59,4,""))) | BB7: =SUM(E7,H7,K7,N7,Q7,T7,W7,Z7,AC7,AF7,AI7,AL7,AO7,AR7,AU7,AX7,BA7) -> 0 | BC7: =_xlfn.XLOOKUP($B7,GCES!$B:$B,GCES!$F:$F,"",0,1) | BD7: =IF(BC7="","",BD$58*BC7/BC$57) | BE7: =IF(BC7="","",IF(BD7>4,ROUND(BD7/2,0)*2,IF(BD7>BD$59,4,""))) | BF7: =_xlfn.XLOOKUP($B7,GCES!$B:$B,GCES!$J:$J,"",0,1) | BG7: =IF(BF7="","",BG$58*BF7/BF$57) | BH7: =IF(BF7="","",IF(BG7>4,ROUND(BG7/2,0)*2,IF(BG7>BG$59,4,""))) | BI7: =_xlfn.XLOOKUP($B7,GCES!$B:$B,GCES!$I:$I,"",0,1) | BJ7: =IF(BI7="","",BJ$58*BI7/BI$57) | BK7: =IF(BI7="","",IF(BJ7>4,ROUND(BJ7/2,0)*2,IF(BJ7>BJ$59,4,""))) | BL7: =_xlfn.XLOOKUP($B7,GCES!$B:$B,GCES!$AN:$AN,"",0,1) | BM7: =IF(BL7="","",BM$58*BL7/BL$57) | BN7: =IF(BL7="","",IF(BM7>4,ROUND(BM7/2,0)*2,IF(BM7>BM$59,4,""))) | BO7: =_xlfn.XLOOKUP($B7,GCES!$B:$B,GCES!$AM:$AM,"",0,1) | BP7: =IF(BO7="","",BP$58*BO7/BO$57) | BQ7: =IF(BO7="","",IF(BP7>4,ROUND(BP7/2,0)*2,IF(BP7>BP$59,4,""))) | BR7: =_xlfn.XLOOKUP($B7,GCES!$B:$B,GCES!$Z:$Z,"",0,1) | BS7: =IF(BR7="","",BS$58*BR7/BR$57) | BT7: =IF(BR7="","",IF(BS7>4,ROUND(BS7/2,0)*2,IF(BS7>BS$59,4,""))) | BU7: =_xlfn.XLOOKUP($B7,GCES!$B:$B,GCES!$Y:$Y,"",0,1) | BV7: =IF(BU7="","",BV$58*BU7/BU$57) | BW7: =IF(BU7="","",IF(BV7>4,ROUND(BV7/2,0)*2,IF(BV7>BV$59,4,""))) | BX7: =_xlfn.XLOOKUP($B7,GCES!$B:$B,GCES!$AC:$AC,"",0,1) | BY7: =IF(BX7="","",BY$58*BX7/BX$57) | BZ7: =IF(BX7="","",IF(BY7>4,ROUND(BY7/2,0)*2,IF(BY7>BY$59,4,""))) | CA7: =_xlfn.XLOOKUP($B7,GCES!$B:$B,GCES!$AB:$AB,"",0,1) | CB7: =IF(CA7="","",CB$58*CA7/CA$57) | CC7: =IF(CA7="","",IF(CB7>4,ROUND(CB7/2,0)*2,IF(CB7>CB$59,4,""))) | CD7: =_xlfn.XLOOKUP($B7,GCES!$B:$B,GCES!$AS:$AS,"",0,1) | CE7: =IF(CD7="","",CE$58*CD7/CD$57) | CF7: =IF(CD7="","",IF(CE7>4,ROUND(CE7/2,0)*2,IF(CE7>CE$59,4,""))) | CG7: =_xlfn.XLOOKUP($B7,GCES!$B:$B,GCES!$AR:$AR,"",0,1) | CH7: =IF(CG7="","",CH$58*CG7/CG$57) | CI7: =IF(CG7="","",IF(CH7>4,ROUND(CH7/2,0)*2,IF(CH7>CH$59,4,""))) | CJ7: =_xlfn.XLOOKUP($B7,GCES!$B:$B,GCES!$N:$N,"",0,1) | CK7: =IF(CJ7="","",CK$58*CJ7/CJ$57) | CL7: =IF(CJ7="","",IF(CK7>4,ROUND(CK7/2,0)*2,IF(CK7>CK$59,4,""))) | CM7: =_xlfn.XLOOKUP($B7,GCES!$B:$B,GCES!$M:$M,"",0,1) | CN7: =IF(CM7="","",CN$58*CM7/CM$57) | CO7: =IF(CM7="","",IF(CN7>4,ROUND(CN7/2,0)*2,IF(CN7>CN$59,4,""))) | CP7: =_xlfn.XLOOKUP($B7,GCES!$B:$B,GCES!$AD:$AD,"",0,1) | CQ7: =IF(CP7="","",CQ$58*CP7/CP$57) | CR7: =IF(CP7="","",IF(CQ7>4,ROUND(CQ7/2,0)*2,IF(CQ7>CQ$59,4,""))) | CS7: =_xlfn.XLOOKUP($B7,GCES!$B:$B,GCES!$AJ:$AJ,"",0,1) | CT7: =IF(CS7="","",CT$58*CS7/CS$57) | CU7: =IF(CS7="","",IF(CT7>4,ROUND(CT7/2,0)*2,IF(CT7>CT$59,4,""))) | CV7: =_xlfn.XLOOKUP($B7,GCES!$B:$B,GCES!$AI:$AI,"",0,1) | CW7: =IF(CV7="","",CW$58*CV7/CV$57) | CX7: =IF(CV7="","",IF(CW7>4,ROUND(CW7/2,0)*2,IF(CW7>CW$59,4,""))) | CY7: =SUM(BE7,BH7,BK7,BN7,BQ7,BT7,BW7,BZ7,CC7,CF7,CI7,CL7,CO7,CR7,CU7,CX7) -> 0 | CZ7: =SUM(BB7,CY7) -> 0
A8: 12 | B8: COIMBATORE | C8: =_xlfn.XLOOKUP($B8,GCES!$B:$B,GCES!$C:$C,"",0,1) | D8: =IF(C8="","",D$58*C8/C$57) | E8: =IF(C8="","",IF(D8>4,ROUND(D8/2,0)*2,IF(D8>D$59,4,""))) | F8: =_xlfn.XLOOKUP($B8,GCES!$B:$B,GCES!$E:$E,"",0,1) | G8: =IF(F8="","",G$58*F8/F$57) | H8: =IF(F8="","",IF(G8>4,ROUND(G8/2,0)*2,IF(G8>G$59,4,""))) | I8: =_xlfn.XLOOKUP($B8,GCES!$B:$B,GCES!$D:$D,"",0,1) | J8: =IF(I8="","",J$58*I8/I$57) | K8: =IF(I8="","",IF(J8>4,ROUND(J8/2,0)*2,IF(J8>J$59,4,""))) | L8: =_xlfn.XLOOKUP($B8,GCES!$B:$B,GCES!$H:$H,"",0,1) -> 32 | M8: =IF(L8="","",M$58*L8/L$57) -> 6.0952381 | N8: =IF(L8="","",IF(M8>4,ROUND(M8/2,0)*2,IF(M8>M$59,4,""))) -> 6 | O8: =_xlfn.XLOOKUP($B8,GCES!$B:$B,GCES!$G:$G,"",0,1) | P8: =IF(O8="","",P$58*O8/O$57) | Q8: =IF(O8="","",IF(P8>4,ROUND(P8/2,0)*2,IF(P8>P$59,4,""))) | R8: =_xlfn.XLOOKUP($B8,GCES!$B:$B,GCES!$L:$L,"",0,1) | S8: =IF(R8="","",S$58*R8/R$57) | T8: =IF(R8="","",IF(S8>4,ROUND(S8/2,0)*2,IF(S8>S$59,4,""))) | U8: =_xlfn.XLOOKUP($B8,GCES!$B:$B,GCES!$K:$K,"",0,1) | V8: =IF(U8="","",V$58*U8/U$57) | W8: =IF(U8="","",IF(V8>4,ROUND(V8/2,0)*2,IF(V8>V$59,4,""))) | X8: =_xlfn.XLOOKUP($B8,GCES!$B:$B,GCES!$S:$S,"",0,1) | Y8: =IF(X8="","",Y$58*X8/X$57) | Z8: =IF(X8="","",IF(Y8>4,ROUND(Y8/2,0)*2,IF(Y8>Y$59,4,""))) | AA8: =_xlfn.XLOOKUP($B8,GCES!$B:$B,GCES!$R:$R,"",0,1) | AB8: =IF(AA8="","",AB$58*AA8/AA$57) | AC8: =IF(AA8="","",IF(AB8>4,ROUND(AB8/2,0)*2,IF(AB8>AB$59,4,""))) | AD8: =_xlfn.XLOOKUP($B8,GCES!$B:$B,GCES!$AL:$AL,"",0,1) -> 16 | AE8: =IF(AD8="","",AE$58*AD8/AD$57) -> 1.9230769 | AF8: =IF(AD8="","",IF(AE8>4,ROUND(AE8/2,0)*2,IF(AE8>AE$59,4,""))) | AG8: =_xlfn.XLOOKUP($B8,GCES!$B:$B,GCES!$AK:$AK,"",0,1) | AH8: =IF(AG8="","",AH$58*AG8/AG$57) | AI8: =IF(AG8="","",IF(AH8>4,ROUND(AH8/2,0)*2,IF(AH8>AH$59,4,""))) | AJ8: =_xlfn.XLOOKUP($B8,GCES!$B:$B,GCES!$AQ:$AQ,"",0,1) | AK8: =IF(AJ8="","",AK$58*AJ8/AJ$57) | AL8: =IF(AJ8="","",IF(AK8>4,ROUND(AK8/2,0)*2,IF(AK8>AK$59,4,""))) | AM8: =_xlfn.XLOOKUP($B8,GCES!$B:$B,GCES!$AP:$AP,"",0,1) | AN8: =IF(AM8="","",AN$58*AM8/AM$57) | AO8: =IF(AM8="","",IF(AN8>4,ROUND(AN8/2,0)*2,IF(AN8>AN$59,4,""))) | AP8: =_xlfn.XLOOKUP($B8,GCES!$B:$B,GCES!$V:$V,"",0,1) | AQ8: =IF(AP8="","",AQ$58*AP8/AP$57) | AR8: =IF(AP8="","",IF(AQ8>4,ROUND(AQ8/2,0)*2,IF(AQ8>AQ$59,4,""))) | AS8: =_xlfn.XLOOKUP($B8,GCES!$B:$B,GCES!$AH:$AH,"",0,1) | AT8: =IF(AS8="","",AT$58*AS8/AS$57) | AU8: =IF(AS8="","",IF(AT8>4,ROUND(AT8/2,0)*2,IF(AT8>AT$59,4,""))) | AV8: =_xlfn.XLOOKUP($B8,GCES!$B:$B,GCES!$AG:$AG,"",0,1) | AW8: =IF(AV8="","",AW$58*AV8/AV$57) | AX8: =IF(AV8="","",IF(AW8>4,ROUND(AW8/2,0)*2,IF(AW8>AW$59,4,""))) | AY8: =_xlfn.XLOOKUP($B8,GCES!$B:$B,GCES!$AO:$AO,"",0,1) | AZ8: =IF(AY8="","",AZ$58*AY8/AY$57) | BA8: =IF(AY8="","",IF(AZ8>4,ROUND(AZ8/2,0)*2,IF(AZ8>AZ$59,4,""))) | BB8: =SUM(E8,H8,K8,N8,Q8,T8,W8,Z8,AC8,AF8,AI8,AL8,AO8,AR8,AU8,AX8,BA8) -> 6 | BC8: =_xlfn.XLOOKUP($B8,GCES!$B:$B,GCES!$F:$F,"",0,1) | BD8: =IF(BC8="","",BD$58*BC8/BC$57) | BE8: =IF(BC8="","",IF(BD8>4,ROUND(BD8/2,0)*2,IF(BD8>BD$59,4,""))) | BF8: =_xlfn.XLOOKUP($B8,GCES!$B:$B,GCES!$J:$J,"",0,1) -> 36 | BG8: =IF(BF8="","",BG$58*BF8/BF$57) -> 6.1554404 | BH8: =IF(BF8="","",IF(BG8>4,ROUND(BG8/2,0)*2,IF(BG8>BG$59,4,""))) -> 6 | BI8: =_xlfn.XLOOKUP($B8,GCES!$B:$B,GCES!$I:$I,"",0,1) | BJ8: =IF(BI8="","",BJ$58*BI8/BI$57) | BK8: =IF(BI8="","",IF(BJ8>4,ROUND(BJ8/2,0)*2,IF(BJ8>BJ$59,4,""))) | BL8: =_xlfn.XLOOKUP($B8,GCES!$B:$B,GCES!$AN:$AN,"",0,1) | BM8: =IF(BL8="","",BM$58*BL8/BL$57) | BN8: =IF(BL8="","",IF(BM8>4,ROUND(BM8/2,0)*2,IF(BM8>BM$59,4,""))) | BO8: =_xlfn.XLOOKUP($B8,GCES!$B:$B,GCES!$AM:$AM,"",0,1) | BP8: =IF(BO8="","",BP$58*BO8/BO$57) | BQ8: =IF(BO8="","",IF(BP8>4,ROUND(BP8/2,0)*2,IF(BP8>BP$59,4,""))) | BR8: =_xlfn.XLOOKUP($B8,GCES!$B:$B,GCES!$Z:$Z,"",0,1) | BS8: =IF(BR8="","",BS$58*BR8/BR$57) | BT8: =IF(BR8="","",IF(BS8>4,ROUND(BS8/2,0)*2,IF(BS8>BS$59,4,""))) | BU8: =_xlfn.XLOOKUP($B8,GCES!$B:$B,GCES!$Y:$Y,"",0,1) | BV8: =IF(BU8="","",BV$58*BU8/BU$57) | BW8: =IF(BU8="","",IF(BV8>4,ROUND(BV8/2,0)*2,IF(BV8>BV$59,4,""))) | BX8: =_xlfn.XLOOKUP($B8,GCES!$B:$B,GCES!$AC:$AC,"",0,1) | BY8: =IF(BX8="","",BY$58*BX8/BX$57) | BZ8: =IF(BX8="","",IF(BY8>4,ROUND(BY8/2,0)*2,IF(BY8>BY$59,4,""))) | CA8: =_xlfn.XLOOKUP($B8,GCES!$B:$B,GCES!$AB:$AB,"",0,1) | CB8: =IF(CA8="","",CB$58*CA8/CA$57) | CC8: =IF(CA8="","",IF(CB8>4,ROUND(CB8/2,0)*2,IF(CB8>CB$59,4,""))) | CD8: =_xlfn.XLOOKUP($B8,GCES!$B:$B,GCES!$AS:$AS,"",0,1) | CE8: =IF(CD8="","",CE$58*CD8/CD$57) | CF8: =IF(CD8="","",IF(CE8>4,ROUND(CE8/2,0)*2,IF(CE8>CE$59,4,""))) | CG8: =_xlfn.XLOOKUP($B8,GCES!$B:$B,GCES!$AR:$AR,"",0,1) | CH8: =IF(CG8="","",CH$58*CG8/CG$57) | CI8: =IF(CG8="","",IF(CH8>4,ROUND(CH8/2,0)*2,IF(CH8>CH$59,4,""))) | CJ8: =_xlfn.XLOOKUP($B8,GCES!$B:$B,GCES!$N:$N,"",0,1) -> 8 | CK8: =IF(CJ8="","",CK$58*CJ8/CJ$57) -> 2.122449 | CL8: =IF(CJ8="","",IF(CK8>4,ROUND(CK8/2,0)*2,IF(CK8>CK$59,4,""))) | CM8: =_xlfn.XLOOKUP($B8,GCES!$B:$B,GCES!$M:$M,"",0,1) | CN8: =IF(CM8="","",CN$58*CM8/CM$57) | CO8: =IF(CM8="","",IF(CN8>4,ROUND(CN8/2,0)*2,IF(CN8>CN$59,4,""))) | CP8: =_xlfn.XLOOKUP($B8,GCES!$B:$B,GCES!$AD:$AD,"",0,1) -> 16 | CQ8: =IF(CP8="","",CQ$58*CP8/CP$57) -> 4 | CR8: =IF(CP8="","",IF(CQ8>4,ROUND(CQ8/2,0)*2,IF(CQ8>CQ$59,4,""))) -> 4 | CS8: =_xlfn.XLOOKUP($B8,GCES!$B:$B,GCES!$AJ:$AJ,"",0,1) | CT8: =IF(CS8="","",CT$58*CS8/CS$57) | CU8: =IF(CS8="","",IF(CT8>4,ROUND(CT8/2,0)*2,IF(CT8>CT$59,4,""))) | CV8: =_xlfn.XLOOKUP($B8,GCES!$B:$B,GCES!$AI:$AI,"",0,1) | CW8: =IF(CV8="","",CW$58*CV8/CV$57) | CX8: =IF(CV8="","",IF(CW8>4,ROUND(CW8/2,0)*2,IF(CW8>CW$59,4,""))) | CY8: =SUM(BE8,BH8,BK8,BN8,BQ8,BT8,BW8,BZ8,CC8,CF8,CI8,CL8,CO8,CR8,CU8,CX8) -> 10 | CZ8: =SUM(BB8,CY8) -> 16
A9: 32 | B9: TIRUPPUR | C9: =_xlfn.XLOOKUP($B9,GCES!$B:$B,GCES!$C:$C,"",0,1) | D9: =IF(C9="","",D$58*C9/C$57) | E9: =IF(C9="","",IF(D9>4,ROUND(D9/2,0)*2,IF(D9>D$59,4,""))) | F9: =_xlfn.XLOOKUP($B9,GCES!$B:$B,GCES!$E:$E,"",0,1) | G9: =IF(F9="","",G$58*F9/F$57) | H9: =IF(F9="","",IF(G9>4,ROUND(G9/2,0)*2,IF(G9>G$59,4,""))) | I9: =_xlfn.XLOOKUP($B9,GCES!$B:$B,GCES!$D:$D,"",0,1) | J9: =IF(I9="","",J$58*I9/I$57) | K9: =IF(I9="","",IF(J9>4,ROUND(J9/2,0)*2,IF(J9>J$59,4,""))) | L9: =_xlfn.XLOOKUP($B9,GCES!$B:$B,GCES!$H:$H,"",0,1) | M9: =IF(L9="","",M$58*L9/L$57) | N9: =IF(L9="","",IF(M9>4,ROUND(M9/2,0)*2,IF(M9>M$59,4,""))) | O9: =_xlfn.XLOOKUP($B9,GCES!$B:$B,GCES!$G:$G,"",0,1) | P9: =IF(O9="","",P$58*O9/O$57) | Q9: =IF(O9="","",IF(P9>4,ROUND(P9/2,0)*2,IF(P9>P$59,4,""))) | R9: =_xlfn.XLOOKUP($B9,GCES!$B:$B,GCES!$L:$L,"",0,1) | S9: =IF(R9="","",S$58*R9/R$57) | T9: =IF(R9="","",IF(S9>4,ROUND(S9/2,0)*2,IF(S9>S$59,4,""))) | U9: =_xlfn.XLOOKUP($B9,GCES!$B:$B,GCES!$K:$K,"",0,1) | V9: =IF(U9="","",V$58*U9/U$57) | W9: =IF(U9="","",IF(V9>4,ROUND(V9/2,0)*2,IF(V9>V$59,4,""))) | X9: =_xlfn.XLOOKUP($B9,GCES!$B:$B,GCES!$S:$S,"",0,1) | Y9: =IF(X9="","",Y$58*X9/X$57) | Z9: =IF(X9="","",IF(Y9>4,ROUND(Y9/2,0)*2,IF(Y9>Y$59,4,""))) | AA9: =_xlfn.XLOOKUP($B9,GCES!$B:$B,GCES!$R:$R,"",0,1) | AB9: =IF(AA9="","",AB$58*AA9/AA$57) | AC9: =IF(AA9="","",IF(AB9>4,ROUND(AB9/2,0)*2,IF(AB9>AB$59,4,""))) | AD9: =_xlfn.XLOOKUP($B9,GCES!$B:$B,GCES!$AL:$AL,"",0,1) | AE9: =IF(AD9="","",AE$58*AD9/AD$57) | AF9: =IF(AD9="","",IF(AE9>4,ROUND(AE9/2,0)*2,IF(AE9>AE$59,4,""))) | AG9: =_xlfn.XLOOKUP($B9,GCES!$B:$B,GCES!$AK:$AK,"",0,1) | AH9: =IF(AG9="","",AH$58*AG9/AG$57) | AI9: =IF(AG9="","",IF(AH9>4,ROUND(AH9/2,0)*2,IF(AH9>AH$59,4,""))) | AJ9: =_xlfn.XLOOKUP($B9,GCES!$B:$B,GCES!$AQ:$AQ,"",0,1) | AK9: =IF(AJ9="","",AK$58*AJ9/AJ$57) | AL9: =IF(AJ9="","",IF(AK9>4,ROUND(AK9/2,0)*2,IF(AK9>AK$59,4,""))) | AM9: =_xlfn.XLOOKUP($B9,GCES!$B:$B,GCES!$AP:$AP,"",0,1) | AN9: =IF(AM9="","",AN$58*AM9/AM$57) | AO9: =IF(AM9="","",IF(AN9>4,ROUND(AN9/2,0)*2,IF(AN9>AN$59,4,""))) | AP9: =_xlfn.XLOOKUP($B9,GCES!$B:$B,GCES!$V:$V,"",0,1) | AQ9: =IF(AP9="","",AQ$58*AP9/AP$57) | AR9: =IF(AP9="","",IF(AQ9>4,ROUND(AQ9/2,0)*2,IF(AQ9>AQ$59,4,""))) | AS9: =_xlfn.XLOOKUP($B9,GCES!$B:$B,GCES!$AH:$AH,"",0,1) | AT9: =IF(AS9="","",AT$58*AS9/AS$57) | AU9: =IF(AS9="","",IF(AT9>4,ROUND(AT9/2,0)*2,IF(AT9>AT$59,4,""))) | AV9: =_xlfn.XLOOKUP($B9,GCES!$B:$B,GCES!$AG:$AG,"",0,1) | AW9: =IF(AV9="","",AW$58*AV9/AV$57) | AX9: =IF(AV9="","",IF(AW9>4,ROUND(AW9/2,0)*2,IF(AW9>AW$59,4,""))) | AY9: =_xlfn.XLOOKUP($B9,GCES!$B:$B,GCES!$AO:$AO,"",0,1) | AZ9: =IF(AY9="","",AZ$58*AY9/AY$57) | BA9: =IF(AY9="","",IF(AZ9>4,ROUND(AZ9/2,0)*2,IF(AZ9>AZ$59,4,""))) | BB9: =SUM(E9,H9,K9,N9,Q9,T9,W9,Z9,AC9,AF9,AI9,AL9,AO9,AR9,AU9,AX9,BA9) -> 0 | BC9: =_xlfn.XLOOKUP($B9,GCES!$B:$B,GCES!$F:$F,"",0,1) | BD9: =IF(BC9="","",BD$58*BC9/BC$57) | BE9: =IF(BC9="","",IF(BD9>4,ROUND(BD9/2,0)*2,IF(BD9>BD$59,4,""))) | BF9: =_xlfn.XLOOKUP($B9,GCES!$B:$B,GCES!$J:$J,"",0,1) | BG9: =IF(BF9="","",BG$58*BF9/BF$57) | BH9: =IF(BF9="","",IF(BG9>4,ROUND(BG9/2,0)*2,IF(BG9>BG$59,4,""))) | BI9: =_xlfn.XLOOKUP($B9,GCES!$B:$B,GCES!$I:$I,"",0,1) | BJ9: =IF(BI9="","",BJ$58*BI9/BI$57) | BK9: =IF(BI9="","",IF(BJ9>4,ROUND(BJ9/2,0)*2,IF(BJ9>BJ$59,4,""))) | BL9: =_xlfn.XLOOKUP($B9,GCES!$B:$B,GCES!$AN:$AN,"",0,1) | BM9: =IF(BL9="","",BM$58*BL9/BL$57) | BN9: =IF(BL9="","",IF(BM9>4,ROUND(BM9/2,0)*2,IF(BM9>BM$59,4,""))) | BO9: =_xlfn.XLOOKUP($B9,GCES!$B:$B,GCES!$AM:$AM,"",0,1) | BP9: =IF(BO9="","",BP$58*BO9/BO$57) | BQ9: =IF(BO9="","",IF(BP9>4,ROUND(BP9/2,0)*2,IF(BP9>BP$59,4,""))) | BR9: =_xlfn.XLOOKUP($B9,GCES!$B:$B,GCES!$Z:$Z,"",0,1) | BS9: =IF(BR9="","",BS$58*BR9/BR$57) | BT9: =IF(BR9="","",IF(BS9>4,ROUND(BS9/2,0)*2,IF(BS9>BS$59,4,""))) | BU9: =_xlfn.XLOOKUP($B9,GCES!$B:$B,GCES!$Y:$Y,"",0,1) | BV9: =IF(BU9="","",BV$58*BU9/BU$57) | BW9: =IF(BU9="","",IF(BV9>4,ROUND(BV9/2,0)*2,IF(BV9>BV$59,4,""))) | BX9: =_xlfn.XLOOKUP($B9,GCES!$B:$B,GCES!$AC:$AC,"",0,1) | BY9: =IF(BX9="","",BY$58*BX9/BX$57) | BZ9: =IF(BX9="","",IF(BY9>4,ROUND(BY9/2,0)*2,IF(BY9>BY$59,4,""))) | CA9: =_xlfn.XLOOKUP($B9,GCES!$B:$B,GCES!$AB:$AB,"",0,1) | CB9: =IF(CA9="","",CB$58*CA9/CA$57) | CC9: =IF(CA9="","",IF(CB9>4,ROUND(CB9/2,0)*2,IF(CB9>CB$59,4,""))) | CD9: =_xlfn.XLOOKUP($B9,GCES!$B:$B,GCES!$AS:$AS,"",0,1) | CE9: =IF(CD9="","",CE$58*CD9/CD$57) | CF9: =IF(CD9="","",IF(CE9>4,ROUND(CE9/2,0)*2,IF(CE9>CE$59,4,""))) | CG9: =_xlfn.XLOOKUP($B9,GCES!$B:$B,GCES!$AR:$AR,"",0,1) | CH9: =IF(CG9="","",CH$58*CG9/CG$57) | CI9: =IF(CG9="","",IF(CH9>4,ROUND(CH9/2,0)*2,IF(CH9>CH$59,4,""))) | CJ9: =_xlfn.XLOOKUP($B9,GCES!$B:$B,GCES!$N:$N,"",0,1) | CK9: =IF(CJ9="","",CK$58*CJ9/CJ$57) | CL9: =IF(CJ9="","",IF(CK9>4,ROUND(CK9/2,0)*2,IF(CK9>CK$59,4,""))) | CM9: =_xlfn.XLOOKUP($B9,GCES!$B:$B,GCES!$M:$M,"",0,1) | CN9: =IF(CM9="","",CN$58*CM9/CM$57) | CO9: =IF(CM9="","",IF(CN9>4,ROUND(CN9/2,0)*2,IF(CN9>CN$59,4,""))) | CP9: =_xlfn.XLOOKUP($B9,GCES!$B:$B,GCES!$AD:$AD,"",0,1) | CQ9: =IF(CP9="","",CQ$58*CP9/CP$57) | CR9: =IF(CP9="","",IF(CQ9>4,ROUND(CQ9/2,0)*2,IF(CQ9>CQ$59,4,""))) | CS9: =_xlfn.XLOOKUP($B9,GCES!$B:$B,GCES!$AJ:$AJ,"",0,1) | CT9: =IF(CS9="","",CT$58*CS9/CS$57) | CU9: =IF(CS9="","",IF(CT9>4,ROUND(CT9/2,0)*2,IF(CT9>CT$59,4,""))) | CV9: =_xlfn.XLOOKUP($B9,GCES!$B:$B,GCES!$AI:$AI,"",0,1) | CW9: =IF(CV9="","",CW$58*CV9/CV$57) | CX9: =IF(CV9="","",IF(CW9>4,ROUND(CW9/2,0)*2,IF(CW9>CW$59,4,""))) | CY9: =SUM(BE9,BH9,BK9,BN9,BQ9,BT9,BW9,BZ9,CC9,CF9,CI9,CL9,CO9,CR9,CU9,CX9) -> 0 | CZ9: =SUM(BB9,CY9) -> 0
A10: SRO COIMBATORE TOTAL | C10: =SUM(C6:C9) -> 0 | D10: =SUM(D6:D9) -> 0 | E10: =SUM(E6:E9) -> 0 | F10: =SUM(F6:F9) -> 0 | G10: =SUM(G6:G9) -> 0 | H10: =SUM(H6:H9) -> 0 | I10: =SUM(I6:I9) -> 16 | J10: =SUM(J6:J9) -> 1.5115207 | ... BA10: =SUM(BA6:BA9) -> 6 | BB10: =SUM(E10,H10,K10,N10,Q10,T10,W10,Z10,AC10,AF10,AI10,AL10,AO10,AR10,AU10,AX10,BA10) -> 40 | BC10: =SUM(BC6:BC9) -> 0 | BD10: =SUM(BD6:BD9) -> 0 | BE10: =SUM(BE6:BE9) -> 0 | BF10: =SUM(BF6:BF9) -> 36 | BG10: =SUM(BG6:BG9) -> 6.1554404 | BH10: =SUM(BH6:BH9) -> 6 | BI10: =SUM(BI6:BI9) -> 0 | BJ10: =SUM(BJ6:BJ9) -> 0 | ... CX10: =SUM(CX6:CX9) -> 0 | CY10: =SUM(BE10,BH10,BK10,BN10,BQ10,BT10,BW10,BZ10,CC10,CF10,CI10,CL10,CO10,CR10,CU10,CX10) -> 20 | CZ10: =SUM(BB10,CY10) -> 60
A11: 05 | B11: DHARMAPURI | C11: =_xlfn.XLOOKUP($B11,GCES!$B:$B,GCES!$C:$C,"",0,1) | D11: =IF(C11="","",D$58*C11/C$57) | E11: =IF(C11="","",IF(D11>4,ROUND(D11/2,0)*2,IF(D11>D$59,4,""))) | F11: =_xlfn.XLOOKUP($B11,GCES!$B:$B,GCES!$E:$E,"",0,1) | G11: =IF(F11="","",G$58*F11/F$57) | H11: =IF(F11="","",IF(G11>4,ROUND(G11/2,0)*2,IF(G11>G$59,4,""))) | I11: =_xlfn.XLOOKUP($B11,GCES!$B:$B,GCES!$D:$D,"",0,1) -> 28 | J11: =IF(I11="","",J$58*I11/I$57) -> 2.6451613 | K11: =IF(I11="","",IF(J11>4,ROUND(J11/2,0)*2,IF(J11>J$59,4,""))) -> 4 | L11: =_xlfn.XLOOKUP($B11,GCES!$B:$B,GCES!$H:$H,"",0,1) -> 32 | M11: =IF(L11="","",M$58*L11/L$57) -> 6.0952381 | N11: =IF(L11="","",IF(M11>4,ROUND(M11/2,0)*2,IF(M11>M$59,4,""))) -> 6 | O11: =_xlfn.XLOOKUP($B11,GCES!$B:$B,GCES!$G:$G,"",0,1) | P11: =IF(O11="","",P$58*O11/O$57) | Q11: =IF(O11="","",IF(P11>4,ROUND(P11/2,0)*2,IF(P11>P$59,4,""))) | R11: =_xlfn.XLOOKUP($B11,GCES!$B:$B,GCES!$L:$L,"",0,1) | S11: =IF(R11="","",S$58*R11/R$57) | T11: =IF(R11="","",IF(S11>4,ROUND(S11/2,0)*2,IF(S11>S$59,4,""))) | U11: =_xlfn.XLOOKUP($B11,GCES!$B:$B,GCES!$K:$K,"",0,1) | V11: =IF(U11="","",V$58*U11/U$57) | W11: =IF(U11="","",IF(V11>4,ROUND(V11/2,0)*2,IF(V11>V$59,4,""))) | X11: =_xlfn.XLOOKUP($B11,GCES!$B:$B,GCES!$S:$S,"",0,1) -> 20 | Y11: =IF(X11="","",Y$58*X11/X$57) -> 7.0588235 | Z11: 6 | AA11: =_xlfn.XLOOKUP($B11,GCES!$B:$B,GCES!$R:$R,"",0,1) -> 12 | AB11: =IF(AA11="","",AB$58*AA11/AA$57) -> 4.0909091 | AC11: =IF(AA11="","",IF(AB11>4,ROUND(AB11/2,0)*2,IF(AB11>AB$59,4,""))) -> 4 | AD11: =_xlfn.XLOOKUP($B11,GCES!$B:$B,GCES!$AL:$AL,"",0,1) -> 20 | AE11: =IF(AD11="","",AE$58*AD11/AD$57) -> 2.4038462 | AF11: =IF(AD11="","",IF(AE11>4,ROUND(AE11/2,0)*2,IF(AE11>AE$59,4,""))) -> 4 | AG11: =_xlfn.XLOOKUP($B11,GCES!$B:$B,GCES!$AK:$AK,"",0,1) | AH11: =IF(AG11="","",AH$58*AG11/AG$57) | AI11: =IF(AG11="","",IF(AH11>4,ROUND(AH11/2,0)*2,IF(AH11>AH$59,4,""))) | AJ11: =_xlfn.XLOOKUP($B11,GCES!$B:$B,GCES!$AQ:$AQ,"",0,1) -> 16 | AK11: =IF(AJ11="","",AK$58*AJ11/AJ$57) -> 4.9411765 | AL11: =IF(AJ11="","",IF(AK11>4,ROUND(AK11/2,0)*2,IF(AK11>AK$59,4,""))) -> 4 | AM11: =_xlfn.XLOOKUP($B11,GCES!$B:$B,GCES!$AP:$AP,"",0,1) | AN11: =IF(AM11="","",AN$58*AM11/AM$57) | AO11: =IF(AM11="","",IF(AN11>4,ROUND(AN11/2,0)*2,IF(AN11>AN$59,4,""))) | AP11: =_xlfn.XLOOKUP($B11,GCES!$B:$B,GCES!$V:$V,"",0,1) -> 48 | AQ11: =IF(AP11="","",AQ$58*AP11/AP$57) -> 13.371429 | AR11: =IF(AP11="","",IF(AQ11>4,ROUND(AQ11/2,0)*2,IF(AQ11>AQ$59,4,""))) -> 14 | AS11: =_xlfn.XLOOKUP($B11,GCES!$B:$B,GCES!$AH:$AH,"",0,1) -> 56 | AT11: =IF(AS11="","",AT$58*AS11/AS$57) -> 10.857143 | AU11: =IF(AS11="","",IF(AT11>4,ROUND(AT11/2,0)*2,IF(AT11>AT$59,4,""))) -> 10 | AV11: =_xlfn.XLOOKUP($B11,GCES!$B:$B,GCES!$AG:$AG,"",0,1) | AW11: =IF(AV11="","",AW$58*AV11/AV$57) | AX11: =IF(AV11="","",IF(AW11>4,ROUND(AW11/2,0)*2,IF(AW11>AW$59,4,""))) | AY11: =_xlfn.XLOOKUP($B11,GCES!$B:$B,GCES!$AO:$AO,"",0,1) -> 16 | AZ11: =IF(AY11="","",AZ$58*AY11/AY$57) -> 2.9333333 | BA11: =IF(AY11="","",IF(AZ11>4,ROUND(AZ11/2,0)*2,IF(AZ11>AZ$59,4,""))) -> 4 | BB11: =SUM(E11,H11,K11,N11,Q11,T11,W11,Z11,AC11,AF11,AI11,AL11,AO11,AR11,AU11,AX11,BA11) -> 56 | BC11: =_xlfn.XLOOKUP($B11,GCES!$B:$B,GCES!$F:$F,"",0,1) -> 16 | BD11: =IF(BC11="","",BD$58*BC11/BC$57) -> 4.1333333 | BE11: =IF(BC11="","",IF(BD11>4,ROUND(BD11/2,0)*2,IF(BD11>BD$59,4,""))) -> 4 | BF11: =_xlfn.XLOOKUP($B11,GCES!$B:$B,GCES!$J:$J,"",0,1) | BG11: =IF(BF11="","",BG$58*BF11/BF$57) | BH11: =IF(BF11="","",IF(BG11>4,ROUND(BG11/2,0)*2,IF(BG11>BG$59,4,""))) | BI11: =_xlfn.XLOOKUP($B11,GCES!$B:$B,GCES!$I:$I,"",0,1) | BJ11: =IF(BI11="","",BJ$58*BI11/BI$57) | BK11: =IF(BI11="","",IF(BJ11>4,ROUND(BJ11/2,0)*2,IF(BJ11>BJ$59,4,""))) | BL11: =_xlfn.XLOOKUP($B11,GCES!$B:$B,GCES!$AN:$AN,"",0,1) | BM11: =IF(BL11="","",BM$58*BL11/BL$57) | BN11: =IF(BL11="","",IF(BM11>4,ROUND(BM11/2,0)*2,IF(BM11>BM$59,4,""))) | BO11: =_xlfn.XLOOKUP($B11,GCES!$B:$B,GCES!$AM:$AM,"",0,1) -> 16 | BP11: =IF(BO11="","",BP$58*BO11/BO$57) -> 3.8709677 | BQ11: =IF(BO11="","",IF(BP11>4,ROUND(BP11/2,0)*2,IF(BP11>BP$59,4,""))) -> 4 | BR11: =_xlfn.XLOOKUP($B11,GCES!$B:$B,GCES!$Z:$Z,"",0,1) | BS11: =IF(BR11="","",BS$58*BR11/BR$57) | BT11: =IF(BR11="","",IF(BS11>4,ROUND(BS11/2,0)*2,IF(BS11>BS$59,4,""))) | BU11: =_xlfn.XLOOKUP($B11,GCES!$B:$B,GCES!$Y:$Y,"",0,1) | BV11: =IF(BU11="","",BV$58*BU11/BU$57) | BW11: =IF(BU11="","",IF(BV11>4,ROUND(BV11/2,0)*2,IF(BV11>BV$59,4,""))) | BX11: =_xlfn.XLOOKUP($B11,GCES!$B:$B,GCES!$AC:$AC,"",0,1) | BY11: =IF(BX11="","",BY$58*BX11/BX$57) | BZ11: =IF(BX11="","",IF(BY11>4,ROUND(BY11/2,0)*2,IF(BY11>BY$59,4,""))) | CA11: =_xlfn.XLOOKUP($B11,GCES!$B:$B,GCES!$AB:$AB,"",0,1) | CB11: =IF(CA11="","",CB$58*CA11/CA$57) | CC11: =IF(CA11="","",IF(CB11>4,ROUND(CB11/2,0)*2,IF(CB11>CB$59,4,""))) | CD11: =_xlfn.XLOOKUP($B11,GCES!$B:$B,GCES!$AS:$AS,"",0,1) | CE11: =IF(CD11="","",CE$58*CD11/CD$57) | CF11: =IF(CD11="","",IF(CE11>4,ROUND(CE11/2,0)*2,IF(CE11>CE$59,4,""))) | CG11: =_xlfn.XLOOKUP($B11,GCES!$B:$B,GCES!$AR:$AR,"",0,1) | CH11: =IF(CG11="","",CH$58*CG11/CG$57) | CI11: =IF(CG11="","",IF(CH11>4,ROUND(CH11/2,0)*2,IF(CH11>CH$59,4,""))) | CJ11: =_xlfn.XLOOKUP($B11,GCES!$B:$B,GCES!$N:$N,"",0,1) | CK11: =IF(CJ11="","",CK$58*CJ11/CJ$57) | CL11: =IF(CJ11="","",IF(CK11>4,ROUND(CK11/2,0)*2,IF(CK11>CK$59,4,""))) | CM11: =_xlfn.XLOOKUP($B11,GCES!$B:$B,GCES!$M:$M,"",0,1) | CN11: =IF(CM11="","",CN$58*CM11/CM$57) | CO11: =IF(CM11="","",IF(CN11>4,ROUND(CN11/2,0)*2,IF(CN11>CN$59,4,""))) | CP11: =_xlfn.XLOOKUP($B11,GCES!$B:$B,GCES!$AD:$AD,"",0,1) -> 50 | CQ11: =IF(CP11="","",CQ$58*CP11/CP$57) -> 12.5 | CR11: =IF(CP11="","",IF(CQ11>4,ROUND(CQ11/2,0)*2,IF(CQ11>CQ$59,4,""))) -> 12 | CS11: =_xlfn.XLOOKUP($B11,GCES!$B:$B,GCES!$AJ:$AJ,"",0,1) | CT11: =IF(CS11="","",CT$58*CS11/CS$57) | CU11: =IF(CS11="","",IF(CT11>4,ROUND(CT11/2,0)*2,IF(CT11>CT$59,4,""))) | CV11: =_xlfn.XLOOKUP($B11,GCES!$B:$B,GCES!$AI:$AI,"",0,1) | CW11: =IF(CV11="","",CW$58*CV11/CV$57) | CX11: =IF(CV11="","",IF(CW11>4,ROUND(CW11/2,0)*2,IF(CW11>CW$59,4,""))) | CY11: =SUM(BE11,BH11,BK11,BN11,BQ11,BT11,BW11,BZ11,CC11,CF11,CI11,CL11,CO11,CR11,CU11,CX11) -> 20 | CZ11: =SUM(BB11,CY11) -> 76
A12: 31 | B12: KRISHNAGIRI | C12: =_xlfn.XLOOKUP($B12,GCES!$B:$B,GCES!$C:$C,"",0,1) -> 16 | D12: =IF(C12="","",D$58*C12/C$57) -> 3.5068493 | E12: =IF(C12="","",IF(D12>4,ROUND(D12/2,0)*2,IF(D12>D$59,4,""))) -> 4 | F12: =_xlfn.XLOOKUP($B12,GCES!$B:$B,GCES!$E:$E,"",0,1) | G12: =IF(F12="","",G$58*F12/F$57) | H12: =IF(F12="","",IF(G12>4,ROUND(G12/2,0)*2,IF(G12>G$59,4,""))) | I12: =_xlfn.XLOOKUP($B12,GCES!$B:$B,GCES!$D:$D,"",0,1) -> 16 | J12: =IF(I12="","",J$58*I12/I$57) -> 1.5115207 | K12: =IF(I12="","",IF(J12>4,ROUND(J12/2,0)*2,IF(J12>J$59,4,""))) | L12: =_xlfn.XLOOKUP($B12,GCES!$B:$B,GCES!$H:$H,"",0,1) -> 16 | M12: =IF(L12="","",M$58*L12/L$57) -> 3.047619 | N12: =IF(L12="","",IF(M12>4,ROUND(M12/2,0)*2,IF(M12>M$59,4,""))) -> 4 | O12: =_xlfn.XLOOKUP($B12,GCES!$B:$B,GCES!$G:$G,"",0,1) | P12: =IF(O12="","",P$58*O12/O$57) | Q12: =IF(O12="","",IF(P12>4,ROUND(P12/2,0)*2,IF(P12>P$59,4,""))) | R12: =_xlfn.XLOOKUP($B12,GCES!$B:$B,GCES!$L:$L,"",0,1) | S12: =IF(R12="","",S$58*R12/R$57) | T12: =IF(R12="","",IF(S12>4,ROUND(S12/2,0)*2,IF(S12>S$59,4,""))) | U12: =_xlfn.XLOOKUP($B12,GCES!$B:$B,GCES!$K:$K,"",0,1) | V12: =IF(U12="","",V$58*U12/U$57) | W12: =IF(U12="","",IF(V12>4,ROUND(V12/2,0)*2,IF(V12>V$59,4,""))) | X12: =_xlfn.XLOOKUP($B12,GCES!$B:$B,GCES!$S:$S,"",0,1) | Y12: =IF(X12="","",Y$58*X12/X$57) | Z12: =IF(X12="","",IF(Y12>4,ROUND(Y12/2,0)*2,IF(Y12>Y$59,4,""))) | AA12: =_xlfn.XLOOKUP($B12,GCES!$B:$B,GCES!$R:$R,"",0,1) -> 16 | AB12: =IF(AA12="","",AB$58*AA12/AA$57) -> 5.4545455 | AC12: =IF(AA12="","",IF(AB12>4,ROUND(AB12/2,0)*2,IF(AB12>AB$59,4,""))) -> 6 | AD12: =_xlfn.XLOOKUP($B12,GCES!$B:$B,GCES!$AL:$AL,"",0,1) -> 36 | AE12: =IF(AD12="","",AE$58*AD12/AD$57) -> 4.3269231 | AF12: 6 | AG12: =_xlfn.XLOOKUP($B12,GCES!$B:$B,GCES!$AK:$AK,"",0,1) | AH12: =IF(AG12="","",AH$58*AG12/AG$57) | AI12: =IF(AG12="","",IF(AH12>4,ROUND(AH12/2,0)*2,IF(AH12>AH$59,4,""))) | AJ12: =_xlfn.XLOOKUP($B12,GCES!$B:$B,GCES!$AQ:$AQ,"",0,1) -> 16 | AK12: =IF(AJ12="","",AK$58*AJ12/AJ$57) -> 4.9411765 | AL12: 6 | AM12: =_xlfn.XLOOKUP($B12,GCES!$B:$B,GCES!$AP:$AP,"",0,1) | AN12: =IF(AM12="","",AN$58*AM12/AM$57) | AO12: =IF(AM12="","",IF(AN12>4,ROUND(AN12/2,0)*2,IF(AN12>AN$59,4,""))) | AP12: =_xlfn.XLOOKUP($B12,GCES!$B:$B,GCES!$V:$V,"",0,1) -> 48 | AQ12: =IF(AP12="","",AQ$58*AP12/AP$57) -> 13.371429 | AR12: =IF(AP12="","",IF(AQ12>4,ROUND(AQ12/2,0)*2,IF(AQ12>AQ$59,4,""))) -> 14 | AS12: =_xlfn.XLOOKUP($B12,GCES!$B:$B,GCES!$AH:$AH,"",0,1) -> 16 | AT12: =IF(AS12="","",AT$58*AS12/AS$57) -> 3.1020408 | AU12: =IF(AS12="","",IF(AT12>4,ROUND(AT12/2,0)*2,IF(AT12>AT$59,4,""))) -> 4 | AV12: =_xlfn.XLOOKUP($B12,GCES!$B:$B,GCES!$AG:$AG,"",0,1) | AW12: =IF(AV12="","",AW$58*AV12/AV$57) | AX12: =IF(AV12="","",IF(AW12>4,ROUND(AW12/2,0)*2,IF(AW12>AW$59,4,""))) | AY12: =_xlfn.XLOOKUP($B12,GCES!$B:$B,GCES!$AO:$AO,"",0,1) | AZ12: =IF(AY12="","",AZ$58*AY12/AY$57) | BA12: =IF(AY12="","",IF(AZ12>4,ROUND(AZ12/2,0)*2,IF(AZ12>AZ$59,4,""))) | BB12: =SUM(E12,H12,K12,N12,Q12,T12,W12,Z12,AC12,AF12,AI12,AL12,AO12,AR12,AU12,AX12,BA12) -> 44 | BC12: =_xlfn.XLOOKUP($B12,GCES!$B:$B,GCES!$F:$F,"",0,1) -> 16 | BD12: =IF(BC12="","",BD$58*BC12/BC$57) -> 4.1333333 | BE12: =IF(BC12="","",IF(BD12>4,ROUND(BD12/2,0)*2,IF(BD12>BD$59,4,""))) -> 4 | BF12: =_xlfn.XLOOKUP($B12,GCES!$B:$B,GCES!$J:$J,"",0,1) | BG12: =IF(BF12="","",BG$58*BF12/BF$57) | BH12: =IF(BF12="","",IF(BG12>4,ROUND(BG12/2,0)*2,IF(BG12>BG$59,4,""))) | BI12: =_xlfn.XLOOKUP($B12,GCES!$B:$B,GCES!$I:$I,"",0,1) | BJ12: =IF(BI12="","",BJ$58*BI12/BI$57) | BK12: =IF(BI12="","",IF(BJ12>4,ROUND(BJ12/2,0)*2,IF(BJ12>BJ$59,4,""))) | BL12: =_xlfn.XLOOKUP($B12,GCES!$B:$B,GCES!$AN:$AN,"",0,1) | BM12: =IF(BL12="","",BM$58*BL12/BL$57) | BN12: =IF(BL12="","",IF(BM12>4,ROUND(BM12/2,0)*2,IF(BM12>BM$59,4,""))) | BO12: =_xlfn.XLOOKUP($B12,GCES!$B:$B,GCES!$AM:$AM,"",0,1) -> 16 | BP12: =IF(BO12="","",BP$58*BO12/BO$57) -> 3.8709677 | BQ12: =IF(BO12="","",IF(BP12>4,ROUND(BP12/2,0)*2,IF(BP12>BP$59,4,""))) -> 4 | BR12: =_xlfn.XLOOKUP($B12,GCES!$B:$B,GCES!$Z:$Z,"",0,1) | BS12: =IF(BR12="","",BS$58*BR12/BR$57) | BT12: =IF(BR12="","",IF(BS12>4,ROUND(BS12/2,0)*2,IF(BS12>BS$59,4,""))) | BU12: =_xlfn.XLOOKUP($B12,GCES!$B:$B,GCES!$Y:$Y,"",0,1) | BV12: =IF(BU12="","",BV$58*BU12/BU$57) | BW12: =IF(BU12="","",IF(BV12>4,ROUND(BV12/2,0)*2,IF(BV12>BV$59,4,""))) | BX12: =_xlfn.XLOOKUP($B12,GCES!$B:$B,GCES!$AC:$AC,"",0,1) | BY12: =IF(BX12="","",BY$58*BX12/BX$57) | BZ12: =IF(BX12="","",IF(BY12>4,ROUND(BY12/2,0)*2,IF(BY12>BY$59,4,""))) | CA12: =_xlfn.XLOOKUP($B12,GCES!$B:$B,GCES!$AB:$AB,"",0,1) | CB12: =IF(CA12="","",CB$58*CA12/CA$57) | CC12: =IF(CA12="","",IF(CB12>4,ROUND(CB12/2,0)*2,IF(CB12>CB$59,4,""))) | CD12: =_xlfn.XLOOKUP($B12,GCES!$B:$B,GCES!$AS:$AS,"",0,1) | CE12: =IF(CD12="","",CE$58*CD12/CD$57) | CF12: =IF(CD12="","",IF(CE12>4,ROUND(CE12/2,0)*2,IF(CE12>CE$59,4,""))) | CG12: =_xlfn.XLOOKUP($B12,GCES!$B:$B,GCES!$AR:$AR,"",0,1) | CH12: =IF(CG12="","",CH$58*CG12/CG$57) | CI12: =IF(CG12="","",IF(CH12>4,ROUND(CH12/2,0)*2,IF(CH12>CH$59,4,""))) | CJ12: =_xlfn.XLOOKUP($B12,GCES!$B:$B,GCES!$N:$N,"",0,1) | CK12: =IF(CJ12="","",CK$58*CJ12/CJ$57) | CL12: =IF(CJ12="","",IF(CK12>4,ROUND(CK12/2,0)*2,IF(CK12>CK$59,4,""))) | CM12: =_xlfn.XLOOKUP($B12,GCES!$B:$B,GCES!$M:$M,"",0,1) | CN12: =IF(CM12="","",CN$58*CM12/CM$57) | CO12: =IF(CM12="","",IF(CN12>4,ROUND(CN12/2,0)*2,IF(CN12>CN$59,4,""))) | CP12: =_xlfn.XLOOKUP($B12,GCES!$B:$B,GCES!$AD:$AD,"",0,1) -> 88 | CQ12: =IF(CP12="","",CQ$58*CP12/CP$57) -> 22 | CR12: 20 | CS12: =_xlfn.XLOOKUP($B12,GCES!$B:$B,GCES!$AJ:$AJ,"",0,1) | CT12: =IF(CS12="","",CT$58*CS12/CS$57) | CU12: =IF(CS12="","",IF(CT12>4,ROUND(CT12/2,0)*2,IF(CT12>CT$59,4,""))) | CV12: =_xlfn.XLOOKUP($B12,GCES!$B:$B,GCES!$AI:$AI,"",0,1) | CW12: =IF(CV12="","",CW$58*CV12/CV$57) | CX12: =IF(CV12="","",IF(CW12>4,ROUND(CW12/2,0)*2,IF(CW12>CW$59,4,""))) | CY12: =SUM(BE12,BH12,BK12,BN12,BQ12,BT12,BW12,BZ12,CC12,CF12,CI12,CL12,CO12,CR12,CU12,CX12) -> 28 | CZ12: =SUM(BB12,CY12) -> 72
A13: 36 | B13: TIRUPATHUR | C13: =_xlfn.XLOOKUP($B13,GCES!$B:$B,GCES!$C:$C,"",0,1) | D13: =IF(C13="","",D$58*C13/C$57) | E13: =IF(C13="","",IF(D13>4,ROUND(D13/2,0)*2,IF(D13>D$59,4,""))) | F13: =_xlfn.XLOOKUP($B13,GCES!$B:$B,GCES!$E:$E,"",0,1) | G13: =IF(F13="","",G$58*F13/F$57) | H13: =IF(F13="","",IF(G13>4,ROUND(G13/2,0)*2,IF(G13>G$59,4,""))) | I13: =_xlfn.XLOOKUP($B13,GCES!$B:$B,GCES!$D:$D,"",0,1) -> 4 | J13: =IF(I13="","",J$58*I13/I$57) -> 0.37788018 | K13: =IF(I13="","",IF(J13>4,ROUND(J13/2,0)*2,IF(J13>J$59,4,""))) | L13: =_xlfn.XLOOKUP($B13,GCES!$B:$B,GCES!$H:$H,"",0,1) -> 12 | M13: =IF(L13="","",M$58*L13/L$57) -> 2.2857143 | N13: =IF(L13="","",IF(M13>4,ROUND(M13/2,0)*2,IF(M13>M$59,4,""))) -> 4 | O13: =_xlfn.XLOOKUP($B13,GCES!$B:$B,GCES!$G:$G,"",0,1) | P13: =IF(O13="","",P$58*O13/O$57) | Q13: =IF(O13="","",IF(P13>4,ROUND(P13/2,0)*2,IF(P13>P$59,4,""))) | R13: =_xlfn.XLOOKUP($B13,GCES!$B:$B,GCES!$L:$L,"",0,1) -> 12 | S13: =IF(R13="","",S$58*R13/R$57) -> 5.5862069 | T13: =IF(R13="","",IF(S13>4,ROUND(S13/2,0)*2,IF(S13>S$59,4,""))) -> 6 | U13: =_xlfn.XLOOKUP($B13,GCES!$B:$B,GCES!$K:$K,"",0,1) | V13: =IF(U13="","",V$58*U13/U$57) | W13: =IF(U13="","",IF(V13>4,ROUND(V13/2,0)*2,IF(V13>V$59,4,""))) | X13: =_xlfn.XLOOKUP($B13,GCES!$B:$B,GCES!$S:$S,"",0,1) | Y13: =IF(X13="","",Y$58*X13/X$57) | Z13: =IF(X13="","",IF(Y13>4,ROUND(Y13/2,0)*2,IF(Y13>Y$59,4,""))) | AA13: =_xlfn.XLOOKUP($B13,GCES!$B:$B,GCES!$R:$R,"",0,1) | AB13: =IF(AA13="","",AB$58*AA13/AA$57) | AC13: =IF(AA13="","",IF(AB13>4,ROUND(AB13/2,0)*2,IF(AB13>AB$59,4,""))) | AD13: =_xlfn.XLOOKUP($B13,GCES!$B:$B,GCES!$AL:$AL,"",0,1) -> 28 | AE13: =IF(AD13="","",AE$58*AD13/AD$57) -> 3.3653846 | AF13: =IF(AD13="","",IF(AE13>4,ROUND(AE13/2,0)*2,IF(AE13>AE$59,4,""))) -> 4 | AG13: =_xlfn.XLOOKUP($B13,GCES!$B:$B,GCES!$AK:$AK,"",0,1) | AH13: =IF(AG13="","",AH$58*AG13/AG$57) | AI13: =IF(AG13="","",IF(AH13>4,ROUND(AH13/2,0)*2,IF(AH13>AH$59,4,""))) | AJ13: =_xlfn.XLOOKUP($B13,GCES!$B:$B,GCES!$AQ:$AQ,"",0,1) | AK13: =IF(AJ13="","",AK$58*AJ13/AJ$57) | AL13: =IF(AJ13="","",IF(AK13>4,ROUND(AK13/2,0)*2,IF(AK13>AK$59,4,""))) | AM13: =_xlfn.XLOOKUP($B13,GCES!$B:$B,GCES!$AP:$AP,"",0,1) | AN13: =IF(AM13="","",AN$58*AM13/AM$57) | AO13: =IF(AM13="","",IF(AN13>4,ROUND(AN13/2,0)*2,IF(AN13>AN$59,4,""))) | AP13: =_xlfn.XLOOKUP($B13,GCES!$B:$B,GCES!$V:$V,"",0,1) -> 28 | AQ13: =IF(AP13="","",AQ$58*AP13/AP$57) -> 7.8 | AR13: =IF(AP13="","",IF(AQ13>4,ROUND(AQ13/2,0)*2,IF(AQ13>AQ$59,4,""))) -> 8 | AS13: =_xlfn.XLOOKUP($B13,GCES!$B:$B,GCES!$AH:$AH,"",0,1) -> 32 | AT13: =IF(AS13="","",AT$58*AS13/AS$57) -> 6.2040816 | AU13: =IF(AS13="","",IF(AT13>4,ROUND(AT13/2,0)*2,IF(AT13>AT$59,4,""))) -> 6 | AV13: =_xlfn.XLOOKUP($B13,GCES!$B:$B,GCES!$AG:$AG,"",0,1) | AW13: =IF(AV13="","",AW$58*AV13/AV$57) | AX13: =IF(AV13="","",IF(AW13>4,ROUND(AW13/2,0)*2,IF(AW13>AW$59,4,""))) | AY13: =_xlfn.XLOOKUP($B13,GCES!$B:$B,GCES!$AO:$AO,"",0,1) -> 4 | AZ13: =IF(AY13="","",AZ$58*AY13/AY$57) -> 0.73333333 | BA13: =IF(AY13="","",IF(AZ13>4,ROUND(AZ13/2,0)*2,IF(AZ13>AZ$59,4,""))) | BB13: =SUM(E13,H13,K13,N13,Q13,T13,W13,Z13,AC13,AF13,AI13,AL13,AO13,AR13,AU13,AX13,BA13) -> 28 | BC13: =_xlfn.XLOOKUP($B13,GCES!$B:$B,GCES!$F:$F,"",0,1) | BD13: =IF(BC13="","",BD$58*BC13/BC$57) | BE13: =IF(BC13="","",IF(BD13>4,ROUND(BD13/2,0)*2,IF(BD13>BD$59,4,""))) | BF13: =_xlfn.XLOOKUP($B13,GCES!$B:$B,GCES!$J:$J,"",0,1) | BG13: =IF(BF13="","",BG$58*BF13/BF$57) | BH13: =IF(BF13="","",IF(BG13>4,ROUND(BG13/2,0)*2,IF(BG13>BG$59,4,""))) | BI13: =_xlfn.XLOOKUP($B13,GCES!$B:$B,GCES!$I:$I,"",0,1) | BJ13: =IF(BI13="","",BJ$58*BI13/BI$57) | BK13: =IF(BI13="","",IF(BJ13>4,ROUND(BJ13/2,0)*2,IF(BJ13>BJ$59,4,""))) | BL13: =_xlfn.XLOOKUP($B13,GCES!$B:$B,GCES!$AN:$AN,"",0,1) | BM13: =IF(BL13="","",BM$58*BL13/BL$57) | BN13: =IF(BL13="","",IF(BM13>4,ROUND(BM13/2,0)*2,IF(BM13>BM$59,4,""))) | BO13: =_xlfn.XLOOKUP($B13,GCES!$B:$B,GCES!$AM:$AM,"",0,1) | BP13: =IF(BO13="","",BP$58*BO13/BO$57) | BQ13: =IF(BO13="","",IF(BP13>4,ROUND(BP13/2,0)*2,IF(BP13>BP$59,4,""))) | BR13: =_xlfn.XLOOKUP($B13,GCES!$B:$B,GCES!$Z:$Z,"",0,1) | BS13: =IF(BR13="","",BS$58*BR13/BR$57) | BT13: =IF(BR13="","",IF(BS13>4,ROUND(BS13/2,0)*2,IF(BS13>BS$59,4,""))) | BU13: =_xlfn.XLOOKUP($B13,GCES!$B:$B,GCES!$Y:$Y,"",0,1) | BV13: =IF(BU13="","",BV$58*BU13/BU$57) | BW13: =IF(BU13="","",IF(BV13>4,ROUND(BV13/2,0)*2,IF(BV13>BV$59,4,""))) | BX13: =_xlfn.XLOOKUP($B13,GCES!$B:$B,GCES!$AC:$AC,"",0,1) | BY13: =IF(BX13="","",BY$58*BX13/BX$57) | BZ13: =IF(BX13="","",IF(BY13>4,ROUND(BY13/2,0)*2,IF(BY13>BY$59,4,""))) | CA13: =_xlfn.XLOOKUP($B13,GCES!$B:$B,GCES!$AB:$AB,"",0,1) | CB13: =IF(CA13="","",CB$58*CA13/CA$57) | CC13: =IF(CA13="","",IF(CB13>4,ROUND(CB13/2,0)*2,IF(CB13>CB$59,4,""))) | CD13: =_xlfn.XLOOKUP($B13,GCES!$B:$B,GCES!$AS:$AS,"",0,1) | CE13: =IF(CD13="","",CE$58*CD13/CD$57) | CF13: =IF(CD13="","",IF(CE13>4,ROUND(CE13/2,0)*2,IF(CE13>CE$59,4,""))) | CG13: =_xlfn.XLOOKUP($B13,GCES!$B:$B,GCES!$AR:$AR,"",0,1) | CH13: =IF(CG13="","",CH$58*CG13/CG$57) | CI13: =IF(CG13="","",IF(CH13>4,ROUND(CH13/2,0)*2,IF(CH13>CH$59,4,""))) | CJ13: =_xlfn.XLOOKUP($B13,GCES!$B:$B,GCES!$N:$N,"",0,1) | CK13: =IF(CJ13="","",CK$58*CJ13/CJ$57) | CL13: =IF(CJ13="","",IF(CK13>4,ROUND(CK13/2,0)*2,IF(CK13>CK$59,4,""))) | CM13: =_xlfn.XLOOKUP($B13,GCES!$B:$B,GCES!$M:$M,"",0,1) | CN13: =IF(CM13="","",CN$58*CM13/CM$57) | CO13: =IF(CM13="","",IF(CN13>4,ROUND(CN13/2,0)*2,IF(CN13>CN$59,4,""))) | CP13: =_xlfn.XLOOKUP($B13,GCES!$B:$B,GCES!$AD:$AD,"",0,1) -> 28 | CQ13: =IF(CP13="","",CQ$58*CP13/CP$57) -> 7 | CR13: =IF(CP13="","",IF(CQ13>4,ROUND(CQ13/2,0)*2,IF(CQ13>CQ$59,4,""))) -> 8 | CS13: =_xlfn.XLOOKUP($B13,GCES!$B:$B,GCES!$AJ:$AJ,"",0,1) | CT13: =IF(CS13="","",CT$58*CS13/CS$57) | CU13: =IF(CS13="","",IF(CT13>4,ROUND(CT13/2,0)*2,IF(CT13>CT$59,4,""))) | CV13: =_xlfn.XLOOKUP($B13,GCES!$B:$B,GCES!$AI:$AI,"",0,1) | CW13: =IF(CV13="","",CW$58*CV13/CV$57) | CX13: =IF(CV13="","",IF(CW13>4,ROUND(CW13/2,0)*2,IF(CW13>CW$59,4,""))) | CY13: =SUM(BE13,BH13,BK13,BN13,BQ13,BT13,BW13,BZ13,CC13,CF13,CI13,CL13,CO13,CR13,CU13,CX13) -> 8 | CZ13: =SUM(BB13,CY13) -> 36
A14: SRO DHARMAPURI TOTAL | C14: =SUM(C11:C13) -> 16 | D14: =SUM(D11:D13) -> 3.5068493 | E14: =SUM(E11:E13) -> 4 | F14: =SUM(F11:F13) -> 0 | G14: =SUM(G11:G13) -> 0 | H14: =SUM(H11:H13) -> 0 | I14: =SUM(I11:I13) -> 48 | J14: =SUM(J11:J13) -> 4.5345622 | ... BA14: =SUM(BA11:BA13) -> 4 | BB14: =SUM(E14,H14,K14,N14,Q14,T14,W14,Z14,AC14,AF14,AI14,AL14,AO14,AR14,AU14,AX14,BA14) -> 128 | BC14: =SUM(BC11:BC13) -> 32 | BD14: =SUM(BD11:BD13) -> 8.2666667 | BE14: =SUM(BE11:BE13) -> 8 | BF14: =SUM(BF11:BF13) -> 0 | BG14: =SUM(BG11:BG13) -> 0 | BH14: =SUM(BH11:BH13) -> 0 | BI14: =SUM(BI11:BI13) -> 0 | BJ14: =SUM(BJ11:BJ13) -> 0 | ... CX14: =SUM(CX11:CX13) -> 0 | CY14: =SUM(BE14,BH14,BK14,BN14,BQ14,BT14,BW14,BZ14,CC14,CF14,CI14,CL14,CO14,CR14,CU14,CX14) -> 56 | CZ14: =SUM(BB14,CY14) -> 184
A15: 08 | B15: SALEM | C15: =_xlfn.XLOOKUP($B15,GCES!$B:$B,GCES!$C:$C,"",0,1) | D15: =IF(C15="","",D$58*C15/C$57) | E15: =IF(C15="","",IF(D15>4,ROUND(D15/2,0)*2,IF(D15>D$59,4,""))) | F15: =_xlfn.XLOOKUP($B15,GCES!$B:$B,GCES!$E:$E,"",0,1) | G15: =IF(F15="","",G$58*F15/F$57) | H15: =IF(F15="","",IF(G15>4,ROUND(G15/2,0)*2,IF(G15>G$59,4,""))) | I15: =_xlfn.XLOOKUP($B15,GCES!$B:$B,GCES!$D:$D,"",0,1) -> 16 | J15: =IF(I15="","",J$58*I15/I$57) -> 1.5115207 | K15: =IF(I15="","",IF(J15>4,ROUND(J15/2,0)*2,IF(J15>J$59,4,""))) | L15: =_xlfn.XLOOKUP($B15,GCES!$B:$B,GCES!$H:$H,"",0,1) -> 60 | M15: =IF(L15="","",M$58*L15/L$57) -> 11.428571 | N15: 10 | O15: =_xlfn.XLOOKUP($B15,GCES!$B:$B,GCES!$G:$G,"",0,1) | P15: =IF(O15="","",P$58*O15/O$57) | Q15: =IF(O15="","",IF(P15>4,ROUND(P15/2,0)*2,IF(P15>P$59,4,""))) | R15: =_xlfn.XLOOKUP($B15,GCES!$B:$B,GCES!$L:$L,"",0,1) | S15: =IF(R15="","",S$58*R15/R$57) | T15: =IF(R15="","",IF(S15>4,ROUND(S15/2,0)*2,IF(S15>S$59,4,""))) | U15: =_xlfn.XLOOKUP($B15,GCES!$B:$B,GCES!$K:$K,"",0,1) | V15: =IF(U15="","",V$58*U15/U$57) | W15: =IF(U15="","",IF(V15>4,ROUND(V15/2,0)*2,IF(V15>V$59,4,""))) | X15: =_xlfn.XLOOKUP($B15,GCES!$B:$B,GCES!$S:$S,"",0,1) -> 16 | Y15: =IF(X15="","",Y$58*X15/X$57) -> 5.6470588 | Z15: =IF(X15="","",IF(Y15>4,ROUND(Y15/2,0)*2,IF(Y15>Y$59,4,""))) -> 6 | AA15: =_xlfn.XLOOKUP($B15,GCES!$B:$B,GCES!$R:$R,"",0,1) -> 20 | AB15: =IF(AA15="","",AB$58*AA15/AA$57) -> 6.8181818 | AC15: =IF(AA15="","",IF(AB15>4,ROUND(AB15/2,0)*2,IF(AB15>AB$59,4,""))) -> 6 | AD15: =_xlfn.XLOOKUP($B15,GCES!$B:$B,GCES!$AL:$AL,"",0,1) -> 56 | AE15: =IF(AD15="","",AE$58*AD15/AD$57) -> 6.7307692 | AF15: =IF(AD15="","",IF(AE15>4,ROUND(AE15/2,0)*2,IF(AE15>AE$59,4,""))) -> 6 | AG15: =_xlfn.XLOOKUP($B15,GCES!$B:$B,GCES!$AK:$AK,"",0,1) | AH15: =IF(AG15="","",AH$58*AG15/AG$57) | AI15: =IF(AG15="","",IF(AH15>4,ROUND(AH15/2,0)*2,IF(AH15>AH$59,4,""))) | AJ15: =_xlfn.XLOOKUP($B15,GCES!$B:$B,GCES!$AQ:$AQ,"",0,1) -> 16 | AK15: =IF(AJ15="","",AK$58*AJ15/AJ$57) -> 4.9411765 | AL15: =IF(AJ15="","",IF(AK15>4,ROUND(AK15/2,0)*2,IF(AK15>AK$59,4,""))) -> 4 | AM15: =_xlfn.XLOOKUP($B15,GCES!$B:$B,GCES!$AP:$AP,"",0,1) -> 16 | AN15: =IF(AM15="","",AN$58*AM15/AM$57) -> 5.7777778 | AO15: =IF(AM15="","",IF(AN15>4,ROUND(AN15/2,0)*2,IF(AN15>AN$59,4,""))) -> 6 | AP15: =_xlfn.XLOOKUP($B15,GCES!$B:$B,GCES!$V:$V,"",0,1) -> 24 | AQ15: =IF(AP15="","",AQ$58*AP15/AP$57) -> 6.6857143 | AR15: =IF(AP15="","",IF(AQ15>4,ROUND(AQ15/2,0)*2,IF(AQ15>AQ$59,4,""))) -> 6 | AS15: =_xlfn.XLOOKUP($B15,GCES!$B:$B,GCES!$AH:$AH,"",0,1) -> 48 | AT15: =IF(AS15="","",AT$58*AS15/AS$57) -> 9.3061224 | AU15: =IF(AS15="","",IF(AT15>4,ROUND(AT15/2,0)*2,IF(AT15>AT$59,4,""))) -> 10 | AV15: =_xlfn.XLOOKUP($B15,GCES!$B:$B,GCES!$AG:$AG,"",0,1) -> 16 | AW15: =IF(AV15="","",AW$58*AV15/AV$57) -> 3.7894737 | AX15: =IF(AV15="","",IF(AW15>4,ROUND(AW15/2,0)*2,IF(AW15>AW$59,4,""))) -> 4 | AY15: =_xlfn.XLOOKUP($B15,GCES!$B:$B,GCES!$AO:$AO,"",0,1) -> 16 | AZ15: =IF(AY15="","",AZ$58*AY15/AY$57) -> 2.9333333 | BA15: =IF(AY15="","",IF(AZ15>4,ROUND(AZ15/2,0)*2,IF(AZ15>AZ$59,4,""))) -> 4 | BB15: =SUM(E15,H15,K15,N15,Q15,T15,W15,Z15,AC15,AF15,AI15,AL15,AO15,AR15,AU15,AX15,BA15) -> 62 | BC15: =_xlfn.XLOOKUP($B15,GCES!$B:$B,GCES!$F:$F,"",0,1) -> 16 | BD15: =IF(BC15="","",BD$58*BC15/BC$57) -> 4.1333333 | BE15: =IF(BC15="","",IF(BD15>4,ROUND(BD15/2,0)*2,IF(BD15>BD$59,4,""))) -> 4 | BF15: =_xlfn.XLOOKUP($B15,GCES!$B:$B,GCES!$J:$J,"",0,1) -> 24 | BG15: =IF(BF15="","",BG$58*BF15/BF$57) -> 4.1036269 | BH15: =IF(BF15="","",IF(BG15>4,ROUND(BG15/2,0)*2,IF(BG15>BG$59,4,""))) -> 4 | BI15: =_xlfn.XLOOKUP($B15,GCES!$B:$B,GCES!$I:$I,"",0,1) -> 36 | BJ15: =IF(BI15="","",BJ$58*BI15/BI$57) -> 6.3157895 | BK15: =IF(BI15="","",IF(BJ15>4,ROUND(BJ15/2,0)*2,IF(BJ15>BJ$59,4,""))) -> 6 | BL15: =_xlfn.XLOOKUP($B15,GCES!$B:$B,GCES!$AN:$AN,"",0,1) | BM15: =IF(BL15="","",BM$58*BL15/BL$57) | BN15: =IF(BL15="","",IF(BM15>4,ROUND(BM15/2,0)*2,IF(BM15>BM$59,4,""))) | BO15: =_xlfn.XLOOKUP($B15,GCES!$B:$B,GCES!$AM:$AM,"",0,1) -> 16 | BP15: =IF(BO15="","",BP$58*BO15/BO$57) -> 3.8709677 | BQ15: =IF(BO15="","",IF(BP15>4,ROUND(BP15/2,0)*2,IF(BP15>BP$59,4,""))) -> 4 | BR15: =_xlfn.XLOOKUP($B15,GCES!$B:$B,GCES!$Z:$Z,"",0,1) | BS15: =IF(BR15="","",BS$58*BR15/BR$57) | BT15: =IF(BR15="","",IF(BS15>4,ROUND(BS15/2,0)*2,IF(BS15>BS$59,4,""))) | BU15: =_xlfn.XLOOKUP($B15,GCES!$B:$B,GCES!$Y:$Y,"",0,1) | BV15: =IF(BU15="","",BV$58*BU15/BU$57) | BW15: =IF(BU15="","",IF(BV15>4,ROUND(BV15/2,0)*2,IF(BV15>BV$59,4,""))) | BX15: =_xlfn.XLOOKUP($B15,GCES!$B:$B,GCES!$AC:$AC,"",0,1) | BY15: =IF(BX15="","",BY$58*BX15/BX$57) | BZ15: =IF(BX15="","",IF(BY15>4,ROUND(BY15/2,0)*2,IF(BY15>BY$59,4,""))) | CA15: =_xlfn.XLOOKUP($B15,GCES!$B:$B,GCES!$AB:$AB,"",0,1) | CB15: =IF(CA15="","",CB$58*CA15/CA$57) | CC15: =IF(CA15="","",IF(CB15>4,ROUND(CB15/2,0)*2,IF(CB15>CB$59,4,""))) | CD15: =_xlfn.XLOOKUP($B15,GCES!$B:$B,GCES!$AS:$AS,"",0,1) | CE15: =IF(CD15="","",CE$58*CD15/CD$57) | CF15: =IF(CD15="","",IF(CE15>4,ROUND(CE15/2,0)*2,IF(CE15>CE$59,4,""))) | CG15: =_xlfn.XLOOKUP($B15,GCES!$B:$B,GCES!$AR:$AR,"",0,1) -> 16 | CH15: =IF(CG15="","",CH$58*CG15/CG$57) -> 5.2173913 | CI15: 4 | CJ15: =_xlfn.XLOOKUP($B15,GCES!$B:$B,GCES!$N:$N,"",0,1) | CK15: =IF(CJ15="","",CK$58*CJ15/CJ$57) | CL15: =IF(CJ15="","",IF(CK15>4,ROUND(CK15/2,0)*2,IF(CK15>CK$59,4,""))) | CM15: =_xlfn.XLOOKUP($B15,GCES!$B:$B,GCES!$M:$M,"",0,1) -> 8 | CN15: =IF(CM15="","",CN$58*CM15/CM$57) -> 6 | CO15: =IF(CM15="","",IF(CN15>4,ROUND(CN15/2,0)*2,IF(CN15>CN$59,4,""))) -> 6 | CP15: =_xlfn.XLOOKUP($B15,GCES!$B:$B,GCES!$AD:$AD,"",0,1) -> 32 | CQ15: =IF(CP15="","",CQ$58*CP15/CP$57) -> 8 | CR15: =IF(CP15="","",IF(CQ15>4,ROUND(CQ15/2,0)*2,IF(CQ15>CQ$59,4,""))) -> 8 | CS15: =_xlfn.XLOOKUP($B15,GCES!$B:$B,GCES!$AJ:$AJ,"",0,1) | CT15: =IF(CS15="","",CT$58*CS15/CS$57) | CU15: =IF(CS15="","",IF(CT15>4,ROUND(CT15/2,0)*2,IF(CT15>CT$59,4,""))) | CV15: =_xlfn.XLOOKUP($B15,GCES!$B:$B,GCES!$AI:$AI,"",0,1) -> 16 | CW15: =IF(CV15="","",CW$58*CV15/CV$57) -> 5.12 | CX15: =IF(CV15="","",IF(CW15>4,ROUND(CW15/2,0)*2,IF(CW15>CW$59,4,""))) -> 6 | CY15: =SUM(BE15,BH15,BK15,BN15,BQ15,BT15,BW15,BZ15,CC15,CF15,CI15,CL15,CO15,CR15,CU15,CX15) -> 42 | CZ15: =SUM(BB15,CY15) -> 104
A16: 09 | B16: NAMAKKAL | C16: =_xlfn.XLOOKUP($B16,GCES!$B:$B,GCES!$C:$C,"",0,1) | D16: =IF(C16="","",D$58*C16/C$57) | E16: =IF(C16="","",IF(D16>4,ROUND(D16/2,0)*2,IF(D16>D$59,4,""))) | F16: =_xlfn.XLOOKUP($B16,GCES!$B:$B,GCES!$E:$E,"",0,1) | G16: =IF(F16="","",G$58*F16/F$57) | H16: =IF(F16="","",IF(G16>4,ROUND(G16/2,0)*2,IF(G16>G$59,4,""))) | I16: =_xlfn.XLOOKUP($B16,GCES!$B:$B,GCES!$D:$D,"",0,1) -> 16 | J16: =IF(I16="","",J$58*I16/I$57) -> 1.5115207 | K16: 4 | L16: =_xlfn.XLOOKUP($B16,GCES!$B:$B,GCES!$H:$H,"",0,1) -> 80 | M16: =IF(L16="","",M$58*L16/L$57) -> 15.238095 | N16: 14 | O16: =_xlfn.XLOOKUP($B16,GCES!$B:$B,GCES!$G:$G,"",0,1) -> 16 | P16: =IF(O16="","",P$58*O16/O$57) -> 2.6666667 | R16: =_xlfn.XLOOKUP($B16,GCES!$B:$B,GCES!$L:$L,"",0,1) | S16: =IF(R16="","",S$58*R16/R$57) | T16: =IF(R16="","",IF(S16>4,ROUND(S16/2,0)*2,IF(S16>S$59,4,""))) | U16: =_xlfn.XLOOKUP($B16,GCES!$B:$B,GCES!$K:$K,"",0,1) | V16: =IF(U16="","",V$58*U16/U$57) | W16: =IF(U16="","",IF(V16>4,ROUND(V16/2,0)*2,IF(V16>V$59,4,""))) | X16: =_xlfn.XLOOKUP($B16,GCES!$B:$B,GCES!$S:$S,"",0,1) | Y16: =IF(X16="","",Y$58*X16/X$57) | Z16: =IF(X16="","",IF(Y16>4,ROUND(Y16/2,0)*2,IF(Y16>Y$59,4,""))) | AA16: =_xlfn.XLOOKUP($B16,GCES!$B:$B,GCES!$R:$R,"",0,1) | AB16: =IF(AA16="","",AB$58*AA16/AA$57) | AC16: =IF(AA16="","",IF(AB16>4,ROUND(AB16/2,0)*2,IF(AB16>AB$59,4,""))) | AD16: =_xlfn.XLOOKUP($B16,GCES!$B:$B,GCES!$AL:$AL,"",0,1) -> 68 | AE16: =IF(AD16="","",AE$58*AD16/AD$57) -> 8.1730769 | AF16: 10 | AG16: =_xlfn.XLOOKUP($B16,GCES!$B:$B,GCES!$AK:$AK,"",0,1) | AH16: =IF(AG16="","",AH$58*AG16/AG$57) | AI16: =IF(AG16="","",IF(AH16>4,ROUND(AH16/2,0)*2,IF(AH16>AH$59,4,""))) | AJ16: =_xlfn.XLOOKUP($B16,GCES!$B:$B,GCES!$AQ:$AQ,"",0,1) | AK16: =IF(AJ16="","",AK$58*AJ16/AJ$57) | AL16: =IF(AJ16="","",IF(AK16>4,ROUND(AK16/2,0)*2,IF(AK16>AK$59,4,""))) | AM16: =_xlfn.XLOOKUP($B16,GCES!$B:$B,GCES!$AP:$AP,"",0,1) | AN16: =IF(AM16="","",AN$58*AM16/AM$57) | AO16: =IF(AM16="","",IF(AN16>4,ROUND(AN16/2,0)*2,IF(AN16>AN$59,4,""))) | AP16: =_xlfn.XLOOKUP($B16,GCES!$B:$B,GCES!$V:$V,"",0,1) | AQ16: =IF(AP16="","",AQ$58*AP16/AP$57) | AR16: =IF(AP16="","",IF(AQ16>4,ROUND(AQ16/2,0)*2,IF(AQ16>AQ$59,4,""))) | AS16: =_xlfn.XLOOKUP($B16,GCES!$B:$B,GCES!$AH:$AH,"",0,1) -> 16 | AT16: =IF(AS16="","",AT$58*AS16/AS$57) -> 3.1020408 | AU16: =IF(AS16="","",IF(AT16>4,ROUND(AT16/2,0)*2,IF(AT16>AT$59,4,""))) -> 4 | AV16: =_xlfn.XLOOKUP($B16,GCES!$B:$B,GCES!$AG:$AG,"",0,1) -> 16 | AW16: =IF(AV16="","",AW$58*AV16/AV$57) -> 3.7894737 | AX16: =IF(AV16="","",IF(AW16>4,ROUND(AW16/2,0)*2,IF(AW16>AW$59,4,""))) -> 4 | AY16: =_xlfn.XLOOKUP($B16,GCES!$B:$B,GCES!$AO:$AO,"",0,1) -> 20 | AZ16: =IF(AY16="","",AZ$58*AY16/AY$57) -> 3.6666667 | BA16: =IF(AY16="","",IF(AZ16>4,ROUND(AZ16/2,0)*2,IF(AZ16>AZ$59,4,""))) -> 4 | BB16: =SUM(E16,H16,K16,N16,Q16,T16,W16,Z16,AC16,AF16,AI16,AL16,AO16,AR16,AU16,AX16,BA16) -> 40 | BC16: =_xlfn.XLOOKUP($B16,GCES!$B:$B,GCES!$F:$F,"",0,1) | BD16: =IF(BC16="","",BD$58*BC16/BC$57) | BE16: =IF(BC16="","",IF(BD16>4,ROUND(BD16/2,0)*2,IF(BD16>BD$59,4,""))) | BF16: =_xlfn.XLOOKUP($B16,GCES!$B:$B,GCES!$J:$J,"",0,1) -> 86 | BG16: =IF(BF16="","",BG$58*BF16/BF$57) -> 14.704663 | BH16: =IF(BF16="","",IF(BG16>4,ROUND(BG16/2,0)*2,IF(BG16>BG$59,4,""))) -> 14 | BI16: =_xlfn.XLOOKUP($B16,GCES!$B:$B,GCES!$I:$I,"",0,1) -> 30 | BJ16: =IF(BI16="","",BJ$58*BI16/BI$57) -> 5.2631579 | BK16: =IF(BI16="","",IF(BJ16>4,ROUND(BJ16/2,0)*2,IF(BJ16>BJ$59,4,""))) -> 6 | BL16: =_xlfn.XLOOKUP($B16,GCES!$B:$B,GCES!$AN:$AN,"",0,1) | BM16: =IF(BL16="","",BM$58*BL16/BL$57) | BN16: =IF(BL16="","",IF(BM16>4,ROUND(BM16/2,0)*2,IF(BM16>BM$59,4,""))) | BO16: =_xlfn.XLOOKUP($B16,GCES!$B:$B,GCES!$AM:$AM,"",0,1) -> 16 | BP16: =IF(BO16="","",BP$58*BO16/BO$57) -> 3.8709677 | BQ16: =IF(BO16="","",IF(BP16>4,ROUND(BP16/2,0)*2,IF(BP16>BP$59,4,""))) -> 4 | BR16: =_xlfn.XLOOKUP($B16,GCES!$B:$B,GCES!$Z:$Z,"",0,1) | BS16: =IF(BR16="","",BS$58*BR16/BR$57) | BT16: =IF(BR16="","",IF(BS16>4,ROUND(BS16/2,0)*2,IF(BS16>BS$59,4,""))) | BU16: =_xlfn.XLOOKUP($B16,GCES!$B:$B,GCES!$Y:$Y,"",0,1) | BV16: =IF(BU16="","",BV$58*BU16/BU$57) | BW16: =IF(BU16="","",IF(BV16>4,ROUND(BV16/2,0)*2,IF(BV16>BV$59,4,""))) | BX16: =_xlfn.XLOOKUP($B16,GCES!$B:$B,GCES!$AC:$AC,"",0,1) | BY16: =IF(BX16="","",BY$58*BX16/BX$57) | BZ16: =IF(BX16="","",IF(BY16>4,ROUND(BY16/2,0)*2,IF(BY16>BY$59,4,""))) | CA16: =_xlfn.XLOOKUP($B16,GCES!$B:$B,GCES!$AB:$AB,"",0,1) | CB16: =IF(CA16="","",CB$58*CA16/CA$57) | CC16: =IF(CA16="","",IF(CB16>4,ROUND(CB16/2,0)*2,IF(CB16>CB$59,4,""))) | CD16: =_xlfn.XLOOKUP($B16,GCES!$B:$B,GCES!$AS:$AS,"",0,1) | CE16: =IF(CD16="","",CE$58*CD16/CD$57) | CF16: =IF(CD16="","",IF(CE16>4,ROUND(CE16/2,0)*2,IF(CE16>CE$59,4,""))) | CG16: =_xlfn.XLOOKUP($B16,GCES!$B:$B,GCES!$AR:$AR,"",0,1) -> 16 | CH16: =IF(CG16="","",CH$58*CG16/CG$57) -> 5.2173913 | CI16: 4 | CJ16: =_xlfn.XLOOKUP($B16,GCES!$B:$B,GCES!$N:$N,"",0,1) | CK16: =IF(CJ16="","",CK$58*CJ16/CJ$57) | CL16: =IF(CJ16="","",IF(CK16>4,ROUND(CK16/2,0)*2,IF(CK16>CK$59,4,""))) | CM16: =_xlfn.XLOOKUP($B16,GCES!$B:$B,GCES!$M:$M,"",0,1) | CN16: =IF(CM16="","",CN$58*CM16/CM$57) | CO16: =IF(CM16="","",IF(CN16>4,ROUND(CN16/2,0)*2,IF(CN16>CN$59,4,""))) | CP16: =_xlfn.XLOOKUP($B16,GCES!$B:$B,GCES!$AD:$AD,"",0,1) | CQ16: =IF(CP16="","",CQ$58*CP16/CP$57) | CR16: =IF(CP16="","",IF(CQ16>4,ROUND(CQ16/2,0)*2,IF(CQ16>CQ$59,4,""))) | CS16: =_xlfn.XLOOKUP($B16,GCES!$B:$B,GCES!$AJ:$AJ,"",0,1) | CT16: =IF(CS16="","",CT$58*CS16/CS$57) | CU16: =IF(CS16="","",IF(CT16>4,ROUND(CT16/2,0)*2,IF(CT16>CT$59,4,""))) | CV16: =_xlfn.XLOOKUP($B16,GCES!$B:$B,GCES!$AI:$AI,"",0,1) | CW16: =IF(CV16="","",CW$58*CV16/CV$57) | CX16: =IF(CV16="","",IF(CW16>4,ROUND(CW16/2,0)*2,IF(CW16>CW$59,4,""))) | CY16: =SUM(BE16,BH16,BK16,BN16,BQ16,BT16,BW16,BZ16,CC16,CF16,CI16,CL16,CO16,CR16,CU16,CX16) -> 28 | CZ16: =SUM(BB16,CY16) -> 68
A17: SRO SALEM TOTAL | C17: =SUM(C15:C16) -> 0 | D17: =SUM(D15:D16) -> 0 | E17: =SUM(E15:E16) -> 0 | F17: =SUM(F15:F16) -> 0 | G17: =SUM(G15:G16) -> 0 | H17: =SUM(H15:H16) -> 0 | I17: =SUM(I15:I16) -> 32 | J17: =SUM(J15:J16) -> 3.0230415 | ... BA17: =SUM(BA15:BA16) -> 8 | BB17: =SUM(E17,H17,K17,N17,Q17,T17,W17,Z17,AC17,AF17,AI17,AL17,AO17,AR17,AU17,AX17,BA17) -> 102 | BC17: =SUM(BC15:BC16) -> 16 | BD17: =SUM(BD15:BD16) -> 4.1333333 | BE17: =SUM(BE15:BE16) -> 4 | BF17: =SUM(BF15:BF16) -> 110 | BG17: =SUM(BG15:BG16) -> 18.80829 | BH17: =SUM(BH15:BH16) -> 18 | BI17: =SUM(BI15:BI16) -> 66 | BJ17: =SUM(BJ15:BJ16) -> 11.578947 | ... CX17: =SUM(CX15:CX16) -> 6 | CY17: =SUM(BE17,BH17,BK17,BN17,BQ17,BT17,BW17,BZ17,CC17,CF17,CI17,CL17,CO17,CR17,CU17,CX17) -> 70 | CZ17: =SUM(BB17,CY17) -> 172
A18: 14 | B18: KARUR | C18: =_xlfn.XLOOKUP($B18,GCES!$B:$B,GCES!$C:$C,"",0,1) | D18: =IF(C18="","",D$58*C18/C$57) | E18: =IF(C18="","",IF(D18>4,ROUND(D18/2,0)*2,IF(D18>D$59,4,""))) | F18: =_xlfn.XLOOKUP($B18,GCES!$B:$B,GCES!$E:$E,"",0,1) | G18: =IF(F18="","",G$58*F18/F$57) | H18: =IF(F18="","",IF(G18>4,ROUND(G18/2,0)*2,IF(G18>G$59,4,""))) | I18: =_xlfn.XLOOKUP($B18,GCES!$B:$B,GCES!$D:$D,"",0,1) -> 16 | J18: =IF(I18="","",J$58*I18/I$57) -> 1.5115207 | K18: =IF(I18="","",IF(J18>4,ROUND(J18/2,0)*2,IF(J18>J$59,4,""))) | L18: =_xlfn.XLOOKUP($B18,GCES!$B:$B,GCES!$H:$H,"",0,1) -> 24 | M18: =IF(L18="","",M$58*L18/L$57) -> 4.5714286 | N18: =IF(L18="","",IF(M18>4,ROUND(M18/2,0)*2,IF(M18>M$59,4,""))) -> 4 | O18: =_xlfn.XLOOKUP($B18,GCES!$B:$B,GCES!$G:$G,"",0,1) -> 20 | P18: =IF(O18="","",P$58*O18/O$57) -> 3.3333333 | Q18: 6 | R18: =_xlfn.XLOOKUP($B18,GCES!$B:$B,GCES!$L:$L,"",0,1) | S18: =IF(R18="","",S$58*R18/R$57) | T18: =IF(R18="","",IF(S18>4,ROUND(S18/2,0)*2,IF(S18>S$59,4,""))) | U18: =_xlfn.XLOOKUP($B18,GCES!$B:$B,GCES!$K:$K,"",0,1) | V18: =IF(U18="","",V$58*U18/U$57) | W18: =IF(U18="","",IF(V18>4,ROUND(V18/2,0)*2,IF(V18>V$59,4,""))) | X18: =_xlfn.XLOOKUP($B18,GCES!$B:$B,GCES!$S:$S,"",0,1) | Y18: =IF(X18="","",Y$58*X18/X$57) | Z18: =IF(X18="","",IF(Y18>4,ROUND(Y18/2,0)*2,IF(Y18>Y$59,4,""))) | AA18: =_xlfn.XLOOKUP($B18,GCES!$B:$B,GCES!$R:$R,"",0,1) | AB18: =IF(AA18="","",AB$58*AA18/AA$57) | AC18: =IF(AA18="","",IF(AB18>4,ROUND(AB18/2,0)*2,IF(AB18>AB$59,4,""))) | AD18: =_xlfn.XLOOKUP($B18,GCES!$B:$B,GCES!$AL:$AL,"",0,1) | AE18: =IF(AD18="","",AE$58*AD18/AD$57) | AF18: =IF(AD18="","",IF(AE18>4,ROUND(AE18/2,0)*2,IF(AE18>AE$59,4,""))) | AG18: =_xlfn.XLOOKUP($B18,GCES!$B:$B,GCES!$AK:$AK,"",0,1) | AH18: =IF(AG18="","",AH$58*AG18/AG$57) | AI18: =IF(AG18="","",IF(AH18>4,ROUND(AH18/2,0)*2,IF(AH18>AH$59,4,""))) | AJ18: =_xlfn.XLOOKUP($B18,GCES!$B:$B,GCES!$AQ:$AQ,"",0,1) -> 24 | AK18: =IF(AJ18="","",AK$58*AJ18/AJ$57) -> 7.4117647 | AL18: =IF(AJ18="","",IF(AK18>4,ROUND(AK18/2,0)*2,IF(AK18>AK$59,4,""))) -> 8 | AM18: =_xlfn.XLOOKUP($B18,GCES!$B:$B,GCES!$AP:$AP,"",0,1) | AN18: =IF(AM18="","",AN$58*AM18/AM$57) | AO18: =IF(AM18="","",IF(AN18>4,ROUND(AN18/2,0)*2,IF(AN18>AN$59,4,""))) | AP18: =_xlfn.XLOOKUP($B18,GCES!$B:$B,GCES!$V:$V,"",0,1) -> 16 | AQ18: =IF(AP18="","",AQ$58*AP18/AP$57) -> 4.4571429 | AR18: =IF(AP18="","",IF(AQ18>4,ROUND(AQ18/2,0)*2,IF(AQ18>AQ$59,4,""))) -> 4 | AS18: =_xlfn.XLOOKUP($B18,GCES!$B:$B,GCES!$AH:$AH,"",0,1) | AT18: =IF(AS18="","",AT$58*AS18/AS$57) | AU18: =IF(AS18="","",IF(AT18>4,ROUND(AT18/2,0)*2,IF(AT18>AT$59,4,""))) | AV18: =_xlfn.XLOOKUP($B18,GCES!$B:$B,GCES!$AG:$AG,"",0,1) | AW18: =IF(AV18="","",AW$58*AV18/AV$57) | AX18: =IF(AV18="","",IF(AW18>4,ROUND(AW18/2,0)*2,IF(AW18>AW$59,4,""))) | AY18: =_xlfn.XLOOKUP($B18,GCES!$B:$B,GCES!$AO:$AO,"",0,1) -> 16 | AZ18: =IF(AY18="","",AZ$58*AY18/AY$57) -> 2.9333333 | BA18: =IF(AY18="","",IF(AZ18>4,ROUND(AZ18/2,0)*2,IF(AZ18>AZ$59,4,""))) -> 4 | BB18: =SUM(E18,H18,K18,N18,Q18,T18,W18,Z18,AC18,AF18,AI18,AL18,AO18,AR18,AU18,AX18,BA18) -> 26 | BC18: =_xlfn.XLOOKUP($B18,GCES!$B:$B,GCES!$F:$F,"",0,1) | BD18: =IF(BC18="","",BD$58*BC18/BC$57) | BE18: =IF(BC18="","",IF(BD18>4,ROUND(BD18/2,0)*2,IF(BD18>BD$59,4,""))) | BF18: =_xlfn.XLOOKUP($B18,GCES!$B:$B,GCES!$J:$J,"",0,1) -> 24 | BG18: =IF(BF18="","",BG$58*BF18/BF$57) -> 4.1036269 | BH18: =IF(BF18="","",IF(BG18>4,ROUND(BG18/2,0)*2,IF(BG18>BG$59,4,""))) -> 4 | BI18: =_xlfn.XLOOKUP($B18,GCES!$B:$B,GCES!$I:$I,"",0,1) -> 16 | BJ18: =IF(BI18="","",BJ$58*BI18/BI$57) -> 2.8070175 | BK18: =IF(BI18="","",IF(BJ18>4,ROUND(BJ18/2,0)*2,IF(BJ18>BJ$59,4,""))) -> 4 | BL18: =_xlfn.XLOOKUP($B18,GCES!$B:$B,GCES!$AN:$AN,"",0,1) | BM18: =IF(BL18="","",BM$58*BL18/BL$57) | BN18: =IF(BL18="","",IF(BM18>4,ROUND(BM18/2,0)*2,IF(BM18>BM$59,4,""))) | BO18: =_xlfn.XLOOKUP($B18,GCES!$B:$B,GCES!$AM:$AM,"",0,1) -> 16 | BP18: =IF(BO18="","",BP$58*BO18/BO$57) -> 3.8709677 | BQ18: =IF(BO18="","",IF(BP18>4,ROUND(BP18/2,0)*2,IF(BP18>BP$59,4,""))) -> 4 | BR18: =_xlfn.XLOOKUP($B18,GCES!$B:$B,GCES!$Z:$Z,"",0,1) | BS18: =IF(BR18="","",BS$58*BR18/BR$57) | BT18: =IF(BR18="","",IF(BS18>4,ROUND(BS18/2,0)*2,IF(BS18>BS$59,4,""))) | BU18: =_xlfn.XLOOKUP($B18,GCES!$B:$B,GCES!$Y:$Y,"",0,1) | BV18: =IF(BU18="","",BV$58*BU18/BU$57) | BW18: =IF(BU18="","",IF(BV18>4,ROUND(BV18/2,0)*2,IF(BV18>BV$59,4,""))) | BX18: =_xlfn.XLOOKUP($B18,GCES!$B:$B,GCES!$AC:$AC,"",0,1) | BY18: =IF(BX18="","",BY$58*BX18/BX$57) | BZ18: =IF(BX18="","",IF(BY18>4,ROUND(BY18/2,0)*2,IF(BY18>BY$59,4,""))) | CA18: =_xlfn.XLOOKUP($B18,GCES!$B:$B,GCES!$AB:$AB,"",0,1) | CB18: =IF(CA18="","",CB$58*CA18/CA$57) | CC18: =IF(CA18="","",IF(CB18>4,ROUND(CB18/2,0)*2,IF(CB18>CB$59,4,""))) | CD18: =_xlfn.XLOOKUP($B18,GCES!$B:$B,GCES!$AS:$AS,"",0,1) | CE18: =IF(CD18="","",CE$58*CD18/CD$57) | CF18: =IF(CD18="","",IF(CE18>4,ROUND(CE18/2,0)*2,IF(CE18>CE$59,4,""))) | CG18: =_xlfn.XLOOKUP($B18,GCES!$B:$B,GCES!$AR:$AR,"",0,1) | CH18: =IF(CG18="","",CH$58*CG18/CG$57) | CI18: =IF(CG18="","",IF(CH18>4,ROUND(CH18/2,0)*2,IF(CH18>CH$59,4,""))) | CJ18: =_xlfn.XLOOKUP($B18,GCES!$B:$B,GCES!$N:$N,"",0,1) -> 20 | CK18: =IF(CJ18="","",CK$58*CJ18/CJ$57) -> 5.3061224 | CL18: =IF(CJ18="","",IF(CK18>4,ROUND(CK18/2,0)*2,IF(CK18>CK$59,4,""))) -> 6 | CM18: =_xlfn.XLOOKUP($B18,GCES!$B:$B,GCES!$M:$M,"",0,1) | CN18: =IF(CM18="","",CN$58*CM18/CM$57) | CO18: =IF(CM18="","",IF(CN18>4,ROUND(CN18/2,0)*2,IF(CN18>CN$59,4,""))) | CP18: =_xlfn.XLOOKUP($B18,GCES!$B:$B,GCES!$AD:$AD,"",0,1) -> 16 | CQ18: =IF(CP18="","",CQ$58*CP18/CP$57) -> 4 | CR18: =IF(CP18="","",IF(CQ18>4,ROUND(CQ18/2,0)*2,IF(CQ18>CQ$59,4,""))) -> 4 | CS18: =_xlfn.XLOOKUP($B18,GCES!$B:$B,GCES!$AJ:$AJ,"",0,1) | CT18: =IF(CS18="","",CT$58*CS18/CS$57) | CU18: =IF(CS18="","",IF(CT18>4,ROUND(CT18/2,0)*2,IF(CT18>CT$59,4,""))) | CV18: =_xlfn.XLOOKUP($B18,GCES!$B:$B,GCES!$AI:$AI,"",0,1) | CW18: =IF(CV18="","",CW$58*CV18/CV$57) | CX18: =IF(CV18="","",IF(CW18>4,ROUND(CW18/2,0)*2,IF(CW18>CW$59,4,""))) | CY18: =SUM(BE18,BH18,BK18,BN18,BQ18,BT18,BW18,BZ18,CC18,CF18,CI18,CL18,CO18,CR18,CU18,CX18) -> 22 | CZ18: =SUM(BB18,CY18) -> 48
A19: 15 | B19: TIRUCHIRAPPALLI | C19: =_xlfn.XLOOKUP($B19,GCES!$B:$B,GCES!$C:$C,"",0,1) | D19: =IF(C19="","",D$58*C19/C$57) | E19: =IF(C19="","",IF(D19>4,ROUND(D19/2,0)*2,IF(D19>D$59,4,""))) | F19: =_xlfn.XLOOKUP($B19,GCES!$B:$B,GCES!$E:$E,"",0,1) | G19: =IF(F19="","",G$58*F19/F$57) | H19: =IF(F19="","",IF(G19>4,ROUND(G19/2,0)*2,IF(G19>G$59,4,""))) | I19: =_xlfn.XLOOKUP($B19,GCES!$B:$B,GCES!$D:$D,"",0,1) | J19: =IF(I19="","",J$58*I19/I$57) | K19: =IF(I19="","",IF(J19>4,ROUND(J19/2,0)*2,IF(J19>J$59,4,""))) | L19: =_xlfn.XLOOKUP($B19,GCES!$B:$B,GCES!$H:$H,"",0,1) | M19: =IF(L19="","",M$58*L19/L$57) | N19: =IF(L19="","",IF(M19>4,ROUND(M19/2,0)*2,IF(M19>M$59,4,""))) | O19: =_xlfn.XLOOKUP($B19,GCES!$B:$B,GCES!$G:$G,"",0,1) | P19: =IF(O19="","",P$58*O19/O$57) | Q19: =IF(O19="","",IF(P19>4,ROUND(P19/2,0)*2,IF(P19>P$59,4,""))) | R19: =_xlfn.XLOOKUP($B19,GCES!$B:$B,GCES!$L:$L,"",0,1) | S19: =IF(R19="","",S$58*R19/R$57) | T19: =IF(R19="","",IF(S19>4,ROUND(S19/2,0)*2,IF(S19>S$59,4,""))) | U19: =_xlfn.XLOOKUP($B19,GCES!$B:$B,GCES!$K:$K,"",0,1) | V19: =IF(U19="","",V$58*U19/U$57) | W19: =IF(U19="","",IF(V19>4,ROUND(V19/2,0)*2,IF(V19>V$59,4,""))) | X19: =_xlfn.XLOOKUP($B19,GCES!$B:$B,GCES!$S:$S,"",0,1) | Y19: =IF(X19="","",Y$58*X19/X$57) | Z19: =IF(X19="","",IF(Y19>4,ROUND(Y19/2,0)*2,IF(Y19>Y$59,4,""))) | AA19: =_xlfn.XLOOKUP($B19,GCES!$B:$B,GCES!$R:$R,"",0,1) | AB19: =IF(AA19="","",AB$58*AA19/AA$57) | AC19: =IF(AA19="","",IF(AB19>4,ROUND(AB19/2,0)*2,IF(AB19>AB$59,4,""))) | AD19: =_xlfn.XLOOKUP($B19,GCES!$B:$B,GCES!$AL:$AL,"",0,1) | AE19: =IF(AD19="","",AE$58*AD19/AD$57) | AF19: =IF(AD19="","",IF(AE19>4,ROUND(AE19/2,0)*2,IF(AE19>AE$59,4,""))) | AG19: =_xlfn.XLOOKUP($B19,GCES!$B:$B,GCES!$AK:$AK,"",0,1) | AH19: =IF(AG19="","",AH$58*AG19/AG$57) | AI19: =IF(AG19="","",IF(AH19>4,ROUND(AH19/2,0)*2,IF(AH19>AH$59,4,""))) | AJ19: =_xlfn.XLOOKUP($B19,GCES!$B:$B,GCES!$AQ:$AQ,"",0,1) | AK19: =IF(AJ19="","",AK$58*AJ19/AJ$57) | AL19: =IF(AJ19="","",IF(AK19>4,ROUND(AK19/2,0)*2,IF(AK19>AK$59,4,""))) | AM19: =_xlfn.XLOOKUP($B19,GCES!$B:$B,GCES!$AP:$AP,"",0,1) | AN19: =IF(AM19="","",AN$58*AM19/AM$57) | AO19: =IF(AM19="","",IF(AN19>4,ROUND(AN19/2,0)*2,IF(AN19>AN$59,4,""))) | AP19: =_xlfn.XLOOKUP($B19,GCES!$B:$B,GCES!$V:$V,"",0,1) | AQ19: =IF(AP19="","",AQ$58*AP19/AP$57) | AR19: =IF(AP19="","",IF(AQ19>4,ROUND(AQ19/2,0)*2,IF(AQ19>AQ$59,4,""))) | AS19: =_xlfn.XLOOKUP($B19,GCES!$B:$B,GCES!$AH:$AH,"",0,1) | AT19: =IF(AS19="","",AT$58*AS19/AS$57) | AU19: =IF(AS19="","",IF(AT19>4,ROUND(AT19/2,0)*2,IF(AT19>AT$59,4,""))) | AV19: =_xlfn.XLOOKUP($B19,GCES!$B:$B,GCES!$AG:$AG,"",0,1) | AW19: =IF(AV19="","",AW$58*AV19/AV$57) | AX19: =IF(AV19="","",IF(AW19>4,ROUND(AW19/2,0)*2,IF(AW19>AW$59,4,""))) | AY19: =_xlfn.XLOOKUP($B19,GCES!$B:$B,GCES!$AO:$AO,"",0,1) | AZ19: =IF(AY19="","",AZ$58*AY19/AY$57) | BA19: =IF(AY19="","",IF(AZ19>4,ROUND(AZ19/2,0)*2,IF(AZ19>AZ$59,4,""))) | BB19: =SUM(E19,H19,K19,N19,Q19,T19,W19,Z19,AC19,AF19,AI19,AL19,AO19,AR19,AU19,AX19,BA19) -> 0 | BC19: =_xlfn.XLOOKUP($B19,GCES!$B:$B,GCES!$F:$F,"",0,1) | BD19: =IF(BC19="","",BD$58*BC19/BC$57) | BE19: =IF(BC19="","",IF(BD19>4,ROUND(BD19/2,0)*2,IF(BD19>BD$59,4,""))) | BF19: =_xlfn.XLOOKUP($B19,GCES!$B:$B,GCES!$J:$J,"",0,1) | BG19: =IF(BF19="","",BG$58*BF19/BF$57) | BH19: =IF(BF19="","",IF(BG19>4,ROUND(BG19/2,0)*2,IF(BG19>BG$59,4,""))) | BI19: =_xlfn.XLOOKUP($B19,GCES!$B:$B,GCES!$I:$I,"",0,1) | BJ19: =IF(BI19="","",BJ$58*BI19/BI$57) | BK19: =IF(BI19="","",IF(BJ19>4,ROUND(BJ19/2,0)*2,IF(BJ19>BJ$59,4,""))) | BL19: =_xlfn.XLOOKUP($B19,GCES!$B:$B,GCES!$AN:$AN,"",0,1) | BM19: =IF(BL19="","",BM$58*BL19/BL$57) | BN19: =IF(BL19="","",IF(BM19>4,ROUND(BM19/2,0)*2,IF(BM19>BM$59,4,""))) | BO19: =_xlfn.XLOOKUP($B19,GCES!$B:$B,GCES!$AM:$AM,"",0,1) | BP19: =IF(BO19="","",BP$58*BO19/BO$57) | BQ19: =IF(BO19="","",IF(BP19>4,ROUND(BP19/2,0)*2,IF(BP19>BP$59,4,""))) | BR19: =_xlfn.XLOOKUP($B19,GCES!$B:$B,GCES!$Z:$Z,"",0,1) | BS19: =IF(BR19="","",BS$58*BR19/BR$57) | BT19: =IF(BR19="","",IF(BS19>4,ROUND(BS19/2,0)*2,IF(BS19>BS$59,4,""))) | BU19: =_xlfn.XLOOKUP($B19,GCES!$B:$B,GCES!$Y:$Y,"",0,1) | BV19: =IF(BU19="","",BV$58*BU19/BU$57) | BW19: =IF(BU19="","",IF(BV19>4,ROUND(BV19/2,0)*2,IF(BV19>BV$59,4,""))) | BX19: =_xlfn.XLOOKUP($B19,GCES!$B:$B,GCES!$AC:$AC,"",0,1) | BY19: =IF(BX19="","",BY$58*BX19/BX$57) | BZ19: =IF(BX19="","",IF(BY19>4,ROUND(BY19/2,0)*2,IF(BY19>BY$59,4,""))) | CA19: =_xlfn.XLOOKUP($B19,GCES!$B:$B,GCES!$AB:$AB,"",0,1) | CB19: =IF(CA19="","",CB$58*CA19/CA$57) | CC19: =IF(CA19="","",IF(CB19>4,ROUND(CB19/2,0)*2,IF(CB19>CB$59,4,""))) | CD19: =_xlfn.XLOOKUP($B19,GCES!$B:$B,GCES!$AS:$AS,"",0,1) | CE19: =IF(CD19="","",CE$58*CD19/CD$57) | CF19: =IF(CD19="","",IF(CE19>4,ROUND(CE19/2,0)*2,IF(CE19>CE$59,4,""))) | CG19: =_xlfn.XLOOKUP($B19,GCES!$B:$B,GCES!$AR:$AR,"",0,1) | CH19: =IF(CG19="","",CH$58*CG19/CG$57) | CI19: =IF(CG19="","",IF(CH19>4,ROUND(CH19/2,0)*2,IF(CH19>CH$59,4,""))) | CJ19: =_xlfn.XLOOKUP($B19,GCES!$B:$B,GCES!$N:$N,"",0,1) | CK19: =IF(CJ19="","",CK$58*CJ19/CJ$57) | CL19: =IF(CJ19="","",IF(CK19>4,ROUND(CK19/2,0)*2,IF(CK19>CK$59,4,""))) | CM19: =_xlfn.XLOOKUP($B19,GCES!$B:$B,GCES!$M:$M,"",0,1) | CN19: =IF(CM19="","",CN$58*CM19/CM$57) | CO19: =IF(CM19="","",IF(CN19>4,ROUND(CN19/2,0)*2,IF(CN19>CN$59,4,""))) | CP19: =_xlfn.XLOOKUP($B19,GCES!$B:$B,GCES!$AD:$AD,"",0,1) | CQ19: =IF(CP19="","",CQ$58*CP19/CP$57) | CR19: =IF(CP19="","",IF(CQ19>4,ROUND(CQ19/2,0)*2,IF(CQ19>CQ$59,4,""))) | CS19: =_xlfn.XLOOKUP($B19,GCES!$B:$B,GCES!$AJ:$AJ,"",0,1) | CT19: =IF(CS19="","",CT$58*CS19/CS$57) | CU19: =IF(CS19="","",IF(CT19>4,ROUND(CT19/2,0)*2,IF(CT19>CT$59,4,""))) | CV19: =_xlfn.XLOOKUP($B19,GCES!$B:$B,GCES!$AI:$AI,"",0,1) | CW19: =IF(CV19="","",CW$58*CV19/CV$57) | CX19: =IF(CV19="","",IF(CW19>4,ROUND(CW19/2,0)*2,IF(CW19>CW$59,4,""))) | CY19: =SUM(BE19,BH19,BK19,BN19,BQ19,BT19,BW19,BZ19,CC19,CF19,CI19,CL19,CO19,CR19,CU19,CX19) -> 0 | CZ19: =SUM(BB19,CY19) -> 0
A20: 16 | B20: PERAMBALUR | C20: =_xlfn.XLOOKUP($B20,GCES!$B:$B,GCES!$C:$C,"",0,1) | D20: =IF(C20="","",D$58*C20/C$57) | E20: =IF(C20="","",IF(D20>4,ROUND(D20/2,0)*2,IF(D20>D$59,4,""))) | F20: =_xlfn.XLOOKUP($B20,GCES!$B:$B,GCES!$E:$E,"",0,1) | G20: =IF(F20="","",G$58*F20/F$57) | H20: =IF(F20="","",IF(G20>4,ROUND(G20/2,0)*2,IF(G20>G$59,4,""))) | I20: =_xlfn.XLOOKUP($B20,GCES!$B:$B,GCES!$D:$D,"",0,1) -> 16 | J20: =IF(I20="","",J$58*I20/I$57) -> 1.5115207 | K20: =IF(I20="","",IF(J20>4,ROUND(J20/2,0)*2,IF(J20>J$59,4,""))) | L20: =_xlfn.XLOOKUP($B20,GCES!$B:$B,GCES!$H:$H,"",0,1) | M20: =IF(L20="","",M$58*L20/L$57) | N20: =IF(L20="","",IF(M20>4,ROUND(M20/2,0)*2,IF(M20>M$59,4,""))) | O20: =_xlfn.XLOOKUP($B20,GCES!$B:$B,GCES!$G:$G,"",0,1) | P20: =IF(O20="","",P$58*O20/O$57) | Q20: =IF(O20="","",IF(P20>4,ROUND(P20/2,0)*2,IF(P20>P$59,4,""))) | R20: =_xlfn.XLOOKUP($B20,GCES!$B:$B,GCES!$L:$L,"",0,1) | S20: =IF(R20="","",S$58*R20/R$57) | T20: =IF(R20="","",IF(S20>4,ROUND(S20/2,0)*2,IF(S20>S$59,4,""))) | U20: =_xlfn.XLOOKUP($B20,GCES!$B:$B,GCES!$K:$K,"",0,1) | V20: =IF(U20="","",V$58*U20/U$57) | W20: =IF(U20="","",IF(V20>4,ROUND(V20/2,0)*2,IF(V20>V$59,4,""))) | X20: =_xlfn.XLOOKUP($B20,GCES!$B:$B,GCES!$S:$S,"",0,1) -> 20 | Y20: =IF(X20="","",Y$58*X20/X$57) -> 7.0588235 | Z20: 6 | AA20: =_xlfn.XLOOKUP($B20,GCES!$B:$B,GCES!$R:$R,"",0,1) | AB20: =IF(AA20="","",AB$58*AA20/AA$57) | AC20: =IF(AA20="","",IF(AB20>4,ROUND(AB20/2,0)*2,IF(AB20>AB$59,4,""))) | AD20: =_xlfn.XLOOKUP($B20,GCES!$B:$B,GCES!$AL:$AL,"",0,1) | AE20: =IF(AD20="","",AE$58*AD20/AD$57) | AF20: =IF(AD20="","",IF(AE20>4,ROUND(AE20/2,0)*2,IF(AE20>AE$59,4,""))) | AG20: =_xlfn.XLOOKUP($B20,GCES!$B:$B,GCES!$AK:$AK,"",0,1) | AH20: =IF(AG20="","",AH$58*AG20/AG$57) | AI20: =IF(AG20="","",IF(AH20>4,ROUND(AH20/2,0)*2,IF(AH20>AH$59,4,""))) | AJ20: =_xlfn.XLOOKUP($B20,GCES!$B:$B,GCES!$AQ:$AQ,"",0,1) | AK20: =IF(AJ20="","",AK$58*AJ20/AJ$57) | AL20: =IF(AJ20="","",IF(AK20>4,ROUND(AK20/2,0)*2,IF(AK20>AK$59,4,""))) | AM20: =_xlfn.XLOOKUP($B20,GCES!$B:$B,GCES!$AP:$AP,"",0,1) | AN20: =IF(AM20="","",AN$58*AM20/AM$57) | AO20: =IF(AM20="","",IF(AN20>4,ROUND(AN20/2,0)*2,IF(AN20>AN$59,4,""))) | AP20: =_xlfn.XLOOKUP($B20,GCES!$B:$B,GCES!$V:$V,"",0,1) -> 16 | AQ20: =IF(AP20="","",AQ$58*AP20/AP$57) -> 4.4571429 | AR20: =IF(AP20="","",IF(AQ20>4,ROUND(AQ20/2,0)*2,IF(AQ20>AQ$59,4,""))) -> 4 | AS20: =_xlfn.XLOOKUP($B20,GCES!$B:$B,GCES!$AH:$AH,"",0,1) -> 64 | AT20: =IF(AS20="","",AT$58*AS20/AS$57) -> 12.408163 | AU20: =IF(AS20="","",IF(AT20>4,ROUND(AT20/2,0)*2,IF(AT20>AT$59,4,""))) -> 12 | AV20: =_xlfn.XLOOKUP($B20,GCES!$B:$B,GCES!$AG:$AG,"",0,1) | AW20: =IF(AV20="","",AW$58*AV20/AV$57) | AX20: =IF(AV20="","",IF(AW20>4,ROUND(AW20/2,0)*2,IF(AW20>AW$59,4,""))) | AY20: =_xlfn.XLOOKUP($B20,GCES!$B:$B,GCES!$AO:$AO,"",0,1) -> 16 | AZ20: =IF(AY20="","",AZ$58*AY20/AY$57) -> 2.9333333 | BA20: =IF(AY20="","",IF(AZ20>4,ROUND(AZ20/2,0)*2,IF(AZ20>AZ$59,4,""))) -> 4 | BB20: =SUM(E20,H20,K20,N20,Q20,T20,W20,Z20,AC20,AF20,AI20,AL20,AO20,AR20,AU20,AX20,BA20) -> 26 | BC20: =_xlfn.XLOOKUP($B20,GCES!$B:$B,GCES!$F:$F,"",0,1) | BD20: =IF(BC20="","",BD$58*BC20/BC$57) | BE20: =IF(BC20="","",IF(BD20>4,ROUND(BD20/2,0)*2,IF(BD20>BD$59,4,""))) | BF20: =_xlfn.XLOOKUP($B20,GCES!$B:$B,GCES!$J:$J,"",0,1) | BG20: =IF(BF20="","",BG$58*BF20/BF$57) | BH20: =IF(BF20="","",IF(BG20>4,ROUND(BG20/2,0)*2,IF(BG20>BG$59,4,""))) | BI20: =_xlfn.XLOOKUP($B20,GCES!$B:$B,GCES!$I:$I,"",0,1) | BJ20: =IF(BI20="","",BJ$58*BI20/BI$57) | BK20: =IF(BI20="","",IF(BJ20>4,ROUND(BJ20/2,0)*2,IF(BJ20>BJ$59,4,""))) | BL20: =_xlfn.XLOOKUP($B20,GCES!$B:$B,GCES!$AN:$AN,"",0,1) | BM20: =IF(BL20="","",BM$58*BL20/BL$57) | BN20: =IF(BL20="","",IF(BM20>4,ROUND(BM20/2,0)*2,IF(BM20>BM$59,4,""))) | BO20: =_xlfn.XLOOKUP($B20,GCES!$B:$B,GCES!$AM:$AM,"",0,1) -> 16 | BP20: =IF(BO20="","",BP$58*BO20/BO$57) -> 3.8709677 | BQ20: =IF(BO20="","",IF(BP20>4,ROUND(BP20/2,0)*2,IF(BP20>BP$59,4,""))) -> 4 | BR20: =_xlfn.XLOOKUP($B20,GCES!$B:$B,GCES!$Z:$Z,"",0,1) | BS20: =IF(BR20="","",BS$58*BR20/BR$57) | BT20: =IF(BR20="","",IF(BS20>4,ROUND(BS20/2,0)*2,IF(BS20>BS$59,4,""))) | BU20: =_xlfn.XLOOKUP($B20,GCES!$B:$B,GCES!$Y:$Y,"",0,1) | BV20: =IF(BU20="","",BV$58*BU20/BU$57) | BW20: =IF(BU20="","",IF(BV20>4,ROUND(BV20/2,0)*2,IF(BV20>BV$59,4,""))) | BX20: =_xlfn.XLOOKUP($B20,GCES!$B:$B,GCES!$AC:$AC,"",0,1) | BY20: =IF(BX20="","",BY$58*BX20/BX$57) | BZ20: =IF(BX20="","",IF(BY20>4,ROUND(BY20/2,0)*2,IF(BY20>BY$59,4,""))) | CA20: =_xlfn.XLOOKUP($B20,GCES!$B:$B,GCES!$AB:$AB,"",0,1) | CB20: =IF(CA20="","",CB$58*CA20/CA$57) | CC20: =IF(CA20="","",IF(CB20>4,ROUND(CB20/2,0)*2,IF(CB20>CB$59,4,""))) | CD20: =_xlfn.XLOOKUP($B20,GCES!$B:$B,GCES!$AS:$AS,"",0,1) | CE20: =IF(CD20="","",CE$58*CD20/CD$57) | CF20: =IF(CD20="","",IF(CE20>4,ROUND(CE20/2,0)*2,IF(CE20>CE$59,4,""))) | CG20: =_xlfn.XLOOKUP($B20,GCES!$B:$B,GCES!$AR:$AR,"",0,1) | CH20: =IF(CG20="","",CH$58*CG20/CG$57) | CI20: =IF(CG20="","",IF(CH20>4,ROUND(CH20/2,0)*2,IF(CH20>CH$59,4,""))) | CJ20: =_xlfn.XLOOKUP($B20,GCES!$B:$B,GCES!$N:$N,"",0,1) | CK20: =IF(CJ20="","",CK$58*CJ20/CJ$57) | CL20: =IF(CJ20="","",IF(CK20>4,ROUND(CK20/2,0)*2,IF(CK20>CK$59,4,""))) | CM20: =_xlfn.XLOOKUP($B20,GCES!$B:$B,GCES!$M:$M,"",0,1) | CN20: =IF(CM20="","",CN$58*CM20/CM$57) | CO20: =IF(CM20="","",IF(CN20>4,ROUND(CN20/2,0)*2,IF(CN20>CN$59,4,""))) | CP20: =_xlfn.XLOOKUP($B20,GCES!$B:$B,GCES!$AD:$AD,"",0,1) | CQ20: =IF(CP20="","",CQ$58*CP20/CP$57) | CR20: =IF(CP20="","",IF(CQ20>4,ROUND(CQ20/2,0)*2,IF(CQ20>CQ$59,4,""))) | CS20: =_xlfn.XLOOKUP($B20,GCES!$B:$B,GCES!$AJ:$AJ,"",0,1) | CT20: =IF(CS20="","",CT$58*CS20/CS$57) | CU20: =IF(CS20="","",IF(CT20>4,ROUND(CT20/2,0)*2,IF(CT20>CT$59,4,""))) | CV20: =_xlfn.XLOOKUP($B20,GCES!$B:$B,GCES!$AI:$AI,"",0,1) | CW20: =IF(CV20="","",CW$58*CV20/CV$57) | CX20: =IF(CV20="","",IF(CW20>4,ROUND(CW20/2,0)*2,IF(CW20>CW$59,4,""))) | CY20: =SUM(BE20,BH20,BK20,BN20,BQ20,BT20,BW20,BZ20,CC20,CF20,CI20,CL20,CO20,CR20,CU20,CX20) -> 4 | CZ20: =SUM(BB20,CY20) -> 30
A21: 17 | B21: ARIYALUR | C21: =_xlfn.XLOOKUP($B21,GCES!$B:$B,GCES!$C:$C,"",0,1) -> 16 | D21: =IF(C21="","",D$58*C21/C$57) -> 3.5068493 | E21: =IF(C21="","",IF(D21>4,ROUND(D21/2,0)*2,IF(D21>D$59,4,""))) -> 4 | F21: =_xlfn.XLOOKUP($B21,GCES!$B:$B,GCES!$E:$E,"",0,1) | G21: =IF(F21="","",G$58*F21/F$57) | H21: =IF(F21="","",IF(G21>4,ROUND(G21/2,0)*2,IF(G21>G$59,4,""))) | I21: =_xlfn.XLOOKUP($B21,GCES!$B:$B,GCES!$D:$D,"",0,1) -> 28 | J21: =IF(I21="","",J$58*I21/I$57) -> 2.6451613 | K21: =IF(I21="","",IF(J21>4,ROUND(J21/2,0)*2,IF(J21>J$59,4,""))) -> 4 | L21: =_xlfn.XLOOKUP($B21,GCES!$B:$B,GCES!$H:$H,"",0,1) | M21: =IF(L21="","",M$58*L21/L$57) | N21: =IF(L21="","",IF(M21>4,ROUND(M21/2,0)*2,IF(M21>M$59,4,""))) | O21: =_xlfn.XLOOKUP($B21,GCES!$B:$B,GCES!$G:$G,"",0,1) | P21: =IF(O21="","",P$58*O21/O$57) | Q21: =IF(O21="","",IF(P21>4,ROUND(P21/2,0)*2,IF(P21>P$59,4,""))) | R21: =_xlfn.XLOOKUP($B21,GCES!$B:$B,GCES!$L:$L,"",0,1) -> 16 | S21: =IF(R21="","",S$58*R21/R$57) -> 7.4482759 | T21: =IF(R21="","",IF(S21>4,ROUND(S21/2,0)*2,IF(S21>S$59,4,""))) -> 8 | U21: =_xlfn.XLOOKUP($B21,GCES!$B:$B,GCES!$K:$K,"",0,1) | V21: =IF(U21="","",V$58*U21/U$57) | W21: =IF(U21="","",IF(V21>4,ROUND(V21/2,0)*2,IF(V21>V$59,4,""))) | X21: =_xlfn.XLOOKUP($B21,GCES!$B:$B,GCES!$S:$S,"",0,1) -> 16 | Y21: =IF(X21="","",Y$58*X21/X$57) -> 5.6470588 | Z21: =IF(X21="","",IF(Y21>4,ROUND(Y21/2,0)*2,IF(Y21>Y$59,4,""))) -> 6 | AA21: =_xlfn.XLOOKUP($B21,GCES!$B:$B,GCES!$R:$R,"",0,1) | AB21: =IF(AA21="","",AB$58*AA21/AA$57) | AC21: =IF(AA21="","",IF(AB21>4,ROUND(AB21/2,0)*2,IF(AB21>AB$59,4,""))) | AD21: =_xlfn.XLOOKUP($B21,GCES!$B:$B,GCES!$AL:$AL,"",0,1) -> 16 | AE21: =IF(AD21="","",AE$58*AD21/AD$57) -> 1.9230769 | AF21: =IF(AD21="","",IF(AE21>4,ROUND(AE21/2,0)*2,IF(AE21>AE$59,4,""))) | AG21: =_xlfn.XLOOKUP($B21,GCES!$B:$B,GCES!$AK:$AK,"",0,1) -> 16 | AH21: =IF(AG21="","",AH$58*AG21/AG$57) -> 2.6666667 | AJ21: =_xlfn.XLOOKUP($B21,GCES!$B:$B,GCES!$AQ:$AQ,"",0,1) | AK21: =IF(AJ21="","",AK$58*AJ21/AJ$57) | AL21: =IF(AJ21="","",IF(AK21>4,ROUND(AK21/2,0)*2,IF(AK21>AK$59,4,""))) | AM21: =_xlfn.XLOOKUP($B21,GCES!$B:$B,GCES!$AP:$AP,"",0,1) -> 20 | AN21: =IF(AM21="","",AN$58*AM21/AM$57) -> 7.2222222 | AO21: =IF(AM21="","",IF(AN21>4,ROUND(AN21/2,0)*2,IF(AN21>AN$59,4,""))) -> 8 | AP21: =_xlfn.XLOOKUP($B21,GCES!$B:$B,GCES!$V:$V,"",0,1) | AQ21: =IF(AP21="","",AQ$58*AP21/AP$57) | AR21: =IF(AP21="","",IF(AQ21>4,ROUND(AQ21/2,0)*2,IF(AQ21>AQ$59,4,""))) | AS21: =_xlfn.XLOOKUP($B21,GCES!$B:$B,GCES!$AH:$AH,"",0,1) -> 48 | AT21: =IF(AS21="","",AT$58*AS21/AS$57) -> 9.3061224 | AU21: =IF(AS21="","",IF(AT21>4,ROUND(AT21/2,0)*2,IF(AT21>AT$59,4,""))) -> 10 | AV21: =_xlfn.XLOOKUP($B21,GCES!$B:$B,GCES!$AG:$AG,"",0,1) | AW21: =IF(AV21="","",AW$58*AV21/AV$57) | AX21: =IF(AV21="","",IF(AW21>4,ROUND(AW21/2,0)*2,IF(AW21>AW$59,4,""))) | AY21: =_xlfn.XLOOKUP($B21,GCES!$B:$B,GCES!$AO:$AO,"",0,1) -> 16 | AZ21: =IF(AY21="","",AZ$58*AY21/AY$57) -> 2.9333333 | BB21: =SUM(E21,H21,K21,N21,Q21,T21,W21,Z21,AC21,AF21,AI21,AL21,AO21,AR21,AU21,AX21,BA21) -> 40 | BC21: =_xlfn.XLOOKUP($B21,GCES!$B:$B,GCES!$F:$F,"",0,1) | BD21: =IF(BC21="","",BD$58*BC21/BC$57) | BE21: =IF(BC21="","",IF(BD21>4,ROUND(BD21/2,0)*2,IF(BD21>BD$59,4,""))) | BF21: =_xlfn.XLOOKUP($B21,GCES!$B:$B,GCES!$J:$J,"",0,1) | BG21: =IF(BF21="","",BG$58*BF21/BF$57) | BH21: =IF(BF21="","",IF(BG21>4,ROUND(BG21/2,0)*2,IF(BG21>BG$59,4,""))) | BI21: =_xlfn.XLOOKUP($B21,GCES!$B:$B,GCES!$I:$I,"",0,1) | BJ21: =IF(BI21="","",BJ$58*BI21/BI$57) | BK21: =IF(BI21="","",IF(BJ21>4,ROUND(BJ21/2,0)*2,IF(BJ21>BJ$59,4,""))) | BL21: =_xlfn.XLOOKUP($B21,GCES!$B:$B,GCES!$AN:$AN,"",0,1) | BM21: =IF(BL21="","",BM$58*BL21/BL$57) | BN21: =IF(BL21="","",IF(BM21>4,ROUND(BM21/2,0)*2,IF(BM21>BM$59,4,""))) | BO21: =_xlfn.XLOOKUP($B21,GCES!$B:$B,GCES!$AM:$AM,"",0,1) -> 16 | BP21: =IF(BO21="","",BP$58*BO21/BO$57) -> 3.8709677 | BQ21: =IF(BO21="","",IF(BP21>4,ROUND(BP21/2,0)*2,IF(BP21>BP$59,4,""))) -> 4 | BR21: =_xlfn.XLOOKUP($B21,GCES!$B:$B,GCES!$Z:$Z,"",0,1) -> 16 | BS21: =IF(BR21="","",BS$58*BR21/BR$57) -> 4.48 | BT21: =IF(BR21="","",IF(BS21>4,ROUND(BS21/2,0)*2,IF(BS21>BS$59,4,""))) -> 4 | BU21: =_xlfn.XLOOKUP($B21,GCES!$B:$B,GCES!$Y:$Y,"",0,1) | BV21: =IF(BU21="","",BV$58*BU21/BU$57) | BW21: =IF(BU21="","",IF(BV21>4,ROUND(BV21/2,0)*2,IF(BV21>BV$59,4,""))) | BX21: =_xlfn.XLOOKUP($B21,GCES!$B:$B,GCES!$AC:$AC,"",0,1) | BY21: =IF(BX21="","",BY$58*BX21/BX$57) | BZ21: =IF(BX21="","",IF(BY21>4,ROUND(BY21/2,0)*2,IF(BY21>BY$59,4,""))) | CA21: =_xlfn.XLOOKUP($B21,GCES!$B:$B,GCES!$AB:$AB,"",0,1) | CB21: =IF(CA21="","",CB$58*CA21/CA$57) | CC21: =IF(CA21="","",IF(CB21>4,ROUND(CB21/2,0)*2,IF(CB21>CB$59,4,""))) | CD21: =_xlfn.XLOOKUP($B21,GCES!$B:$B,GCES!$AS:$AS,"",0,1) | CE21: =IF(CD21="","",CE$58*CD21/CD$57) | CF21: =IF(CD21="","",IF(CE21>4,ROUND(CE21/2,0)*2,IF(CE21>CE$59,4,""))) | CG21: =_xlfn.XLOOKUP($B21,GCES!$B:$B,GCES!$AR:$AR,"",0,1) | CH21: =IF(CG21="","",CH$58*CG21/CG$57) | CI21: =IF(CG21="","",IF(CH21>4,ROUND(CH21/2,0)*2,IF(CH21>CH$59,4,""))) | CJ21: =_xlfn.XLOOKUP($B21,GCES!$B:$B,GCES!$N:$N,"",0,1) | CK21: =IF(CJ21="","",CK$58*CJ21/CJ$57) | CL21: =IF(CJ21="","",IF(CK21>4,ROUND(CK21/2,0)*2,IF(CK21>CK$59,4,""))) | CM21: =_xlfn.XLOOKUP($B21,GCES!$B:$B,GCES!$M:$M,"",0,1) | CN21: =IF(CM21="","",CN$58*CM21/CM$57) | CO21: =IF(CM21="","",IF(CN21>4,ROUND(CN21/2,0)*2,IF(CN21>CN$59,4,""))) | CP21: =_xlfn.XLOOKUP($B21,GCES!$B:$B,GCES!$AD:$AD,"",0,1) | CQ21: =IF(CP21="","",CQ$58*CP21/CP$57) | CR21: =IF(CP21="","",IF(CQ21>4,ROUND(CQ21/2,0)*2,IF(CQ21>CQ$59,4,""))) | CS21: =_xlfn.XLOOKUP($B21,GCES!$B:$B,GCES!$AJ:$AJ,"",0,1) | CT21: =IF(CS21="","",CT$58*CS21/CS$57) | CU21: =IF(CS21="","",IF(CT21>4,ROUND(CT21/2,0)*2,IF(CT21>CT$59,4,""))) | CV21: =_xlfn.XLOOKUP($B21,GCES!$B:$B,GCES!$AI:$AI,"",0,1) | CW21: =IF(CV21="","",CW$58*CV21/CV$57) | CX21: =IF(CV21="","",IF(CW21>4,ROUND(CW21/2,0)*2,IF(CW21>CW$59,4,""))) | CY21: =SUM(BE21,BH21,BK21,BN21,BQ21,BT21,BW21,BZ21,CC21,CF21,CI21,CL21,CO21,CR21,CU21,CX21) -> 8 | CZ21: =SUM(BB21,CY21) -> 48
A22: SRO TIRUCHIRAPALLI TOTAL | C22: =SUM(C18:C21) -> 16 | D22: =SUM(D18:D21) -> 3.5068493 | E22: =SUM(E18:E21) -> 4 | F22: =SUM(F18:F21) -> 0 | G22: =SUM(G18:G21) -> 0 | H22: =SUM(H18:H21) -> 0 | I22: =SUM(I18:I21) -> 60 | J22: =SUM(J18:J21) -> 5.6682028 | ... BA22: =SUM(BA18:BA21) -> 8 | BB22: =SUM(E22,H22,K22,N22,Q22,T22,W22,Z22,AC22,AF22,AI22,AL22,AO22,AR22,AU22,AX22,BA22) -> 92 | BC22: =SUM(BC18:BC21) -> 0 | BD22: =SUM(BD18:BD21) -> 0 | BE22: =SUM(BE18:BE21) -> 0 | BF22: =SUM(BF18:BF21) -> 24 | BG22: =SUM(BG18:BG21) -> 4.1036269 | BH22: =SUM(BH18:BH21) -> 4 | BI22: =SUM(BI18:BI21) -> 16 | BJ22: =SUM(BJ18:BJ21) -> 2.8070175 | ... CX22: =SUM(CX18:CX21) -> 0 | CY22: =SUM(BE22,BH22,BK22,BN22,BQ22,BT22,BW22,BZ22,CC22,CF22,CI22,CL22,CO22,CR22,CU22,CX22) -> 34 | CZ22: =SUM(BB22,CY22) -> 126
A23: RO COIMBATORE TOTAL | C23: =SUM(C10,C14,C17,C22) -> 32 | D23: =SUM(D10,D14,D17,D22) -> 7.0136986 | E23: =SUM(E10,E14,E17,E22) -> 8 | F23: =SUM(F10,F14,F17,F22) -> 0 | G23: =SUM(G10,G14,G17,G22) -> 0 | H23: =SUM(H10,H14,H17,H22) -> 0 | I23: =SUM(I10,I14,I17,I22) -> 156 | J23: =SUM(J10,J14,J17,J22) -> 14.737327 | ... BA23: =SUM(BA10,BA14,BA17,BA22) -> 26 | BB23: =SUM(E23,H23,K23,N23,Q23,T23,W23,Z23,AC23,AF23,AI23,AL23,AO23,AR23,AU23,AX23,BA23) -> 362 | BC23: =SUM(BC10,BC14,BC17,BC22) -> 48 | BD23: =SUM(BD10,BD14,BD17,BD22) -> 12.4 | BE23: =SUM(BE10,BE14,BE17,BE22) -> 12 | BF23: =SUM(BF10,BF14,BF17,BF22) -> 170 | BG23: =SUM(BG10,BG14,BG17,BG22) -> 29.067358 | BH23: =SUM(BH10,BH14,BH17,BH22) -> 28 | BI23: =SUM(BI10,BI14,BI17,BI22) -> 82 | BJ23: =SUM(BJ10,BJ14,BJ17,BJ22) -> 14.385965 | ... CX23: =SUM(CX10,CX14,CX17,CX22) -> 6 | CY23: =SUM(BE23,BH23,BK23,BN23,BQ23,BT23,BW23,BZ23,CC23,CF23,CI23,CL23,CO23,CR23,CU23,CX23) -> 180 | CZ23: =SUM(BB23,CY23) -> 542
A24: 01 | B24: THIRUVALLUR | C24: =_xlfn.XLOOKUP($B24,GCES!$B:$B,GCES!$C:$C,"",0,1) -> 36 | D24: =IF(C24="","",D$58*C24/C$57) -> 7.890411 | E24: =IF(C24="","",IF(D24>4,ROUND(D24/2,0)*2,IF(D24>D$59,4,""))) -> 8 | F24: =_xlfn.XLOOKUP($B24,GCES!$B:$B,GCES!$E:$E,"",0,1) | G24: =IF(F24="","",G$58*F24/F$57) | H24: =IF(F24="","",IF(G24>4,ROUND(G24/2,0)*2,IF(G24>G$59,4,""))) | I24: =_xlfn.XLOOKUP($B24,GCES!$B:$B,GCES!$D:$D,"",0,1) -> 52 | J24: =IF(I24="","",J$58*I24/I$57) -> 4.9124424 | K24: 6 | L24: =_xlfn.XLOOKUP($B24,GCES!$B:$B,GCES!$H:$H,"",0,1) | M24: =IF(L24="","",M$58*L24/L$57) | N24: =IF(L24="","",IF(M24>4,ROUND(M24/2,0)*2,IF(M24>M$59,4,""))) | O24: =_xlfn.XLOOKUP($B24,GCES!$B:$B,GCES!$G:$G,"",0,1) | P24: =IF(O24="","",P$58*O24/O$57) | Q24: =IF(O24="","",IF(P24>4,ROUND(P24/2,0)*2,IF(P24>P$59,4,""))) | R24: =_xlfn.XLOOKUP($B24,GCES!$B:$B,GCES!$L:$L,"",0,1) | S24: =IF(R24="","",S$58*R24/R$57) | T24: =IF(R24="","",IF(S24>4,ROUND(S24/2,0)*2,IF(S24>S$59,4,""))) | U24: =_xlfn.XLOOKUP($B24,GCES!$B:$B,GCES!$K:$K,"",0,1) | V24: =IF(U24="","",V$58*U24/U$57) | W24: =IF(U24="","",IF(V24>4,ROUND(V24/2,0)*2,IF(V24>V$59,4,""))) | X24: =_xlfn.XLOOKUP($B24,GCES!$B:$B,GCES!$S:$S,"",0,1) | Y24: =IF(X24="","",Y$58*X24/X$57) | Z24: =IF(X24="","",IF(Y24>4,ROUND(Y24/2,0)*2,IF(Y24>Y$59,4,""))) | AA24: =_xlfn.XLOOKUP($B24,GCES!$B:$B,GCES!$R:$R,"",0,1) | AB24: =IF(AA24="","",AB$58*AA24/AA$57) | AC24: =IF(AA24="","",IF(AB24>4,ROUND(AB24/2,0)*2,IF(AB24>AB$59,4,""))) | AD24: =_xlfn.XLOOKUP($B24,GCES!$B:$B,GCES!$AL:$AL,"",0,1) | AE24: =IF(AD24="","",AE$58*AD24/AD$57) | AF24: =IF(AD24="","",IF(AE24>4,ROUND(AE24/2,0)*2,IF(AE24>AE$59,4,""))) | AG24: =_xlfn.XLOOKUP($B24,GCES!$B:$B,GCES!$AK:$AK,"",0,1) | AH24: =IF(AG24="","",AH$58*AG24/AG$57) | AI24: =IF(AG24="","",IF(AH24>4,ROUND(AH24/2,0)*2,IF(AH24>AH$59,4,""))) | AJ24: =_xlfn.XLOOKUP($B24,GCES!$B:$B,GCES!$AQ:$AQ,"",0,1) | AK24: =IF(AJ24="","",AK$58*AJ24/AJ$57) | AL24: =IF(AJ24="","",IF(AK24>4,ROUND(AK24/2,0)*2,IF(AK24>AK$59,4,""))) | AM24: =_xlfn.XLOOKUP($B24,GCES!$B:$B,GCES!$AP:$AP,"",0,1) | AN24: =IF(AM24="","",AN$58*AM24/AM$57) | AO24: =IF(AM24="","",IF(AN24>4,ROUND(AN24/2,0)*2,IF(AN24>AN$59,4,""))) | AP24: =_xlfn.XLOOKUP($B24,GCES!$B:$B,GCES!$V:$V,"",0,1) | AQ24: =IF(AP24="","",AQ$58*AP24/AP$57) | AR24: =IF(AP24="","",IF(AQ24>4,ROUND(AQ24/2,0)*2,IF(AQ24>AQ$59,4,""))) | AS24: =_xlfn.XLOOKUP($B24,GCES!$B:$B,GCES!$AH:$AH,"",0,1) | AT24: =IF(AS24="","",AT$58*AS24/AS$57) | AU24: =IF(AS24="","",IF(AT24>4,ROUND(AT24/2,0)*2,IF(AT24>AT$59,4,""))) | AV24: =_xlfn.XLOOKUP($B24,GCES!$B:$B,GCES!$AG:$AG,"",0,1) | AW24: =IF(AV24="","",AW$58*AV24/AV$57) | AX24: =IF(AV24="","",IF(AW24>4,ROUND(AW24/2,0)*2,IF(AW24>AW$59,4,""))) | AY24: =_xlfn.XLOOKUP($B24,GCES!$B:$B,GCES!$AO:$AO,"",0,1) -> 16 | AZ24: =IF(AY24="","",AZ$58*AY24/AY$57) -> 2.9333333 | BA24: =IF(AY24="","",IF(AZ24>4,ROUND(AZ24/2,0)*2,IF(AZ24>AZ$59,4,""))) -> 4 | BB24: =SUM(E24,H24,K24,N24,Q24,T24,W24,Z24,AC24,AF24,AI24,AL24,AO24,AR24,AU24,AX24,BA24) -> 18 | BC24: =_xlfn.XLOOKUP($B24,GCES!$B:$B,GCES!$F:$F,"",0,1) -> 20 | BD24: =IF(BC24="","",BD$58*BC24/BC$57) -> 5.1666667 | BE24: =IF(BC24="","",IF(BD24>4,ROUND(BD24/2,0)*2,IF(BD24>BD$59,4,""))) -> 6 | BF24: =_xlfn.XLOOKUP($B24,GCES!$B:$B,GCES!$J:$J,"",0,1) | BG24: =IF(BF24="","",BG$58*BF24/BF$57) | BH24: =IF(BF24="","",IF(BG24>4,ROUND(BG24/2,0)*2,IF(BG24>BG$59,4,""))) | BI24: =_xlfn.XLOOKUP($B24,GCES!$B:$B,GCES!$I:$I,"",0,1) | BJ24: =IF(BI24="","",BJ$58*BI24/BI$57) | BK24: =IF(BI24="","",IF(BJ24>4,ROUND(BJ24/2,0)*2,IF(BJ24>BJ$59,4,""))) | BL24: =_xlfn.XLOOKUP($B24,GCES!$B:$B,GCES!$AN:$AN,"",0,1) | BM24: =IF(BL24="","",BM$58*BL24/BL$57) | BN24: =IF(BL24="","",IF(BM24>4,ROUND(BM24/2,0)*2,IF(BM24>BM$59,4,""))) | BO24: =_xlfn.XLOOKUP($B24,GCES!$B:$B,GCES!$AM:$AM,"",0,1) -> 16 | BP24: =IF(BO24="","",BP$58*BO24/BO$57) -> 3.8709677 | BQ24: =IF(BO24="","",IF(BP24>4,ROUND(BP24/2,0)*2,IF(BP24>BP$59,4,""))) -> 4 | BR24: =_xlfn.XLOOKUP($B24,GCES!$B:$B,GCES!$Z:$Z,"",0,1) | BS24: =IF(BR24="","",BS$58*BR24/BR$57) | BT24: =IF(BR24="","",IF(BS24>4,ROUND(BS24/2,0)*2,IF(BS24>BS$59,4,""))) | BU24: =_xlfn.XLOOKUP($B24,GCES!$B:$B,GCES!$Y:$Y,"",0,1) | BV24: =IF(BU24="","",BV$58*BU24/BU$57) | BW24: =IF(BU24="","",IF(BV24>4,ROUND(BV24/2,0)*2,IF(BV24>BV$59,4,""))) | BX24: =_xlfn.XLOOKUP($B24,GCES!$B:$B,GCES!$AC:$AC,"",0,1) | BY24: =IF(BX24="","",BY$58*BX24/BX$57) | BZ24: =IF(BX24="","",IF(BY24>4,ROUND(BY24/2,0)*2,IF(BY24>BY$59,4,""))) | CA24: =_xlfn.XLOOKUP($B24,GCES!$B:$B,GCES!$AB:$AB,"",0,1) -> 16 | CB24: =IF(CA24="","",CB$58*CA24/CA$57) -> 8 | CC24: =IF(CA24="","",IF(CB24>4,ROUND(CB24/2,0)*2,IF(CB24>CB$59,4,""))) -> 8 | CD24: =_xlfn.XLOOKUP($B24,GCES!$B:$B,GCES!$AS:$AS,"",0,1) | CE24: =IF(CD24="","",CE$58*CD24/CD$57) | CF24: =IF(CD24="","",IF(CE24>4,ROUND(CE24/2,0)*2,IF(CE24>CE$59,4,""))) | CG24: =_xlfn.XLOOKUP($B24,GCES!$B:$B,GCES!$AR:$AR,"",0,1) | CH24: =IF(CG24="","",CH$58*CG24/CG$57) | CI24: =IF(CG24="","",IF(CH24>4,ROUND(CH24/2,0)*2,IF(CH24>CH$59,4,""))) | CJ24: =_xlfn.XLOOKUP($B24,GCES!$B:$B,GCES!$N:$N,"",0,1) | CK24: =IF(CJ24="","",CK$58*CJ24/CJ$57) | CL24: =IF(CJ24="","",IF(CK24>4,ROUND(CK24/2,0)*2,IF(CK24>CK$59,4,""))) | CM24: =_xlfn.XLOOKUP($B24,GCES!$B:$B,GCES!$M:$M,"",0,1) | CN24: =IF(CM24="","",CN$58*CM24/CM$57) | CO24: =IF(CM24="","",IF(CN24>4,ROUND(CN24/2,0)*2,IF(CN24>CN$59,4,""))) | CP24: =_xlfn.XLOOKUP($B24,GCES!$B:$B,GCES!$AD:$AD,"",0,1) | CQ24: =IF(CP24="","",CQ$58*CP24/CP$57) | CR24: =IF(CP24="","",IF(CQ24>4,ROUND(CQ24/2,0)*2,IF(CQ24>CQ$59,4,""))) | CS24: =_xlfn.XLOOKUP($B24,GCES!$B:$B,GCES!$AJ:$AJ,"",0,1) | CT24: =IF(CS24="","",CT$58*CS24/CS$57) | CU24: =IF(CS24="","",IF(CT24>4,ROUND(CT24/2,0)*2,IF(CT24>CT$59,4,""))) | CV24: =_xlfn.XLOOKUP($B24,GCES!$B:$B,GCES!$AI:$AI,"",0,1) | CW24: =IF(CV24="","",CW$58*CV24/CV$57) | CX24: =IF(CV24="","",IF(CW24>4,ROUND(CW24/2,0)*2,IF(CW24>CW$59,4,""))) | CY24: =SUM(BE24,BH24,BK24,BN24,BQ24,BT24,BW24,BZ24,CC24,CF24,CI24,CL24,CO24,CR24,CU24,CX24) -> 18 | CZ24: =SUM(BB24,CY24) -> 36
A25: 03 | B25: KANCHEEPURAM | C25: =_xlfn.XLOOKUP($B25,GCES!$B:$B,GCES!$C:$C,"",0,1) -> 20 | D25: =IF(C25="","",D$58*C25/C$57) -> 4.3835616 | E25: =IF(C25="","",IF(D25>4,ROUND(D25/2,0)*2,IF(D25>D$59,4,""))) -> 4 | F25: =_xlfn.XLOOKUP($B25,GCES!$B:$B,GCES!$E:$E,"",0,1) | G25: =IF(F25="","",G$58*F25/F$57) | H25: =IF(F25="","",IF(G25>4,ROUND(G25/2,0)*2,IF(G25>G$59,4,""))) | I25: =_xlfn.XLOOKUP($B25,GCES!$B:$B,GCES!$D:$D,"",0,1) -> 20 | J25: =IF(I25="","",J$58*I25/I$57) -> 1.8894009 | K25: =IF(I25="","",IF(J25>4,ROUND(J25/2,0)*2,IF(J25>J$59,4,""))) -> 4 | L25: =_xlfn.XLOOKUP($B25,GCES!$B:$B,GCES!$H:$H,"",0,1) | M25: =IF(L25="","",M$58*L25/L$57) | N25: =IF(L25="","",IF(M25>4,ROUND(M25/2,0)*2,IF(M25>M$59,4,""))) | O25: =_xlfn.XLOOKUP($B25,GCES!$B:$B,GCES!$G:$G,"",0,1) | P25: =IF(O25="","",P$58*O25/O$57) | Q25: =IF(O25="","",IF(P25>4,ROUND(P25/2,0)*2,IF(P25>P$59,4,""))) | R25: =_xlfn.XLOOKUP($B25,GCES!$B:$B,GCES!$L:$L,"",0,1) | S25: =IF(R25="","",S$58*R25/R$57) | T25: =IF(R25="","",IF(S25>4,ROUND(S25/2,0)*2,IF(S25>S$59,4,""))) | U25: =_xlfn.XLOOKUP($B25,GCES!$B:$B,GCES!$K:$K,"",0,1) | V25: =IF(U25="","",V$58*U25/U$57) | W25: =IF(U25="","",IF(V25>4,ROUND(V25/2,0)*2,IF(V25>V$59,4,""))) | X25: =_xlfn.XLOOKUP($B25,GCES!$B:$B,GCES!$S:$S,"",0,1) | Y25: =IF(X25="","",Y$58*X25/X$57) | Z25: =IF(X25="","",IF(Y25>4,ROUND(Y25/2,0)*2,IF(Y25>Y$59,4,""))) | AA25: =_xlfn.XLOOKUP($B25,GCES!$B:$B,GCES!$R:$R,"",0,1) | AB25: =IF(AA25="","",AB$58*AA25/AA$57) | AC25: =IF(AA25="","",IF(AB25>4,ROUND(AB25/2,0)*2,IF(AB25>AB$59,4,""))) | AD25: =_xlfn.XLOOKUP($B25,GCES!$B:$B,GCES!$AL:$AL,"",0,1) | AE25: =IF(AD25="","",AE$58*AD25/AD$57) | AF25: =IF(AD25="","",IF(AE25>4,ROUND(AE25/2,0)*2,IF(AE25>AE$59,4,""))) | AG25: =_xlfn.XLOOKUP($B25,GCES!$B:$B,GCES!$AK:$AK,"",0,1) -> 12 | AH25: =IF(AG25="","",AH$58*AG25/AG$57) -> 2 | AI25: =IF(AG25="","",IF(AH25>4,ROUND(AH25/2,0)*2,IF(AH25>AH$59,4,""))) -> 4 | AJ25: =_xlfn.XLOOKUP($B25,GCES!$B:$B,GCES!$AQ:$AQ,"",0,1) | AK25: =IF(AJ25="","",AK$58*AJ25/AJ$57) | AL25: =IF(AJ25="","",IF(AK25>4,ROUND(AK25/2,0)*2,IF(AK25>AK$59,4,""))) | AM25: =_xlfn.XLOOKUP($B25,GCES!$B:$B,GCES!$AP:$AP,"",0,1) -> 8 | AN25: =IF(AM25="","",AN$58*AM25/AM$57) -> 2.8888889 | AP25: =_xlfn.XLOOKUP($B25,GCES!$B:$B,GCES!$V:$V,"",0,1) | AQ25: =IF(AP25="","",AQ$58*AP25/AP$57) | AR25: =IF(AP25="","",IF(AQ25>4,ROUND(AQ25/2,0)*2,IF(AQ25>AQ$59,4,""))) | AS25: =_xlfn.XLOOKUP($B25,GCES!$B:$B,GCES!$AH:$AH,"",0,1) | AT25: =IF(AS25="","",AT$58*AS25/AS$57) | AU25: =IF(AS25="","",IF(AT25>4,ROUND(AT25/2,0)*2,IF(AT25>AT$59,4,""))) | AV25: =_xlfn.XLOOKUP($B25,GCES!$B:$B,GCES!$AG:$AG,"",0,1) | AW25: =IF(AV25="","",AW$58*AV25/AV$57) | AX25: =IF(AV25="","",IF(AW25>4,ROUND(AW25/2,0)*2,IF(AW25>AW$59,4,""))) | AY25: =_xlfn.XLOOKUP($B25,GCES!$B:$B,GCES!$AO:$AO,"",0,1) -> 4 | AZ25: =IF(AY25="","",AZ$58*AY25/AY$57) -> 0.73333333 | BA25: =IF(AY25="","",IF(AZ25>4,ROUND(AZ25/2,0)*2,IF(AZ25>AZ$59,4,""))) | BB25: =SUM(E25,H25,K25,N25,Q25,T25,W25,Z25,AC25,AF25,AI25,AL25,AO25,AR25,AU25,AX25,BA25) -> 12 | BC25: =_xlfn.XLOOKUP($B25,GCES!$B:$B,GCES!$F:$F,"",0,1) -> 8 | BD25: =IF(BC25="","",BD$58*BC25/BC$57) -> 2.0666667 | BE25: =IF(BC25="","",IF(BD25>4,ROUND(BD25/2,0)*2,IF(BD25>BD$59,4,""))) | BF25: =_xlfn.XLOOKUP($B25,GCES!$B:$B,GCES!$J:$J,"",0,1) | BG25: =IF(BF25="","",BG$58*BF25/BF$57) | BH25: =IF(BF25="","",IF(BG25>4,ROUND(BG25/2,0)*2,IF(BG25>BG$59,4,""))) | BI25: =_xlfn.XLOOKUP($B25,GCES!$B:$B,GCES!$I:$I,"",0,1) | BJ25: =IF(BI25="","",BJ$58*BI25/BI$57) | BK25: =IF(BI25="","",IF(BJ25>4,ROUND(BJ25/2,0)*2,IF(BJ25>BJ$59,4,""))) | BL25: =_xlfn.XLOOKUP($B25,GCES!$B:$B,GCES!$AN:$AN,"",0,1) | BM25: =IF(BL25="","",BM$58*BL25/BL$57) | BN25: =IF(BL25="","",IF(BM25>4,ROUND(BM25/2,0)*2,IF(BM25>BM$59,4,""))) | BO25: =_xlfn.XLOOKUP($B25,GCES!$B:$B,GCES!$AM:$AM,"",0,1) -> 4 | BP25: =IF(BO25="","",BP$58*BO25/BO$57) -> 0.96774194 | BQ25: =IF(BO25="","",IF(BP25>4,ROUND(BP25/2,0)*2,IF(BP25>BP$59,4,""))) | BR25: =_xlfn.XLOOKUP($B25,GCES!$B:$B,GCES!$Z:$Z,"",0,1) | BS25: =IF(BR25="","",BS$58*BR25/BR$57) | BT25: =IF(BR25="","",IF(BS25>4,ROUND(BS25/2,0)*2,IF(BS25>BS$59,4,""))) | BU25: =_xlfn.XLOOKUP($B25,GCES!$B:$B,GCES!$Y:$Y,"",0,1) | BV25: =IF(BU25="","",BV$58*BU25/BU$57) | BW25: =IF(BU25="","",IF(BV25>4,ROUND(BV25/2,0)*2,IF(BV25>BV$59,4,""))) | BX25: =_xlfn.XLOOKUP($B25,GCES!$B:$B,GCES!$AC:$AC,"",0,1) | BY25: =IF(BX25="","",BY$58*BX25/BX$57) | BZ25: =IF(BX25="","",IF(BY25>4,ROUND(BY25/2,0)*2,IF(BY25>BY$59,4,""))) | CA25: =_xlfn.XLOOKUP($B25,GCES!$B:$B,GCES!$AB:$AB,"",0,1) | CB25: =IF(CA25="","",CB$58*CA25/CA$57) | CC25: =IF(CA25="","",IF(CB25>4,ROUND(CB25/2,0)*2,IF(CB25>CB$59,4,""))) | CD25: =_xlfn.XLOOKUP($B25,GCES!$B:$B,GCES!$AS:$AS,"",0,1) | CE25: =IF(CD25="","",CE$58*CD25/CD$57) | CF25: =IF(CD25="","",IF(CE25>4,ROUND(CE25/2,0)*2,IF(CE25>CE$59,4,""))) | CG25: =_xlfn.XLOOKUP($B25,GCES!$B:$B,GCES!$AR:$AR,"",0,1) | CH25: =IF(CG25="","",CH$58*CG25/CG$57) | CI25: =IF(CG25="","",IF(CH25>4,ROUND(CH25/2,0)*2,IF(CH25>CH$59,4,""))) | CJ25: =_xlfn.XLOOKUP($B25,GCES!$B:$B,GCES!$N:$N,"",0,1) | CK25: =IF(CJ25="","",CK$58*CJ25/CJ$57) | CL25: =IF(CJ25="","",IF(CK25>4,ROUND(CK25/2,0)*2,IF(CK25>CK$59,4,""))) | CM25: =_xlfn.XLOOKUP($B25,GCES!$B:$B,GCES!$M:$M,"",0,1) | CN25: =IF(CM25="","",CN$58*CM25/CM$57) | CO25: =IF(CM25="","",IF(CN25>4,ROUND(CN25/2,0)*2,IF(CN25>CN$59,4,""))) | CP25: =_xlfn.XLOOKUP($B25,GCES!$B:$B,GCES!$AD:$AD,"",0,1) | CQ25: =IF(CP25="","",CQ$58*CP25/CP$57) | CR25: =IF(CP25="","",IF(CQ25>4,ROUND(CQ25/2,0)*2,IF(CQ25>CQ$59,4,""))) | CS25: =_xlfn.XLOOKUP($B25,GCES!$B:$B,GCES!$AJ:$AJ,"",0,1) | CT25: =IF(CS25="","",CT$58*CS25/CS$57) | CU25: =IF(CS25="","",IF(CT25>4,ROUND(CT25/2,0)*2,IF(CT25>CT$59,4,""))) | CV25: =_xlfn.XLOOKUP($B25,GCES!$B:$B,GCES!$AI:$AI,"",0,1) | CW25: =IF(CV25="","",CW$58*CV25/CV$57) | CX25: =IF(CV25="","",IF(CW25>4,ROUND(CW25/2,0)*2,IF(CW25>CW$59,4,""))) | CY25: =SUM(BE25,BH25,BK25,BN25,BQ25,BT25,BW25,BZ25,CC25,CF25,CI25,CL25,CO25,CR25,CU25,CX25) -> 0 | CZ25: =SUM(BB25,CY25) -> 12
A26: 33 | B26: CHENGALPATTU | C26: =_xlfn.XLOOKUP($B26,GCES!$B:$B,GCES!$C:$C,"",0,1) -> 16 | D26: =IF(C26="","",D$58*C26/C$57) -> 3.5068493 | E26: =IF(C26="","",IF(D26>4,ROUND(D26/2,0)*2,IF(D26>D$59,4,""))) -> 4 | F26: =_xlfn.XLOOKUP($B26,GCES!$B:$B,GCES!$E:$E,"",0,1) | G26: =IF(F26="","",G$58*F26/F$57) | H26: =IF(F26="","",IF(G26>4,ROUND(G26/2,0)*2,IF(G26>G$59,4,""))) | I26: =_xlfn.XLOOKUP($B26,GCES!$B:$B,GCES!$D:$D,"",0,1) -> 28 | J26: =IF(I26="","",J$58*I26/I$57) -> 2.6451613 | K26: =IF(I26="","",IF(J26>4,ROUND(J26/2,0)*2,IF(J26>J$59,4,""))) -> 4 | L26: =_xlfn.XLOOKUP($B26,GCES!$B:$B,GCES!$H:$H,"",0,1) | M26: =IF(L26="","",M$58*L26/L$57) | N26: =IF(L26="","",IF(M26>4,ROUND(M26/2,0)*2,IF(M26>M$59,4,""))) | O26: =_xlfn.XLOOKUP($B26,GCES!$B:$B,GCES!$G:$G,"",0,1) | P26: =IF(O26="","",P$58*O26/O$57) | Q26: =IF(O26="","",IF(P26>4,ROUND(P26/2,0)*2,IF(P26>P$59,4,""))) | R26: =_xlfn.XLOOKUP($B26,GCES!$B:$B,GCES!$L:$L,"",0,1) | S26: =IF(R26="","",S$58*R26/R$57) | T26: =IF(R26="","",IF(S26>4,ROUND(S26/2,0)*2,IF(S26>S$59,4,""))) | U26: =_xlfn.XLOOKUP($B26,GCES!$B:$B,GCES!$K:$K,"",0,1) | V26: =IF(U26="","",V$58*U26/U$57) | W26: =IF(U26="","",IF(V26>4,ROUND(V26/2,0)*2,IF(V26>V$59,4,""))) | X26: =_xlfn.XLOOKUP($B26,GCES!$B:$B,GCES!$S:$S,"",0,1) | Y26: =IF(X26="","",Y$58*X26/X$57) | Z26: =IF(X26="","",IF(Y26>4,ROUND(Y26/2,0)*2,IF(Y26>Y$59,4,""))) | AA26: =_xlfn.XLOOKUP($B26,GCES!$B:$B,GCES!$R:$R,"",0,1) | AB26: =IF(AA26="","",AB$58*AA26/AA$57) | AC26: =IF(AA26="","",IF(AB26>4,ROUND(AB26/2,0)*2,IF(AB26>AB$59,4,""))) | AD26: =_xlfn.XLOOKUP($B26,GCES!$B:$B,GCES!$AL:$AL,"",0,1) | AE26: =IF(AD26="","",AE$58*AD26/AD$57) | AF26: =IF(AD26="","",IF(AE26>4,ROUND(AE26/2,0)*2,IF(AE26>AE$59,4,""))) | AG26: =_xlfn.XLOOKUP($B26,GCES!$B:$B,GCES!$AK:$AK,"",0,1) -> 4 | AH26: =IF(AG26="","",AH$58*AG26/AG$57) -> 0.66666667 | AI26: =IF(AG26="","",IF(AH26>4,ROUND(AH26/2,0)*2,IF(AH26>AH$59,4,""))) | AJ26: =_xlfn.XLOOKUP($B26,GCES!$B:$B,GCES!$AQ:$AQ,"",0,1) | AK26: =IF(AJ26="","",AK$58*AJ26/AJ$57) | AL26: =IF(AJ26="","",IF(AK26>4,ROUND(AK26/2,0)*2,IF(AK26>AK$59,4,""))) | AM26: =_xlfn.XLOOKUP($B26,GCES!$B:$B,GCES!$AP:$AP,"",0,1) -> 8 | AN26: =IF(AM26="","",AN$58*AM26/AM$57) -> 2.8888889 | AO26: =IF(AM26="","",IF(AN26>4,ROUND(AN26/2,0)*2,IF(AN26>AN$59,4,""))) -> 4 | AP26: =_xlfn.XLOOKUP($B26,GCES!$B:$B,GCES!$V:$V,"",0,1) | AQ26: =IF(AP26="","",AQ$58*AP26/AP$57) | AR26: =IF(AP26="","",IF(AQ26>4,ROUND(AQ26/2,0)*2,IF(AQ26>AQ$59,4,""))) | AS26: =_xlfn.XLOOKUP($B26,GCES!$B:$B,GCES!$AH:$AH,"",0,1) | AT26: =IF(AS26="","",AT$58*AS26/AS$57) | AU26: =IF(AS26="","",IF(AT26>4,ROUND(AT26/2,0)*2,IF(AT26>AT$59,4,""))) | AV26: =_xlfn.XLOOKUP($B26,GCES!$B:$B,GCES!$AG:$AG,"",0,1) | AW26: =IF(AV26="","",AW$58*AV26/AV$57) | AX26: =IF(AV26="","",IF(AW26>4,ROUND(AW26/2,0)*2,IF(AW26>AW$59,4,""))) | AY26: =_xlfn.XLOOKUP($B26,GCES!$B:$B,GCES!$AO:$AO,"",0,1) -> 12 | AZ26: =IF(AY26="","",AZ$58*AY26/AY$57) -> 2.2 | BA26: =IF(AY26="","",IF(AZ26>4,ROUND(AZ26/2,0)*2,IF(AZ26>AZ$59,4,""))) -> 4 | BB26: =SUM(E26,H26,K26,N26,Q26,T26,W26,Z26,AC26,AF26,AI26,AL26,AO26,AR26,AU26,AX26,BA26) -> 16 | BC26: =_xlfn.XLOOKUP($B26,GCES!$B:$B,GCES!$F:$F,"",0,1) -> 12 | BD26: =IF(BC26="","",BD$58*BC26/BC$57) -> 3.1 | BE26: =IF(BC26="","",IF(BD26>4,ROUND(BD26/2,0)*2,IF(BD26>BD$59,4,""))) -> 4 | BF26: =_xlfn.XLOOKUP($B26,GCES!$B:$B,GCES!$J:$J,"",0,1) | BG26: =IF(BF26="","",BG$58*BF26/BF$57) | BH26: =IF(BF26="","",IF(BG26>4,ROUND(BG26/2,0)*2,IF(BG26>BG$59,4,""))) | BI26: =_xlfn.XLOOKUP($B26,GCES!$B:$B,GCES!$I:$I,"",0,1) | BJ26: =IF(BI26="","",BJ$58*BI26/BI$57) | BK26: =IF(BI26="","",IF(BJ26>4,ROUND(BJ26/2,0)*2,IF(BJ26>BJ$59,4,""))) | BL26: =_xlfn.XLOOKUP($B26,GCES!$B:$B,GCES!$AN:$AN,"",0,1) | BM26: =IF(BL26="","",BM$58*BL26/BL$57) | BN26: =IF(BL26="","",IF(BM26>4,ROUND(BM26/2,0)*2,IF(BM26>BM$59,4,""))) | BO26: =_xlfn.XLOOKUP($B26,GCES!$B:$B,GCES!$AM:$AM,"",0,1) -> 16 | BP26: =IF(BO26="","",BP$58*BO26/BO$57) -> 3.8709677 | BQ26: =IF(BO26="","",IF(BP26>4,ROUND(BP26/2,0)*2,IF(BP26>BP$59,4,""))) -> 4 | BR26: =_xlfn.XLOOKUP($B26,GCES!$B:$B,GCES!$Z:$Z,"",0,1) | BS26: =IF(BR26="","",BS$58*BR26/BR$57) | BT26: =IF(BR26="","",IF(BS26>4,ROUND(BS26/2,0)*2,IF(BS26>BS$59,4,""))) | BU26: =_xlfn.XLOOKUP($B26,GCES!$B:$B,GCES!$Y:$Y,"",0,1) | BV26: =IF(BU26="","",BV$58*BU26/BU$57) | BW26: =IF(BU26="","",IF(BV26>4,ROUND(BV26/2,0)*2,IF(BV26>BV$59,4,""))) | BX26: =_xlfn.XLOOKUP($B26,GCES!$B:$B,GCES!$AC:$AC,"",0,1) | BY26: =IF(BX26="","",BY$58*BX26/BX$57) | BZ26: =IF(BX26="","",IF(BY26>4,ROUND(BY26/2,0)*2,IF(BY26>BY$59,4,""))) | CA26: =_xlfn.XLOOKUP($B26,GCES!$B:$B,GCES!$AB:$AB,"",0,1) | CB26: =IF(CA26="","",CB$58*CA26/CA$57) | CC26: =IF(CA26="","",IF(CB26>4,ROUND(CB26/2,0)*2,IF(CB26>CB$59,4,""))) | CD26: =_xlfn.XLOOKUP($B26,GCES!$B:$B,GCES!$AS:$AS,"",0,1) | CE26: =IF(CD26="","",CE$58*CD26/CD$57) | CF26: =IF(CD26="","",IF(CE26>4,ROUND(CE26/2,0)*2,IF(CE26>CE$59,4,""))) | CG26: =_xlfn.XLOOKUP($B26,GCES!$B:$B,GCES!$AR:$AR,"",0,1) | CH26: =IF(CG26="","",CH$58*CG26/CG$57) | CI26: =IF(CG26="","",IF(CH26>4,ROUND(CH26/2,0)*2,IF(CH26>CH$59,4,""))) | CJ26: =_xlfn.XLOOKUP($B26,GCES!$B:$B,GCES!$N:$N,"",0,1) | CK26: =IF(CJ26="","",CK$58*CJ26/CJ$57) | CL26: =IF(CJ26="","",IF(CK26>4,ROUND(CK26/2,0)*2,IF(CK26>CK$59,4,""))) | CM26: =_xlfn.XLOOKUP($B26,GCES!$B:$B,GCES!$M:$M,"",0,1) | CN26: =IF(CM26="","",CN$58*CM26/CM$57) | CO26: =IF(CM26="","",IF(CN26>4,ROUND(CN26/2,0)*2,IF(CN26>CN$59,4,""))) | CP26: =_xlfn.XLOOKUP($B26,GCES!$B:$B,GCES!$AD:$AD,"",0,1) | CQ26: =IF(CP26="","",CQ$58*CP26/CP$57) | CR26: =IF(CP26="","",IF(CQ26>4,ROUND(CQ26/2,0)*2,IF(CQ26>CQ$59,4,""))) | CS26: =_xlfn.XLOOKUP($B26,GCES!$B:$B,GCES!$AJ:$AJ,"",0,1) | CT26: =IF(CS26="","",CT$58*CS26/CS$57) | CU26: =IF(CS26="","",IF(CT26>4,ROUND(CT26/2,0)*2,IF(CT26>CT$59,4,""))) | CV26: =_xlfn.XLOOKUP($B26,GCES!$B:$B,GCES!$AI:$AI,"",0,1) | CW26: =IF(CV26="","",CW$58*CV26/CV$57) | CX26: =IF(CV26="","",IF(CW26>4,ROUND(CW26/2,0)*2,IF(CW26>CW$59,4,""))) | CY26: =SUM(BE26,BH26,BK26,BN26,BQ26,BT26,BW26,BZ26,CC26,CF26,CI26,CL26,CO26,CR26,CU26,CX26) -> 8 | CZ26: =SUM(BB26,CY26) -> 24
A27: SRO CHENNAI TOTAL | C27: =SUM(C24:C26) -> 72 | D27: =SUM(D24:D26) -> 15.780822 | E27: =SUM(E24:E26) -> 16 | F27: =SUM(F24:F26) -> 0 | G27: =SUM(G24:G26) -> 0 | H27: =SUM(H24:H26) -> 0 | I27: =SUM(I24:I26) -> 100 | J27: =SUM(J24:J26) -> 9.4470046 | ... BA27: =SUM(BA24:BA26) -> 8 | BB27: =SUM(E27,H27,K27,N27,Q27,T27,W27,Z27,AC27,AF27,AI27,AL27,AO27,AR27,AU27,AX27,BA27) -> 46 | BC27: =SUM(BC24:BC26) -> 40 | BD27: =SUM(BD24:BD26) -> 10.333333 | BE27: =SUM(BE24:BE26) -> 10 | BF27: =SUM(BF24:BF26) -> 0 | BG27: =SUM(BG24:BG26) -> 0 | BH27: =SUM(BH24:BH26) -> 0 | BI27: =SUM(BI24:BI26) -> 0 | BJ27: =SUM(BJ24:BJ26) -> 0 | ... CX27: =SUM(CX24:CX26) -> 0 | CY27: =SUM(BE27,BH27,BK27,BN27,BQ27,BT27,BW27,BZ27,CC27,CF27,CI27,CL27,CO27,CR27,CU27,CX27) -> 26 | CZ27: =SUM(BB27,CY27) -> 72
A28: 07 | B28: VILUPPURAM | C28: =_xlfn.XLOOKUP($B28,GCES!$B:$B,GCES!$C:$C,"",0,1) | D28: =IF(C28="","",D$58*C28/C$57) | E28: =IF(C28="","",IF(D28>4,ROUND(D28/2,0)*2,IF(D28>D$59,4,""))) | F28: =_xlfn.XLOOKUP($B28,GCES!$B:$B,GCES!$E:$E,"",0,1) | G28: =IF(F28="","",G$58*F28/F$57) | H28: =IF(F28="","",IF(G28>4,ROUND(G28/2,0)*2,IF(G28>G$59,4,""))) | I28: =_xlfn.XLOOKUP($B28,GCES!$B:$B,GCES!$D:$D,"",0,1) | J28: =IF(I28="","",J$58*I28/I$57) | K28: =IF(I28="","",IF(J28>4,ROUND(J28/2,0)*2,IF(J28>J$59,4,""))) | L28: =_xlfn.XLOOKUP($B28,GCES!$B:$B,GCES!$H:$H,"",0,1) | M28: =IF(L28="","",M$58*L28/L$57) | N28: =IF(L28="","",IF(M28>4,ROUND(M28/2,0)*2,IF(M28>M$59,4,""))) | O28: =_xlfn.XLOOKUP($B28,GCES!$B:$B,GCES!$G:$G,"",0,1) | P28: =IF(O28="","",P$58*O28/O$57) | Q28: =IF(O28="","",IF(P28>4,ROUND(P28/2,0)*2,IF(P28>P$59,4,""))) | R28: =_xlfn.XLOOKUP($B28,GCES!$B:$B,GCES!$L:$L,"",0,1) | S28: =IF(R28="","",S$58*R28/R$57) | T28: =IF(R28="","",IF(S28>4,ROUND(S28/2,0)*2,IF(S28>S$59,4,""))) | U28: =_xlfn.XLOOKUP($B28,GCES!$B:$B,GCES!$K:$K,"",0,1) | V28: =IF(U28="","",V$58*U28/U$57) | W28: =IF(U28="","",IF(V28>4,ROUND(V28/2,0)*2,IF(V28>V$59,4,""))) | X28: =_xlfn.XLOOKUP($B28,GCES!$B:$B,GCES!$S:$S,"",0,1) | Y28: =IF(X28="","",Y$58*X28/X$57) | Z28: =IF(X28="","",IF(Y28>4,ROUND(Y28/2,0)*2,IF(Y28>Y$59,4,""))) | AA28: =_xlfn.XLOOKUP($B28,GCES!$B:$B,GCES!$R:$R,"",0,1) | AB28: =IF(AA28="","",AB$58*AA28/AA$57) | AC28: =IF(AA28="","",IF(AB28>4,ROUND(AB28/2,0)*2,IF(AB28>AB$59,4,""))) | AD28: =_xlfn.XLOOKUP($B28,GCES!$B:$B,GCES!$AL:$AL,"",0,1) | AE28: =IF(AD28="","",AE$58*AD28/AD$57) | AF28: =IF(AD28="","",IF(AE28>4,ROUND(AE28/2,0)*2,IF(AE28>AE$59,4,""))) | AG28: =_xlfn.XLOOKUP($B28,GCES!$B:$B,GCES!$AK:$AK,"",0,1) | AH28: =IF(AG28="","",AH$58*AG28/AG$57) | AI28: =IF(AG28="","",IF(AH28>4,ROUND(AH28/2,0)*2,IF(AH28>AH$59,4,""))) | AJ28: =_xlfn.XLOOKUP($B28,GCES!$B:$B,GCES!$AQ:$AQ,"",0,1) | AK28: =IF(AJ28="","",AK$58*AJ28/AJ$57) | AL28: =IF(AJ28="","",IF(AK28>4,ROUND(AK28/2,0)*2,IF(AK28>AK$59,4,""))) | AM28: =_xlfn.XLOOKUP($B28,GCES!$B:$B,GCES!$AP:$AP,"",0,1) | AN28: =IF(AM28="","",AN$58*AM28/AM$57) | AO28: =IF(AM28="","",IF(AN28>4,ROUND(AN28/2,0)*2,IF(AN28>AN$59,4,""))) | AP28: =_xlfn.XLOOKUP($B28,GCES!$B:$B,GCES!$V:$V,"",0,1) | AQ28: =IF(AP28="","",AQ$58*AP28/AP$57) | AR28: =IF(AP28="","",IF(AQ28>4,ROUND(AQ28/2,0)*2,IF(AQ28>AQ$59,4,""))) | AS28: =_xlfn.XLOOKUP($B28,GCES!$B:$B,GCES!$AH:$AH,"",0,1) | AT28: =IF(AS28="","",AT$58*AS28/AS$57) | AU28: =IF(AS28="","",IF(AT28>4,ROUND(AT28/2,0)*2,IF(AT28>AT$59,4,""))) | AV28: =_xlfn.XLOOKUP($B28,GCES!$B:$B,GCES!$AG:$AG,"",0,1) | AW28: =IF(AV28="","",AW$58*AV28/AV$57) | AX28: =IF(AV28="","",IF(AW28>4,ROUND(AW28/2,0)*2,IF(AW28>AW$59,4,""))) | AY28: =_xlfn.XLOOKUP($B28,GCES!$B:$B,GCES!$AO:$AO,"",0,1) | AZ28: =IF(AY28="","",AZ$58*AY28/AY$57) | BA28: =IF(AY28="","",IF(AZ28>4,ROUND(AZ28/2,0)*2,IF(AZ28>AZ$59,4,""))) | BB28: =SUM(E28,H28,K28,N28,Q28,T28,W28,Z28,AC28,AF28,AI28,AL28,AO28,AR28,AU28,AX28,BA28) -> 0 | BC28: =_xlfn.XLOOKUP($B28,GCES!$B:$B,GCES!$F:$F,"",0,1) | BD28: =IF(BC28="","",BD$58*BC28/BC$57) | BE28: =IF(BC28="","",IF(BD28>4,ROUND(BD28/2,0)*2,IF(BD28>BD$59,4,""))) | BF28: =_xlfn.XLOOKUP($B28,GCES!$B:$B,GCES!$J:$J,"",0,1) | BG28: =IF(BF28="","",BG$58*BF28/BF$57) | BH28: =IF(BF28="","",IF(BG28>4,ROUND(BG28/2,0)*2,IF(BG28>BG$59,4,""))) | BI28: =_xlfn.XLOOKUP($B28,GCES!$B:$B,GCES!$I:$I,"",0,1) | BJ28: =IF(BI28="","",BJ$58*BI28/BI$57) | BK28: =IF(BI28="","",IF(BJ28>4,ROUND(BJ28/2,0)*2,IF(BJ28>BJ$59,4,""))) | BL28: =_xlfn.XLOOKUP($B28,GCES!$B:$B,GCES!$AN:$AN,"",0,1) | BM28: =IF(BL28="","",BM$58*BL28/BL$57) | BN28: =IF(BL28="","",IF(BM28>4,ROUND(BM28/2,0)*2,IF(BM28>BM$59,4,""))) | BO28: =_xlfn.XLOOKUP($B28,GCES!$B:$B,GCES!$AM:$AM,"",0,1) | BP28: =IF(BO28="","",BP$58*BO28/BO$57) | BQ28: =IF(BO28="","",IF(BP28>4,ROUND(BP28/2,0)*2,IF(BP28>BP$59,4,""))) | BR28: =_xlfn.XLOOKUP($B28,GCES!$B:$B,GCES!$Z:$Z,"",0,1) | BS28: =IF(BR28="","",BS$58*BR28/BR$57) | BT28: =IF(BR28="","",IF(BS28>4,ROUND(BS28/2,0)*2,IF(BS28>BS$59,4,""))) | BU28: =_xlfn.XLOOKUP($B28,GCES!$B:$B,GCES!$Y:$Y,"",0,1) | BV28: =IF(BU28="","",BV$58*BU28/BU$57) | BW28: =IF(BU28="","",IF(BV28>4,ROUND(BV28/2,0)*2,IF(BV28>BV$59,4,""))) | BX28: =_xlfn.XLOOKUP($B28,GCES!$B:$B,GCES!$AC:$AC,"",0,1) | BY28: =IF(BX28="","",BY$58*BX28/BX$57) | BZ28: =IF(BX28="","",IF(BY28>4,ROUND(BY28/2,0)*2,IF(BY28>BY$59,4,""))) | CA28: =_xlfn.XLOOKUP($B28,GCES!$B:$B,GCES!$AB:$AB,"",0,1) | CB28: =IF(CA28="","",CB$58*CA28/CA$57) | CC28: =IF(CA28="","",IF(CB28>4,ROUND(CB28/2,0)*2,IF(CB28>CB$59,4,""))) | CD28: =_xlfn.XLOOKUP($B28,GCES!$B:$B,GCES!$AS:$AS,"",0,1) | CE28: =IF(CD28="","",CE$58*CD28/CD$57) | CF28: =IF(CD28="","",IF(CE28>4,ROUND(CE28/2,0)*2,IF(CE28>CE$59,4,""))) | CG28: =_xlfn.XLOOKUP($B28,GCES!$B:$B,GCES!$AR:$AR,"",0,1) | CH28: =IF(CG28="","",CH$58*CG28/CG$57) | CI28: =IF(CG28="","",IF(CH28>4,ROUND(CH28/2,0)*2,IF(CH28>CH$59,4,""))) | CJ28: =_xlfn.XLOOKUP($B28,GCES!$B:$B,GCES!$N:$N,"",0,1) | CK28: =IF(CJ28="","",CK$58*CJ28/CJ$57) | CL28: =IF(CJ28="","",IF(CK28>4,ROUND(CK28/2,0)*2,IF(CK28>CK$59,4,""))) | CM28: =_xlfn.XLOOKUP($B28,GCES!$B:$B,GCES!$M:$M,"",0,1) | CN28: =IF(CM28="","",CN$58*CM28/CM$57) | CO28: =IF(CM28="","",IF(CN28>4,ROUND(CN28/2,0)*2,IF(CN28>CN$59,4,""))) | CP28: =_xlfn.XLOOKUP($B28,GCES!$B:$B,GCES!$AD:$AD,"",0,1) | CQ28: =IF(CP28="","",CQ$58*CP28/CP$57) | CR28: =IF(CP28="","",IF(CQ28>4,ROUND(CQ28/2,0)*2,IF(CQ28>CQ$59,4,""))) | CS28: =_xlfn.XLOOKUP($B28,GCES!$B:$B,GCES!$AJ:$AJ,"",0,1) | CT28: =IF(CS28="","",CT$58*CS28/CS$57) | CU28: =IF(CS28="","",IF(CT28>4,ROUND(CT28/2,0)*2,IF(CT28>CT$59,4,""))) | CV28: =_xlfn.XLOOKUP($B28,GCES!$B:$B,GCES!$AI:$AI,"",0,1) | CW28: =IF(CV28="","",CW$58*CV28/CV$57) | CX28: =IF(CV28="","",IF(CW28>4,ROUND(CW28/2,0)*2,IF(CW28>CW$59,4,""))) | CY28: =SUM(BE28,BH28,BK28,BN28,BQ28,BT28,BW28,BZ28,CC28,CF28,CI28,CL28,CO28,CR28,CU28,CX28) -> 0 | CZ28: =SUM(BB28,CY28) -> 0
A29: 18 | B29: CUDDALORE | C29: =_xlfn.XLOOKUP($B29,GCES!$B:$B,GCES!$C:$C,"",0,1) -> 48 | D29: =IF(C29="","",D$58*C29/C$57) -> 10.520548 | E29: 8 | F29: =_xlfn.XLOOKUP($B29,GCES!$B:$B,GCES!$E:$E,"",0,1) | G29: =IF(F29="","",G$58*F29/F$57) | H29: =IF(F29="","",IF(G29>4,ROUND(G29/2,0)*2,IF(G29>G$59,4,""))) | I29: =_xlfn.XLOOKUP($B29,GCES!$B:$B,GCES!$D:$D,"",0,1) -> 84 | J29: =IF(I29="","",J$58*I29/I$57) -> 7.9354839 | K29: =IF(I29="","",IF(J29>4,ROUND(J29/2,0)*2,IF(J29>J$59,4,""))) -> 8 | L29: =_xlfn.XLOOKUP($B29,GCES!$B:$B,GCES!$H:$H,"",0,1) | M29: =IF(L29="","",M$58*L29/L$57) | N29: =IF(L29="","",IF(M29>4,ROUND(M29/2,0)*2,IF(M29>M$59,4,""))) | O29: =_xlfn.XLOOKUP($B29,GCES!$B:$B,GCES!$G:$G,"",0,1) | P29: =IF(O29="","",P$58*O29/O$57) | Q29: =IF(O29="","",IF(P29>4,ROUND(P29/2,0)*2,IF(P29>P$59,4,""))) | R29: =_xlfn.XLOOKUP($B29,GCES!$B:$B,GCES!$L:$L,"",0,1) -> 16 | S29: =IF(R29="","",S$58*R29/R$57) -> 7.4482759 | T29: =IF(R29="","",IF(S29>4,ROUND(S29/2,0)*2,IF(S29>S$59,4,""))) -> 8 | U29: =_xlfn.XLOOKUP($B29,GCES!$B:$B,GCES!$K:$K,"",0,1) -> 20 | V29: =IF(U29="","",V$58*U29/U$57) -> 12 | W29: =IF(U29="","",IF(V29>4,ROUND(V29/2,0)*2,IF(V29>V$59,4,""))) -> 12 | X29: =_xlfn.XLOOKUP($B29,GCES!$B:$B,GCES!$S:$S,"",0,1) -> 16 | Y29: =IF(X29="","",Y$58*X29/X$57) -> 5.6470588 | Z29: =IF(X29="","",IF(Y29>4,ROUND(Y29/2,0)*2,IF(Y29>Y$59,4,""))) -> 6 | AA29: =_xlfn.XLOOKUP($B29,GCES!$B:$B,GCES!$R:$R,"",0,1) | AB29: =IF(AA29="","",AB$58*AA29/AA$57) | AC29: =IF(AA29="","",IF(AB29>4,ROUND(AB29/2,0)*2,IF(AB29>AB$59,4,""))) | AD29: =_xlfn.XLOOKUP($B29,GCES!$B:$B,GCES!$AL:$AL,"",0,1) -> 0 | AE29: =IF(AD29="","",AE$58*AD29/AD$57) -> 0 | AF29: =IF(AD29="","",IF(AE29>4,ROUND(AE29/2,0)*2,IF(AE29>AE$59,4,""))) | AG29: =_xlfn.XLOOKUP($B29,GCES!$B:$B,GCES!$AK:$AK,"",0,1) -> 16 | AH29: =IF(AG29="","",AH$58*AG29/AG$57) -> 2.6666667 | AI29: =IF(AG29="","",IF(AH29>4,ROUND(AH29/2,0)*2,IF(AH29>AH$59,4,""))) -> 4 | AJ29: =_xlfn.XLOOKUP($B29,GCES!$B:$B,GCES!$AQ:$AQ,"",0,1) -> 16 | AK29: =IF(AJ29="","",AK$58*AJ29/AJ$57) -> 4.9411765 | AL29: 6 | AM29: =_xlfn.XLOOKUP($B29,GCES!$B:$B,GCES!$AP:$AP,"",0,1) | AN29: =IF(AM29="","",AN$58*AM29/AM$57) | AO29: =IF(AM29="","",IF(AN29>4,ROUND(AN29/2,0)*2,IF(AN29>AN$59,4,""))) | AP29: =_xlfn.XLOOKUP($B29,GCES!$B:$B,GCES!$V:$V,"",0,1) | AQ29: =IF(AP29="","",AQ$58*AP29/AP$57) | AR29: =IF(AP29="","",IF(AQ29>4,ROUND(AQ29/2,0)*2,IF(AQ29>AQ$59,4,""))) | AS29: =_xlfn.XLOOKUP($B29,GCES!$B:$B,GCES!$AH:$AH,"",0,1) -> 36 | AT29: =IF(AS29="","",AT$58*AS29/AS$57) -> 6.9795918 | AU29: =IF(AS29="","",IF(AT29>4,ROUND(AT29/2,0)*2,IF(AT29>AT$59,4,""))) -> 6 | AV29: =_xlfn.XLOOKUP($B29,GCES!$B:$B,GCES!$AG:$AG,"",0,1) | AW29: =IF(AV29="","",AW$58*AV29/AV$57) | AX29: =IF(AV29="","",IF(AW29>4,ROUND(AW29/2,0)*2,IF(AW29>AW$59,4,""))) | AY29: =_xlfn.XLOOKUP($B29,GCES!$B:$B,GCES!$AO:$AO,"",0,1) -> 32 | AZ29: =IF(AY29="","",AZ$58*AY29/AY$57) -> 5.8666667 | BA29: =IF(AY29="","",IF(AZ29>4,ROUND(AZ29/2,0)*2,IF(AZ29>AZ$59,4,""))) -> 6 | BB29: =SUM(E29,H29,K29,N29,Q29,T29,W29,Z29,AC29,AF29,AI29,AL29,AO29,AR29,AU29,AX29,BA29) -> 64 | BC29: =_xlfn.XLOOKUP($B29,GCES!$B:$B,GCES!$F:$F,"",0,1) -> 16 | BD29: =IF(BC29="","",BD$58*BC29/BC$57) -> 4.1333333 | BE29: =IF(BC29="","",IF(BD29>4,ROUND(BD29/2,0)*2,IF(BD29>BD$59,4,""))) -> 4 | BF29: =_xlfn.XLOOKUP($B29,GCES!$B:$B,GCES!$J:$J,"",0,1) | BG29: =IF(BF29="","",BG$58*BF29/BF$57) | BH29: =IF(BF29="","",IF(BG29>4,ROUND(BG29/2,0)*2,IF(BG29>BG$59,4,""))) | BI29: =_xlfn.XLOOKUP($B29,GCES!$B:$B,GCES!$I:$I,"",0,1) | BJ29: =IF(BI29="","",BJ$58*BI29/BI$57) | BK29: =IF(BI29="","",IF(BJ29>4,ROUND(BJ29/2,0)*2,IF(BJ29>BJ$59,4,""))) | BL29: =_xlfn.XLOOKUP($B29,GCES!$B:$B,GCES!$AN:$AN,"",0,1) | BM29: =IF(BL29="","",BM$58*BL29/BL$57) | BN29: =IF(BL29="","",IF(BM29>4,ROUND(BM29/2,0)*2,IF(BM29>BM$59,4,""))) | BO29: =_xlfn.XLOOKUP($B29,GCES!$B:$B,GCES!$AM:$AM,"",0,1) -> 16 | BP29: =IF(BO29="","",BP$58*BO29/BO$57) -> 3.8709677 | BQ29: =IF(BO29="","",IF(BP29>4,ROUND(BP29/2,0)*2,IF(BP29>BP$59,4,""))) -> 4 | BR29: =_xlfn.XLOOKUP($B29,GCES!$B:$B,GCES!$Z:$Z,"",0,1) -> 28 | BS29: =IF(BR29="","",BS$58*BR29/BR$57) -> 7.84 | BT29: =IF(BR29="","",IF(BS29>4,ROUND(BS29/2,0)*2,IF(BS29>BS$59,4,""))) -> 8 | BU29: =_xlfn.XLOOKUP($B29,GCES!$B:$B,GCES!$Y:$Y,"",0,1) | BV29: =IF(BU29="","",BV$58*BU29/BU$57) | BW29: =IF(BU29="","",IF(BV29>4,ROUND(BV29/2,0)*2,IF(BV29>BV$59,4,""))) | BX29: =_xlfn.XLOOKUP($B29,GCES!$B:$B,GCES!$AC:$AC,"",0,1) -> 20 | BY29: =IF(BX29="","",BY$58*BX29/BX$57) -> 6.2903226 | BZ29: =IF(BX29="","",IF(BY29>4,ROUND(BY29/2,0)*2,IF(BY29>BY$59,4,""))) -> 6 | CA29: =_xlfn.XLOOKUP($B29,GCES!$B:$B,GCES!$AB:$AB,"",0,1) | CB29: =IF(CA29="","",CB$58*CA29/CA$57) | CC29: =IF(CA29="","",IF(CB29>4,ROUND(CB29/2,0)*2,IF(CB29>CB$59,4,""))) | CD29: =_xlfn.XLOOKUP($B29,GCES!$B:$B,GCES!$AS:$AS,"",0,1) | CE29: =IF(CD29="","",CE$58*CD29/CD$57) | CF29: =IF(CD29="","",IF(CE29>4,ROUND(CE29/2,0)*2,IF(CE29>CE$59,4,""))) | CG29: =_xlfn.XLOOKUP($B29,GCES!$B:$B,GCES!$AR:$AR,"",0,1) -> 16 | CH29: =IF(CG29="","",CH$58*CG29/CG$57) -> 5.2173913 | CI29: =IF(CG29="","",IF(CH29>4,ROUND(CH29/2,0)*2,IF(CH29>CH$59,4,""))) -> 6 | CJ29: =_xlfn.XLOOKUP($B29,GCES!$B:$B,GCES!$N:$N,"",0,1) -> 8 | CK29: =IF(CJ29="","",CK$58*CJ29/CJ$57) -> 2.122449 | CL29: =IF(CJ29="","",IF(CK29>4,ROUND(CK29/2,0)*2,IF(CK29>CK$59,4,""))) | CM29: =_xlfn.XLOOKUP($B29,GCES!$B:$B,GCES!$M:$M,"",0,1) | CN29: =IF(CM29="","",CN$58*CM29/CM$57) | CO29: =IF(CM29="","",IF(CN29>4,ROUND(CN29/2,0)*2,IF(CN29>CN$59,4,""))) | CP29: =_xlfn.XLOOKUP($B29,GCES!$B:$B,GCES!$AD:$AD,"",0,1) | CQ29: =IF(CP29="","",CQ$58*CP29/CP$57) | CR29: =IF(CP29="","",IF(CQ29>4,ROUND(CQ29/2,0)*2,IF(CQ29>CQ$59,4,""))) | CS29: =_xlfn.XLOOKUP($B29,GCES!$B:$B,GCES!$AJ:$AJ,"",0,1) | CT29: =IF(CS29="","",CT$58*CS29/CS$57) | CU29: =IF(CS29="","",IF(CT29>4,ROUND(CT29/2,0)*2,IF(CT29>CT$59,4,""))) | CV29: =_xlfn.XLOOKUP($B29,GCES!$B:$B,GCES!$AI:$AI,"",0,1) | CW29: =IF(CV29="","",CW$58*CV29/CV$57) | CX29: =IF(CV29="","",IF(CW29>4,ROUND(CW29/2,0)*2,IF(CW29>CW$59,4,""))) | CY29: =SUM(BE29,BH29,BK29,BN29,BQ29,BT29,BW29,BZ29,CC29,CF29,CI29,CL29,CO29,CR29,CU29,CX29) -> 28 | CZ29: =SUM(BB29,CY29) -> 92
A30: 34 | B30: KALLAKURICHI | C30: =_xlfn.XLOOKUP($B30,GCES!$B:$B,GCES!$C:$C,"",0,1) -> 12 | D30: =IF(C30="","",D$58*C30/C$57) -> 2.630137 | E30: =IF(C30="","",IF(D30>4,ROUND(D30/2,0)*2,IF(D30>D$59,4,""))) -> 4 | F30: =_xlfn.XLOOKUP($B30,GCES!$B:$B,GCES!$E:$E,"",0,1) | G30: =IF(F30="","",G$58*F30/F$57) | H30: =IF(F30="","",IF(G30>4,ROUND(G30/2,0)*2,IF(G30>G$59,4,""))) | I30: =_xlfn.XLOOKUP($B30,GCES!$B:$B,GCES!$D:$D,"",0,1) -> 36 | J30: =IF(I30="","",J$58*I30/I$57) -> 3.4009217 | K30: =IF(I30="","",IF(J30>4,ROUND(J30/2,0)*2,IF(J30>J$59,4,""))) -> 4 | L30: =_xlfn.XLOOKUP($B30,GCES!$B:$B,GCES!$H:$H,"",0,1) | M30: =IF(L30="","",M$58*L30/L$57) | N30: =IF(L30="","",IF(M30>4,ROUND(M30/2,0)*2,IF(M30>M$59,4,""))) | O30: =_xlfn.XLOOKUP($B30,GCES!$B:$B,GCES!$G:$G,"",0,1) | P30: =IF(O30="","",P$58*O30/O$57) | Q30: =IF(O30="","",IF(P30>4,ROUND(P30/2,0)*2,IF(P30>P$59,4,""))) | R30: =_xlfn.XLOOKUP($B30,GCES!$B:$B,GCES!$L:$L,"",0,1) -> 48 | S30: =IF(R30="","",S$58*R30/R$57) -> 22.344828 | T30: 24 | U30: =_xlfn.XLOOKUP($B30,GCES!$B:$B,GCES!$K:$K,"",0,1) -> 0 | V30: =IF(U30="","",V$58*U30/U$57) -> 0 | W30: =IF(U30="","",IF(V30>4,ROUND(V30/2,0)*2,IF(V30>V$59,4,""))) | X30: =_xlfn.XLOOKUP($B30,GCES!$B:$B,GCES!$S:$S,"",0,1) | Y30: =IF(X30="","",Y$58*X30/X$57) | Z30: =IF(X30="","",IF(Y30>4,ROUND(Y30/2,0)*2,IF(Y30>Y$59,4,""))) | AA30: =_xlfn.XLOOKUP($B30,GCES!$B:$B,GCES!$R:$R,"",0,1) -> 20 | AB30: =IF(AA30="","",AB$58*AA30/AA$57) -> 6.8181818 | AC30: =IF(AA30="","",IF(AB30>4,ROUND(AB30/2,0)*2,IF(AB30>AB$59,4,""))) -> 6 | AD30: =_xlfn.XLOOKUP($B30,GCES!$B:$B,GCES!$AL:$AL,"",0,1) -> 8 | AE30: =IF(AD30="","",AE$58*AD30/AD$57) -> 0.96153846 | AF30: =IF(AD30="","",IF(AE30>4,ROUND(AE30/2,0)*2,IF(AE30>AE$59,4,""))) | AG30: =_xlfn.XLOOKUP($B30,GCES!$B:$B,GCES!$AK:$AK,"",0,1) -> 8 | AH30: =IF(AG30="","",AH$58*AG30/AG$57) -> 1.3333333 | AJ30: =_xlfn.XLOOKUP($B30,GCES!$B:$B,GCES!$AQ:$AQ,"",0,1) | AK30: =IF(AJ30="","",AK$58*AJ30/AJ$57) | AL30: =IF(AJ30="","",IF(AK30>4,ROUND(AK30/2,0)*2,IF(AK30>AK$59,4,""))) | AM30: =_xlfn.XLOOKUP($B30,GCES!$B:$B,GCES!$AP:$AP,"",0,1) | AN30: =IF(AM30="","",AN$58*AM30/AM$57) | AO30: =IF(AM30="","",IF(AN30>4,ROUND(AN30/2,0)*2,IF(AN30>AN$59,4,""))) | AP30: =_xlfn.XLOOKUP($B30,GCES!$B:$B,GCES!$V:$V,"",0,1) | AQ30: =IF(AP30="","",AQ$58*AP30/AP$57) | AR30: =IF(AP30="","",IF(AQ30>4,ROUND(AQ30/2,0)*2,IF(AQ30>AQ$59,4,""))) | AS30: =_xlfn.XLOOKUP($B30,GCES!$B:$B,GCES!$AH:$AH,"",0,1) -> 20 | AT30: =IF(AS30="","",AT$58*AS30/AS$57) -> 3.877551 | AU30: =IF(AS30="","",IF(AT30>4,ROUND(AT30/2,0)*2,IF(AT30>AT$59,4,""))) -> 4 | AV30: =_xlfn.XLOOKUP($B30,GCES!$B:$B,GCES!$AG:$AG,"",0,1) -> 28 | AW30: =IF(AV30="","",AW$58*AV30/AV$57) -> 6.6315789 | AX30: =IF(AV30="","",IF(AW30>4,ROUND(AW30/2,0)*2,IF(AW30>AW$59,4,""))) -> 6 | AY30: =_xlfn.XLOOKUP($B30,GCES!$B:$B,GCES!$AO:$AO,"",0,1) -> 32 | AZ30: =IF(AY30="","",AZ$58*AY30/AY$57) -> 5.8666667 | BA30: =IF(AY30="","",IF(AZ30>4,ROUND(AZ30/2,0)*2,IF(AZ30>AZ$59,4,""))) -> 6 | BB30: =SUM(E30,H30,K30,N30,Q30,T30,W30,Z30,AC30,AF30,AI30,AL30,AO30,AR30,AU30,AX30,BA30) -> 54 | BC30: =_xlfn.XLOOKUP($B30,GCES!$B:$B,GCES!$F:$F,"",0,1) -> 8 | BD30: =IF(BC30="","",BD$58*BC30/BC$57) -> 2.0666667 | BE30: 4 | BF30: =_xlfn.XLOOKUP($B30,GCES!$B:$B,GCES!$J:$J,"",0,1) | BG30: =IF(BF30="","",BG$58*BF30/BF$57) | BH30: =IF(BF30="","",IF(BG30>4,ROUND(BG30/2,0)*2,IF(BG30>BG$59,4,""))) | BI30: =_xlfn.XLOOKUP($B30,GCES!$B:$B,GCES!$I:$I,"",0,1) | BJ30: =IF(BI30="","",BJ$58*BI30/BI$57) | BK30: =IF(BI30="","",IF(BJ30>4,ROUND(BJ30/2,0)*2,IF(BJ30>BJ$59,4,""))) | BL30: =_xlfn.XLOOKUP($B30,GCES!$B:$B,GCES!$AN:$AN,"",0,1) | BM30: =IF(BL30="","",BM$58*BL30/BL$57) | BN30: =IF(BL30="","",IF(BM30>4,ROUND(BM30/2,0)*2,IF(BM30>BM$59,4,""))) | BO30: =_xlfn.XLOOKUP($B30,GCES!$B:$B,GCES!$AM:$AM,"",0,1) -> 4 | BP30: =IF(BO30="","",BP$58*BO30/BO$57) -> 0.96774194 | BQ30: =IF(BO30="","",IF(BP30>4,ROUND(BP30/2,0)*2,IF(BP30>BP$59,4,""))) | BR30: =_xlfn.XLOOKUP($B30,GCES!$B:$B,GCES!$Z:$Z,"",0,1) -> 20 | BS30: =IF(BR30="","",BS$58*BR30/BR$57) -> 5.6 | BT30: =IF(BR30="","",IF(BS30>4,ROUND(BS30/2,0)*2,IF(BS30>BS$59,4,""))) -> 6 | BU30: =_xlfn.XLOOKUP($B30,GCES!$B:$B,GCES!$Y:$Y,"",0,1) -> 0 | BV30: =IF(BU30="","",BV$58*BU30/BU$57) -> 0 | BW30: =IF(BU30="","",IF(BV30>4,ROUND(BV30/2,0)*2,IF(BV30>BV$59,4,""))) | BX30: =_xlfn.XLOOKUP($B30,GCES!$B:$B,GCES!$AC:$AC,"",0,1) | BY30: =IF(BX30="","",BY$58*BX30/BX$57) | BZ30: =IF(BX30="","",IF(BY30>4,ROUND(BY30/2,0)*2,IF(BY30>BY$59,4,""))) | CA30: =_xlfn.XLOOKUP($B30,GCES!$B:$B,GCES!$AB:$AB,"",0,1) | CB30: =IF(CA30="","",CB$58*CA30/CA$57) | CC30: =IF(CA30="","",IF(CB30>4,ROUND(CB30/2,0)*2,IF(CB30>CB$59,4,""))) | CD30: =_xlfn.XLOOKUP($B30,GCES!$B:$B,GCES!$AS:$AS,"",0,1) -> 8 | CE30: =IF(CD30="","",CE$58*CD30/CD$57) -> 2.8571429 | CF30: =IF(CD30="","",IF(CE30>4,ROUND(CE30/2,0)*2,IF(CE30>CE$59,4,""))) -> 4 | CG30: =_xlfn.XLOOKUP($B30,GCES!$B:$B,GCES!$AR:$AR,"",0,1) -> 12 | CH30: =IF(CG30="","",CH$58*CG30/CG$57) -> 3.9130435 | CI30: =IF(CG30="","",IF(CH30>4,ROUND(CH30/2,0)*2,IF(CH30>CH$59,4,""))) -> 4 | CJ30: =_xlfn.XLOOKUP($B30,GCES!$B:$B,GCES!$N:$N,"",0,1) | CK30: =IF(CJ30="","",CK$58*CJ30/CJ$57) | CL30: =IF(CJ30="","",IF(CK30>4,ROUND(CK30/2,0)*2,IF(CK30>CK$59,4,""))) | CM30: =_xlfn.XLOOKUP($B30,GCES!$B:$B,GCES!$M:$M,"",0,1) | CN30: =IF(CM30="","",CN$58*CM30/CM$57) | CO30: =IF(CM30="","",IF(CN30>4,ROUND(CN30/2,0)*2,IF(CN30>CN$59,4,""))) | CP30: =_xlfn.XLOOKUP($B30,GCES!$B:$B,GCES!$AD:$AD,"",0,1) | CQ30: =IF(CP30="","",CQ$58*CP30/CP$57) | CR30: =IF(CP30="","",IF(CQ30>4,ROUND(CQ30/2,0)*2,IF(CQ30>CQ$59,4,""))) | CS30: =_xlfn.XLOOKUP($B30,GCES!$B:$B,GCES!$AJ:$AJ,"",0,1) | CT30: =IF(CS30="","",CT$58*CS30/CS$57) | CU30: =IF(CS30="","",IF(CT30>4,ROUND(CT30/2,0)*2,IF(CT30>CT$59,4,""))) | CV30: =_xlfn.XLOOKUP($B30,GCES!$B:$B,GCES!$AI:$AI,"",0,1) | CW30: =IF(CV30="","",CW$58*CV30/CV$57) | CX30: =IF(CV30="","",IF(CW30>4,ROUND(CW30/2,0)*2,IF(CW30>CW$59,4,""))) | CY30: =SUM(BE30,BH30,BK30,BN30,BQ30,BT30,BW30,BZ30,CC30,CF30,CI30,CL30,CO30,CR30,CU30,CX30) -> 18 | CZ30: =SUM(BB30,CY30) -> 72
A31: 38 | B31: MAYILADUTHURAI | C31: =_xlfn.XLOOKUP($B31,GCES!$B:$B,GCES!$C:$C,"",0,1) | D31: =IF(C31="","",D$58*C31/C$57) | E31: =IF(C31="","",IF(D31>4,ROUND(D31/2,0)*2,IF(D31>D$59,4,""))) | F31: =_xlfn.XLOOKUP($B31,GCES!$B:$B,GCES!$E:$E,"",0,1) | G31: =IF(F31="","",G$58*F31/F$57) | H31: =IF(F31="","",IF(G31>4,ROUND(G31/2,0)*2,IF(G31>G$59,4,""))) | I31: =_xlfn.XLOOKUP($B31,GCES!$B:$B,GCES!$D:$D,"",0,1) | J31: =IF(I31="","",J$58*I31/I$57) | K31: =IF(I31="","",IF(J31>4,ROUND(J31/2,0)*2,IF(J31>J$59,4,""))) | L31: =_xlfn.XLOOKUP($B31,GCES!$B:$B,GCES!$H:$H,"",0,1) | M31: =IF(L31="","",M$58*L31/L$57) | N31: =IF(L31="","",IF(M31>4,ROUND(M31/2,0)*2,IF(M31>M$59,4,""))) | O31: =_xlfn.XLOOKUP($B31,GCES!$B:$B,GCES!$G:$G,"",0,1) | P31: =IF(O31="","",P$58*O31/O$57) | Q31: =IF(O31="","",IF(P31>4,ROUND(P31/2,0)*2,IF(P31>P$59,4,""))) | R31: =_xlfn.XLOOKUP($B31,GCES!$B:$B,GCES!$L:$L,"",0,1) | S31: =IF(R31="","",S$58*R31/R$57) | T31: =IF(R31="","",IF(S31>4,ROUND(S31/2,0)*2,IF(S31>S$59,4,""))) | U31: =_xlfn.XLOOKUP($B31,GCES!$B:$B,GCES!$K:$K,"",0,1) | V31: =IF(U31="","",V$58*U31/U$57) | W31: =IF(U31="","",IF(V31>4,ROUND(V31/2,0)*2,IF(V31>V$59,4,""))) | X31: =_xlfn.XLOOKUP($B31,GCES!$B:$B,GCES!$S:$S,"",0,1) | Y31: =IF(X31="","",Y$58*X31/X$57) | Z31: =IF(X31="","",IF(Y31>4,ROUND(Y31/2,0)*2,IF(Y31>Y$59,4,""))) | AA31: =_xlfn.XLOOKUP($B31,GCES!$B:$B,GCES!$R:$R,"",0,1) | AB31: =IF(AA31="","",AB$58*AA31/AA$57) | AC31: =IF(AA31="","",IF(AB31>4,ROUND(AB31/2,0)*2,IF(AB31>AB$59,4,""))) | AD31: =_xlfn.XLOOKUP($B31,GCES!$B:$B,GCES!$AL:$AL,"",0,1) | AE31: =IF(AD31="","",AE$58*AD31/AD$57) | AF31: =IF(AD31="","",IF(AE31>4,ROUND(AE31/2,0)*2,IF(AE31>AE$59,4,""))) | AG31: =_xlfn.XLOOKUP($B31,GCES!$B:$B,GCES!$AK:$AK,"",0,1) | AH31: =IF(AG31="","",AH$58*AG31/AG$57) | AI31: =IF(AG31="","",IF(AH31>4,ROUND(AH31/2,0)*2,IF(AH31>AH$59,4,""))) | AJ31: =_xlfn.XLOOKUP($B31,GCES!$B:$B,GCES!$AQ:$AQ,"",0,1) | AK31: =IF(AJ31="","",AK$58*AJ31/AJ$57) | AL31: =IF(AJ31="","",IF(AK31>4,ROUND(AK31/2,0)*2,IF(AK31>AK$59,4,""))) | AM31: =_xlfn.XLOOKUP($B31,GCES!$B:$B,GCES!$AP:$AP,"",0,1) | AN31: =IF(AM31="","",AN$58*AM31/AM$57) | AO31: =IF(AM31="","",IF(AN31>4,ROUND(AN31/2,0)*2,IF(AN31>AN$59,4,""))) | AP31: =_xlfn.XLOOKUP($B31,GCES!$B:$B,GCES!$V:$V,"",0,1) | AQ31: =IF(AP31="","",AQ$58*AP31/AP$57) | AR31: =IF(AP31="","",IF(AQ31>4,ROUND(AQ31/2,0)*2,IF(AQ31>AQ$59,4,""))) | AS31: =_xlfn.XLOOKUP($B31,GCES!$B:$B,GCES!$AH:$AH,"",0,1) | AT31: =IF(AS31="","",AT$58*AS31/AS$57) | AU31: =IF(AS31="","",IF(AT31>4,ROUND(AT31/2,0)*2,IF(AT31>AT$59,4,""))) | AV31: =_xlfn.XLOOKUP($B31,GCES!$B:$B,GCES!$AG:$AG,"",0,1) | AW31: =IF(AV31="","",AW$58*AV31/AV$57) | AX31: =IF(AV31="","",IF(AW31>4,ROUND(AW31/2,0)*2,IF(AW31>AW$59,4,""))) | AY31: =_xlfn.XLOOKUP($B31,GCES!$B:$B,GCES!$AO:$AO,"",0,1) | AZ31: =IF(AY31="","",AZ$58*AY31/AY$57) | BA31: =IF(AY31="","",IF(AZ31>4,ROUND(AZ31/2,0)*2,IF(AZ31>AZ$59,4,""))) | BB31: =SUM(E31,H31,K31,N31,Q31,T31,W31,Z31,AC31,AF31,AI31,AL31,AO31,AR31,AU31,AX31,BA31) -> 0 | BC31: =_xlfn.XLOOKUP($B31,GCES!$B:$B,GCES!$F:$F,"",0,1) | BD31: =IF(BC31="","",BD$58*BC31/BC$57) | BE31: =IF(BC31="","",IF(BD31>4,ROUND(BD31/2,0)*2,IF(BD31>BD$59,4,""))) | BF31: =_xlfn.XLOOKUP($B31,GCES!$B:$B,GCES!$J:$J,"",0,1) | BG31: =IF(BF31="","",BG$58*BF31/BF$57) | BH31: =IF(BF31="","",IF(BG31>4,ROUND(BG31/2,0)*2,IF(BG31>BG$59,4,""))) | BI31: =_xlfn.XLOOKUP($B31,GCES!$B:$B,GCES!$I:$I,"",0,1) | BJ31: =IF(BI31="","",BJ$58*BI31/BI$57) | BK31: =IF(BI31="","",IF(BJ31>4,ROUND(BJ31/2,0)*2,IF(BJ31>BJ$59,4,""))) | BL31: =_xlfn.XLOOKUP($B31,GCES!$B:$B,GCES!$AN:$AN,"",0,1) | BM31: =IF(BL31="","",BM$58*BL31/BL$57) | BN31: =IF(BL31="","",IF(BM31>4,ROUND(BM31/2,0)*2,IF(BM31>BM$59,4,""))) | BO31: =_xlfn.XLOOKUP($B31,GCES!$B:$B,GCES!$AM:$AM,"",0,1) | BP31: =IF(BO31="","",BP$58*BO31/BO$57) | BQ31: =IF(BO31="","",IF(BP31>4,ROUND(BP31/2,0)*2,IF(BP31>BP$59,4,""))) | BR31: =_xlfn.XLOOKUP($B31,GCES!$B:$B,GCES!$Z:$Z,"",0,1) | BS31: =IF(BR31="","",BS$58*BR31/BR$57) | BT31: =IF(BR31="","",IF(BS31>4,ROUND(BS31/2,0)*2,IF(BS31>BS$59,4,""))) | BU31: =_xlfn.XLOOKUP($B31,GCES!$B:$B,GCES!$Y:$Y,"",0,1) | BV31: =IF(BU31="","",BV$58*BU31/BU$57) | BW31: =IF(BU31="","",IF(BV31>4,ROUND(BV31/2,0)*2,IF(BV31>BV$59,4,""))) | BX31: =_xlfn.XLOOKUP($B31,GCES!$B:$B,GCES!$AC:$AC,"",0,1) | BY31: =IF(BX31="","",BY$58*BX31/BX$57) | BZ31: =IF(BX31="","",IF(BY31>4,ROUND(BY31/2,0)*2,IF(BY31>BY$59,4,""))) | CA31: =_xlfn.XLOOKUP($B31,GCES!$B:$B,GCES!$AB:$AB,"",0,1) | CB31: =IF(CA31="","",CB$58*CA31/CA$57) | CC31: =IF(CA31="","",IF(CB31>4,ROUND(CB31/2,0)*2,IF(CB31>CB$59,4,""))) | CD31: =_xlfn.XLOOKUP($B31,GCES!$B:$B,GCES!$AS:$AS,"",0,1) | CE31: =IF(CD31="","",CE$58*CD31/CD$57) | CF31: =IF(CD31="","",IF(CE31>4,ROUND(CE31/2,0)*2,IF(CE31>CE$59,4,""))) | CG31: =_xlfn.XLOOKUP($B31,GCES!$B:$B,GCES!$AR:$AR,"",0,1) | CH31: =IF(CG31="","",CH$58*CG31/CG$57) | CI31: =IF(CG31="","",IF(CH31>4,ROUND(CH31/2,0)*2,IF(CH31>CH$59,4,""))) | CJ31: =_xlfn.XLOOKUP($B31,GCES!$B:$B,GCES!$N:$N,"",0,1) | CK31: =IF(CJ31="","",CK$58*CJ31/CJ$57) | CL31: =IF(CJ31="","",IF(CK31>4,ROUND(CK31/2,0)*2,IF(CK31>CK$59,4,""))) | CM31: =_xlfn.XLOOKUP($B31,GCES!$B:$B,GCES!$M:$M,"",0,1) | CN31: =IF(CM31="","",CN$58*CM31/CM$57) | CO31: =IF(CM31="","",IF(CN31>4,ROUND(CN31/2,0)*2,IF(CN31>CN$59,4,""))) | CP31: =_xlfn.XLOOKUP($B31,GCES!$B:$B,GCES!$AD:$AD,"",0,1) | CQ31: =IF(CP31="","",CQ$58*CP31/CP$57) | CR31: =IF(CP31="","",IF(CQ31>4,ROUND(CQ31/2,0)*2,IF(CQ31>CQ$59,4,""))) | CS31: =_xlfn.XLOOKUP($B31,GCES!$B:$B,GCES!$AJ:$AJ,"",0,1) | CT31: =IF(CS31="","",CT$58*CS31/CS$57) | CU31: =IF(CS31="","",IF(CT31>4,ROUND(CT31/2,0)*2,IF(CT31>CT$59,4,""))) | CV31: =_xlfn.XLOOKUP($B31,GCES!$B:$B,GCES!$AI:$AI,"",0,1) | CW31: =IF(CV31="","",CW$58*CV31/CV$57) | CX31: =IF(CV31="","",IF(CW31>4,ROUND(CW31/2,0)*2,IF(CW31>CW$59,4,""))) | CY31: =SUM(BE31,BH31,BK31,BN31,BQ31,BT31,BW31,BZ31,CC31,CF31,CI31,CL31,CO31,CR31,CU31,CX31) -> 0 | CZ31: =SUM(BB31,CY31) -> 0
A32: SRO CUDDALORE TOTAL | C32: =SUM(C28:C31) -> 60 | D32: =SUM(D28:D31) -> 13.150685 | E32: =SUM(E28:E31) -> 12 | F32: =SUM(F28:F31) -> 0 | G32: =SUM(G28:G31) -> 0 | H32: =SUM(H28:H31) -> 0 | I32: =SUM(I28:I31) -> 120 | J32: =SUM(J28:J31) -> 11.336406 | ... BA32: =SUM(BA28:BA31) -> 12 | BB32: =SUM(E32,H32,K32,N32,Q32,T32,W32,Z32,AC32,AF32,AI32,AL32,AO32,AR32,AU32,AX32,BA32) -> 118 | BC32: =SUM(BC28:BC31) -> 24 | BD32: =SUM(BD28:BD31) -> 6.2 | BE32: =SUM(BE28:BE31) -> 8 | BF32: =SUM(BF28:BF31) -> 0 | BG32: =SUM(BG28:BG31) -> 0 | BH32: =SUM(BH28:BH31) -> 0 | BI32: =SUM(BI28:BI31) -> 0 | BJ32: =SUM(BJ28:BJ31) -> 0 | ... CX32: =SUM(CX28:CX31) -> 0 | CY32: =SUM(BE32,BH32,BK32,BN32,BQ32,BT32,BW32,BZ32,CC32,CF32,CI32,CL32,CO32,CR32,CU32,CX32) -> 46 | CZ32: =SUM(BB32,CY32) -> 164
A33: 04 | B33: VELLORE | C33: =_xlfn.XLOOKUP($B33,GCES!$B:$B,GCES!$C:$C,"",0,1) | D33: =IF(C33="","",D$58*C33/C$57) | E33: =IF(C33="","",IF(D33>4,ROUND(D33/2,0)*2,IF(D33>D$59,4,""))) | F33: =_xlfn.XLOOKUP($B33,GCES!$B:$B,GCES!$E:$E,"",0,1) | G33: =IF(F33="","",G$58*F33/F$57) | H33: =IF(F33="","",IF(G33>4,ROUND(G33/2,0)*2,IF(G33>G$59,4,""))) | I33: =_xlfn.XLOOKUP($B33,GCES!$B:$B,GCES!$D:$D,"",0,1) | J33: =IF(I33="","",J$58*I33/I$57) | K33: =IF(I33="","",IF(J33>4,ROUND(J33/2,0)*2,IF(J33>J$59,4,""))) | L33: =_xlfn.XLOOKUP($B33,GCES!$B:$B,GCES!$H:$H,"",0,1) -> 4 | M33: =IF(L33="","",M$58*L33/L$57) -> 0.76190476 | N33: =IF(L33="","",IF(M33>4,ROUND(M33/2,0)*2,IF(M33>M$59,4,""))) | O33: =_xlfn.XLOOKUP($B33,GCES!$B:$B,GCES!$G:$G,"",0,1) | P33: =IF(O33="","",P$58*O33/O$57) | Q33: =IF(O33="","",IF(P33>4,ROUND(P33/2,0)*2,IF(P33>P$59,4,""))) | R33: =_xlfn.XLOOKUP($B33,GCES!$B:$B,GCES!$L:$L,"",0,1) -> 4 | S33: =IF(R33="","",S$58*R33/R$57) -> 1.862069 | T33: =IF(R33="","",IF(S33>4,ROUND(S33/2,0)*2,IF(S33>S$59,4,""))) | U33: =_xlfn.XLOOKUP($B33,GCES!$B:$B,GCES!$K:$K,"",0,1) | V33: =IF(U33="","",V$58*U33/U$57) | W33: =IF(U33="","",IF(V33>4,ROUND(V33/2,0)*2,IF(V33>V$59,4,""))) | X33: =_xlfn.XLOOKUP($B33,GCES!$B:$B,GCES!$S:$S,"",0,1) | Y33: =IF(X33="","",Y$58*X33/X$57) | Z33: =IF(X33="","",IF(Y33>4,ROUND(Y33/2,0)*2,IF(Y33>Y$59,4,""))) | AA33: =_xlfn.XLOOKUP($B33,GCES!$B:$B,GCES!$R:$R,"",0,1) | AB33: =IF(AA33="","",AB$58*AA33/AA$57) | AC33: =IF(AA33="","",IF(AB33>4,ROUND(AB33/2,0)*2,IF(AB33>AB$59,4,""))) | AD33: =_xlfn.XLOOKUP($B33,GCES!$B:$B,GCES!$AL:$AL,"",0,1) -> 28 | AE33: =IF(AD33="","",AE$58*AD33/AD$57) -> 3.3653846 | AF33: =IF(AD33="","",IF(AE33>4,ROUND(AE33/2,0)*2,IF(AE33>AE$59,4,""))) -> 4 | AG33: =_xlfn.XLOOKUP($B33,GCES!$B:$B,GCES!$AK:$AK,"",0,1) | AH33: =IF(AG33="","",AH$58*AG33/AG$57) | AI33: =IF(AG33="","",IF(AH33>4,ROUND(AH33/2,0)*2,IF(AH33>AH$59,4,""))) | AJ33: =_xlfn.XLOOKUP($B33,GCES!$B:$B,GCES!$AQ:$AQ,"",0,1) | AK33: =IF(AJ33="","",AK$58*AJ33/AJ$57) | AL33: =IF(AJ33="","",IF(AK33>4,ROUND(AK33/2,0)*2,IF(AK33>AK$59,4,""))) | AM33: =_xlfn.XLOOKUP($B33,GCES!$B:$B,GCES!$AP:$AP,"",0,1) | AN33: =IF(AM33="","",AN$58*AM33/AM$57) | AO33: =IF(AM33="","",IF(AN33>4,ROUND(AN33/2,0)*2,IF(AN33>AN$59,4,""))) | AP33: =_xlfn.XLOOKUP($B33,GCES!$B:$B,GCES!$V:$V,"",0,1) -> 36 | AQ33: =IF(AP33="","",AQ$58*AP33/AP$57) -> 10.028571 | AR33: =IF(AP33="","",IF(AQ33>4,ROUND(AQ33/2,0)*2,IF(AQ33>AQ$59,4,""))) -> 10 | AS33: =_xlfn.XLOOKUP($B33,GCES!$B:$B,GCES!$AH:$AH,"",0,1) -> 4 | AT33: =IF(AS33="","",AT$58*AS33/AS$57) -> 0.7755102 | AU33: =IF(AS33="","",IF(AT33>4,ROUND(AT33/2,0)*2,IF(AT33>AT$59,4,""))) | AV33: =_xlfn.XLOOKUP($B33,GCES!$B:$B,GCES!$AG:$AG,"",0,1) | AW33: =IF(AV33="","",AW$58*AV33/AV$57) | AX33: =IF(AV33="","",IF(AW33>4,ROUND(AW33/2,0)*2,IF(AW33>AW$59,4,""))) | AY33: =_xlfn.XLOOKUP($B33,GCES!$B:$B,GCES!$AO:$AO,"",0,1) -> 4 | AZ33: =IF(AY33="","",AZ$58*AY33/AY$57) -> 0.73333333 | BA33: =IF(AY33="","",IF(AZ33>4,ROUND(AZ33/2,0)*2,IF(AZ33>AZ$59,4,""))) | BB33: =SUM(E33,H33,K33,N33,Q33,T33,W33,Z33,AC33,AF33,AI33,AL33,AO33,AR33,AU33,AX33,BA33) -> 14 | BC33: =_xlfn.XLOOKUP($B33,GCES!$B:$B,GCES!$F:$F,"",0,1) -> 4 | BD33: =IF(BC33="","",BD$58*BC33/BC$57) -> 1.0333333 | BE33: =IF(BC33="","",IF(BD33>4,ROUND(BD33/2,0)*2,IF(BD33>BD$59,4,""))) | BF33: =_xlfn.XLOOKUP($B33,GCES!$B:$B,GCES!$J:$J,"",0,1) | BG33: =IF(BF33="","",BG$58*BF33/BF$57) | BH33: =IF(BF33="","",IF(BG33>4,ROUND(BG33/2,0)*2,IF(BG33>BG$59,4,""))) | BI33: =_xlfn.XLOOKUP($B33,GCES!$B:$B,GCES!$I:$I,"",0,1) | BJ33: =IF(BI33="","",BJ$58*BI33/BI$57) | BK33: =IF(BI33="","",IF(BJ33>4,ROUND(BJ33/2,0)*2,IF(BJ33>BJ$59,4,""))) | BL33: =_xlfn.XLOOKUP($B33,GCES!$B:$B,GCES!$AN:$AN,"",0,1) | BM33: =IF(BL33="","",BM$58*BL33/BL$57) | BN33: =IF(BL33="","",IF(BM33>4,ROUND(BM33/2,0)*2,IF(BM33>BM$59,4,""))) | BO33: =_xlfn.XLOOKUP($B33,GCES!$B:$B,GCES!$AM:$AM,"",0,1) | BP33: =IF(BO33="","",BP$58*BO33/BO$57) | BQ33: =IF(BO33="","",IF(BP33>4,ROUND(BP33/2,0)*2,IF(BP33>BP$59,4,""))) | BR33: =_xlfn.XLOOKUP($B33,GCES!$B:$B,GCES!$Z:$Z,"",0,1) | BS33: =IF(BR33="","",BS$58*BR33/BR$57) | BT33: =IF(BR33="","",IF(BS33>4,ROUND(BS33/2,0)*2,IF(BS33>BS$59,4,""))) | BU33: =_xlfn.XLOOKUP($B33,GCES!$B:$B,GCES!$Y:$Y,"",0,1) | BV33: =IF(BU33="","",BV$58*BU33/BU$57) | BW33: =IF(BU33="","",IF(BV33>4,ROUND(BV33/2,0)*2,IF(BV33>BV$59,4,""))) | BX33: =_xlfn.XLOOKUP($B33,GCES!$B:$B,GCES!$AC:$AC,"",0,1) | BY33: =IF(BX33="","",BY$58*BX33/BX$57) | BZ33: =IF(BX33="","",IF(BY33>4,ROUND(BY33/2,0)*2,IF(BY33>BY$59,4,""))) | CA33: =_xlfn.XLOOKUP($B33,GCES!$B:$B,GCES!$AB:$AB,"",0,1) | CB33: =IF(CA33="","",CB$58*CA33/CA$57) | CC33: =IF(CA33="","",IF(CB33>4,ROUND(CB33/2,0)*2,IF(CB33>CB$59,4,""))) | CD33: =_xlfn.XLOOKUP($B33,GCES!$B:$B,GCES!$AS:$AS,"",0,1) | CE33: =IF(CD33="","",CE$58*CD33/CD$57) | CF33: =IF(CD33="","",IF(CE33>4,ROUND(CE33/2,0)*2,IF(CE33>CE$59,4,""))) | CG33: =_xlfn.XLOOKUP($B33,GCES!$B:$B,GCES!$AR:$AR,"",0,1) | CH33: =IF(CG33="","",CH$58*CG33/CG$57) | CI33: =IF(CG33="","",IF(CH33>4,ROUND(CH33/2,0)*2,IF(CH33>CH$59,4,""))) | CJ33: =_xlfn.XLOOKUP($B33,GCES!$B:$B,GCES!$N:$N,"",0,1) | CK33: =IF(CJ33="","",CK$58*CJ33/CJ$57) | CL33: =IF(CJ33="","",IF(CK33>4,ROUND(CK33/2,0)*2,IF(CK33>CK$59,4,""))) | CM33: =_xlfn.XLOOKUP($B33,GCES!$B:$B,GCES!$M:$M,"",0,1) | CN33: =IF(CM33="","",CN$58*CM33/CM$57) | CO33: =IF(CM33="","",IF(CN33>4,ROUND(CN33/2,0)*2,IF(CN33>CN$59,4,""))) | CP33: =_xlfn.XLOOKUP($B33,GCES!$B:$B,GCES!$AD:$AD,"",0,1) -> 10 | CQ33: =IF(CP33="","",CQ$58*CP33/CP$57) -> 2.5 | CR33: =IF(CP33="","",IF(CQ33>4,ROUND(CQ33/2,0)*2,IF(CQ33>CQ$59,4,""))) -> 4 | CS33: =_xlfn.XLOOKUP($B33,GCES!$B:$B,GCES!$AJ:$AJ,"",0,1) | CT33: =IF(CS33="","",CT$58*CS33/CS$57) | CU33: =IF(CS33="","",IF(CT33>4,ROUND(CT33/2,0)*2,IF(CT33>CT$59,4,""))) | CV33: =_xlfn.XLOOKUP($B33,GCES!$B:$B,GCES!$AI:$AI,"",0,1) | CW33: =IF(CV33="","",CW$58*CV33/CV$57) | CX33: =IF(CV33="","",IF(CW33>4,ROUND(CW33/2,0)*2,IF(CW33>CW$59,4,""))) | CY33: =SUM(BE33,BH33,BK33,BN33,BQ33,BT33,BW33,BZ33,CC33,CF33,CI33,CL33,CO33,CR33,CU33,CX33) -> 4 | CZ33: =SUM(BB33,CY33) -> 18
A34: 06 | B34: TIRUVANNAMALAI | C34: =_xlfn.XLOOKUP($B34,GCES!$B:$B,GCES!$C:$C,"",0,1) | D34: =IF(C34="","",D$58*C34/C$57) | E34: =IF(C34="","",IF(D34>4,ROUND(D34/2,0)*2,IF(D34>D$59,4,""))) | F34: =_xlfn.XLOOKUP($B34,GCES!$B:$B,GCES!$E:$E,"",0,1) | G34: =IF(F34="","",G$58*F34/F$57) | H34: =IF(F34="","",IF(G34>4,ROUND(G34/2,0)*2,IF(G34>G$59,4,""))) | I34: =_xlfn.XLOOKUP($B34,GCES!$B:$B,GCES!$D:$D,"",0,1) | J34: =IF(I34="","",J$58*I34/I$57) | K34: =IF(I34="","",IF(J34>4,ROUND(J34/2,0)*2,IF(J34>J$59,4,""))) | L34: =_xlfn.XLOOKUP($B34,GCES!$B:$B,GCES!$H:$H,"",0,1) | M34: =IF(L34="","",M$58*L34/L$57) | N34: =IF(L34="","",IF(M34>4,ROUND(M34/2,0)*2,IF(M34>M$59,4,""))) | O34: =_xlfn.XLOOKUP($B34,GCES!$B:$B,GCES!$G:$G,"",0,1) | P34: =IF(O34="","",P$58*O34/O$57) | Q34: =IF(O34="","",IF(P34>4,ROUND(P34/2,0)*2,IF(P34>P$59,4,""))) | R34: =_xlfn.XLOOKUP($B34,GCES!$B:$B,GCES!$L:$L,"",0,1) | S34: =IF(R34="","",S$58*R34/R$57) | T34: =IF(R34="","",IF(S34>4,ROUND(S34/2,0)*2,IF(S34>S$59,4,""))) | U34: =_xlfn.XLOOKUP($B34,GCES!$B:$B,GCES!$K:$K,"",0,1) | V34: =IF(U34="","",V$58*U34/U$57) | W34: =IF(U34="","",IF(V34>4,ROUND(V34/2,0)*2,IF(V34>V$59,4,""))) | X34: =_xlfn.XLOOKUP($B34,GCES!$B:$B,GCES!$S:$S,"",0,1) | Y34: =IF(X34="","",Y$58*X34/X$57) | Z34: =IF(X34="","",IF(Y34>4,ROUND(Y34/2,0)*2,IF(Y34>Y$59,4,""))) | AA34: =_xlfn.XLOOKUP($B34,GCES!$B:$B,GCES!$R:$R,"",0,1) | AB34: =IF(AA34="","",AB$58*AA34/AA$57) | AC34: =IF(AA34="","",IF(AB34>4,ROUND(AB34/2,0)*2,IF(AB34>AB$59,4,""))) | AD34: =_xlfn.XLOOKUP($B34,GCES!$B:$B,GCES!$AL:$AL,"",0,1) | AE34: =IF(AD34="","",AE$58*AD34/AD$57) | AF34: =IF(AD34="","",IF(AE34>4,ROUND(AE34/2,0)*2,IF(AE34>AE$59,4,""))) | AG34: =_xlfn.XLOOKUP($B34,GCES!$B:$B,GCES!$AK:$AK,"",0,1) | AH34: =IF(AG34="","",AH$58*AG34/AG$57) | AI34: =IF(AG34="","",IF(AH34>4,ROUND(AH34/2,0)*2,IF(AH34>AH$59,4,""))) | AJ34: =_xlfn.XLOOKUP($B34,GCES!$B:$B,GCES!$AQ:$AQ,"",0,1) | AK34: =IF(AJ34="","",AK$58*AJ34/AJ$57) | AL34: =IF(AJ34="","",IF(AK34>4,ROUND(AK34/2,0)*2,IF(AK34>AK$59,4,""))) | AM34: =_xlfn.XLOOKUP($B34,GCES!$B:$B,GCES!$AP:$AP,"",0,1) | AN34: =IF(AM34="","",AN$58*AM34/AM$57) | AO34: =IF(AM34="","",IF(AN34>4,ROUND(AN34/2,0)*2,IF(AN34>AN$59,4,""))) | AP34: =_xlfn.XLOOKUP($B34,GCES!$B:$B,GCES!$V:$V,"",0,1) | AQ34: =IF(AP34="","",AQ$58*AP34/AP$57) | AR34: =IF(AP34="","",IF(AQ34>4,ROUND(AQ34/2,0)*2,IF(AQ34>AQ$59,4,""))) | AS34: =_xlfn.XLOOKUP($B34,GCES!$B:$B,GCES!$AH:$AH,"",0,1) | AT34: =IF(AS34="","",AT$58*AS34/AS$57) | AU34: =IF(AS34="","",IF(AT34>4,ROUND(AT34/2,0)*2,IF(AT34>AT$59,4,""))) | AV34: =_xlfn.XLOOKUP($B34,GCES!$B:$B,GCES!$AG:$AG,"",0,1) | AW34: =IF(AV34="","",AW$58*AV34/AV$57) | AX34: =IF(AV34="","",IF(AW34>4,ROUND(AW34/2,0)*2,IF(AW34>AW$59,4,""))) | AY34: =_xlfn.XLOOKUP($B34,GCES!$B:$B,GCES!$AO:$AO,"",0,1) | AZ34: =IF(AY34="","",AZ$58*AY34/AY$57) | BA34: =IF(AY34="","",IF(AZ34>4,ROUND(AZ34/2,0)*2,IF(AZ34>AZ$59,4,""))) | BB34: =SUM(E34,H34,K34,N34,Q34,T34,W34,Z34,AC34,AF34,AI34,AL34,AO34,AR34,AU34,AX34,BA34) -> 0 | BC34: =_xlfn.XLOOKUP($B34,GCES!$B:$B,GCES!$F:$F,"",0,1) | BD34: =IF(BC34="","",BD$58*BC34/BC$57) | BE34: =IF(BC34="","",IF(BD34>4,ROUND(BD34/2,0)*2,IF(BD34>BD$59,4,""))) | BF34: =_xlfn.XLOOKUP($B34,GCES!$B:$B,GCES!$J:$J,"",0,1) | BG34: =IF(BF34="","",BG$58*BF34/BF$57) | BH34: =IF(BF34="","",IF(BG34>4,ROUND(BG34/2,0)*2,IF(BG34>BG$59,4,""))) | BI34: =_xlfn.XLOOKUP($B34,GCES!$B:$B,GCES!$I:$I,"",0,1) | BJ34: =IF(BI34="","",BJ$58*BI34/BI$57) | BK34: =IF(BI34="","",IF(BJ34>4,ROUND(BJ34/2,0)*2,IF(BJ34>BJ$59,4,""))) | BL34: =_xlfn.XLOOKUP($B34,GCES!$B:$B,GCES!$AN:$AN,"",0,1) | BM34: =IF(BL34="","",BM$58*BL34/BL$57) | BN34: =IF(BL34="","",IF(BM34>4,ROUND(BM34/2,0)*2,IF(BM34>BM$59,4,""))) | BO34: =_xlfn.XLOOKUP($B34,GCES!$B:$B,GCES!$AM:$AM,"",0,1) | BP34: =IF(BO34="","",BP$58*BO34/BO$57) | BQ34: =IF(BO34="","",IF(BP34>4,ROUND(BP34/2,0)*2,IF(BP34>BP$59,4,""))) | BR34: =_xlfn.XLOOKUP($B34,GCES!$B:$B,GCES!$Z:$Z,"",0,1) | BS34: =IF(BR34="","",BS$58*BR34/BR$57) | BT34: =IF(BR34="","",IF(BS34>4,ROUND(BS34/2,0)*2,IF(BS34>BS$59,4,""))) | BU34: =_xlfn.XLOOKUP($B34,GCES!$B:$B,GCES!$Y:$Y,"",0,1) | BV34: =IF(BU34="","",BV$58*BU34/BU$57) | BW34: =IF(BU34="","",IF(BV34>4,ROUND(BV34/2,0)*2,IF(BV34>BV$59,4,""))) | BX34: =_xlfn.XLOOKUP($B34,GCES!$B:$B,GCES!$AC:$AC,"",0,1) | BY34: =IF(BX34="","",BY$58*BX34/BX$57) | BZ34: =IF(BX34="","",IF(BY34>4,ROUND(BY34/2,0)*2,IF(BY34>BY$59,4,""))) | CA34: =_xlfn.XLOOKUP($B34,GCES!$B:$B,GCES!$AB:$AB,"",0,1) | CB34: =IF(CA34="","",CB$58*CA34/CA$57) | CC34: =IF(CA34="","",IF(CB34>4,ROUND(CB34/2,0)*2,IF(CB34>CB$59,4,""))) | CD34: =_xlfn.XLOOKUP($B34,GCES!$B:$B,GCES!$AS:$AS,"",0,1) | CE34: =IF(CD34="","",CE$58*CD34/CD$57) | CF34: =IF(CD34="","",IF(CE34>4,ROUND(CE34/2,0)*2,IF(CE34>CE$59,4,""))) | CG34: =_xlfn.XLOOKUP($B34,GCES!$B:$B,GCES!$AR:$AR,"",0,1) | CH34: =IF(CG34="","",CH$58*CG34/CG$57) | CI34: =IF(CG34="","",IF(CH34>4,ROUND(CH34/2,0)*2,IF(CH34>CH$59,4,""))) | CJ34: =_xlfn.XLOOKUP($B34,GCES!$B:$B,GCES!$N:$N,"",0,1) | CK34: =IF(CJ34="","",CK$58*CJ34/CJ$57) | CL34: =IF(CJ34="","",IF(CK34>4,ROUND(CK34/2,0)*2,IF(CK34>CK$59,4,""))) | CM34: =_xlfn.XLOOKUP($B34,GCES!$B:$B,GCES!$M:$M,"",0,1) | CN34: =IF(CM34="","",CN$58*CM34/CM$57) | CO34: =IF(CM34="","",IF(CN34>4,ROUND(CN34/2,0)*2,IF(CN34>CN$59,4,""))) | CP34: =_xlfn.XLOOKUP($B34,GCES!$B:$B,GCES!$AD:$AD,"",0,1) | CQ34: =IF(CP34="","",CQ$58*CP34/CP$57) | CR34: =IF(CP34="","",IF(CQ34>4,ROUND(CQ34/2,0)*2,IF(CQ34>CQ$59,4,""))) | CS34: =_xlfn.XLOOKUP($B34,GCES!$B:$B,GCES!$AJ:$AJ,"",0,1) | CT34: =IF(CS34="","",CT$58*CS34/CS$57) | CU34: =IF(CS34="","",IF(CT34>4,ROUND(CT34/2,0)*2,IF(CT34>CT$59,4,""))) | CV34: =_xlfn.XLOOKUP($B34,GCES!$B:$B,GCES!$AI:$AI,"",0,1) | CW34: =IF(CV34="","",CW$58*CV34/CV$57) | CX34: =IF(CV34="","",IF(CW34>4,ROUND(CW34/2,0)*2,IF(CW34>CW$59,4,""))) | CY34: =SUM(BE34,BH34,BK34,BN34,BQ34,BT34,BW34,BZ34,CC34,CF34,CI34,CL34,CO34,CR34,CU34,CX34) -> 0 | CZ34: =SUM(BB34,CY34) -> 0
A35: 35 | B35: RANIPET | C35: =_xlfn.XLOOKUP($B35,GCES!$B:$B,GCES!$C:$C,"",0,1) -> 16 | D35: =IF(C35="","",D$58*C35/C$57) -> 3.5068493 | E35: =IF(C35="","",IF(D35>4,ROUND(D35/2,0)*2,IF(D35>D$59,4,""))) -> 4 | F35: =_xlfn.XLOOKUP($B35,GCES!$B:$B,GCES!$E:$E,"",0,1) | G35: =IF(F35="","",G$58*F35/F$57) | H35: =IF(F35="","",IF(G35>4,ROUND(G35/2,0)*2,IF(G35>G$59,4,""))) | I35: =_xlfn.XLOOKUP($B35,GCES!$B:$B,GCES!$D:$D,"",0,1) -> 12 | J35: =IF(I35="","",J$58*I35/I$57) -> 1.1336406 | K35: =IF(I35="","",IF(J35>4,ROUND(J35/2,0)*2,IF(J35>J$59,4,""))) | L35: =_xlfn.XLOOKUP($B35,GCES!$B:$B,GCES!$H:$H,"",0,1) | M35: =IF(L35="","",M$58*L35/L$57) | N35: =IF(L35="","",IF(M35>4,ROUND(M35/2,0)*2,IF(M35>M$59,4,""))) | O35: =_xlfn.XLOOKUP($B35,GCES!$B:$B,GCES!$G:$G,"",0,1) | P35: =IF(O35="","",P$58*O35/O$57) | Q35: =IF(O35="","",IF(P35>4,ROUND(P35/2,0)*2,IF(P35>P$59,4,""))) | R35: =_xlfn.XLOOKUP($B35,GCES!$B:$B,GCES!$L:$L,"",0,1) -> 4 | S35: =IF(R35="","",S$58*R35/R$57) -> 1.862069 | T35: =IF(R35="","",IF(S35>4,ROUND(S35/2,0)*2,IF(S35>S$59,4,""))) | U35: =_xlfn.XLOOKUP($B35,GCES!$B:$B,GCES!$K:$K,"",0,1) | V35: =IF(U35="","",V$58*U35/U$57) | W35: =IF(U35="","",IF(V35>4,ROUND(V35/2,0)*2,IF(V35>V$59,4,""))) | X35: =_xlfn.XLOOKUP($B35,GCES!$B:$B,GCES!$S:$S,"",0,1) | Y35: =IF(X35="","",Y$58*X35/X$57) | Z35: =IF(X35="","",IF(Y35>4,ROUND(Y35/2,0)*2,IF(Y35>Y$59,4,""))) | AA35: =_xlfn.XLOOKUP($B35,GCES!$B:$B,GCES!$R:$R,"",0,1) | AB35: =IF(AA35="","",AB$58*AA35/AA$57) | AC35: =IF(AA35="","",IF(AB35>4,ROUND(AB35/2,0)*2,IF(AB35>AB$59,4,""))) | AD35: =_xlfn.XLOOKUP($B35,GCES!$B:$B,GCES!$AL:$AL,"",0,1) -> 16 | AE35: =IF(AD35="","",AE$58*AD35/AD$57) -> 1.9230769 | AF35: =IF(AD35="","",IF(AE35>4,ROUND(AE35/2,0)*2,IF(AE35>AE$59,4,""))) | AG35: =_xlfn.XLOOKUP($B35,GCES!$B:$B,GCES!$AK:$AK,"",0,1) | AH35: =IF(AG35="","",AH$58*AG35/AG$57) | AI35: =IF(AG35="","",IF(AH35>4,ROUND(AH35/2,0)*2,IF(AH35>AH$59,4,""))) | AJ35: =_xlfn.XLOOKUP($B35,GCES!$B:$B,GCES!$AQ:$AQ,"",0,1) | AK35: =IF(AJ35="","",AK$58*AJ35/AJ$57) | AL35: =IF(AJ35="","",IF(AK35>4,ROUND(AK35/2,0)*2,IF(AK35>AK$59,4,""))) | AM35: =_xlfn.XLOOKUP($B35,GCES!$B:$B,GCES!$AP:$AP,"",0,1) | AN35: =IF(AM35="","",AN$58*AM35/AM$57) | AO35: =IF(AM35="","",IF(AN35>4,ROUND(AN35/2,0)*2,IF(AN35>AN$59,4,""))) | AP35: =_xlfn.XLOOKUP($B35,GCES!$B:$B,GCES!$V:$V,"",0,1) -> 16 | AQ35: =IF(AP35="","",AQ$58*AP35/AP$57) -> 4.4571429 | AR35: =IF(AP35="","",IF(AQ35>4,ROUND(AQ35/2,0)*2,IF(AQ35>AQ$59,4,""))) -> 4 | AS35: =_xlfn.XLOOKUP($B35,GCES!$B:$B,GCES!$AH:$AH,"",0,1) | AT35: =IF(AS35="","",AT$58*AS35/AS$57) | AU35: =IF(AS35="","",IF(AT35>4,ROUND(AT35/2,0)*2,IF(AT35>AT$59,4,""))) | AV35: =_xlfn.XLOOKUP($B35,GCES!$B:$B,GCES!$AG:$AG,"",0,1) | AW35: =IF(AV35="","",AW$58*AV35/AV$57) | AX35: =IF(AV35="","",IF(AW35>4,ROUND(AW35/2,0)*2,IF(AW35>AW$59,4,""))) | AY35: =_xlfn.XLOOKUP($B35,GCES!$B:$B,GCES!$AO:$AO,"",0,1) -> 8 | AZ35: =IF(AY35="","",AZ$58*AY35/AY$57) -> 1.4666667 | BA35: =IF(AY35="","",IF(AZ35>4,ROUND(AZ35/2,0)*2,IF(AZ35>AZ$59,4,""))) | BB35: =SUM(E35,H35,K35,N35,Q35,T35,W35,Z35,AC35,AF35,AI35,AL35,AO35,AR35,AU35,AX35,BA35) -> 8 | BC35: =_xlfn.XLOOKUP($B35,GCES!$B:$B,GCES!$F:$F,"",0,1) -> 12 | BD35: =IF(BC35="","",BD$58*BC35/BC$57) -> 3.1 | BE35: =IF(BC35="","",IF(BD35>4,ROUND(BD35/2,0)*2,IF(BD35>BD$59,4,""))) -> 4 | BF35: =_xlfn.XLOOKUP($B35,GCES!$B:$B,GCES!$J:$J,"",0,1) | BG35: =IF(BF35="","",BG$58*BF35/BF$57) | BH35: =IF(BF35="","",IF(BG35>4,ROUND(BG35/2,0)*2,IF(BG35>BG$59,4,""))) | BI35: =_xlfn.XLOOKUP($B35,GCES!$B:$B,GCES!$I:$I,"",0,1) | BJ35: =IF(BI35="","",BJ$58*BI35/BI$57) | BK35: =IF(BI35="","",IF(BJ35>4,ROUND(BJ35/2,0)*2,IF(BJ35>BJ$59,4,""))) | BL35: =_xlfn.XLOOKUP($B35,GCES!$B:$B,GCES!$AN:$AN,"",0,1) | BM35: =IF(BL35="","",BM$58*BL35/BL$57) | BN35: =IF(BL35="","",IF(BM35>4,ROUND(BM35/2,0)*2,IF(BM35>BM$59,4,""))) | BO35: =_xlfn.XLOOKUP($B35,GCES!$B:$B,GCES!$AM:$AM,"",0,1) -> 16 | BP35: =IF(BO35="","",BP$58*BO35/BO$57) -> 3.8709677 | BQ35: =IF(BO35="","",IF(BP35>4,ROUND(BP35/2,0)*2,IF(BP35>BP$59,4,""))) -> 4 | BR35: =_xlfn.XLOOKUP($B35,GCES!$B:$B,GCES!$Z:$Z,"",0,1) | BS35: =IF(BR35="","",BS$58*BR35/BR$57) | BT35: =IF(BR35="","",IF(BS35>4,ROUND(BS35/2,0)*2,IF(BS35>BS$59,4,""))) | BU35: =_xlfn.XLOOKUP($B35,GCES!$B:$B,GCES!$Y:$Y,"",0,1) | BV35: =IF(BU35="","",BV$58*BU35/BU$57) | BW35: =IF(BU35="","",IF(BV35>4,ROUND(BV35/2,0)*2,IF(BV35>BV$59,4,""))) | BX35: =_xlfn.XLOOKUP($B35,GCES!$B:$B,GCES!$AC:$AC,"",0,1) | BY35: =IF(BX35="","",BY$58*BX35/BX$57) | BZ35: =IF(BX35="","",IF(BY35>4,ROUND(BY35/2,0)*2,IF(BY35>BY$59,4,""))) | CA35: =_xlfn.XLOOKUP($B35,GCES!$B:$B,GCES!$AB:$AB,"",0,1) | CB35: =IF(CA35="","",CB$58*CA35/CA$57) | CC35: =IF(CA35="","",IF(CB35>4,ROUND(CB35/2,0)*2,IF(CB35>CB$59,4,""))) | CD35: =_xlfn.XLOOKUP($B35,GCES!$B:$B,GCES!$AS:$AS,"",0,1) | CE35: =IF(CD35="","",CE$58*CD35/CD$57) | CF35: =IF(CD35="","",IF(CE35>4,ROUND(CE35/2,0)*2,IF(CE35>CE$59,4,""))) | CG35: =_xlfn.XLOOKUP($B35,GCES!$B:$B,GCES!$AR:$AR,"",0,1) | CH35: =IF(CG35="","",CH$58*CG35/CG$57) | CI35: =IF(CG35="","",IF(CH35>4,ROUND(CH35/2,0)*2,IF(CH35>CH$59,4,""))) | CJ35: =_xlfn.XLOOKUP($B35,GCES!$B:$B,GCES!$N:$N,"",0,1) | CK35: =IF(CJ35="","",CK$58*CJ35/CJ$57) | CL35: =IF(CJ35="","",IF(CK35>4,ROUND(CK35/2,0)*2,IF(CK35>CK$59,4,""))) | CM35: =_xlfn.XLOOKUP($B35,GCES!$B:$B,GCES!$M:$M,"",0,1) | CN35: =IF(CM35="","",CN$58*CM35/CM$57) | CO35: =IF(CM35="","",IF(CN35>4,ROUND(CN35/2,0)*2,IF(CN35>CN$59,4,""))) | CP35: =_xlfn.XLOOKUP($B35,GCES!$B:$B,GCES!$AD:$AD,"",0,1) | CQ35: =IF(CP35="","",CQ$58*CP35/CP$57) | CR35: =IF(CP35="","",IF(CQ35>4,ROUND(CQ35/2,0)*2,IF(CQ35>CQ$59,4,""))) | CS35: =_xlfn.XLOOKUP($B35,GCES!$B:$B,GCES!$AJ:$AJ,"",0,1) | CT35: =IF(CS35="","",CT$58*CS35/CS$57) | CU35: =IF(CS35="","",IF(CT35>4,ROUND(CT35/2,0)*2,IF(CT35>CT$59,4,""))) | CV35: =_xlfn.XLOOKUP($B35,GCES!$B:$B,GCES!$AI:$AI,"",0,1) | CW35: =IF(CV35="","",CW$58*CV35/CV$57) | CX35: =IF(CV35="","",IF(CW35>4,ROUND(CW35/2,0)*2,IF(CW35>CW$59,4,""))) | CY35: =SUM(BE35,BH35,BK35,BN35,BQ35,BT35,BW35,BZ35,CC35,CF35,CI35,CL35,CO35,CR35,CU35,CX35) -> 8 | CZ35: =SUM(BB35,CY35) -> 16
A36: SRO VELLORE TOTAL | C36: =SUM(C33:C35) -> 16 | D36: =SUM(D33:D35) -> 3.5068493 | E36: =SUM(E33:E35) -> 4 | F36: =SUM(F33:F35) -> 0 | G36: =SUM(G33:G35) -> 0 | H36: =SUM(H33:H35) -> 0 | I36: =SUM(I33:I35) -> 12 | J36: =SUM(J33:J35) -> 1.1336406 | ... BA36: =SUM(BA33:BA35) -> 0 | BB36: =SUM(E36,H36,K36,N36,Q36,T36,W36,Z36,AC36,AF36,AI36,AL36,AO36,AR36,AU36,AX36,BA36) -> 22 | BC36: =SUM(BC33:BC35) -> 16 | BD36: =SUM(BD33:BD35) -> 4.1333333 | BE36: =SUM(BE33:BE35) -> 4 | BF36: =SUM(BF33:BF35) -> 0 | BG36: =SUM(BG33:BG35) -> 0 | BH36: =SUM(BH33:BH35) -> 0 | BI36: =SUM(BI33:BI35) -> 0 | BJ36: =SUM(BJ33:BJ35) -> 0 | ... CX36: =SUM(CX33:CX35) -> 0 | CY36: =SUM(BE36,BH36,BK36,BN36,BQ36,BT36,BW36,BZ36,CC36,CF36,CI36,CL36,CO36,CR36,CU36,CX36) -> 12 | CZ36: =SUM(BB36,CY36) -> 34
A37: RO CHENNAI TOTAL | C37: =SUM(C27,C36,C32) -> 148 | D37: =SUM(D27,D36,D32) -> 32.438356 | E37: =SUM(E27,E36,E32) -> 32 | F37: =SUM(F27,F36,F32) -> 0 | G37: =SUM(G27,G36,G32) -> 0 | H37: =SUM(H27,H36,H32) -> 0 | I37: =SUM(I27,I36,I32) -> 232 | J37: =SUM(J27,J36,J32) -> 21.917051 | ... BA37: =SUM(BA27,BA36,BA32) -> 20 | BB37: =SUM(E37,H37,K37,N37,Q37,T37,W37,Z37,AC37,AF37,AI37,AL37,AO37,AR37,AU37,AX37,BA37) -> 186 | BC37: =SUM(BC27,BC36,BC32) -> 80 | BD37: =SUM(BD27,BD36,BD32) -> 20.666667 | BE37: =SUM(BE27,BE36,BE32) -> 22 | BF37: =SUM(BF27,BF36,BF32) -> 0 | BG37: =SUM(BG27,BG36,BG32) -> 0 | BH37: =SUM(BH27,BH36,BH32) -> 0 | BI37: =SUM(BI27,BI36,BI32) -> 0 | BJ37: =SUM(BJ27,BJ36,BJ32) -> 0 | ... CX37: =SUM(CX27,CX36,CX32) -> 0 | CY37: =SUM(BE37,BH37,BK37,BN37,BQ37,BT37,BW37,BZ37,CC37,CF37,CI37,CL37,CO37,CR37,CU37,CX37) -> 84 | CZ37: =SUM(BB37,CY37) -> 270
A38: 13 | B38: DINDIGUL | C38: =_xlfn.XLOOKUP($B38,GCES!$B:$B,GCES!$C:$C,"",0,1) | D38: =IF(C38="","",D$58*C38/C$57) | E38: =IF(C38="","",IF(D38>4,ROUND(D38/2,0)*2,IF(D38>D$59,4,""))) | F38: =_xlfn.XLOOKUP($B38,GCES!$B:$B,GCES!$E:$E,"",0,1) | G38: =IF(F38="","",G$58*F38/F$57) | H38: =IF(F38="","",IF(G38>4,ROUND(G38/2,0)*2,IF(G38>G$59,4,""))) | I38: =_xlfn.XLOOKUP($B38,GCES!$B:$B,GCES!$D:$D,"",0,1) -> 16 | J38: =IF(I38="","",J$58*I38/I$57) -> 1.5115207 | K38: =IF(I38="","",IF(J38>4,ROUND(J38/2,0)*2,IF(J38>J$59,4,""))) | L38: =_xlfn.XLOOKUP($B38,GCES!$B:$B,GCES!$H:$H,"",0,1) -> 24 | M38: =IF(L38="","",M$58*L38/L$57) -> 4.5714286 | N38: =IF(L38="","",IF(M38>4,ROUND(M38/2,0)*2,IF(M38>M$59,4,""))) -> 4 | O38: =_xlfn.XLOOKUP($B38,GCES!$B:$B,GCES!$G:$G,"",0,1) | P38: =IF(O38="","",P$58*O38/O$57) | Q38: =IF(O38="","",IF(P38>4,ROUND(P38/2,0)*2,IF(P38>P$59,4,""))) | R38: =_xlfn.XLOOKUP($B38,GCES!$B:$B,GCES!$L:$L,"",0,1) | S38: =IF(R38="","",S$58*R38/R$57) | T38: =IF(R38="","",IF(S38>4,ROUND(S38/2,0)*2,IF(S38>S$59,4,""))) | U38: =_xlfn.XLOOKUP($B38,GCES!$B:$B,GCES!$K:$K,"",0,1) | V38: =IF(U38="","",V$58*U38/U$57) | W38: =IF(U38="","",IF(V38>4,ROUND(V38/2,0)*2,IF(V38>V$59,4,""))) | X38: =_xlfn.XLOOKUP($B38,GCES!$B:$B,GCES!$S:$S,"",0,1) | Y38: =IF(X38="","",Y$58*X38/X$57) | Z38: =IF(X38="","",IF(Y38>4,ROUND(Y38/2,0)*2,IF(Y38>Y$59,4,""))) | AA38: =_xlfn.XLOOKUP($B38,GCES!$B:$B,GCES!$R:$R,"",0,1) | AB38: =IF(AA38="","",AB$58*AA38/AA$57) | AC38: =IF(AA38="","",IF(AB38>4,ROUND(AB38/2,0)*2,IF(AB38>AB$59,4,""))) | AD38: =_xlfn.XLOOKUP($B38,GCES!$B:$B,GCES!$AL:$AL,"",0,1) -> 16 | AE38: =IF(AD38="","",AE$58*AD38/AD$57) -> 1.9230769 | AF38: 4 | AG38: =_xlfn.XLOOKUP($B38,GCES!$B:$B,GCES!$AK:$AK,"",0,1) | AH38: =IF(AG38="","",AH$58*AG38/AG$57) | AI38: =IF(AG38="","",IF(AH38>4,ROUND(AH38/2,0)*2,IF(AH38>AH$59,4,""))) | AJ38: =_xlfn.XLOOKUP($B38,GCES!$B:$B,GCES!$AQ:$AQ,"",0,1) | AK38: =IF(AJ38="","",AK$58*AJ38/AJ$57) | AL38: =IF(AJ38="","",IF(AK38>4,ROUND(AK38/2,0)*2,IF(AK38>AK$59,4,""))) | AM38: =_xlfn.XLOOKUP($B38,GCES!$B:$B,GCES!$AP:$AP,"",0,1) | AN38: =IF(AM38="","",AN$58*AM38/AM$57) | AO38: =IF(AM38="","",IF(AN38>4,ROUND(AN38/2,0)*2,IF(AN38>AN$59,4,""))) | AP38: =_xlfn.XLOOKUP($B38,GCES!$B:$B,GCES!$V:$V,"",0,1) -> 0 | AQ38: =IF(AP38="","",AQ$58*AP38/AP$57) -> 0 | AR38: =IF(AP38="","",IF(AQ38>4,ROUND(AQ38/2,0)*2,IF(AQ38>AQ$59,4,""))) | AS38: =_xlfn.XLOOKUP($B38,GCES!$B:$B,GCES!$AH:$AH,"",0,1) | AT38: =IF(AS38="","",AT$58*AS38/AS$57) | AU38: =IF(AS38="","",IF(AT38>4,ROUND(AT38/2,0)*2,IF(AT38>AT$59,4,""))) | AV38: =_xlfn.XLOOKUP($B38,GCES!$B:$B,GCES!$AG:$AG,"",0,1) | AW38: =IF(AV38="","",AW$58*AV38/AV$57) | AX38: =IF(AV38="","",IF(AW38>4,ROUND(AW38/2,0)*2,IF(AW38>AW$59,4,""))) | AY38: =_xlfn.XLOOKUP($B38,GCES!$B:$B,GCES!$AO:$AO,"",0,1) -> 16 | AZ38: =IF(AY38="","",AZ$58*AY38/AY$57) -> 2.9333333 | BA38: =IF(AY38="","",IF(AZ38>4,ROUND(AZ38/2,0)*2,IF(AZ38>AZ$59,4,""))) -> 4 | BB38: =SUM(E38,H38,K38,N38,Q38,T38,W38,Z38,AC38,AF38,AI38,AL38,AO38,AR38,AU38,AX38,BA38) -> 12 | BC38: =_xlfn.XLOOKUP($B38,GCES!$B:$B,GCES!$F:$F,"",0,1) -> 16 | BD38: =IF(BC38="","",BD$58*BC38/BC$57) -> 4.1333333 | BE38: =IF(BC38="","",IF(BD38>4,ROUND(BD38/2,0)*2,IF(BD38>BD$59,4,""))) -> 4 | BF38: =_xlfn.XLOOKUP($B38,GCES!$B:$B,GCES!$J:$J,"",0,1) -> 92 | BG38: =IF(BF38="","",BG$58*BF38/BF$57) -> 15.73057 | BH38: 14 | BI38: =_xlfn.XLOOKUP($B38,GCES!$B:$B,GCES!$I:$I,"",0,1) -> 16 | BJ38: =IF(BI38="","",BJ$58*BI38/BI$57) -> 2.8070175 | BL38: =_xlfn.XLOOKUP($B38,GCES!$B:$B,GCES!$AN:$AN,"",0,1) -> 16 | BM38: =IF(BL38="","",BM$58*BL38/BL$57) -> 4.5714286 | BN38: =IF(BL38="","",IF(BM38>4,ROUND(BM38/2,0)*2,IF(BM38>BM$59,4,""))) -> 4 | BO38: =_xlfn.XLOOKUP($B38,GCES!$B:$B,GCES!$AM:$AM,"",0,1) -> 16 | BP38: =IF(BO38="","",BP$58*BO38/BO$57) -> 3.8709677 | BQ38: =IF(BO38="","",IF(BP38>4,ROUND(BP38/2,0)*2,IF(BP38>BP$59,4,""))) -> 4 | BR38: =_xlfn.XLOOKUP($B38,GCES!$B:$B,GCES!$Z:$Z,"",0,1) -> 16 | BS38: =IF(BR38="","",BS$58*BR38/BR$57) -> 4.48 | BT38: =IF(BR38="","",IF(BS38>4,ROUND(BS38/2,0)*2,IF(BS38>BS$59,4,""))) -> 4 | BU38: =_xlfn.XLOOKUP($B38,GCES!$B:$B,GCES!$Y:$Y,"",0,1) | BV38: =IF(BU38="","",BV$58*BU38/BU$57) | BW38: =IF(BU38="","",IF(BV38>4,ROUND(BV38/2,0)*2,IF(BV38>BV$59,4,""))) | BX38: =_xlfn.XLOOKUP($B38,GCES!$B:$B,GCES!$AC:$AC,"",0,1) -> 16 | BY38: =IF(BX38="","",BY$58*BX38/BX$57) -> 5.0322581 | BZ38: =IF(BX38="","",IF(BY38>4,ROUND(BY38/2,0)*2,IF(BY38>BY$59,4,""))) -> 6 | CA38: =_xlfn.XLOOKUP($B38,GCES!$B:$B,GCES!$AB:$AB,"",0,1) | CB38: =IF(CA38="","",CB$58*CA38/CA$57) | CC38: =IF(CA38="","",IF(CB38>4,ROUND(CB38/2,0)*2,IF(CB38>CB$59,4,""))) | CD38: =_xlfn.XLOOKUP($B38,GCES!$B:$B,GCES!$AS:$AS,"",0,1) | CE38: =IF(CD38="","",CE$58*CD38/CD$57) | CF38: =IF(CD38="","",IF(CE38>4,ROUND(CE38/2,0)*2,IF(CE38>CE$59,4,""))) | CG38: =_xlfn.XLOOKUP($B38,GCES!$B:$B,GCES!$AR:$AR,"",0,1) | CH38: =IF(CG38="","",CH$58*CG38/CG$57) | CI38: =IF(CG38="","",IF(CH38>4,ROUND(CH38/2,0)*2,IF(CH38>CH$59,4,""))) | CJ38: =_xlfn.XLOOKUP($B38,GCES!$B:$B,GCES!$N:$N,"",0,1) -> 16 | CK38: =IF(CJ38="","",CK$58*CJ38/CJ$57) -> 4.244898 | CL38: =IF(CJ38="","",IF(CK38>4,ROUND(CK38/2,0)*2,IF(CK38>CK$59,4,""))) -> 4 | CM38: =_xlfn.XLOOKUP($B38,GCES!$B:$B,GCES!$M:$M,"",0,1) | CN38: =IF(CM38="","",CN$58*CM38/CM$57) | CO38: =IF(CM38="","",IF(CN38>4,ROUND(CN38/2,0)*2,IF(CN38>CN$59,4,""))) | CP38: =_xlfn.XLOOKUP($B38,GCES!$B:$B,GCES!$AD:$AD,"",0,1) -> 16 | CQ38: =IF(CP38="","",CQ$58*CP38/CP$57) -> 4 | CR38: =IF(CP38="","",IF(CQ38>4,ROUND(CQ38/2,0)*2,IF(CQ38>CQ$59,4,""))) -> 4 | CS38: =_xlfn.XLOOKUP($B38,GCES!$B:$B,GCES!$AJ:$AJ,"",0,1) -> 16 | CT38: =IF(CS38="","",CT$58*CS38/CS$57) -> 4 | CU38: =IF(CS38="","",IF(CT38>4,ROUND(CT38/2,0)*2,IF(CT38>CT$59,4,""))) -> 4 | CV38: =_xlfn.XLOOKUP($B38,GCES!$B:$B,GCES!$AI:$AI,"",0,1) -> 16 | CW38: =IF(CV38="","",CW$58*CV38/CV$57) -> 5.12 | CX38: 4 | CY38: =SUM(BE38,BH38,BK38,BN38,BQ38,BT38,BW38,BZ38,CC38,CF38,CI38,CL38,CO38,CR38,CU38,CX38) -> 52 | CZ38: =SUM(BB38,CY38) -> 64
A39: 23 | B39: SIVAGANGAI | C39: =_xlfn.XLOOKUP($B39,GCES!$B:$B,GCES!$C:$C,"",0,1) | D39: =IF(C39="","",D$58*C39/C$57) | E39: =IF(C39="","",IF(D39>4,ROUND(D39/2,0)*2,IF(D39>D$59,4,""))) | F39: =_xlfn.XLOOKUP($B39,GCES!$B:$B,GCES!$E:$E,"",0,1) | G39: =IF(F39="","",G$58*F39/F$57) | H39: =IF(F39="","",IF(G39>4,ROUND(G39/2,0)*2,IF(G39>G$59,4,""))) | I39: =_xlfn.XLOOKUP($B39,GCES!$B:$B,GCES!$D:$D,"",0,1) -> 72 | J39: =IF(I39="","",J$58*I39/I$57) -> 6.8018433 | K39: 8 | L39: =_xlfn.XLOOKUP($B39,GCES!$B:$B,GCES!$H:$H,"",0,1) | M39: =IF(L39="","",M$58*L39/L$57) | N39: =IF(L39="","",IF(M39>4,ROUND(M39/2,0)*2,IF(M39>M$59,4,""))) | O39: =_xlfn.XLOOKUP($B39,GCES!$B:$B,GCES!$G:$G,"",0,1) | P39: =IF(O39="","",P$58*O39/O$57) | Q39: =IF(O39="","",IF(P39>4,ROUND(P39/2,0)*2,IF(P39>P$59,4,""))) | R39: =_xlfn.XLOOKUP($B39,GCES!$B:$B,GCES!$L:$L,"",0,1) | S39: =IF(R39="","",S$58*R39/R$57) | T39: =IF(R39="","",IF(S39>4,ROUND(S39/2,0)*2,IF(S39>S$59,4,""))) | U39: =_xlfn.XLOOKUP($B39,GCES!$B:$B,GCES!$K:$K,"",0,1) | V39: =IF(U39="","",V$58*U39/U$57) | W39: =IF(U39="","",IF(V39>4,ROUND(V39/2,0)*2,IF(V39>V$59,4,""))) | X39: =_xlfn.XLOOKUP($B39,GCES!$B:$B,GCES!$S:$S,"",0,1) | Y39: =IF(X39="","",Y$58*X39/X$57) | Z39: =IF(X39="","",IF(Y39>4,ROUND(Y39/2,0)*2,IF(Y39>Y$59,4,""))) | AA39: =_xlfn.XLOOKUP($B39,GCES!$B:$B,GCES!$R:$R,"",0,1) | AB39: =IF(AA39="","",AB$58*AA39/AA$57) | AC39: =IF(AA39="","",IF(AB39>4,ROUND(AB39/2,0)*2,IF(AB39>AB$59,4,""))) | AD39: =_xlfn.XLOOKUP($B39,GCES!$B:$B,GCES!$AL:$AL,"",0,1) -> 16 | AE39: =IF(AD39="","",AE$58*AD39/AD$57) -> 1.9230769 | AF39: 6 | AG39: =_xlfn.XLOOKUP($B39,GCES!$B:$B,GCES!$AK:$AK,"",0,1) | AH39: =IF(AG39="","",AH$58*AG39/AG$57) | AI39: =IF(AG39="","",IF(AH39>4,ROUND(AH39/2,0)*2,IF(AH39>AH$59,4,""))) | AJ39: =_xlfn.XLOOKUP($B39,GCES!$B:$B,GCES!$AQ:$AQ,"",0,1) | AK39: =IF(AJ39="","",AK$58*AJ39/AJ$57) | AL39: =IF(AJ39="","",IF(AK39>4,ROUND(AK39/2,0)*2,IF(AK39>AK$59,4,""))) | AM39: =_xlfn.XLOOKUP($B39,GCES!$B:$B,GCES!$AP:$AP,"",0,1) | AN39: =IF(AM39="","",AN$58*AM39/AM$57) | AO39: =IF(AM39="","",IF(AN39>4,ROUND(AN39/2,0)*2,IF(AN39>AN$59,4,""))) | AP39: =_xlfn.XLOOKUP($B39,GCES!$B:$B,GCES!$V:$V,"",0,1) | AQ39: =IF(AP39="","",AQ$58*AP39/AP$57) | AR39: =IF(AP39="","",IF(AQ39>4,ROUND(AQ39/2,0)*2,IF(AQ39>AQ$59,4,""))) | AS39: =_xlfn.XLOOKUP($B39,GCES!$B:$B,GCES!$AH:$AH,"",0,1) | AT39: =IF(AS39="","",AT$58*AS39/AS$57) | AU39: =IF(AS39="","",IF(AT39>4,ROUND(AT39/2,0)*2,IF(AT39>AT$59,4,""))) | AV39: =_xlfn.XLOOKUP($B39,GCES!$B:$B,GCES!$AG:$AG,"",0,1) | AW39: =IF(AV39="","",AW$58*AV39/AV$57) | AX39: =IF(AV39="","",IF(AW39>4,ROUND(AW39/2,0)*2,IF(AW39>AW$59,4,""))) | AY39: =_xlfn.XLOOKUP($B39,GCES!$B:$B,GCES!$AO:$AO,"",0,1) -> 16 | AZ39: =IF(AY39="","",AZ$58*AY39/AY$57) -> 2.9333333 | BA39: =IF(AY39="","",IF(AZ39>4,ROUND(AZ39/2,0)*2,IF(AZ39>AZ$59,4,""))) -> 4 | BB39: =SUM(E39,H39,K39,N39,Q39,T39,W39,Z39,AC39,AF39,AI39,AL39,AO39,AR39,AU39,AX39,BA39) -> 18 | BC39: =_xlfn.XLOOKUP($B39,GCES!$B:$B,GCES!$F:$F,"",0,1) | BD39: =IF(BC39="","",BD$58*BC39/BC$57) | BE39: =IF(BC39="","",IF(BD39>4,ROUND(BD39/2,0)*2,IF(BD39>BD$59,4,""))) | BF39: =_xlfn.XLOOKUP($B39,GCES!$B:$B,GCES!$J:$J,"",0,1) | BG39: =IF(BF39="","",BG$58*BF39/BF$57) | BH39: =IF(BF39="","",IF(BG39>4,ROUND(BG39/2,0)*2,IF(BG39>BG$59,4,""))) | BI39: =_xlfn.XLOOKUP($B39,GCES!$B:$B,GCES!$I:$I,"",0,1) | BJ39: =IF(BI39="","",BJ$58*BI39/BI$57) | BK39: =IF(BI39="","",IF(BJ39>4,ROUND(BJ39/2,0)*2,IF(BJ39>BJ$59,4,""))) | BL39: =_xlfn.XLOOKUP($B39,GCES!$B:$B,GCES!$AN:$AN,"",0,1) | BM39: =IF(BL39="","",BM$58*BL39/BL$57) | BN39: =IF(BL39="","",IF(BM39>4,ROUND(BM39/2,0)*2,IF(BM39>BM$59,4,""))) | BO39: =_xlfn.XLOOKUP($B39,GCES!$B:$B,GCES!$AM:$AM,"",0,1) | BP39: =IF(BO39="","",BP$58*BO39/BO$57) | BQ39: =IF(BO39="","",IF(BP39>4,ROUND(BP39/2,0)*2,IF(BP39>BP$59,4,""))) | BR39: =_xlfn.XLOOKUP($B39,GCES!$B:$B,GCES!$Z:$Z,"",0,1) | BS39: =IF(BR39="","",BS$58*BR39/BR$57) | BT39: =IF(BR39="","",IF(BS39>4,ROUND(BS39/2,0)*2,IF(BS39>BS$59,4,""))) | BU39: =_xlfn.XLOOKUP($B39,GCES!$B:$B,GCES!$Y:$Y,"",0,1) | BV39: =IF(BU39="","",BV$58*BU39/BU$57) | BW39: =IF(BU39="","",IF(BV39>4,ROUND(BV39/2,0)*2,IF(BV39>BV$59,4,""))) | BX39: =_xlfn.XLOOKUP($B39,GCES!$B:$B,GCES!$AC:$AC,"",0,1) | BY39: =IF(BX39="","",BY$58*BX39/BX$57) | BZ39: =IF(BX39="","",IF(BY39>4,ROUND(BY39/2,0)*2,IF(BY39>BY$59,4,""))) | CA39: =_xlfn.XLOOKUP($B39,GCES!$B:$B,GCES!$AB:$AB,"",0,1) | CB39: =IF(CA39="","",CB$58*CA39/CA$57) | CC39: =IF(CA39="","",IF(CB39>4,ROUND(CB39/2,0)*2,IF(CB39>CB$59,4,""))) | CD39: =_xlfn.XLOOKUP($B39,GCES!$B:$B,GCES!$AS:$AS,"",0,1) | CE39: =IF(CD39="","",CE$58*CD39/CD$57) | CF39: =IF(CD39="","",IF(CE39>4,ROUND(CE39/2,0)*2,IF(CE39>CE$59,4,""))) | CG39: =_xlfn.XLOOKUP($B39,GCES!$B:$B,GCES!$AR:$AR,"",0,1) | CH39: =IF(CG39="","",CH$58*CG39/CG$57) | CI39: =IF(CG39="","",IF(CH39>4,ROUND(CH39/2,0)*2,IF(CH39>CH$59,4,""))) | CJ39: =_xlfn.XLOOKUP($B39,GCES!$B:$B,GCES!$N:$N,"",0,1) | CK39: =IF(CJ39="","",CK$58*CJ39/CJ$57) | CL39: =IF(CJ39="","",IF(CK39>4,ROUND(CK39/2,0)*2,IF(CK39>CK$59,4,""))) | CM39: =_xlfn.XLOOKUP($B39,GCES!$B:$B,GCES!$M:$M,"",0,1) | CN39: =IF(CM39="","",CN$58*CM39/CM$57) | CO39: =IF(CM39="","",IF(CN39>4,ROUND(CN39/2,0)*2,IF(CN39>CN$59,4,""))) | CP39: =_xlfn.XLOOKUP($B39,GCES!$B:$B,GCES!$AD:$AD,"",0,1) | CQ39: =IF(CP39="","",CQ$58*CP39/CP$57) | CR39: =IF(CP39="","",IF(CQ39>4,ROUND(CQ39/2,0)*2,IF(CQ39>CQ$59,4,""))) | CS39: =_xlfn.XLOOKUP($B39,GCES!$B:$B,GCES!$AJ:$AJ,"",0,1) | CT39: =IF(CS39="","",CT$58*CS39/CS$57) | CU39: =IF(CS39="","",IF(CT39>4,ROUND(CT39/2,0)*2,IF(CT39>CT$59,4,""))) | CV39: =_xlfn.XLOOKUP($B39,GCES!$B:$B,GCES!$AI:$AI,"",0,1) | CW39: =IF(CV39="","",CW$58*CV39/CV$57) | CX39: =IF(CV39="","",IF(CW39>4,ROUND(CW39/2,0)*2,IF(CW39>CW$59,4,""))) | CY39: =SUM(BE39,BH39,BK39,BN39,BQ39,BT39,BW39,BZ39,CC39,CF39,CI39,CL39,CO39,CR39,CU39,CX39) -> 0 | CZ39: =SUM(BB39,CY39) -> 18
A40: 24 | B40: MADURAI | C40: =_xlfn.XLOOKUP($B40,GCES!$B:$B,GCES!$C:$C,"",0,1) | D40: =IF(C40="","",D$58*C40/C$57) | E40: =IF(C40="","",IF(D40>4,ROUND(D40/2,0)*2,IF(D40>D$59,4,""))) | F40: =_xlfn.XLOOKUP($B40,GCES!$B:$B,GCES!$E:$E,"",0,1) | G40: =IF(F40="","",G$58*F40/F$57) | H40: =IF(F40="","",IF(G40>4,ROUND(G40/2,0)*2,IF(G40>G$59,4,""))) | I40: =_xlfn.XLOOKUP($B40,GCES!$B:$B,GCES!$D:$D,"",0,1) -> 40 | J40: =IF(I40="","",J$58*I40/I$57) -> 3.7788018 | K40: =IF(I40="","",IF(J40>4,ROUND(J40/2,0)*2,IF(J40>J$59,4,""))) -> 4 | L40: =_xlfn.XLOOKUP($B40,GCES!$B:$B,GCES!$H:$H,"",0,1) -> 20 | M40: =IF(L40="","",M$58*L40/L$57) -> 3.8095238 | N40: =IF(L40="","",IF(M40>4,ROUND(M40/2,0)*2,IF(M40>M$59,4,""))) -> 4 | O40: =_xlfn.XLOOKUP($B40,GCES!$B:$B,GCES!$G:$G,"",0,1) | P40: =IF(O40="","",P$58*O40/O$57) | Q40: =IF(O40="","",IF(P40>4,ROUND(P40/2,0)*2,IF(P40>P$59,4,""))) | R40: =_xlfn.XLOOKUP($B40,GCES!$B:$B,GCES!$L:$L,"",0,1) -> 16 | S40: =IF(R40="","",S$58*R40/R$57) -> 7.4482759 | T40: =IF(R40="","",IF(S40>4,ROUND(S40/2,0)*2,IF(S40>S$59,4,""))) -> 8 | U40: =_xlfn.XLOOKUP($B40,GCES!$B:$B,GCES!$K:$K,"",0,1) | V40: =IF(U40="","",V$58*U40/U$57) | W40: =IF(U40="","",IF(V40>4,ROUND(V40/2,0)*2,IF(V40>V$59,4,""))) | X40: =_xlfn.XLOOKUP($B40,GCES!$B:$B,GCES!$S:$S,"",0,1) -> 16 | Y40: =IF(X40="","",Y$58*X40/X$57) -> 5.6470588 | Z40: =IF(X40="","",IF(Y40>4,ROUND(Y40/2,0)*2,IF(Y40>Y$59,4,""))) -> 6 | AA40: =_xlfn.XLOOKUP($B40,GCES!$B:$B,GCES!$R:$R,"",0,1) | AB40: =IF(AA40="","",AB$58*AA40/AA$57) | AC40: =IF(AA40="","",IF(AB40>4,ROUND(AB40/2,0)*2,IF(AB40>AB$59,4,""))) | AD40: =_xlfn.XLOOKUP($B40,GCES!$B:$B,GCES!$AL:$AL,"",0,1) -> 16 | AE40: =IF(AD40="","",AE$58*AD40/AD$57) -> 1.9230769 | AF40: =IF(AD40="","",IF(AE40>4,ROUND(AE40/2,0)*2,IF(AE40>AE$59,4,""))) | AG40: =_xlfn.XLOOKUP($B40,GCES!$B:$B,GCES!$AK:$AK,"",0,1) | AH40: =IF(AG40="","",AH$58*AG40/AG$57) | AI40: =IF(AG40="","",IF(AH40>4,ROUND(AH40/2,0)*2,IF(AH40>AH$59,4,""))) | AJ40: =_xlfn.XLOOKUP($B40,GCES!$B:$B,GCES!$AQ:$AQ,"",0,1) | AK40: =IF(AJ40="","",AK$58*AJ40/AJ$57) | AL40: =IF(AJ40="","",IF(AK40>4,ROUND(AK40/2,0)*2,IF(AK40>AK$59,4,""))) | AM40: =_xlfn.XLOOKUP($B40,GCES!$B:$B,GCES!$AP:$AP,"",0,1) | AN40: =IF(AM40="","",AN$58*AM40/AM$57) | AO40: =IF(AM40="","",IF(AN40>4,ROUND(AN40/2,0)*2,IF(AN40>AN$59,4,""))) | AP40: =_xlfn.XLOOKUP($B40,GCES!$B:$B,GCES!$V:$V,"",0,1) -> 16 | AQ40: =IF(AP40="","",AQ$58*AP40/AP$57) -> 4.4571429 | AR40: =IF(AP40="","",IF(AQ40>4,ROUND(AQ40/2,0)*2,IF(AQ40>AQ$59,4,""))) -> 4 | AS40: =_xlfn.XLOOKUP($B40,GCES!$B:$B,GCES!$AH:$AH,"",0,1) -> 24 | AT40: =IF(AS40="","",AT$58*AS40/AS$57) -> 4.6530612 | AU40: =IF(AS40="","",IF(AT40>4,ROUND(AT40/2,0)*2,IF(AT40>AT$59,4,""))) -> 4 | AV40: =_xlfn.XLOOKUP($B40,GCES!$B:$B,GCES!$AG:$AG,"",0,1) | AW40: =IF(AV40="","",AW$58*AV40/AV$57) | AX40: =IF(AV40="","",IF(AW40>4,ROUND(AW40/2,0)*2,IF(AW40>AW$59,4,""))) | AY40: =_xlfn.XLOOKUP($B40,GCES!$B:$B,GCES!$AO:$AO,"",0,1) -> 16 | AZ40: =IF(AY40="","",AZ$58*AY40/AY$57) -> 2.9333333 | BB40: =SUM(E40,H40,K40,N40,Q40,T40,W40,Z40,AC40,AF40,AI40,AL40,AO40,AR40,AU40,AX40,BA40) -> 30 | BC40: =_xlfn.XLOOKUP($B40,GCES!$B:$B,GCES!$F:$F,"",0,1) -> 16 | BD40: =IF(BC40="","",BD$58*BC40/BC$57) -> 4.1333333 | BE40: =IF(BC40="","",IF(BD40>4,ROUND(BD40/2,0)*2,IF(BD40>BD$59,4,""))) -> 4 | BF40: =_xlfn.XLOOKUP($B40,GCES!$B:$B,GCES!$J:$J,"",0,1) -> 16 | BG40: =IF(BF40="","",BG$58*BF40/BF$57) -> 2.7357513 | BH40: =IF(BF40="","",IF(BG40>4,ROUND(BG40/2,0)*2,IF(BG40>BG$59,4,""))) -> 4 | BI40: =_xlfn.XLOOKUP($B40,GCES!$B:$B,GCES!$I:$I,"",0,1) | BJ40: =IF(BI40="","",BJ$58*BI40/BI$57) | BK40: =IF(BI40="","",IF(BJ40>4,ROUND(BJ40/2,0)*2,IF(BJ40>BJ$59,4,""))) | BL40: =_xlfn.XLOOKUP($B40,GCES!$B:$B,GCES!$AN:$AN,"",0,1) | BM40: =IF(BL40="","",BM$58*BL40/BL$57) | BN40: =IF(BL40="","",IF(BM40>4,ROUND(BM40/2,0)*2,IF(BM40>BM$59,4,""))) | BO40: =_xlfn.XLOOKUP($B40,GCES!$B:$B,GCES!$AM:$AM,"",0,1) | BP40: =IF(BO40="","",BP$58*BO40/BO$57) | BQ40: =IF(BO40="","",IF(BP40>4,ROUND(BP40/2,0)*2,IF(BP40>BP$59,4,""))) | BR40: =_xlfn.XLOOKUP($B40,GCES!$B:$B,GCES!$Z:$Z,"",0,1) | BS40: =IF(BR40="","",BS$58*BR40/BR$57) | BT40: =IF(BR40="","",IF(BS40>4,ROUND(BS40/2,0)*2,IF(BS40>BS$59,4,""))) | BU40: =_xlfn.XLOOKUP($B40,GCES!$B:$B,GCES!$Y:$Y,"",0,1) | BV40: =IF(BU40="","",BV$58*BU40/BU$57) | BW40: =IF(BU40="","",IF(BV40>4,ROUND(BV40/2,0)*2,IF(BV40>BV$59,4,""))) | BX40: =_xlfn.XLOOKUP($B40,GCES!$B:$B,GCES!$AC:$AC,"",0,1) | BY40: =IF(BX40="","",BY$58*BX40/BX$57) | BZ40: =IF(BX40="","",IF(BY40>4,ROUND(BY40/2,0)*2,IF(BY40>BY$59,4,""))) | CA40: =_xlfn.XLOOKUP($B40,GCES!$B:$B,GCES!$AB:$AB,"",0,1) | CB40: =IF(CA40="","",CB$58*CA40/CA$57) | CC40: =IF(CA40="","",IF(CB40>4,ROUND(CB40/2,0)*2,IF(CB40>CB$59,4,""))) | CD40: =_xlfn.XLOOKUP($B40,GCES!$B:$B,GCES!$AS:$AS,"",0,1) | CE40: =IF(CD40="","",CE$58*CD40/CD$57) | CF40: =IF(CD40="","",IF(CE40>4,ROUND(CE40/2,0)*2,IF(CE40>CE$59,4,""))) | CG40: =_xlfn.XLOOKUP($B40,GCES!$B:$B,GCES!$AR:$AR,"",0,1) | CH40: =IF(CG40="","",CH$58*CG40/CG$57) | CI40: =IF(CG40="","",IF(CH40>4,ROUND(CH40/2,0)*2,IF(CH40>CH$59,4,""))) | CJ40: =_xlfn.XLOOKUP($B40,GCES!$B:$B,GCES!$N:$N,"",0,1) -> 16 | CK40: =IF(CJ40="","",CK$58*CJ40/CJ$57) -> 4.244898 | CL40: =IF(CJ40="","",IF(CK40>4,ROUND(CK40/2,0)*2,IF(CK40>CK$59,4,""))) -> 4 | CM40: =_xlfn.XLOOKUP($B40,GCES!$B:$B,GCES!$M:$M,"",0,1) | CN40: =IF(CM40="","",CN$58*CM40/CM$57) | CO40: =IF(CM40="","",IF(CN40>4,ROUND(CN40/2,0)*2,IF(CN40>CN$59,4,""))) | CP40: =_xlfn.XLOOKUP($B40,GCES!$B:$B,GCES!$AD:$AD,"",0,1) | CQ40: =IF(CP40="","",CQ$58*CP40/CP$57) | CR40: =IF(CP40="","",IF(CQ40>4,ROUND(CQ40/2,0)*2,IF(CQ40>CQ$59,4,""))) | CS40: =_xlfn.XLOOKUP($B40,GCES!$B:$B,GCES!$AJ:$AJ,"",0,1) -> 16 | CT40: =IF(CS40="","",CT$58*CS40/CS$57) -> 4 | CU40: =IF(CS40="","",IF(CT40>4,ROUND(CT40/2,0)*2,IF(CT40>CT$59,4,""))) -> 4 | CV40: =_xlfn.XLOOKUP($B40,GCES!$B:$B,GCES!$AI:$AI,"",0,1) -> 16 | CW40: =IF(CV40="","",CW$58*CV40/CV$57) -> 5.12 | CX40: =IF(CV40="","",IF(CW40>4,ROUND(CW40/2,0)*2,IF(CW40>CW$59,4,""))) -> 6 | CY40: =SUM(BE40,BH40,BK40,BN40,BQ40,BT40,BW40,BZ40,CC40,CF40,CI40,CL40,CO40,CR40,CU40,CX40) -> 22 | CZ40: =SUM(BB40,CY40) -> 52
A41: 25 | B41: THENI | C41: =_xlfn.XLOOKUP($B41,GCES!$B:$B,GCES!$C:$C,"",0,1) -> 16 | D41: =IF(C41="","",D$58*C41/C$57) -> 3.5068493 | E41: =IF(C41="","",IF(D41>4,ROUND(D41/2,0)*2,IF(D41>D$59,4,""))) -> 4 | F41: =_xlfn.XLOOKUP($B41,GCES!$B:$B,GCES!$E:$E,"",0,1) | G41: =IF(F41="","",G$58*F41/F$57) | H41: =IF(F41="","",IF(G41>4,ROUND(G41/2,0)*2,IF(G41>G$59,4,""))) | I41: =_xlfn.XLOOKUP($B41,GCES!$B:$B,GCES!$D:$D,"",0,1) -> 16 | J41: =IF(I41="","",J$58*I41/I$57) -> 1.5115207 | K41: =IF(I41="","",IF(J41>4,ROUND(J41/2,0)*2,IF(J41>J$59,4,""))) | L41: =_xlfn.XLOOKUP($B41,GCES!$B:$B,GCES!$H:$H,"",0,1) -> 16 | M41: =IF(L41="","",M$58*L41/L$57) -> 3.047619 | N41: =IF(L41="","",IF(M41>4,ROUND(M41/2,0)*2,IF(M41>M$59,4,""))) -> 4 | O41: =_xlfn.XLOOKUP($B41,GCES!$B:$B,GCES!$G:$G,"",0,1) | P41: =IF(O41="","",P$58*O41/O$57) | Q41: =IF(O41="","",IF(P41>4,ROUND(P41/2,0)*2,IF(P41>P$59,4,""))) | R41: =_xlfn.XLOOKUP($B41,GCES!$B:$B,GCES!$L:$L,"",0,1) | S41: =IF(R41="","",S$58*R41/R$57) | T41: =IF(R41="","",IF(S41>4,ROUND(S41/2,0)*2,IF(S41>S$59,4,""))) | U41: =_xlfn.XLOOKUP($B41,GCES!$B:$B,GCES!$K:$K,"",0,1) | V41: =IF(U41="","",V$58*U41/U$57) | W41: =IF(U41="","",IF(V41>4,ROUND(V41/2,0)*2,IF(V41>V$59,4,""))) | X41: =_xlfn.XLOOKUP($B41,GCES!$B:$B,GCES!$S:$S,"",0,1) | Y41: =IF(X41="","",Y$58*X41/X$57) | Z41: =IF(X41="","",IF(Y41>4,ROUND(Y41/2,0)*2,IF(Y41>Y$59,4,""))) | AA41: =_xlfn.XLOOKUP($B41,GCES!$B:$B,GCES!$R:$R,"",0,1) | AB41: =IF(AA41="","",AB$58*AA41/AA$57) | AC41: =IF(AA41="","",IF(AB41>4,ROUND(AB41/2,0)*2,IF(AB41>AB$59,4,""))) | AD41: =_xlfn.XLOOKUP($B41,GCES!$B:$B,GCES!$AL:$AL,"",0,1) -> 16 | AE41: =IF(AD41="","",AE$58*AD41/AD$57) -> 1.9230769 | AF41: =IF(AD41="","",IF(AE41>4,ROUND(AE41/2,0)*2,IF(AE41>AE$59,4,""))) | AG41: =_xlfn.XLOOKUP($B41,GCES!$B:$B,GCES!$AK:$AK,"",0,1) | AH41: =IF(AG41="","",AH$58*AG41/AG$57) | AI41: =IF(AG41="","",IF(AH41>4,ROUND(AH41/2,0)*2,IF(AH41>AH$59,4,""))) | AJ41: =_xlfn.XLOOKUP($B41,GCES!$B:$B,GCES!$AQ:$AQ,"",0,1) -> 16 | AK41: =IF(AJ41="","",AK$58*AJ41/AJ$57) -> 4.9411765 | AL41: =IF(AJ41="","",IF(AK41>4,ROUND(AK41/2,0)*2,IF(AK41>AK$59,4,""))) -> 4 | AM41: =_xlfn.XLOOKUP($B41,GCES!$B:$B,GCES!$AP:$AP,"",0,1) | AN41: =IF(AM41="","",AN$58*AM41/AM$57) | AO41: =IF(AM41="","",IF(AN41>4,ROUND(AN41/2,0)*2,IF(AN41>AN$59,4,""))) | AP41: =_xlfn.XLOOKUP($B41,GCES!$B:$B,GCES!$V:$V,"",0,1) -> 16 | AQ41: =IF(AP41="","",AQ$58*AP41/AP$57) -> 4.4571429 | AR41: 6 | AS41: =_xlfn.XLOOKUP($B41,GCES!$B:$B,GCES!$AH:$AH,"",0,1) | AT41: =IF(AS41="","",AT$58*AS41/AS$57) | AU41: =IF(AS41="","",IF(AT41>4,ROUND(AT41/2,0)*2,IF(AT41>AT$59,4,""))) | AV41: =_xlfn.XLOOKUP($B41,GCES!$B:$B,GCES!$AG:$AG,"",0,1) -> 16 | AW41: =IF(AV41="","",AW$58*AV41/AV$57) -> 3.7894737 | AX41: =IF(AV41="","",IF(AW41>4,ROUND(AW41/2,0)*2,IF(AW41>AW$59,4,""))) -> 4 | AY41: =_xlfn.XLOOKUP($B41,GCES!$B:$B,GCES!$AO:$AO,"",0,1) -> 16 | AZ41: =IF(AY41="","",AZ$58*AY41/AY$57) -> 2.9333333 | BB41: =SUM(E41,H41,K41,N41,Q41,T41,W41,Z41,AC41,AF41,AI41,AL41,AO41,AR41,AU41,AX41,BA41) -> 22 | BC41: =_xlfn.XLOOKUP($B41,GCES!$B:$B,GCES!$F:$F,"",0,1) | BD41: =IF(BC41="","",BD$58*BC41/BC$57) | BE41: =IF(BC41="","",IF(BD41>4,ROUND(BD41/2,0)*2,IF(BD41>BD$59,4,""))) | BF41: =_xlfn.XLOOKUP($B41,GCES!$B:$B,GCES!$J:$J,"",0,1) -> 16 | BG41: =IF(BF41="","",BG$58*BF41/BF$57) -> 2.7357513 | BH41: =IF(BF41="","",IF(BG41>4,ROUND(BG41/2,0)*2,IF(BG41>BG$59,4,""))) -> 4 | BI41: =_xlfn.XLOOKUP($B41,GCES!$B:$B,GCES!$I:$I,"",0,1) -> 16 | BJ41: =IF(BI41="","",BJ$58*BI41/BI$57) -> 2.8070175 | BK41: =IF(BI41="","",IF(BJ41>4,ROUND(BJ41/2,0)*2,IF(BJ41>BJ$59,4,""))) -> 4 | BL41: =_xlfn.XLOOKUP($B41,GCES!$B:$B,GCES!$AN:$AN,"",0,1) | BM41: =IF(BL41="","",BM$58*BL41/BL$57) | BN41: =IF(BL41="","",IF(BM41>4,ROUND(BM41/2,0)*2,IF(BM41>BM$59,4,""))) | BO41: =_xlfn.XLOOKUP($B41,GCES!$B:$B,GCES!$AM:$AM,"",0,1) | BP41: =IF(BO41="","",BP$58*BO41/BO$57) | BQ41: =IF(BO41="","",IF(BP41>4,ROUND(BP41/2,0)*2,IF(BP41>BP$59,4,""))) | BR41: =_xlfn.XLOOKUP($B41,GCES!$B:$B,GCES!$Z:$Z,"",0,1) | BS41: =IF(BR41="","",BS$58*BR41/BR$57) | BT41: =IF(BR41="","",IF(BS41>4,ROUND(BS41/2,0)*2,IF(BS41>BS$59,4,""))) | BU41: =_xlfn.XLOOKUP($B41,GCES!$B:$B,GCES!$Y:$Y,"",0,1) | BV41: =IF(BU41="","",BV$58*BU41/BU$57) | BW41: =IF(BU41="","",IF(BV41>4,ROUND(BV41/2,0)*2,IF(BV41>BV$59,4,""))) | BX41: =_xlfn.XLOOKUP($B41,GCES!$B:$B,GCES!$AC:$AC,"",0,1) -> 16 | BY41: =IF(BX41="","",BY$58*BX41/BX$57) -> 5.0322581 | BZ41: =IF(BX41="","",IF(BY41>4,ROUND(BY41/2,0)*2,IF(BY41>BY$59,4,""))) -> 6 | CA41: =_xlfn.XLOOKUP($B41,GCES!$B:$B,GCES!$AB:$AB,"",0,1) | CB41: =IF(CA41="","",CB$58*CA41/CA$57) | CC41: =IF(CA41="","",IF(CB41>4,ROUND(CB41/2,0)*2,IF(CB41>CB$59,4,""))) | CD41: =_xlfn.XLOOKUP($B41,GCES!$B:$B,GCES!$AS:$AS,"",0,1) | CE41: =IF(CD41="","",CE$58*CD41/CD$57) | CF41: =IF(CD41="","",IF(CE41>4,ROUND(CE41/2,0)*2,IF(CE41>CE$59,4,""))) | CG41: =_xlfn.XLOOKUP($B41,GCES!$B:$B,GCES!$AR:$AR,"",0,1) | CH41: =IF(CG41="","",CH$58*CG41/CG$57) | CI41: =IF(CG41="","",IF(CH41>4,ROUND(CH41/2,0)*2,IF(CH41>CH$59,4,""))) | CJ41: =_xlfn.XLOOKUP($B41,GCES!$B:$B,GCES!$N:$N,"",0,1) -> 24 | CK41: =IF(CJ41="","",CK$58*CJ41/CJ$57) -> 6.3673469 | CL41: 8 | CM41: =_xlfn.XLOOKUP($B41,GCES!$B:$B,GCES!$M:$M,"",0,1) | CN41: =IF(CM41="","",CN$58*CM41/CM$57) | CO41: =IF(CM41="","",IF(CN41>4,ROUND(CN41/2,0)*2,IF(CN41>CN$59,4,""))) | CP41: =_xlfn.XLOOKUP($B41,GCES!$B:$B,GCES!$AD:$AD,"",0,1) | CQ41: =IF(CP41="","",CQ$58*CP41/CP$57) | CR41: =IF(CP41="","",IF(CQ41>4,ROUND(CQ41/2,0)*2,IF(CQ41>CQ$59,4,""))) | CS41: =_xlfn.XLOOKUP($B41,GCES!$B:$B,GCES!$AJ:$AJ,"",0,1) | CT41: =IF(CS41="","",CT$58*CS41/CS$57) | CU41: =IF(CS41="","",IF(CT41>4,ROUND(CT41/2,0)*2,IF(CT41>CT$59,4,""))) | CV41: =_xlfn.XLOOKUP($B41,GCES!$B:$B,GCES!$AI:$AI,"",0,1) -> 16 | CW41: =IF(CV41="","",CW$58*CV41/CV$57) -> 5.12 | CX41: 4 | CY41: =SUM(BE41,BH41,BK41,BN41,BQ41,BT41,BW41,BZ41,CC41,CF41,CI41,CL41,CO41,CR41,CU41,CX41) -> 26 | CZ41: =SUM(BB41,CY41) -> 48
A42: SRO MADURAI TOTAL | C42: =SUM(C38:C41) -> 16 | D42: =SUM(D38:D41) -> 3.5068493 | E42: =SUM(E38:E41) -> 4 | F42: =SUM(F38:F41) -> 0 | G42: =SUM(G38:G41) -> 0 | H42: =SUM(H38:H41) -> 0 | I42: =SUM(I38:I41) -> 144 | J42: =SUM(J38:J41) -> 13.603687 | ... BA42: =SUM(BA38:BA41) -> 8 | BB42: =SUM(E42,H42,K42,N42,Q42,T42,W42,Z42,AC42,AF42,AI42,AL42,AO42,AR42,AU42,AX42,BA42) -> 82 | BC42: =SUM(BC38:BC41) -> 32 | BD42: =SUM(BD38:BD41) -> 8.2666667 | BE42: =SUM(BE38:BE41) -> 8 | BF42: =SUM(BF38:BF41) -> 124 | BG42: =SUM(BG38:BG41) -> 21.202073 | BH42: =SUM(BH38:BH41) -> 22 | BI42: =SUM(BI38:BI41) -> 32 | BJ42: =SUM(BJ38:BJ41) -> 5.6140351 | ... CX42: =SUM(CX38:CX41) -> 14 | CY42: =SUM(BE42,BH42,BK42,BN42,BQ42,BT42,BW42,BZ42,CC42,CF42,CI42,CL42,CO42,CR42,CU42,CX42) -> 100 | CZ42: =SUM(BB42,CY42) -> 182
