Workbook

Sheet 2.0WP - Cen
A1: CENTRAL WORK PROGRAMME FOR AS2.0 OF TAMIL NADU BASED ON CES PLANNING 2026-27
C2: KHARIF | U2: RABI | AL2: GRAND TOTAL
C3: PAD | D3: PAD-II | F3: JWAR | H3: BJRA | J3: MAIZE | L3: GNUT | N3: GNGL | P3: RGRM | Q3: COTT | S3: SCAN | T3: TOTAL | U3: PAD | V3: JWAR | X3: GNUT | Z3: BGRM | AB3: GGRM | AD3: GNGL | AF3: BJRA | AH3: HGRM | AI3: COTT | AK3: TOTAL
C4: I | U4: III
A5: D_CD | B5: DIST_NM | C5: IR | D5: UI | E5: IR | F5: UI | G5: IR | H5: UI | I5: IR | J5: UI | K5: IR | L5: UI | M5: IR | N5: UI | O5: IR | P5: UI | Q5: UI | R5: IR | U5: IR | V5: UI | W5: IR | X5: UI | Y5: IR | Z5: UI | AA5: IR | AB5: UI | AC5: IR | AD5: UI | AE5: IR | AF5: UI | AG5: IR | AH5: UI | AI5: UI | AJ5: IR
A6: ='[1]2.0WS'!A6 -> 10 | B6: ='[1]2.0WS'!B6 -> ERODE | C6: ='[1]2.0WP'!C6 | D6: ='[1]2.0WP'!D6 | E6: ='[1]2.0WP'!E6 | F6: ='[1]2.0WP'!F6 | G6: ='[1]2.0WP'!G6 | H6: ='[1]2.0WP'!H6 | I6: ='[1]2.0WP'!I6 | J6: ='[1]2.0WP'!J6 -> 6 | ... S6: ='[1]2.0WP'!S6 -> 6 | T6: =SUM(C6:S6) -> 34 | U6: ='[1]2.0WP'!U6 | V6: ='[1]2.0WP'!V6 | W6: ='[1]2.0WP'!W6 | X6: ='[1]2.0WP'!X6 | Y6: ='[1]2.0WP'!Y6 -> 4 | Z6: ='[1]2.0WP'!Z6 | AA6: ='[1]2.0WP'!AA6 | AB6: ='[1]2.0WP'!AB6 | ... AJ6: ='[1]2.0WP'!AJ6 | AK6: =SUM(U6:AJ6) -> 10 | AL6: =SUM(T6,AK6) -> 44
A7: ='[1]2.0WS'!A7 -> 11 | B7: ='[1]2.0WS'!B7 -> THE NILGIRIS | C7: ='[1]2.0WP'!C7 | D7: ='[1]2.0WP'!D7 | E7: ='[1]2.0WP'!E7 | F7: ='[1]2.0WP'!F7 | G7: ='[1]2.0WP'!G7 | H7: ='[1]2.0WP'!H7 | I7: ='[1]2.0WP'!I7 | J7: ='[1]2.0WP'!J7 | ... S7: ='[1]2.0WP'!S7 | T7: =SUM(C7:S7) -> 0 | U7: ='[1]2.0WP'!U7 | V7: ='[1]2.0WP'!V7 | W7: ='[1]2.0WP'!W7 | X7: ='[1]2.0WP'!X7 | Y7: ='[1]2.0WP'!Y7 | Z7: ='[1]2.0WP'!Z7 | AA7: ='[1]2.0WP'!AA7 | AB7: ='[1]2.0WP'!AB7 | ... AJ7: ='[1]2.0WP'!AJ7 | AK7: =SUM(U7:AJ7) -> 0 | AL7: =SUM(T7,AK7) -> 0
A8: ='[1]2.0WS'!A8 -> 12 | B8: ='[1]2.0WS'!B8 -> COIMBATORE | C8: ='[1]2.0WP'!C8 | D8: ='[1]2.0WP'!D8 | E8: ='[1]2.0WP'!E8 | F8: ='[1]2.0WP'!F8 -> 6 | G8: ='[1]2.0WP'!G8 | H8: ='[1]2.0WP'!H8 | I8: ='[1]2.0WP'!I8 | J8: ='[1]2.0WP'!J8 | ... S8: ='[1]2.0WP'!S8 | T8: =SUM(C8:S8) -> 6 | U8: ='[1]2.0WP'!U8 | V8: ='[1]2.0WP'!V8 -> 6 | W8: ='[1]2.0WP'!W8 | X8: ='[1]2.0WP'!X8 | Y8: ='[1]2.0WP'!Y8 | Z8: ='[1]2.0WP'!Z8 | AA8: ='[1]2.0WP'!AA8 | AB8: ='[1]2.0WP'!AB8 | ... AJ8: ='[1]2.0WP'!AJ8 | AK8: =SUM(U8:AJ8) -> 10 | AL8: =SUM(T8,AK8) -> 16
A9: ='[1]2.0WS'!A9 -> 32 | B9: ='[1]2.0WS'!B9 -> TIRUPPUR | C9: ='[1]2.0WP'!C9 | D9: ='[1]2.0WP'!D9 | E9: ='[1]2.0WP'!E9 | F9: ='[1]2.0WP'!F9 | G9: ='[1]2.0WP'!G9 | H9: ='[1]2.0WP'!H9 | I9: ='[1]2.0WP'!I9 | J9: ='[1]2.0WP'!J9 | ... S9: ='[1]2.0WP'!S9 | T9: =SUM(C9:S9) -> 0 | U9: ='[1]2.0WP'!U9 | V9: ='[1]2.0WP'!V9 | W9: ='[1]2.0WP'!W9 | X9: ='[1]2.0WP'!X9 | Y9: ='[1]2.0WP'!Y9 | Z9: ='[1]2.0WP'!Z9 | AA9: ='[1]2.0WP'!AA9 | AB9: ='[1]2.0WP'!AB9 | ... AJ9: ='[1]2.0WP'!AJ9 | AK9: =SUM(U9:AJ9) -> 0 | AL9: =SUM(T9,AK9) -> 0
A10: ='[1]2.0WS'!A10 -> SRO COIMBATORE TOTAL | C10: =SUM(C6:C9) -> 0 | D10: =SUM(D6:D9) -> 0 | E10: =SUM(E6:E9) -> 0 | F10: =SUM(F6:F9) -> 6 | G10: =SUM(G6:G9) -> 0 | H10: =SUM(H6:H9) -> 0 | I10: =SUM(I6:I9) -> 0 | J10: =SUM(J6:J9) -> 6 | ... S10: =SUM(S6:S9) -> 6 | T10: =SUM(C10:S10) -> 40 | U10: =SUM(U6:U9) -> 0 | V10: =SUM(V6:V9) -> 6 | W10: =SUM(W6:W9) -> 0 | X10: =SUM(X6:X9) -> 0 | Y10: =SUM(Y6:Y9) -> 4 | Z10: =SUM(Z6:Z9) -> 0 | AA10: =SUM(AA6:AA9) -> 0 | AB10: =SUM(AB6:AB9) -> 0 | ... AJ10: =SUM(AJ6:AJ9) -> 0 | AK10: =SUM(U10:AJ10) -> 20 | AL10: =SUM(T10,AK10) -> 60
A11: ='[1]2.0WS'!A11 -> 05 | B11: ='[1]2.0WS'!B11 -> DHARMAPURI | C11: ='[1]2.0WP'!C11 | D11: ='[1]2.0WP'!D11 | E11: ='[1]2.0WP'!E11 -> 4 | F11: ='[1]2.0WP'!F11 -> 6 | G11: ='[1]2.0WP'!G11 | H11: ='[1]2.0WP'!H11 | I11: ='[1]2.0WP'!I11 | J11: ='[1]2.0WP'!J11 -> 6 | ... S11: ='[1]2.0WP'!S11 -> 4 | T11: =SUM(C11:S11) -> 56 | U11: ='[1]2.0WP'!U11 -> 4 | V11: ='[1]2.0WP'!V11 | W11: ='[1]2.0WP'!W11 | X11: ='[1]2.0WP'!X11 | Y11: ='[1]2.0WP'!Y11 -> 4 | Z11: ='[1]2.0WP'!Z11 | AA11: ='[1]2.0WP'!AA11 | AB11: ='[1]2.0WP'!AB11 | ... AJ11: ='[1]2.0WP'!AJ11 | AK11: =SUM(U11:AJ11) -> 20 | AL11: =SUM(T11,AK11) -> 76
A12: ='[1]2.0WS'!A12 -> 31 | B12: ='[1]2.0WS'!B12 -> KRISHNAGIRI | C12: ='[1]2.0WP'!C12 -> 4 | D12: ='[1]2.0WP'!D12 | E12: ='[1]2.0WP'!E12 | F12: ='[1]2.0WP'!F12 -> 4 | G12: ='[1]2.0WP'!G12 | H12: ='[1]2.0WP'!H12 | I12: ='[1]2.0WP'!I12 | J12: ='[1]2.0WP'!J12 | ... S12: ='[1]2.0WP'!S12 | T12: =SUM(C12:S12) -> 44 | U12: ='[1]2.0WP'!U12 -> 4 | V12: ='[1]2.0WP'!V12 | W12: ='[1]2.0WP'!W12 | X12: ='[1]2.0WP'!X12 | Y12: ='[1]2.0WP'!Y12 -> 4 | Z12: ='[1]2.0WP'!Z12 | AA12: ='[1]2.0WP'!AA12 | AB12: ='[1]2.0WP'!AB12 | ... AJ12: ='[1]2.0WP'!AJ12 | AK12: =SUM(U12:AJ12) -> 28 | AL12: =SUM(T12,AK12) -> 72
A13: ='[1]2.0WS'!A13 -> 36 | B13: ='[1]2.0WS'!B13 -> TIRUPATHUR | C13: ='[1]2.0WP'!C13 | D13: ='[1]2.0WP'!D13 | E13: ='[1]2.0WP'!E13 | F13: ='[1]2.0WP'!F13 -> 4 | G13: ='[1]2.0WP'!G13 | H13: ='[1]2.0WP'!H13 -> 6 | I13: ='[1]2.0WP'!I13 | J13: ='[1]2.0WP'!J13 | ... S13: ='[1]2.0WP'!S13 | T13: =SUM(C13:S13) -> 28 | U13: ='[1]2.0WP'!U13 | V13: ='[1]2.0WP'!V13 | W13: ='[1]2.0WP'!W13 | X13: ='[1]2.0WP'!X13 | Y13: ='[1]2.0WP'!Y13 | Z13: ='[1]2.0WP'!Z13 | AA13: ='[1]2.0WP'!AA13 | AB13: ='[1]2.0WP'!AB13 | ... AJ13: ='[1]2.0WP'!AJ13 | AK13: =SUM(U13:AJ13) -> 8 | AL13: =SUM(T13,AK13) -> 36
A14: ='[1]2.0WS'!A14 -> SRO DHARMAPURI TOTAL | C14: =SUM(C11:C13) -> 4 | D14: =SUM(D11:D13) -> 0 | E14: =SUM(E11:E13) -> 4 | F14: =SUM(F11:F13) -> 14 | G14: =SUM(G11:G13) -> 0 | H14: =SUM(H11:H13) -> 6 | I14: =SUM(I11:I13) -> 0 | J14: =SUM(J11:J13) -> 6 | ... S14: =SUM(S11:S13) -> 4 | T14: =SUM(C14:S14) -> 128 | U14: =SUM(U11:U13) -> 8 | V14: =SUM(V11:V13) -> 0 | W14: =SUM(W11:W13) -> 0 | X14: =SUM(X11:X13) -> 0 | Y14: =SUM(Y11:Y13) -> 8 | Z14: =SUM(Z11:Z13) -> 0 | AA14: =SUM(AA11:AA13) -> 0 | AB14: =SUM(AB11:AB13) -> 0 | ... AJ14: =SUM(AJ11:AJ13) -> 0 | AK14: =SUM(U14:AJ14) -> 56 | AL14: =SUM(T14,AK14) -> 184
A15: ='[1]2.0WS'!A15 -> 08 | B15: ='[1]2.0WS'!B15 -> SALEM | C15: ='[1]2.0WP'!C15 | D15: ='[1]2.0WP'!D15 | E15: ='[1]2.0WP'!E15 | F15: ='[1]2.0WP'!F15 -> 10 | G15: ='[1]2.0WP'!G15 | H15: ='[1]2.0WP'!H15 | I15: ='[1]2.0WP'!I15 | J15: ='[1]2.0WP'!J15 -> 6 | ... S15: ='[1]2.0WP'!S15 -> 4 | T15: =SUM(C15:S15) -> 62 | U15: ='[1]2.0WP'!U15 -> 4 | V15: ='[1]2.0WP'!V15 -> 4 | W15: ='[1]2.0WP'!W15 -> 6 | X15: ='[1]2.0WP'!X15 | Y15: ='[1]2.0WP'!Y15 -> 4 | Z15: ='[1]2.0WP'!Z15 | AA15: ='[1]2.0WP'!AA15 | AB15: ='[1]2.0WP'!AB15 | ... AJ15: ='[1]2.0WP'!AJ15 -> 6 | AK15: =SUM(U15:AJ15) -> 42 | AL15: =SUM(T15,AK15) -> 104
A16: ='[1]2.0WS'!A16 -> 09 | B16: ='[1]2.0WS'!B16 -> NAMAKKAL | C16: ='[1]2.0WP'!C16 | D16: ='[1]2.0WP'!D16 | E16: ='[1]2.0WP'!E16 -> 4 | F16: ='[1]2.0WP'!F16 -> 14 | G16: ='[1]2.0WP'!G16 -> 0 | H16: ='[1]2.0WP'!H16 | I16: ='[1]2.0WP'!I16 | J16: ='[1]2.0WP'!J16 | ... S16: ='[1]2.0WP'!S16 -> 4 | T16: =SUM(C16:S16) -> 40 | U16: ='[1]2.0WP'!U16 | V16: ='[1]2.0WP'!V16 -> 14 | W16: ='[1]2.0WP'!W16 -> 6 | X16: ='[1]2.0WP'!X16 | Y16: ='[1]2.0WP'!Y16 -> 4 | Z16: ='[1]2.0WP'!Z16 | AA16: ='[1]2.0WP'!AA16 | AB16: ='[1]2.0WP'!AB16 | ... AJ16: ='[1]2.0WP'!AJ16 | AK16: =SUM(U16:AJ16) -> 28 | AL16: =SUM(T16,AK16) -> 68
A17: ='[1]2.0WS'!A17 -> SRO SALEM TOTAL | C17: =SUM(C15:C16) -> 0 | D17: =SUM(D15:D16) -> 0 | E17: =SUM(E15:E16) -> 4 | F17: =SUM(F15:F16) -> 24 | G17: =SUM(G15:G16) -> 0 | H17: =SUM(H15:H16) -> 0 | I17: =SUM(I15:I16) -> 0 | J17: =SUM(J15:J16) -> 6 | ... S17: =SUM(S15:S16) -> 8 | T17: =SUM(C17:S17) -> 102 | U17: =SUM(U15:U16) -> 4 | V17: =SUM(V15:V16) -> 18 | W17: =SUM(W15:W16) -> 12 | X17: =SUM(X15:X16) -> 0 | Y17: =SUM(Y15:Y16) -> 8 | Z17: =SUM(Z15:Z16) -> 0 | AA17: =SUM(AA15:AA16) -> 0 | AB17: =SUM(AB15:AB16) -> 0 | ... AJ17: =SUM(AJ15:AJ16) -> 6 | AK17: =SUM(U17:AJ17) -> 70 | AL17: =SUM(T17,AK17) -> 172
A18: ='[1]2.0WS'!A18 -> 14 | B18: ='[1]2.0WS'!B18 -> KARUR | C18: ='[1]2.0WP'!C18 | D18: ='[1]2.0WP'!D18 | E18: ='[1]2.0WP'!E18 | F18: ='[1]2.0WP'!F18 -> 4 | G18: ='[1]2.0WP'!G18 -> 6 | H18: ='[1]2.0WP'!H18 | I18: ='[1]2.0WP'!I18 | J18: ='[1]2.0WP'!J18 | ... S18: ='[1]2.0WP'!S18 -> 4 | T18: =SUM(C18:S18) -> 26 | U18: ='[1]2.0WP'!U18 | V18: ='[1]2.0WP'!V18 -> 4 | W18: ='[1]2.0WP'!W18 -> 4 | X18: ='[1]2.0WP'!X18 | Y18: ='[1]2.0WP'!Y18 -> 4 | Z18: ='[1]2.0WP'!Z18 | AA18: ='[1]2.0WP'!AA18 | AB18: ='[1]2.0WP'!AB18 | ... AJ18: ='[1]2.0WP'!AJ18 | AK18: =SUM(U18:AJ18) -> 22 | AL18: =SUM(T18,AK18) -> 48
A19: ='[1]2.0WS'!A19 -> 15 | B19: ='[1]2.0WS'!B19 -> TIRUCHIRAPPALLI | C19: ='[1]2.0WP'!C19 | D19: ='[1]2.0WP'!D19 | E19: ='[1]2.0WP'!E19 | F19: ='[1]2.0WP'!F19 | G19: ='[1]2.0WP'!G19 | H19: ='[1]2.0WP'!H19 | I19: ='[1]2.0WP'!I19 | J19: ='[1]2.0WP'!J19 | ... S19: ='[1]2.0WP'!S19 | T19: =SUM(C19:S19) -> 0 | U19: ='[1]2.0WP'!U19 | V19: ='[1]2.0WP'!V19 | W19: ='[1]2.0WP'!W19 | X19: ='[1]2.0WP'!X19 | Y19: ='[1]2.0WP'!Y19 | Z19: ='[1]2.0WP'!Z19 | AA19: ='[1]2.0WP'!AA19 | AB19: ='[1]2.0WP'!AB19 | ... AJ19: ='[1]2.0WP'!AJ19 | AK19: =SUM(U19:AJ19) -> 0 | AL19: =SUM(T19,AK19) -> 0
A20: ='[1]2.0WS'!A20 -> 16 | B20: ='[1]2.0WS'!B20 -> PERAMBALUR | C20: ='[1]2.0WP'!C20 | D20: ='[1]2.0WP'!D20 | E20: ='[1]2.0WP'!E20 | F20: ='[1]2.0WP'!F20 | G20: ='[1]2.0WP'!G20 | H20: ='[1]2.0WP'!H20 | I20: ='[1]2.0WP'!I20 | J20: ='[1]2.0WP'!J20 -> 6 | ... S20: ='[1]2.0WP'!S20 -> 4 | T20: =SUM(C20:S20) -> 26 | U20: ='[1]2.0WP'!U20 | V20: ='[1]2.0WP'!V20 | W20: ='[1]2.0WP'!W20 | X20: ='[1]2.0WP'!X20 | Y20: ='[1]2.0WP'!Y20 -> 4 | Z20: ='[1]2.0WP'!Z20 | AA20: ='[1]2.0WP'!AA20 | AB20: ='[1]2.0WP'!AB20 | ... AJ20: ='[1]2.0WP'!AJ20 | AK20: =SUM(U20:AJ20) -> 4 | AL20: =SUM(T20,AK20) -> 30
A21: ='[1]2.0WS'!A21 -> 17 | B21: ='[1]2.0WS'!B21 -> ARIYALUR | C21: ='[1]2.0WP'!C21 -> 4 | D21: ='[1]2.0WP'!D21 | E21: ='[1]2.0WP'!E21 -> 4 | F21: ='[1]2.0WP'!F21 | G21: ='[1]2.0WP'!G21 | H21: ='[1]2.0WP'!H21 -> 8 | I21: ='[1]2.0WP'!I21 | J21: ='[1]2.0WP'!J21 -> 6 | ... S21: ='[1]2.0WP'!S21 -> 0 | T21: =SUM(C21:S21) -> 40 | U21: ='[1]2.0WP'!U21 | V21: ='[1]2.0WP'!V21 | W21: ='[1]2.0WP'!W21 | X21: ='[1]2.0WP'!X21 | Y21: ='[1]2.0WP'!Y21 -> 4 | Z21: ='[1]2.0WP'!Z21 -> 4 | AA21: ='[1]2.0WP'!AA21 | AB21: ='[1]2.0WP'!AB21 | ... AJ21: ='[1]2.0WP'!AJ21 | AK21: =SUM(U21:AJ21) -> 8 | AL21: =SUM(T21,AK21) -> 48
A22: ='[1]2.0WS'!A22 -> SRO TIRUCHIRAPALLI TOTAL | C22: =SUM(C18:C21) -> 4 | D22: =SUM(D18:D21) -> 0 | E22: =SUM(E18:E21) -> 4 | F22: =SUM(F18:F21) -> 4 | G22: =SUM(G18:G21) -> 6 | H22: =SUM(H18:H21) -> 8 | I22: =SUM(I18:I21) -> 0 | J22: =SUM(J18:J21) -> 12 | ... S22: =SUM(S18:S21) -> 8 | T22: =SUM(C22:S22) -> 92 | U22: =SUM(U18:U21) -> 0 | V22: =SUM(V18:V21) -> 4 | W22: =SUM(W18:W21) -> 4 | X22: =SUM(X18:X21) -> 0 | Y22: =SUM(Y18:Y21) -> 12 | Z22: =SUM(Z18:Z21) -> 4 | AA22: =SUM(AA18:AA21) -> 0 | AB22: =SUM(AB18:AB21) -> 0 | ... AJ22: =SUM(AJ18:AJ21) -> 0 | AK22: =SUM(U22:AJ22) -> 34 | AL22: =SUM(T22,AK22) -> 126
A23: ='[1]2.0WS'!A23 -> RO COIMBATORE TOTAL | C23: =SUM(C22,C17,C14,C10) -> 8 | D23: =SUM(D22,D17,D14,D10) -> 0 | E23: =SUM(E22,E17,E14,E10) -> 12 | F23: =SUM(F22,F17,F14,F10) -> 48 | G23: =SUM(G22,G17,G14,G10) -> 6 | H23: =SUM(H22,H17,H14,H10) -> 14 | I23: =SUM(I22,I17,I14,I10) -> 0 | J23: =SUM(J22,J17,J14,J10) -> 30 | ... S23: =SUM(S22,S17,S14,S10) -> 26 | T23: =SUM(C23:S23) -> 362 | U23: =SUM(U22,U17,U14,U10) -> 12 | V23: =SUM(V22,V17,V14,V10) -> 28 | W23: =SUM(W22,W17,W14,W10) -> 16 | X23: =SUM(X22,X17,X14,X10) -> 0 | Y23: =SUM(Y22,Y17,Y14,Y10) -> 32 | Z23: =SUM(Z22,Z17,Z14,Z10) -> 4 | AA23: =SUM(AA22,AA17,AA14,AA10) -> 0 | AB23: =SUM(AB22,AB17,AB14,AB10) -> 0 | ... AJ23: =SUM(AJ22,AJ17,AJ14,AJ10) -> 6 | AK23: =SUM(U23:AJ23) -> 180 | AL23: =SUM(T23,AK23) -> 542
A24: ='[1]2.0WS'!A24 -> 01 | B24: ='[1]2.0WS'!B24 -> THIRUVALLUR | C24: ='[1]2.0WP'!C24 -> 8 | D24: ='[1]2.0WP'!D24 | E24: ='[1]2.0WP'!E24 -> 6 | F24: ='[1]2.0WP'!F24 | G24: ='[1]2.0WP'!G24 | H24: ='[1]2.0WP'!H24 | I24: ='[1]2.0WP'!I24 | J24: ='[1]2.0WP'!J24 | ... S24: ='[1]2.0WP'!S24 -> 4 | T24: =SUM(C24:S24) -> 18 | U24: ='[1]2.0WP'!U24 -> 6 | V24: ='[1]2.0WP'!V24 | W24: ='[1]2.0WP'!W24 | X24: ='[1]2.0WP'!X24 | Y24: ='[1]2.0WP'!Y24 -> 4 | Z24: ='[1]2.0WP'!Z24 | AA24: ='[1]2.0WP'!AA24 | AB24: ='[1]2.0WP'!AB24 | ... AJ24: ='[1]2.0WP'!AJ24 | AK24: =SUM(U24:AJ24) -> 18 | AL24: =SUM(T24,AK24) -> 36
A25: ='[1]2.0WS'!A25 -> 03 | B25: ='[1]2.0WS'!B25 -> KANCHEEPURAM | C25: ='[1]2.0WP'!C25 -> 4 | D25: ='[1]2.0WP'!D25 | E25: ='[1]2.0WP'!E25 -> 4 | F25: ='[1]2.0WP'!F25 | G25: ='[1]2.0WP'!G25 | H25: ='[1]2.0WP'!H25 | I25: ='[1]2.0WP'!I25 | J25: ='[1]2.0WP'!J25 | ... S25: ='[1]2.0WP'!S25 | T25: =SUM(C25:S25) -> 12 | U25: ='[1]2.0WP'!U25 | V25: ='[1]2.0WP'!V25 | W25: ='[1]2.0WP'!W25 | X25: ='[1]2.0WP'!X25 | Y25: ='[1]2.0WP'!Y25 | Z25: ='[1]2.0WP'!Z25 | AA25: ='[1]2.0WP'!AA25 | AB25: ='[1]2.0WP'!AB25 | ... AJ25: ='[1]2.0WP'!AJ25 | AK25: =SUM(U25:AJ25) -> 0 | AL25: =SUM(T25,AK25) -> 12
A26: ='[1]2.0WS'!A26 -> 33 | B26: ='[1]2.0WS'!B26 -> CHENGALPATTU | C26: ='[1]2.0WP'!C26 -> 4 | D26: ='[1]2.0WP'!D26 | E26: ='[1]2.0WP'!E26 -> 4 | F26: ='[1]2.0WP'!F26 | G26: ='[1]2.0WP'!G26 | H26: ='[1]2.0WP'!H26 | I26: ='[1]2.0WP'!I26 | J26: ='[1]2.0WP'!J26 | ... S26: ='[1]2.0WP'!S26 -> 4 | T26: =SUM(C26:S26) -> 16 | U26: ='[1]2.0WP'!U26 -> 4 | V26: ='[1]2.0WP'!V26 | W26: ='[1]2.0WP'!W26 | X26: ='[1]2.0WP'!X26 | Y26: ='[1]2.0WP'!Y26 -> 4 | Z26: ='[1]2.0WP'!Z26 | AA26: ='[1]2.0WP'!AA26 | AB26: ='[1]2.0WP'!AB26 | ... AJ26: ='[1]2.0WP'!AJ26 | AK26: =SUM(U26:AJ26) -> 8 | AL26: =SUM(T26,AK26) -> 24
A27: ='[1]2.0WS'!A27 -> SRO CHENNAI TOTAL | C27: =SUM(C24:C26) -> 16 | D27: =SUM(D24:D26) -> 0 | E27: =SUM(E24:E26) -> 14 | F27: =SUM(F24:F26) -> 0 | G27: =SUM(G24:G26) -> 0 | H27: =SUM(H24:H26) -> 0 | I27: =SUM(I24:I26) -> 0 | J27: =SUM(J24:J26) -> 0 | ... S27: =SUM(S24:S26) -> 8 | T27: =SUM(C27:S27) -> 46 | U27: =SUM(U24:U26) -> 10 | V27: =SUM(V24:V26) -> 0 | W27: =SUM(W24:W26) -> 0 | X27: =SUM(X24:X26) -> 0 | Y27: =SUM(Y24:Y26) -> 8 | Z27: =SUM(Z24:Z26) -> 0 | AA27: =SUM(AA24:AA26) -> 0 | AB27: =SUM(AB24:AB26) -> 0 | ... AJ27: =SUM(AJ24:AJ26) -> 0 | AK27: =SUM(U27:AJ27) -> 26 | AL27: =SUM(T27,AK27) -> 72
A28: ='[1]2.0WS'!A28 -> 07 | B28: ='[1]2.0WS'!B28 -> VILUPPURAM | C28: ='[1]2.0WP'!C28 | D28: ='[1]2.0WP'!D28 | E28: ='[1]2.0WP'!E28 | F28: ='[1]2.0WP'!F28 | G28: ='[1]2.0WP'!G28 | H28: ='[1]2.0WP'!H28 | I28: ='[1]2.0WP'!I28 | J28: ='[1]2.0WP'!J28 | ... S28: ='[1]2.0WP'!S28 | T28: =SUM(C28:S28) -> 0 | U28: ='[1]2.0WP'!U28 | V28: ='[1]2.0WP'!V28 | W28: ='[1]2.0WP'!W28 | X28: ='[1]2.0WP'!X28 | Y28: ='[1]2.0WP'!Y28 | Z28: ='[1]2.0WP'!Z28 | AA28: ='[1]2.0WP'!AA28 | AB28: ='[1]2.0WP'!AB28 | ... AJ28: ='[1]2.0WP'!AJ28 | AK28: =SUM(U28:AJ28) -> 0 | AL28: =SUM(T28,AK28) -> 0
A29: ='[1]2.0WS'!A29 -> 18 | B29: ='[1]2.0WS'!B29 -> CUDDALORE | C29: ='[1]2.0WP'!C29 -> 8 | D29: ='[1]2.0WP'!D29 | E29: ='[1]2.0WP'!E29 -> 8 | F29: ='[1]2.0WP'!F29 | G29: ='[1]2.0WP'!G29 | H29: ='[1]2.0WP'!H29 -> 8 | I29: ='[1]2.0WP'!I29 -> 12 | J29: ='[1]2.0WP'!J29 -> 6 | ... S29: ='[1]2.0WP'!S29 -> 6 | T29: =SUM(C29:S29) -> 64 | U29: ='[1]2.0WP'!U29 -> 4 | V29: ='[1]2.0WP'!V29 | W29: ='[1]2.0WP'!W29 | X29: ='[1]2.0WP'!X29 | Y29: ='[1]2.0WP'!Y29 -> 4 | Z29: ='[1]2.0WP'!Z29 -> 8 | AA29: ='[1]2.0WP'!AA29 | AB29: ='[1]2.0WP'!AB29 -> 6 | ... AJ29: ='[1]2.0WP'!AJ29 | AK29: =SUM(U29:AJ29) -> 28 | AL29: =SUM(T29,AK29) -> 92
A30: ='[1]2.0WS'!A30 -> 34 | B30: ='[1]2.0WS'!B30 -> KALLAKURICHI | C30: ='[1]2.0WP'!C30 -> 4 | D30: ='[1]2.0WP'!D30 | E30: ='[1]2.0WP'!E30 -> 4 | F30: ='[1]2.0WP'!F30 | G30: ='[1]2.0WP'!G30 | H30: ='[1]2.0WP'!H30 -> 24 | I30: ='[1]2.0WP'!I30 | J30: ='[1]2.0WP'!J30 | ... S30: ='[1]2.0WP'!S30 -> 6 | T30: =SUM(C30:S30) -> 54 | U30: ='[1]2.0WP'!U30 -> 4 | V30: ='[1]2.0WP'!V30 | W30: ='[1]2.0WP'!W30 | X30: ='[1]2.0WP'!X30 | Y30: ='[1]2.0WP'!Y30 | Z30: ='[1]2.0WP'!Z30 -> 6 | AA30: ='[1]2.0WP'!AA30 | AB30: ='[1]2.0WP'!AB30 | ... AJ30: ='[1]2.0WP'!AJ30 | AK30: =SUM(U30:AJ30) -> 18 | AL30: =SUM(T30,AK30) -> 72
A31: ='[1]2.0WS'!A31 -> 38 | B31: ='[1]2.0WS'!B31 -> MAYILADUTHURAI | C31: ='[1]2.0WP'!C31 | D31: ='[1]2.0WP'!D31 | E31: ='[1]2.0WP'!E31 | F31: ='[1]2.0WP'!F31 | G31: ='[1]2.0WP'!G31 | H31: ='[1]2.0WP'!H31 | I31: ='[1]2.0WP'!I31 | J31: ='[1]2.0WP'!J31 | ... S31: ='[1]2.0WP'!S31 | T31: =SUM(C31:S31) -> 0 | U31: ='[1]2.0WP'!U31 | V31: ='[1]2.0WP'!V31 | W31: ='[1]2.0WP'!W31 | X31: ='[1]2.0WP'!X31 | Y31: ='[1]2.0WP'!Y31 | Z31: ='[1]2.0WP'!Z31 | AA31: ='[1]2.0WP'!AA31 | AB31: ='[1]2.0WP'!AB31 | ... AJ31: ='[1]2.0WP'!AJ31 | AK31: =SUM(U31:AJ31) -> 0 | AL31: =SUM(T31,AK31) -> 0
A32: ='[1]2.0WS'!A32 -> SRO CUDDALORE TOTAL | C32: =SUM(C28:C31) -> 12 | D32: =SUM(D28:D31) -> 0 | E32: =SUM(E28:E31) -> 12 | F32: =SUM(F28:F31) -> 0 | G32: =SUM(G28:G31) -> 0 | H32: =SUM(H28:H31) -> 32 | I32: =SUM(I28:I31) -> 12 | J32: =SUM(J28:J31) -> 6 | ... S32: =SUM(S28:S31) -> 12 | T32: =SUM(C32:S32) -> 118 | U32: =SUM(U28:U31) -> 8 | V32: =SUM(V28:V31) -> 0 | W32: =SUM(W28:W31) -> 0 | X32: =SUM(X28:X31) -> 0 | Y32: =SUM(Y28:Y31) -> 4 | Z32: =SUM(Z28:Z31) -> 14 | AA32: =SUM(AA28:AA31) -> 0 | AB32: =SUM(AB28:AB31) -> 6 | ... AJ32: =SUM(AJ28:AJ31) -> 0 | AK32: =SUM(U32:AJ32) -> 46 | AL32: =SUM(T32,AK32) -> 164
A33: ='[1]2.0WS'!A33 -> 04 | B33: ='[1]2.0WS'!B33 -> VELLORE | C33: ='[1]2.0WP'!C33 | D33: ='[1]2.0WP'!D33 | E33: ='[1]2.0WP'!E33 | F33: ='[1]2.0WP'!F33 | G33: ='[1]2.0WP'!G33 | H33: ='[1]2.0WP'!H33 | I33: ='[1]2.0WP'!I33 | J33: ='[1]2.0WP'!J33 | ... S33: ='[1]2.0WP'!S33 | T33: =SUM(C33:S33) -> 14 | U33: ='[1]2.0WP'!U33 | V33: ='[1]2.0WP'!V33 | W33: ='[1]2.0WP'!W33 | X33: ='[1]2.0WP'!X33 | Y33: ='[1]2.0WP'!Y33 | Z33: ='[1]2.0WP'!Z33 | AA33: ='[1]2.0WP'!AA33 | AB33: ='[1]2.0WP'!AB33 | ... AJ33: ='[1]2.0WP'!AJ33 | AK33: =SUM(U33:AJ33) -> 4 | AL33: =SUM(T33,AK33) -> 18
A34: ='[1]2.0WS'!A34 -> 06 | B34: ='[1]2.0WS'!B34 -> TIRUVANNAMALAI | C34: ='[1]2.0WP'!C34 | D34: ='[1]2.0WP'!D34 | E34: ='[1]2.0WP'!E34 | F34: ='[1]2.0WP'!F34 | G34: ='[1]2.0WP'!G34 | H34: ='[1]2.0WP'!H34 | I34: ='[1]2.0WP'!I34 | J34: ='[1]2.0WP'!J34 | ... S34: ='[1]2.0WP'!S34 | T34: =SUM(C34:S34) -> 0 | U34: ='[1]2.0WP'!U34 | V34: ='[1]2.0WP'!V34 | W34: ='[1]2.0WP'!W34 | X34: ='[1]2.0WP'!X34 | Y34: ='[1]2.0WP'!Y34 | Z34: ='[1]2.0WP'!Z34 | AA34: ='[1]2.0WP'!AA34 | AB34: ='[1]2.0WP'!AB34 | ... AJ34: ='[1]2.0WP'!AJ34 | AK34: =SUM(U34:AJ34) -> 0 | AL34: =SUM(T34,AK34) -> 0
A35: ='[1]2.0WS'!A35 -> 35 | B35: ='[1]2.0WS'!B35 -> RANIPET | C35: ='[1]2.0WP'!C35 -> 4 | D35: ='[1]2.0WP'!D35 | E35: ='[1]2.0WP'!E35 | F35: ='[1]2.0WP'!F35 | G35: ='[1]2.0WP'!G35 | H35: ='[1]2.0WP'!H35 | I35: ='[1]2.0WP'!I35 | J35: ='[1]2.0WP'!J35 | ... S35: ='[1]2.0WP'!S35 | T35: =SUM(C35:S35) -> 8 | U35: ='[1]2.0WP'!U35 -> 4 | V35: ='[1]2.0WP'!V35 | W35: ='[1]2.0WP'!W35 | X35: ='[1]2.0WP'!X35 | Y35: ='[1]2.0WP'!Y35 -> 4 | Z35: ='[1]2.0WP'!Z35 | AA35: ='[1]2.0WP'!AA35 | AB35: ='[1]2.0WP'!AB35 | ... AJ35: ='[1]2.0WP'!AJ35 | AK35: =SUM(U35:AJ35) -> 8 | AL35: =SUM(T35,AK35) -> 16
A36: ='[1]2.0WS'!A36 -> SRO VELLORE TOTAL | C36: =SUM(C33:C35) -> 4 | D36: =SUM(D33:D35) -> 0 | E36: =SUM(E33:E35) -> 0 | F36: =SUM(F33:F35) -> 0 | G36: =SUM(G33:G35) -> 0 | H36: =SUM(H33:H35) -> 0 | I36: =SUM(I33:I35) -> 0 | J36: =SUM(J33:J35) -> 0 | ... S36: =SUM(S33:S35) -> 0 | T36: =SUM(C36:S36) -> 22 | U36: =SUM(U33:U35) -> 4 | V36: =SUM(V33:V35) -> 0 | W36: =SUM(W33:W35) -> 0 | X36: =SUM(X33:X35) -> 0 | Y36: =SUM(Y33:Y35) -> 4 | Z36: =SUM(Z33:Z35) -> 0 | AA36: =SUM(AA33:AA35) -> 0 | AB36: =SUM(AB33:AB35) -> 0 | ... AJ36: =SUM(AJ33:AJ35) -> 0 | AK36: =SUM(U36:AJ36) -> 12 | AL36: =SUM(T36,AK36) -> 34
A37: ='[1]2.0WS'!A37 -> RO CHENNAI TOTAL | C37: =SUM(C36,C32,C27) -> 32 | D37: =SUM(D36,D32,D27) -> 0 | E37: =SUM(E36,E32,E27) -> 26 | F37: =SUM(F36,F32,F27) -> 0 | G37: =SUM(G36,G32,G27) -> 0 | H37: =SUM(H36,H32,H27) -> 32 | I37: =SUM(I36,I32,I27) -> 12 | J37: =SUM(J36,J32,J27) -> 6 | ... S37: =SUM(S36,S32,S27) -> 20 | T37: =SUM(C37:S37) -> 186 | U37: =SUM(U36,U32,U27) -> 22 | V37: =SUM(V36,V32,V27) -> 0 | W37: =SUM(W36,W32,W27) -> 0 | X37: =SUM(X36,X32,X27) -> 0 | Y37: =SUM(Y36,Y32,Y27) -> 16 | Z37: =SUM(Z36,Z32,Z27) -> 14 | AA37: =SUM(AA36,AA32,AA27) -> 0 | AB37: =SUM(AB36,AB32,AB27) -> 6 | ... AJ37: =SUM(AJ36,AJ32,AJ27) -> 0 | AK37: =SUM(U37:AJ37) -> 84 | AL37: =SUM(T37,AK37) -> 270
A38: ='[1]2.0WS'!A38 -> 13 | B38: ='[1]2.0WS'!B38 -> DINDIGUL | C38: ='[1]2.0WP'!C38 | D38: ='[1]2.0WP'!D38 | E38: ='[1]2.0WP'!E38 | F38: ='[1]2.0WP'!F38 -> 4 | G38: ='[1]2.0WP'!G38 | H38: ='[1]2.0WP'!H38 | I38: ='[1]2.0WP'!I38 | J38: ='[1]2.0WP'!J38 | ... S38: ='[1]2.0WP'!S38 -> 4 | T38: =SUM(C38:S38) -> 12 | U38: ='[1]2.0WP'!U38 -> 4 | V38: ='[1]2.0WP'!V38 -> 14 | W38: ='[1]2.0WP'!W38 -> 0 | X38: ='[1]2.0WP'!X38 -> 4 | Y38: ='[1]2.0WP'!Y38 -> 4 | Z38: ='[1]2.0WP'!Z38 -> 4 | AA38: ='[1]2.0WP'!AA38 | AB38: ='[1]2.0WP'!AB38 -> 6 | ... AJ38: ='[1]2.0WP'!AJ38 -> 4 | AK38: =SUM(U38:AJ38) -> 52 | AL38: =SUM(T38,AK38) -> 64
A39: ='[1]2.0WS'!A39 -> 23 | B39: ='[1]2.0WS'!B39 -> SIVAGANGAI | C39: ='[1]2.0WP'!C39 | D39: ='[1]2.0WP'!D39 | E39: ='[1]2.0WP'!E39 -> 8 | F39: ='[1]2.0WP'!F39 | G39: ='[1]2.0WP'!G39 | H39: ='[1]2.0WP'!H39 | I39: ='[1]2.0WP'!I39 | J39: ='[1]2.0WP'!J39 | ... S39: ='[1]2.0WP'!S39 -> 4 | T39: =SUM(C39:S39) -> 18 | U39: ='[1]2.0WP'!U39 | V39: ='[1]2.0WP'!V39 | W39: ='[1]2.0WP'!W39 | X39: ='[1]2.0WP'!X39 | Y39: ='[1]2.0WP'!Y39 | Z39: ='[1]2.0WP'!Z39 | AA39: ='[1]2.0WP'!AA39 | AB39: ='[1]2.0WP'!AB39 | ... AJ39: ='[1]2.0WP'!AJ39 | AK39: =SUM(U39:AJ39) -> 0 | AL39: =SUM(T39,AK39) -> 18
A40: ='[1]2.0WS'!A40 -> 24 | B40: ='[1]2.0WS'!B40 -> MADURAI | C40: ='[1]2.0WP'!C40 | D40: ='[1]2.0WP'!D40 | E40: ='[1]2.0WP'!E40 -> 4 | F40: ='[1]2.0WP'!F40 -> 4 | G40: ='[1]2.0WP'!G40 | H40: ='[1]2.0WP'!H40 -> 8 | I40: ='[1]2.0WP'!I40 | J40: ='[1]2.0WP'!J40 -> 6 | ... S40: ='[1]2.0WP'!S40 -> 0 | T40: =SUM(C40:S40) -> 30 | U40: ='[1]2.0WP'!U40 -> 4 | V40: ='[1]2.0WP'!V40 -> 4 | W40: ='[1]2.0WP'!W40 | X40: ='[1]2.0WP'!X40 | Y40: ='[1]2.0WP'!Y40 | Z40: ='[1]2.0WP'!Z40 | AA40: ='[1]2.0WP'!AA40 | AB40: ='[1]2.0WP'!AB40 | ... AJ40: ='[1]2.0WP'!AJ40 -> 6 | AK40: =SUM(U40:AJ40) -> 22 | AL40: =SUM(T40,AK40) -> 52
A41: ='[1]2.0WS'!A41 -> 25 | B41: ='[1]2.0WS'!B41 -> THENI | C41: ='[1]2.0WP'!C41 -> 4 | D41: ='[1]2.0WP'!D41 | E41: ='[1]2.0WP'!E41 | F41: ='[1]2.0WP'!F41 -> 4 | G41: ='[1]2.0WP'!G41 | H41: ='[1]2.0WP'!H41 | I41: ='[1]2.0WP'!I41 | J41: ='[1]2.0WP'!J41 | ... S41: ='[1]2.0WP'!S41 -> 0 | T41: =SUM(C41:S41) -> 22 | U41: ='[1]2.0WP'!U41 | V41: ='[1]2.0WP'!V41 -> 4 | W41: ='[1]2.0WP'!W41 -> 4 | X41: ='[1]2.0WP'!X41 | Y41: ='[1]2.0WP'!Y41 | Z41: ='[1]2.0WP'!Z41 | AA41: ='[1]2.0WP'!AA41 | AB41: ='[1]2.0WP'!AB41 -> 6 | ... AJ41: ='[1]2.0WP'!AJ41 -> 4 | AK41: =SUM(U41:AJ41) -> 26 | AL41: =SUM(T41,AK41) -> 48
A42: ='[1]2.0WS'!A42 -> SRO MADURAI TOTAL | C42: =SUM(C38:C41) -> 4 | D42: =SUM(D38:D41) -> 0 | E42: =SUM(E38:E41) -> 12 | F42: =SUM(F38:F41) -> 12 | G42: =SUM(G38:G41) -> 0 | H42: =SUM(H38:H41) -> 8 | I42: =SUM(I38:I41) -> 0 | J42: =SUM(J38:J41) -> 6 | ... S42: =SUM(S38:S41) -> 8 | T42: =SUM(C42:S42) -> 82 | U42: =SUM(U38:U41) -> 8 | V42: =SUM(V38:V41) -> 22 | W42: =SUM(W38:W41) -> 4 | X42: =SUM(X38:X41) -> 4 | Y42: =SUM(Y38:Y41) -> 4 | Z42: =SUM(Z38:Z41) -> 4 | AA42: =SUM(AA38:AA41) -> 0 | AB42: =SUM(AB38:AB41) -> 12 | ... AJ42: =SUM(AJ38:AJ41) -> 14 | AK42: =SUM(U42:AJ42) -> 100 | AL42: =SUM(T42,AK42) -> 182
A43: ='[1]2.0WS'!A43 -> 19 | B43: ='[1]2.0WS'!B43 -> NAGAPATTINAM | C43: ='[1]2.0WP'!C43 | D43: ='[1]2.0WP'!D43 | E43: ='[1]2.0WP'!E43 -> 4 | F43: ='[1]2.0WP'!F43 | G43: ='[1]2.0WP'!G43 | H43: ='[1]2.0WP'!H43 | I43: ='[1]2.0WP'!I43 | J43: ='[1]2.0WP'!J43 | ... S43: ='[1]2.0WP'!S43 | T43: =SUM(C43:S43) -> 4 | U43: ='[1]2.0WP'!U43 | V43: ='[1]2.0WP'!V43 | W43: ='[1]2.0WP'!W43 | X43: ='[1]2.0WP'!X43 | Y43: ='[1]2.0WP'!Y43 | Z43: ='[1]2.0WP'!Z43 -> 4 | AA43: ='[1]2.0WP'!AA43 | AB43: ='[1]2.0WP'!AB43 -> 8 | ... AJ43: ='[1]2.0WP'!AJ43 | AK43: =SUM(U43:AJ43) -> 12 | AL43: =SUM(T43,AK43) -> 16
A44: ='[1]2.0WS'!A44 -> 20 | B44: ='[1]2.0WS'!B44 -> THIRUVARUR | C44: ='[1]2.0WP'!C44 -> 8 | D44: ='[1]2.0WP'!D44 | E44: ='[1]2.0WP'!E44 -> 10 | F44: ='[1]2.0WP'!F44 | G44: ='[1]2.0WP'!G44 | H44: ='[1]2.0WP'!H44 | I44: ='[1]2.0WP'!I44 | J44: ='[1]2.0WP'!J44 | ... S44: ='[1]2.0WP'!S44 | T44: =SUM(C44:S44) -> 18 | U44: ='[1]2.0WP'!U44 -> 4 | V44: ='[1]2.0WP'!V44 | W44: ='[1]2.0WP'!W44 | X44: ='[1]2.0WP'!X44 | Y44: ='[1]2.0WP'!Y44 -> 4 | Z44: ='[1]2.0WP'!Z44 -> 10 | AA44: ='[1]2.0WP'!AA44 -> 14 | AB44: ='[1]2.0WP'!AB44 -> 20 | ... AJ44: ='[1]2.0WP'!AJ44 -> 6 | AK44: =SUM(U44:AJ44) -> 64 | AL44: =SUM(T44,AK44) -> 82
A45: ='[1]2.0WS'!A45 -> 21 | B45: ='[1]2.0WS'!B45 -> THANJAVUR | C45: ='[1]2.0WP'!C45 -> 8 | D45: ='[1]2.0WP'!D45 | E45: ='[1]2.0WP'!E45 -> 10 | F45: ='[1]2.0WP'!F45 | G45: ='[1]2.0WP'!G45 | H45: ='[1]2.0WP'!H45 | I45: ='[1]2.0WP'!I45 | J45: ='[1]2.0WP'!J45 | ... S45: ='[1]2.0WP'!S45 -> 4 | T45: =SUM(C45:S45) -> 30 | U45: ='[1]2.0WP'!U45 -> 4 | V45: ='[1]2.0WP'!V45 | W45: ='[1]2.0WP'!W45 | X45: ='[1]2.0WP'!X45 | Y45: ='[1]2.0WP'!Y45 -> 4 | Z45: ='[1]2.0WP'!Z45 -> 4 | AA45: ='[1]2.0WP'!AA45 | AB45: ='[1]2.0WP'!AB45 -> 6 | ... AJ45: ='[1]2.0WP'!AJ45 | AK45: =SUM(U45:AJ45) -> 34 | AL45: =SUM(T45,AK45) -> 64
A46: ='[1]2.0WS'!A46 -> 22 | B46: ='[1]2.0WS'!B46 -> PUDUKKOTTAI | C46: ='[1]2.0WP'!C46 | D46: ='[1]2.0WP'!D46 | E46: ='[1]2.0WP'!E46 | F46: ='[1]2.0WP'!F46 | G46: ='[1]2.0WP'!G46 | H46: ='[1]2.0WP'!H46 | I46: ='[1]2.0WP'!I46 | J46: ='[1]2.0WP'!J46 | ... S46: ='[1]2.0WP'!S46 | T46: =SUM(C46:S46) -> 0 | U46: ='[1]2.0WP'!U46 | V46: ='[1]2.0WP'!V46 | W46: ='[1]2.0WP'!W46 | X46: ='[1]2.0WP'!X46 | Y46: ='[1]2.0WP'!Y46 | Z46: ='[1]2.0WP'!Z46 | AA46: ='[1]2.0WP'!AA46 | AB46: ='[1]2.0WP'!AB46 | ... AJ46: ='[1]2.0WP'!AJ46 | AK46: =SUM(U46:AJ46) -> 0 | AL46: =SUM(T46,AK46) -> 0
A47: ='[1]2.0WS'!A47 -> SRO THANJAVUR TOTAL | C47: =SUM(C43:C46) -> 16 | D47: =SUM(D43:D46) -> 0 | E47: =SUM(E43:E46) -> 24 | F47: =SUM(F43:F46) -> 0 | G47: =SUM(G43:G46) -> 0 | H47: =SUM(H43:H46) -> 0 | I47: =SUM(I43:I46) -> 0 | J47: =SUM(J43:J46) -> 0 | ... S47: =SUM(S43:S46) -> 4 | T47: =SUM(C47:S47) -> 52 | U47: =SUM(U43:U46) -> 8 | V47: =SUM(V43:V46) -> 0 | W47: =SUM(W43:W46) -> 0 | X47: =SUM(X43:X46) -> 0 | Y47: =SUM(Y43:Y46) -> 8 | Z47: =SUM(Z43:Z46) -> 18 | AA47: =SUM(AA43:AA46) -> 14 | AB47: =SUM(AB43:AB46) -> 34 | ... AJ47: =SUM(AJ43:AJ46) -> 6 | AK47: =SUM(U47:AJ47) -> 110 | AL47: =SUM(T47,AK47) -> 162
A48: ='[1]2.0WS'!A48 -> 28 | B48: ='[1]2.0WS'!B48 -> THOOTHUKUDI | C48: ='[1]2.0WP'!C48 | D48: ='[1]2.0WP'!D48 | E48: ='[1]2.0WP'!E48 | F48: ='[1]2.0WP'!F48 | G48: ='[1]2.0WP'!G48 | H48: ='[1]2.0WP'!H48 | I48: ='[1]2.0WP'!I48 | J48: ='[1]2.0WP'!J48 | ... S48: ='[1]2.0WP'!S48 | T48: =SUM(C48:S48) -> 0 | U48: ='[1]2.0WP'!U48 -> 4 | V48: ='[1]2.0WP'!V48 -> 6 | W48: ='[1]2.0WP'!W48 | X48: ='[1]2.0WP'!X48 | Y48: ='[1]2.0WP'!Y48 | Z48: ='[1]2.0WP'!Z48 -> 8 | AA48: ='[1]2.0WP'!AA48 | AB48: ='[1]2.0WP'!AB48 -> 16 | ... AJ48: ='[1]2.0WP'!AJ48 | AK48: =SUM(U48:AJ48) -> 56 | AL48: =SUM(T48,AK48) -> 56
A49: ='[1]2.0WS'!A49 -> 29 | B49: ='[1]2.0WS'!B49 -> TIRUNELVELI | C49: ='[1]2.0WP'!C49 | D49: ='[1]2.0WP'!D49 | E49: ='[1]2.0WP'!E49 -> 4 | F49: ='[1]2.0WP'!F49 | G49: ='[1]2.0WP'!G49 | H49: ='[1]2.0WP'!H49 | I49: ='[1]2.0WP'!I49 | J49: ='[1]2.0WP'!J49 | ... S49: ='[1]2.0WP'!S49 | T49: =SUM(C49:S49) -> 4 | U49: ='[1]2.0WP'!U49 -> 4 | V49: ='[1]2.0WP'!V49 | W49: ='[1]2.0WP'!W49 | X49: ='[1]2.0WP'!X49 | Y49: ='[1]2.0WP'!Y49 | Z49: ='[1]2.0WP'!Z49 | AA49: ='[1]2.0WP'!AA49 | AB49: ='[1]2.0WP'!AB49 | ... AJ49: ='[1]2.0WP'!AJ49 | AK49: =SUM(U49:AJ49) -> 4 | AL49: =SUM(T49,AK49) -> 8
A50: ='[1]2.0WS'!A50 -> 30 | B50: ='[1]2.0WS'!B50 -> KANNIYAKUMARI | C50: ='[1]2.0WP'!C50 | D50: ='[1]2.0WP'!D50 | E50: ='[1]2.0WP'!E50 | F50: ='[1]2.0WP'!F50 | G50: ='[1]2.0WP'!G50 | H50: ='[1]2.0WP'!H50 | I50: ='[1]2.0WP'!I50 | J50: ='[1]2.0WP'!J50 | ... S50: ='[1]2.0WP'!S50 | T50: =SUM(C50:S50) -> 0 | U50: ='[1]2.0WP'!U50 | V50: ='[1]2.0WP'!V50 | W50: ='[1]2.0WP'!W50 | X50: ='[1]2.0WP'!X50 | Y50: ='[1]2.0WP'!Y50 | Z50: ='[1]2.0WP'!Z50 | AA50: ='[1]2.0WP'!AA50 | AB50: ='[1]2.0WP'!AB50 | ... AJ50: ='[1]2.0WP'!AJ50 | AK50: =SUM(U50:AJ50) -> 0 | AL50: =SUM(T50,AK50) -> 0
A51: ='[1]2.0WS'!A51 -> 37 | B51: ='[1]2.0WS'!B51 -> TENKASI | C51: ='[1]2.0WP'!C51 -> 4 | D51: ='[1]2.0WP'!D51 | E51: ='[1]2.0WP'!E51 -> 4 | F51: ='[1]2.0WP'!F51 | G51: ='[1]2.0WP'!G51 | H51: ='[1]2.0WP'!H51 | I51: ='[1]2.0WP'!I51 | J51: ='[1]2.0WP'!J51 | ... S51: ='[1]2.0WP'!S51 -> 4 | T51: =SUM(C51:S51) -> 18 | U51: ='[1]2.0WP'!U51 | V51: ='[1]2.0WP'!V51 | W51: ='[1]2.0WP'!W51 | X51: ='[1]2.0WP'!X51 | Y51: ='[1]2.0WP'!Y51 | Z51: ='[1]2.0WP'!Z51 -> 4 | AA51: ='[1]2.0WP'!AA51 | AB51: ='[1]2.0WP'!AB51 -> 6 | ... AJ51: ='[1]2.0WP'!AJ51 | AK51: =SUM(U51:AJ51) -> 14 | AL51: =SUM(T51,AK51) -> 32
A52: ='[1]2.0WS'!A52 -> SRO TIRUNELVELI TOTAL | C52: =SUM(C48:C51) -> 4 | D52: =SUM(D48:D51) -> 0 | E52: =SUM(E48:E51) -> 8 | F52: =SUM(F48:F51) -> 0 | G52: =SUM(G48:G51) -> 0 | H52: =SUM(H48:H51) -> 0 | I52: =SUM(I48:I51) -> 0 | J52: =SUM(J48:J51) -> 0 | ... S52: =SUM(S48:S51) -> 4 | T52: =SUM(C52:S52) -> 22 | U52: =SUM(U48:U51) -> 8 | V52: =SUM(V48:V51) -> 6 | W52: =SUM(W48:W51) -> 0 | X52: =SUM(X48:X51) -> 0 | Y52: =SUM(Y48:Y51) -> 0 | Z52: =SUM(Z48:Z51) -> 12 | AA52: =SUM(AA48:AA51) -> 0 | AB52: =SUM(AB48:AB51) -> 22 | ... AJ52: =SUM(AJ48:AJ51) -> 0 | AK52: =SUM(U52:AJ52) -> 74 | AL52: =SUM(T52,AK52) -> 96
A53: ='[1]2.0WS'!A53 -> 26 | B53: ='[1]2.0WS'!B53 -> VIRUDHUNAGAR | C53: ='[1]2.0WP'!C53 | D53: ='[1]2.0WP'!D53 | E53: ='[1]2.0WP'!E53 -> 0 | F53: ='[1]2.0WP'!F53 -> 4 | G53: ='[1]2.0WP'!G53 | H53: ='[1]2.0WP'!H53 | I53: ='[1]2.0WP'!I53 | J53: ='[1]2.0WP'!J53 -> 6 | ... S53: ='[1]2.0WP'!S53 -> 4 | T53: =SUM(C53:S53) -> 24 | U53: ='[1]2.0WP'!U53 -> 4 | V53: ='[1]2.0WP'!V53 -> 6 | W53: ='[1]2.0WP'!W53 | X53: ='[1]2.0WP'!X53 -> 6 | Y53: ='[1]2.0WP'!Y53 | Z53: ='[1]2.0WP'!Z53 | AA53: ='[1]2.0WP'!AA53 | AB53: ='[1]2.0WP'!AB53 -> 4 | ... AJ53: ='[1]2.0WP'!AJ53 -> 6 | AK53: =SUM(U53:AJ53) -> 50 | AL53: =SUM(T53,AK53) -> 74
A54: ='[1]2.0WS'!A54 -> 27 | B54: ='[1]2.0WS'!B54 -> RAMANATHAPURAM | C54: ='[1]2.0WP'!C54 | D54: ='[1]2.0WP'!D54 -> 6 | E54: ='[1]2.0WP'!E54 | F54: ='[1]2.0WP'!F54 | G54: ='[1]2.0WP'!G54 | H54: ='[1]2.0WP'!H54 | I54: ='[1]2.0WP'!I54 | J54: ='[1]2.0WP'!J54 | ... S54: ='[1]2.0WP'!S54 | T54: =SUM(C54:S54) -> 6 | U54: ='[1]2.0WP'!U54 | V54: ='[1]2.0WP'!V54 -> 4 | W54: ='[1]2.0WP'!W54 | X54: ='[1]2.0WP'!X54 -> 6 | Y54: ='[1]2.0WP'!Y54 | Z54: ='[1]2.0WP'!Z54 -> 4 | AA54: ='[1]2.0WP'!AA54 | AB54: ='[1]2.0WP'!AB54 | ... AJ54: ='[1]2.0WP'!AJ54 | AK54: =SUM(U54:AJ54) -> 28 | AL54: =SUM(T54,AK54) -> 34
A55: ='[1]2.0WS'!A55 -> SRO VIRUDHNAGAR TOTAL | C55: =SUM(C53:C54) -> 0 | D55: =SUM(D53:D54) -> 6 | E55: =SUM(E53:E54) -> 0 | F55: =SUM(F53:F54) -> 4 | G55: =SUM(G53:G54) -> 0 | H55: =SUM(H53:H54) -> 0 | I55: =SUM(I53:I54) -> 0 | J55: =SUM(J53:J54) -> 6 | ... S55: =SUM(S53:S54) -> 4 | T55: =SUM(C55:S55) -> 30 | U55: =SUM(U53:U54) -> 4 | V55: =SUM(V53:V54) -> 10 | W55: =SUM(W53:W54) -> 0 | X55: =SUM(X53:X54) -> 12 | Y55: =SUM(Y53:Y54) -> 0 | Z55: =SUM(Z53:Z54) -> 4 | AA55: =SUM(AA53:AA54) -> 0 | AB55: =SUM(AB53:AB54) -> 4 | ... AJ55: =SUM(AJ53:AJ54) -> 6 | AK55: =SUM(U55:AJ55) -> 78 | AL55: =SUM(T55,AK55) -> 108
A56: ='[1]2.0WS'!A56 -> RO MADURAI TOTAL | C56: =SUM(C55,C52,C47,C42) -> 24 | D56: =SUM(D55,D52,D47,D42) -> 6 | E56: =SUM(E55,E52,E47,E42) -> 44 | F56: =SUM(F55,F52,F47,F42) -> 16 | G56: =SUM(G55,G52,G47,G42) -> 0 | H56: =SUM(H55,H52,H47,H42) -> 8 | I56: =SUM(I55,I52,I47,I42) -> 0 | J56: =SUM(J55,J52,J47,J42) -> 12 | ... S56: =SUM(S55,S52,S47,S42) -> 20 | T56: =SUM(C56:S56) -> 186 | U56: =SUM(U55,U52,U47,U42) -> 28 | V56: =SUM(V55,V52,V47,V42) -> 38 | W56: =SUM(W55,W52,W47,W42) -> 4 | X56: =SUM(X55,X52,X47,X42) -> 16 | Y56: =SUM(Y55,Y52,Y47,Y42) -> 12 | Z56: =SUM(Z55,Z52,Z47,Z42) -> 38 | AA56: =SUM(AA55,AA52,AA47,AA42) -> 14 | AB56: =SUM(AB55,AB52,AB47,AB42) -> 72 | ... AJ56: =SUM(AJ55,AJ52,AJ47,AJ42) -> 26 | AK56: =SUM(U56:AJ56) -> 362 | AL56: =SUM(T56,AK56) -> 548
A57: ='[1]2.0WS'!A57 -> STATE TOTAL | C57: =SUM(C56,C37,C23) -> 64 | D57: =SUM(D56,D37,D23) -> 6 | E57: =SUM(E56,E37,E23) -> 82 | F57: =SUM(F56,F37,F23) -> 64 | G57: =SUM(G56,G37,G23) -> 6 | H57: =SUM(H56,H37,H23) -> 54 | I57: =SUM(I56,I37,I23) -> 12 | J57: =SUM(J56,J37,J23) -> 48 | ... S57: =SUM(S56,S37,S23) -> 66 | T57: =SUM(C57:S57) -> 734 | U57: =SUM(U56,U37,U23) -> 62 | V57: =SUM(V56,V37,V23) -> 66 | W57: =SUM(W56,W37,W23) -> 20 | X57: =SUM(X56,X37,X23) -> 16 | Y57: =SUM(Y56,Y37,Y23) -> 60 | Z57: =SUM(Z56,Z37,Z23) -> 56 | AA57: =SUM(AA56,AA37,AA23) -> 14 | AB57: =SUM(AB56,AB37,AB23) -> 78 | ... AJ57: =SUM(AJ56,AJ37,AJ23) -> 32 | AK57: =SUM(U57:AJ57) -> 626 | AL57: =SUM(T57,AK57) -> 1360

Sheet 2.0WP - State
A1: STATE WORK PROGRAMME FOR AS2.0 OF TAMIL NADU BASED ON CES PLANNING 2026-27
C2: KHARIF | U2: RABI | AL2: GRAND TOTAL
C3: PAD | D3: PAD-II | F3: JWAR | H3: BJRA | J3: MAIZE | L3: GNUT | N3: GNGL | P3: RGRM | Q3: COTT | S3: SCAN | T3: TOTAL | U3: PAD | V3: JWAR | X3: GNUT | Z3: BGRM | AB3: GGRM | AD3: GNGL | AF3: BJRA | AH3: HGRM | AI3: COTT | AK3: TOTAL
C4: I | U4: III
A5: D_CD | B5: DIST_NM | C5: IR | D5: UI | E5: IR | F5: UI | G5: IR | H5: UI | I5: IR | J5: UI | K5: IR | L5: UI | M5: IR | N5: UI | O5: IR | P5: UI | Q5: UI | R5: IR | U5: IR | V5: UI | W5: IR | X5: UI | Y5: IR | Z5: UI | AA5: IR | AB5: UI | AC5: IR | AD5: UI | AE5: IR | AF5: UI | AG5: IR | AH5: UI | AI5: UI | AJ5: IR
A6: ='[2]2.0WS'!A6 -> 10 | B6: ='[2]2.0WS'!B6 -> ERODE | C6: ='[2]2.0WP'!C6 | D6: ='[2]2.0WP'!D6 | E6: ='[2]2.0WP'!E6 | F6: ='[2]2.0WP'!F6 | G6: ='[2]2.0WP'!G6 | H6: ='[2]2.0WP'!H6 | I6: ='[2]2.0WP'!I6 | J6: ='[2]2.0WP'!J6 -> 4 | ... S6: ='[2]2.0WP'!S6 -> 4 | T6: =SUM(C6:S6) -> 20 | U6: ='[2]2.0WP'!U6 | V6: ='[2]2.0WP'!V6 | W6: ='[2]2.0WP'!W6 | X6: ='[2]2.0WP'!X6 | Y6: ='[2]2.0WP'!Y6 -> 4 | Z6: ='[2]2.0WP'!Z6 | AA6: ='[2]2.0WP'!AA6 | AB6: ='[2]2.0WP'!AB6 | ... AJ6: ='[2]2.0WP'!AJ6 | AK6: =SUM(U6:AJ6) -> 8 | AL6: =SUM(T6,AK6) -> 28
A7: ='[2]2.0WS'!A7 -> 11 | B7: ='[2]2.0WS'!B7 -> THE NILGIRIS | C7: ='[2]2.0WP'!C7 | D7: ='[2]2.0WP'!D7 | E7: ='[2]2.0WP'!E7 | F7: ='[2]2.0WP'!F7 | G7: ='[2]2.0WP'!G7 | H7: ='[2]2.0WP'!H7 | I7: ='[2]2.0WP'!I7 | J7: ='[2]2.0WP'!J7 | ... S7: ='[2]2.0WP'!S7 | T7: =SUM(C7:S7) -> 0 | U7: ='[2]2.0WP'!U7 | V7: ='[2]2.0WP'!V7 | W7: ='[2]2.0WP'!W7 | X7: ='[2]2.0WP'!X7 | Y7: ='[2]2.0WP'!Y7 | Z7: ='[2]2.0WP'!Z7 | AA7: ='[2]2.0WP'!AA7 | AB7: ='[2]2.0WP'!AB7 | ... AJ7: ='[2]2.0WP'!AJ7 | AK7: =SUM(U7:AJ7) -> 0 | AL7: =SUM(T7,AK7) -> 0
A8: ='[2]2.0WS'!A8 -> 12 | B8: ='[2]2.0WS'!B8 -> COIMBATORE | C8: ='[2]2.0WP'!C8 | D8: ='[2]2.0WP'!D8 | E8: ='[2]2.0WP'!E8 | F8: ='[2]2.0WP'!F8 -> 4 | G8: ='[2]2.0WP'!G8 | H8: ='[2]2.0WP'!H8 | I8: ='[2]2.0WP'!I8 | J8: ='[2]2.0WP'!J8 | ... S8: ='[2]2.0WP'!S8 | T8: =SUM(C8:S8) -> 4 | U8: ='[2]2.0WP'!U8 | V8: ='[2]2.0WP'!V8 -> 4 | W8: ='[2]2.0WP'!W8 | X8: ='[2]2.0WP'!X8 | Y8: ='[2]2.0WP'!Y8 | Z8: ='[2]2.0WP'!Z8 | AA8: ='[2]2.0WP'!AA8 | AB8: ='[2]2.0WP'!AB8 | ... AJ8: ='[2]2.0WP'!AJ8 | AK8: =SUM(U8:AJ8) -> 8 | AL8: =SUM(T8,AK8) -> 12
A9: ='[2]2.0WS'!A9 -> 32 | B9: ='[2]2.0WS'!B9 -> TIRUPPUR | C9: ='[2]2.0WP'!C9 | D9: ='[2]2.0WP'!D9 | E9: ='[2]2.0WP'!E9 | F9: ='[2]2.0WP'!F9 | G9: ='[2]2.0WP'!G9 | H9: ='[2]2.0WP'!H9 | I9: ='[2]2.0WP'!I9 | J9: ='[2]2.0WP'!J9 | ... S9: ='[2]2.0WP'!S9 | T9: =SUM(C9:S9) -> 0 | U9: ='[2]2.0WP'!U9 | V9: ='[2]2.0WP'!V9 | W9: ='[2]2.0WP'!W9 | X9: ='[2]2.0WP'!X9 | Y9: ='[2]2.0WP'!Y9 | Z9: ='[2]2.0WP'!Z9 | AA9: ='[2]2.0WP'!AA9 | AB9: ='[2]2.0WP'!AB9 | ... AJ9: ='[2]2.0WP'!AJ9 | AK9: =SUM(U9:AJ9) -> 0 | AL9: =SUM(T9,AK9) -> 0
A10: ='[2]2.0WS'!A10 -> SRO COIMBATORE TOTAL | C10: =SUM(C6:C9) -> 0 | D10: =SUM(D6:D9) -> 0 | E10: =SUM(E6:E9) -> 0 | F10: =SUM(F6:F9) -> 4 | G10: =SUM(G6:G9) -> 0 | H10: =SUM(H6:H9) -> 0 | I10: =SUM(I6:I9) -> 0 | J10: =SUM(J6:J9) -> 4 | ... S10: =SUM(S6:S9) -> 4 | T10: =SUM(C10:S10) -> 24 | U10: =SUM(U6:U9) -> 0 | V10: =SUM(V6:V9) -> 4 | W10: =SUM(W6:W9) -> 0 | X10: =SUM(X6:X9) -> 0 | Y10: =SUM(Y6:Y9) -> 4 | Z10: =SUM(Z6:Z9) -> 0 | AA10: =SUM(AA6:AA9) -> 0 | AB10: =SUM(AB6:AB9) -> 0 | ... AJ10: =SUM(AJ6:AJ9) -> 0 | AK10: =SUM(U10:AJ10) -> 16 | AL10: =SUM(T10,AK10) -> 40
A11: ='[2]2.0WS'!A11 -> 05 | B11: ='[2]2.0WS'!B11 -> DHARMAPURI | C11: ='[2]2.0WP'!C11 | D11: ='[2]2.0WP'!D11 | E11: ='[2]2.0WP'!E11 -> 4 | F11: ='[2]2.0WP'!F11 -> 4 | G11: ='[2]2.0WP'!G11 | H11: ='[2]2.0WP'!H11 | I11: ='[2]2.0WP'!I11 | J11: ='[2]2.0WP'!J11 -> 4 | ... S11: ='[2]2.0WP'!S11 -> 4 | T11: =SUM(C11:S11) -> 34 | U11: ='[2]2.0WP'!U11 -> 4 | V11: ='[2]2.0WP'!V11 | W11: ='[2]2.0WP'!W11 | X11: ='[2]2.0WP'!X11 | Y11: ='[2]2.0WP'!Y11 -> 4 | Z11: ='[2]2.0WP'!Z11 | AA11: ='[2]2.0WP'!AA11 | AB11: ='[2]2.0WP'!AB11 | ... AJ11: ='[2]2.0WP'!AJ11 | AK11: =SUM(U11:AJ11) -> 16 | AL11: =SUM(T11,AK11) -> 50
A12: ='[2]2.0WS'!A12 -> 31 | B12: ='[2]2.0WS'!B12 -> KRISHNAGIRI | C12: ='[2]2.0WP'!C12 -> 4 | D12: ='[2]2.0WP'!D12 | E12: ='[2]2.0WP'!E12 | F12: ='[2]2.0WP'!F12 | G12: ='[2]2.0WP'!G12 | H12: ='[2]2.0WP'!H12 | I12: ='[2]2.0WP'!I12 | J12: ='[2]2.0WP'!J12 | ... S12: ='[2]2.0WP'!S12 | T12: =SUM(C12:S12) -> 22 | U12: ='[2]2.0WP'!U12 -> 4 | V12: ='[2]2.0WP'!V12 | W12: ='[2]2.0WP'!W12 | X12: ='[2]2.0WP'!X12 | Y12: ='[2]2.0WP'!Y12 -> 0 | Z12: ='[2]2.0WP'!Z12 | AA12: ='[2]2.0WP'!AA12 | AB12: ='[2]2.0WP'!AB12 | ... AJ12: ='[2]2.0WP'!AJ12 | AK12: =SUM(U12:AJ12) -> 18 | AL12: =SUM(T12,AK12) -> 40
A13: ='[2]2.0WS'!A13 -> 36 | B13: ='[2]2.0WS'!B13 -> TIRUPATHUR | C13: ='[2]2.0WP'!C13 | D13: ='[2]2.0WP'!D13 | E13: ='[2]2.0WP'!E13 | F13: ='[2]2.0WP'!F13 | G13: ='[2]2.0WP'!G13 | H13: ='[2]2.0WP'!H13 -> 4 | I13: ='[2]2.0WP'!I13 | J13: ='[2]2.0WP'!J13 | ... S13: ='[2]2.0WP'!S13 | T13: =SUM(C13:S13) -> 16 | U13: ='[2]2.0WP'!U13 | V13: ='[2]2.0WP'!V13 | W13: ='[2]2.0WP'!W13 | X13: ='[2]2.0WP'!X13 | Y13: ='[2]2.0WP'!Y13 | Z13: ='[2]2.0WP'!Z13 | AA13: ='[2]2.0WP'!AA13 | AB13: ='[2]2.0WP'!AB13 | ... AJ13: ='[2]2.0WP'!AJ13 | AK13: =SUM(U13:AJ13) -> 4 | AL13: =SUM(T13,AK13) -> 20
A14: ='[2]2.0WS'!A14 -> SRO DHARMAPURI TOTAL | C14: =SUM(C11:C13) -> 4 | D14: =SUM(D11:D13) -> 0 | E14: =SUM(E11:E13) -> 4 | F14: =SUM(F11:F13) -> 4 | G14: =SUM(G11:G13) -> 0 | H14: =SUM(H11:H13) -> 4 | I14: =SUM(I11:I13) -> 0 | J14: =SUM(J11:J13) -> 4 | ... S14: =SUM(S11:S13) -> 4 | T14: =SUM(C14:S14) -> 72 | U14: =SUM(U11:U13) -> 8 | V14: =SUM(V11:V13) -> 0 | W14: =SUM(W11:W13) -> 0 | X14: =SUM(X11:X13) -> 0 | Y14: =SUM(Y11:Y13) -> 4 | Z14: =SUM(Z11:Z13) -> 0 | AA14: =SUM(AA11:AA13) -> 0 | AB14: =SUM(AB11:AB13) -> 0 | ... AJ14: =SUM(AJ11:AJ13) -> 0 | AK14: =SUM(U14:AJ14) -> 38 | AL14: =SUM(T14,AK14) -> 110
A15: ='[2]2.0WS'!A15 -> 08 | B15: ='[2]2.0WS'!B15 -> SALEM | C15: ='[2]2.0WP'!C15 | D15: ='[2]2.0WP'!D15 | E15: ='[2]2.0WP'!E15 | F15: ='[2]2.0WP'!F15 -> 6 | G15: ='[2]2.0WP'!G15 | H15: ='[2]2.0WP'!H15 | I15: ='[2]2.0WP'!I15 | J15: ='[2]2.0WP'!J15 -> 0 | ... S15: ='[2]2.0WP'!S15 | T15: =SUM(C15:S15) -> 26 | U15: ='[2]2.0WP'!U15 -> 4 | V15: ='[2]2.0WP'!V15 -> 0 | W15: ='[2]2.0WP'!W15 -> 6 | X15: ='[2]2.0WP'!X15 | Y15: ='[2]2.0WP'!Y15 -> 0 | Z15: ='[2]2.0WP'!Z15 | AA15: ='[2]2.0WP'!AA15 | AB15: ='[2]2.0WP'!AB15 | ... AJ15: ='[2]2.0WP'!AJ15 -> 4 | AK15: =SUM(U15:AJ15) -> 24 | AL15: =SUM(T15,AK15) -> 50
A16: ='[2]2.0WS'!A16 -> 09 | B16: ='[2]2.0WS'!B16 -> NAMAKKAL | C16: ='[2]2.0WP'!C16 | D16: ='[2]2.0WP'!D16 | E16: ='[2]2.0WP'!E16 | F16: ='[2]2.0WP'!F16 -> 10 | G16: ='[2]2.0WP'!G16 | H16: ='[2]2.0WP'!H16 | I16: ='[2]2.0WP'!I16 | J16: ='[2]2.0WP'!J16 | ... S16: ='[2]2.0WP'!S16 -> 4 | T16: =SUM(C16:S16) -> 22 | U16: ='[2]2.0WP'!U16 | V16: ='[2]2.0WP'!V16 -> 6 | W16: ='[2]2.0WP'!W16 -> 4 | X16: ='[2]2.0WP'!X16 | Y16: ='[2]2.0WP'!Y16 -> 4 | Z16: ='[2]2.0WP'!Z16 | AA16: ='[2]2.0WP'!AA16 | AB16: ='[2]2.0WP'!AB16 | ... AJ16: ='[2]2.0WP'!AJ16 | AK16: =SUM(U16:AJ16) -> 18 | AL16: =SUM(T16,AK16) -> 40
A17: ='[2]2.0WS'!A17 -> SRO SALEM TOTAL | C17: =SUM(C15:C16) -> 0 | D17: =SUM(D15:D16) -> 0 | E17: =SUM(E15:E16) -> 0 | F17: =SUM(F15:F16) -> 16 | G17: =SUM(G15:G16) -> 0 | H17: =SUM(H15:H16) -> 0 | I17: =SUM(I15:I16) -> 0 | J17: =SUM(J15:J16) -> 0 | ... S17: =SUM(S15:S16) -> 4 | T17: =SUM(C17:S17) -> 48 | U17: =SUM(U15:U16) -> 4 | V17: =SUM(V15:V16) -> 6 | W17: =SUM(W15:W16) -> 10 | X17: =SUM(X15:X16) -> 0 | Y17: =SUM(Y15:Y16) -> 4 | Z17: =SUM(Z15:Z16) -> 0 | AA17: =SUM(AA15:AA16) -> 0 | AB17: =SUM(AB15:AB16) -> 0 | ... AJ17: =SUM(AJ15:AJ16) -> 4 | AK17: =SUM(U17:AJ17) -> 42 | AL17: =SUM(T17,AK17) -> 90
A18: ='[2]2.0WS'!A18 -> 14 | B18: ='[2]2.0WS'!B18 -> KARUR | C18: ='[2]2.0WP'!C18 | D18: ='[2]2.0WP'!D18 | E18: ='[2]2.0WP'!E18 | F18: ='[2]2.0WP'!F18 -> 4 | G18: ='[2]2.0WP'!G18 -> 4 | H18: ='[2]2.0WP'!H18 | I18: ='[2]2.0WP'!I18 | J18: ='[2]2.0WP'!J18 | ... S18: ='[2]2.0WP'!S18 | T18: =SUM(C18:S18) -> 16 | U18: ='[2]2.0WP'!U18 | V18: ='[2]2.0WP'!V18 -> 4 | W18: ='[2]2.0WP'!W18 | X18: ='[2]2.0WP'!X18 | Y18: ='[2]2.0WP'!Y18 -> 0 | Z18: ='[2]2.0WP'!Z18 | AA18: ='[2]2.0WP'!AA18 | AB18: ='[2]2.0WP'!AB18 | ... AJ18: ='[2]2.0WP'!AJ18 | AK18: =SUM(U18:AJ18) -> 12 | AL18: =SUM(T18,AK18) -> 28
A19: ='[2]2.0WS'!A19 -> 15 | B19: ='[2]2.0WS'!B19 -> TIRUCHIRAPPALLI | C19: ='[2]2.0WP'!C19 | D19: ='[2]2.0WP'!D19 | E19: ='[2]2.0WP'!E19 | F19: ='[2]2.0WP'!F19 | G19: ='[2]2.0WP'!G19 | H19: ='[2]2.0WP'!H19 | I19: ='[2]2.0WP'!I19 | J19: ='[2]2.0WP'!J19 | ... S19: ='[2]2.0WP'!S19 | T19: =SUM(C19:S19) -> 0 | U19: ='[2]2.0WP'!U19 | V19: ='[2]2.0WP'!V19 | W19: ='[2]2.0WP'!W19 | X19: ='[2]2.0WP'!X19 | Y19: ='[2]2.0WP'!Y19 | Z19: ='[2]2.0WP'!Z19 | AA19: ='[2]2.0WP'!AA19 | AB19: ='[2]2.0WP'!AB19 | ... AJ19: ='[2]2.0WP'!AJ19 | AK19: =SUM(U19:AJ19) -> 0 | AL19: =SUM(T19,AK19) -> 0
A20: ='[2]2.0WS'!A20 -> 16 | B20: ='[2]2.0WS'!B20 -> PERAMBALUR | C20: ='[2]2.0WP'!C20 | D20: ='[2]2.0WP'!D20 | E20: ='[2]2.0WP'!E20 | F20: ='[2]2.0WP'!F20 | G20: ='[2]2.0WP'!G20 | H20: ='[2]2.0WP'!H20 | I20: ='[2]2.0WP'!I20 | J20: ='[2]2.0WP'!J20 -> 4 | ... S20: ='[2]2.0WP'!S20 -> 4 | T20: =SUM(C20:S20) -> 16 | U20: ='[2]2.0WP'!U20 | V20: ='[2]2.0WP'!V20 | W20: ='[2]2.0WP'!W20 | X20: ='[2]2.0WP'!X20 | Y20: ='[2]2.0WP'!Y20 -> 4 | Z20: ='[2]2.0WP'!Z20 | AA20: ='[2]2.0WP'!AA20 | AB20: ='[2]2.0WP'!AB20 | ... AJ20: ='[2]2.0WP'!AJ20 | AK20: =SUM(U20:AJ20) -> 4 | AL20: =SUM(T20,AK20) -> 20
A21: ='[2]2.0WS'!A21 -> 17 | B21: ='[2]2.0WS'!B21 -> ARIYALUR | C21: ='[2]2.0WP'!C21 -> 0 | D21: ='[2]2.0WP'!D21 | E21: ='[2]2.0WP'!E21 -> 4 | F21: ='[2]2.0WP'!F21 | G21: ='[2]2.0WP'!G21 | H21: ='[2]2.0WP'!H21 -> 4 | I21: ='[2]2.0WP'!I21 | J21: ='[2]2.0WP'!J21 -> 4 | ... S21: ='[2]2.0WP'!S21 | T21: =SUM(C21:S21) -> 20 | U21: ='[2]2.0WP'!U21 | V21: ='[2]2.0WP'!V21 | W21: ='[2]2.0WP'!W21 | X21: ='[2]2.0WP'!X21 | Y21: ='[2]2.0WP'!Y21 -> 0 | Z21: ='[2]2.0WP'!Z21 -> 4 | AA21: ='[2]2.0WP'!AA21 | AB21: ='[2]2.0WP'!AB21 | ... AJ21: ='[2]2.0WP'!AJ21 | AK21: =SUM(U21:AJ21) -> 4 | AL21: =SUM(T21,AK21) -> 24
A22: ='[2]2.0WS'!A22 -> SRO TIRUCHIRAPALLI TOTAL | C22: =SUM(C18:C21) -> 0 | D22: =SUM(D18:D21) -> 0 | E22: =SUM(E18:E21) -> 4 | F22: =SUM(F18:F21) -> 4 | G22: =SUM(G18:G21) -> 4 | H22: =SUM(H18:H21) -> 4 | I22: =SUM(I18:I21) -> 0 | J22: =SUM(J18:J21) -> 8 | ... S22: =SUM(S18:S21) -> 4 | T22: =SUM(C22:S22) -> 52 | U22: =SUM(U18:U21) -> 0 | V22: =SUM(V18:V21) -> 4 | W22: =SUM(W18:W21) -> 0 | X22: =SUM(X18:X21) -> 0 | Y22: =SUM(Y18:Y21) -> 4 | Z22: =SUM(Z18:Z21) -> 4 | AA22: =SUM(AA18:AA21) -> 0 | AB22: =SUM(AB18:AB21) -> 0 | ... AJ22: =SUM(AJ18:AJ21) -> 0 | AK22: =SUM(U22:AJ22) -> 20 | AL22: =SUM(T22,AK22) -> 72
A23: ='[2]2.0WS'!A23 -> RO COIMBATORE TOTAL | C23: =SUM(C22,C17,C14,C10) -> 4 | D23: =SUM(D22,D17,D14,D10) -> 0 | E23: =SUM(E22,E17,E14,E10) -> 8 | F23: =SUM(F22,F17,F14,F10) -> 28 | G23: =SUM(G22,G17,G14,G10) -> 4 | H23: =SUM(H22,H17,H14,H10) -> 8 | I23: =SUM(I22,I17,I14,I10) -> 0 | J23: =SUM(J22,J17,J14,J10) -> 16 | ... S23: =SUM(S22,S17,S14,S10) -> 16 | T23: =SUM(C23:S23) -> 196 | U23: =SUM(U22,U17,U14,U10) -> 12 | V23: =SUM(V22,V17,V14,V10) -> 14 | W23: =SUM(W22,W17,W14,W10) -> 10 | X23: =SUM(X22,X17,X14,X10) -> 0 | Y23: =SUM(Y22,Y17,Y14,Y10) -> 16 | Z23: =SUM(Z22,Z17,Z14,Z10) -> 4 | AA23: =SUM(AA22,AA17,AA14,AA10) -> 0 | AB23: =SUM(AB22,AB17,AB14,AB10) -> 0 | ... AJ23: =SUM(AJ22,AJ17,AJ14,AJ10) -> 4 | AK23: =SUM(U23:AJ23) -> 116 | AL23: =SUM(T23,AK23) -> 312
A24: ='[2]2.0WS'!A24 -> 01 | B24: ='[2]2.0WS'!B24 -> THIRUVALLUR | C24: ='[2]2.0WP'!C24 -> 4 | D24: ='[2]2.0WP'!D24 | E24: ='[2]2.0WP'!E24 -> 4 | F24: ='[2]2.0WP'!F24 | G24: ='[2]2.0WP'!G24 | H24: ='[2]2.0WP'!H24 | I24: ='[2]2.0WP'!I24 | J24: ='[2]2.0WP'!J24 | ... S24: ='[2]2.0WP'!S24 -> 4 | T24: =SUM(C24:S24) -> 12 | U24: ='[2]2.0WP'!U24 -> 4 | V24: ='[2]2.0WP'!V24 | W24: ='[2]2.0WP'!W24 | X24: ='[2]2.0WP'!X24 | Y24: ='[2]2.0WP'!Y24 -> 4 | Z24: ='[2]2.0WP'!Z24 | AA24: ='[2]2.0WP'!AA24 | AB24: ='[2]2.0WP'!AB24 | ... AJ24: ='[2]2.0WP'!AJ24 | AK24: =SUM(U24:AJ24) -> 12 | AL24: =SUM(T24,AK24) -> 24
A25: ='[2]2.0WS'!A25 -> 03 | B25: ='[2]2.0WS'!B25 -> KANCHEEPURAM | C25: ='[2]2.0WP'!C25 -> 4 | D25: ='[2]2.0WP'!D25 | E25: ='[2]2.0WP'!E25 | F25: ='[2]2.0WP'!F25 | G25: ='[2]2.0WP'!G25 | H25: ='[2]2.0WP'!H25 | I25: ='[2]2.0WP'!I25 | J25: ='[2]2.0WP'!J25 | ... S25: ='[2]2.0WP'!S25 | T25: =SUM(C25:S25) -> 4 | U25: ='[2]2.0WP'!U25 | V25: ='[2]2.0WP'!V25 | W25: ='[2]2.0WP'!W25 | X25: ='[2]2.0WP'!X25 | Y25: ='[2]2.0WP'!Y25 | Z25: ='[2]2.0WP'!Z25 | AA25: ='[2]2.0WP'!AA25 | AB25: ='[2]2.0WP'!AB25 | ... AJ25: ='[2]2.0WP'!AJ25 | AK25: =SUM(U25:AJ25) -> 0 | AL25: =SUM(T25,AK25) -> 4
A26: ='[2]2.0WS'!A26 -> 33 | B26: ='[2]2.0WS'!B26 -> CHENGALPATTU | C26: ='[2]2.0WP'!C26 -> 4 | D26: ='[2]2.0WP'!D26 | E26: ='[2]2.0WP'!E26 -> 4 | F26: ='[2]2.0WP'!F26 | G26: ='[2]2.0WP'!G26 | H26: ='[2]2.0WP'!H26 | I26: ='[2]2.0WP'!I26 | J26: ='[2]2.0WP'!J26 | ... S26: ='[2]2.0WP'!S26 | T26: =SUM(C26:S26) -> 12 | U26: ='[2]2.0WP'!U26 | V26: ='[2]2.0WP'!V26 | W26: ='[2]2.0WP'!W26 | X26: ='[2]2.0WP'!X26 | Y26: ='[2]2.0WP'!Y26 -> 4 | Z26: ='[2]2.0WP'!Z26 | AA26: ='[2]2.0WP'!AA26 | AB26: ='[2]2.0WP'!AB26 | ... AJ26: ='[2]2.0WP'!AJ26 | AK26: =SUM(U26:AJ26) -> 4 | AL26: =SUM(T26,AK26) -> 16
A27: ='[2]2.0WS'!A27 -> SRO CHENNAI TOTAL | C27: =SUM(C24:C26) -> 12 | D27: =SUM(D24:D26) -> 0 | E27: =SUM(E24:E26) -> 8 | F27: =SUM(F24:F26) -> 0 | G27: =SUM(G24:G26) -> 0 | H27: =SUM(H24:H26) -> 0 | I27: =SUM(I24:I26) -> 0 | J27: =SUM(J24:J26) -> 0 | ... S27: =SUM(S24:S26) -> 4 | T27: =SUM(C27:S27) -> 28 | U27: =SUM(U24:U26) -> 4 | V27: =SUM(V24:V26) -> 0 | W27: =SUM(W24:W26) -> 0 | X27: =SUM(X24:X26) -> 0 | Y27: =SUM(Y24:Y26) -> 8 | Z27: =SUM(Z24:Z26) -> 0 | AA27: =SUM(AA24:AA26) -> 0 | AB27: =SUM(AB24:AB26) -> 0 | ... AJ27: =SUM(AJ24:AJ26) -> 0 | AK27: =SUM(U27:AJ27) -> 16 | AL27: =SUM(T27,AK27) -> 44
A28: ='[2]2.0WS'!A28 -> 07 | B28: ='[2]2.0WS'!B28 -> VILUPPURAM | C28: ='[2]2.0WP'!C28 | D28: ='[2]2.0WP'!D28 | E28: ='[2]2.0WP'!E28 | F28: ='[2]2.0WP'!F28 | G28: ='[2]2.0WP'!G28 | H28: ='[2]2.0WP'!H28 | I28: ='[2]2.0WP'!I28 | J28: ='[2]2.0WP'!J28 | ... S28: ='[2]2.0WP'!S28 | T28: =SUM(C28:S28) -> 0 | U28: ='[2]2.0WP'!U28 | V28: ='[2]2.0WP'!V28 | W28: ='[2]2.0WP'!W28 | X28: ='[2]2.0WP'!X28 | Y28: ='[2]2.0WP'!Y28 | Z28: ='[2]2.0WP'!Z28 | AA28: ='[2]2.0WP'!AA28 | AB28: ='[2]2.0WP'!AB28 | ... AJ28: ='[2]2.0WP'!AJ28 | AK28: =SUM(U28:AJ28) -> 0 | AL28: =SUM(T28,AK28) -> 0
A29: ='[2]2.0WS'!A29 -> 18 | B29: ='[2]2.0WS'!B29 -> CUDDALORE | C29: ='[2]2.0WP'!C29 -> 4 | D29: ='[2]2.0WP'!D29 | E29: ='[2]2.0WP'!E29 -> 6 | F29: ='[2]2.0WP'!F29 | G29: ='[2]2.0WP'!G29 | H29: ='[2]2.0WP'!H29 -> 6 | I29: ='[2]2.0WP'!I29 -> 8 | J29: ='[2]2.0WP'!J29 -> 4 | ... S29: ='[2]2.0WP'!S29 -> 4 | T29: =SUM(C29:S29) -> 44 | U29: ='[2]2.0WP'!U29 -> 4 | V29: ='[2]2.0WP'!V29 | W29: ='[2]2.0WP'!W29 | X29: ='[2]2.0WP'!X29 | Y29: ='[2]2.0WP'!Y29 -> 0 | Z29: ='[2]2.0WP'!Z29 -> 4 | AA29: ='[2]2.0WP'!AA29 | AB29: ='[2]2.0WP'!AB29 -> 4 | ... AJ29: ='[2]2.0WP'!AJ29 | AK29: =SUM(U29:AJ29) -> 16 | AL29: =SUM(T29,AK29) -> 60
A30: ='[2]2.0WS'!A30 -> 34 | B30: ='[2]2.0WS'!B30 -> KALLAKURICHI | C30: ='[2]2.0WP'!C30 -> 0 | D30: ='[2]2.0WP'!D30 | E30: ='[2]2.0WP'!E30 -> 4 | F30: ='[2]2.0WP'!F30 | G30: ='[2]2.0WP'!G30 | H30: ='[2]2.0WP'!H30 -> 14 | I30: ='[2]2.0WP'!I30 | J30: ='[2]2.0WP'!J30 | ... S30: ='[2]2.0WP'!S30 -> 4 | T30: =SUM(C30:S30) -> 30 | U30: ='[2]2.0WP'!U30 | V30: ='[2]2.0WP'!V30 | W30: ='[2]2.0WP'!W30 | X30: ='[2]2.0WP'!X30 | Y30: ='[2]2.0WP'!Y30 | Z30: ='[2]2.0WP'!Z30 -> 4 | AA30: ='[2]2.0WP'!AA30 | AB30: ='[2]2.0WP'!AB30 | ... AJ30: ='[2]2.0WP'!AJ30 | AK30: =SUM(U30:AJ30) -> 8 | AL30: =SUM(T30,AK30) -> 38
A31: ='[2]2.0WS'!A31 -> 38 | B31: ='[2]2.0WS'!B31 -> MAYILADUTHURAI | C31: ='[2]2.0WP'!C31 | D31: ='[2]2.0WP'!D31 | E31: ='[2]2.0WP'!E31 | F31: ='[2]2.0WP'!F31 | G31: ='[2]2.0WP'!G31 | H31: ='[2]2.0WP'!H31 | I31: ='[2]2.0WP'!I31 | J31: ='[2]2.0WP'!J31 | ... S31: ='[2]2.0WP'!S31 | T31: =SUM(C31:S31) -> 0 | U31: ='[2]2.0WP'!U31 | V31: ='[2]2.0WP'!V31 | W31: ='[2]2.0WP'!W31 | X31: ='[2]2.0WP'!X31 | Y31: ='[2]2.0WP'!Y31 | Z31: ='[2]2.0WP'!Z31 | AA31: ='[2]2.0WP'!AA31 | AB31: ='[2]2.0WP'!AB31 | ... AJ31: ='[2]2.0WP'!AJ31 | AK31: =SUM(U31:AJ31) -> 0 | AL31: =SUM(T31,AK31) -> 0
A32: ='[2]2.0WS'!A32 -> SRO CUDDALORE TOTAL | C32: =SUM(C28:C31) -> 4 | D32: =SUM(D28:D31) -> 0 | E32: =SUM(E28:E31) -> 10 | F32: =SUM(F28:F31) -> 0 | G32: =SUM(G28:G31) -> 0 | H32: =SUM(H28:H31) -> 20 | I32: =SUM(I28:I31) -> 8 | J32: =SUM(J28:J31) -> 4 | ... S32: =SUM(S28:S31) -> 8 | T32: =SUM(C32:S32) -> 74 | U32: =SUM(U28:U31) -> 4 | V32: =SUM(V28:V31) -> 0 | W32: =SUM(W28:W31) -> 0 | X32: =SUM(X28:X31) -> 0 | Y32: =SUM(Y28:Y31) -> 0 | Z32: =SUM(Z28:Z31) -> 8 | AA32: =SUM(AA28:AA31) -> 0 | AB32: =SUM(AB28:AB31) -> 4 | ... AJ32: =SUM(AJ28:AJ31) -> 0 | AK32: =SUM(U32:AJ32) -> 24 | AL32: =SUM(T32,AK32) -> 98
A33: ='[2]2.0WS'!A33 -> 04 | B33: ='[2]2.0WS'!B33 -> VELLORE | C33: ='[2]2.0WP'!C33 | D33: ='[2]2.0WP'!D33 | E33: ='[2]2.0WP'!E33 | F33: ='[2]2.0WP'!F33 | G33: ='[2]2.0WP'!G33 | H33: ='[2]2.0WP'!H33 | I33: ='[2]2.0WP'!I33 | J33: ='[2]2.0WP'!J33 | ... S33: ='[2]2.0WP'!S33 | T33: =SUM(C33:S33) -> 8 | U33: ='[2]2.0WP'!U33 | V33: ='[2]2.0WP'!V33 | W33: ='[2]2.0WP'!W33 | X33: ='[2]2.0WP'!X33 | Y33: ='[2]2.0WP'!Y33 | Z33: ='[2]2.0WP'!Z33 | AA33: ='[2]2.0WP'!AA33 | AB33: ='[2]2.0WP'!AB33 | ... AJ33: ='[2]2.0WP'!AJ33 | AK33: =SUM(U33:AJ33) -> 0 | AL33: =SUM(T33,AK33) -> 8
A34: ='[2]2.0WS'!A34 -> 06 | B34: ='[2]2.0WS'!B34 -> TIRUVANNAMALAI | C34: ='[2]2.0WP'!C34 | D34: ='[2]2.0WP'!D34 | E34: ='[2]2.0WP'!E34 | F34: ='[2]2.0WP'!F34 | G34: ='[2]2.0WP'!G34 | H34: ='[2]2.0WP'!H34 | I34: ='[2]2.0WP'!I34 | J34: ='[2]2.0WP'!J34 | ... S34: ='[2]2.0WP'!S34 | T34: =SUM(C34:S34) -> 0 | U34: ='[2]2.0WP'!U34 | V34: ='[2]2.0WP'!V34 | W34: ='[2]2.0WP'!W34 | X34: ='[2]2.0WP'!X34 | Y34: ='[2]2.0WP'!Y34 | Z34: ='[2]2.0WP'!Z34 | AA34: ='[2]2.0WP'!AA34 | AB34: ='[2]2.0WP'!AB34 | ... AJ34: ='[2]2.0WP'!AJ34 | AK34: =SUM(U34:AJ34) -> 0 | AL34: =SUM(T34,AK34) -> 0
A35: ='[2]2.0WS'!A35 -> 35 | B35: ='[2]2.0WS'!B35 -> RANIPET | C35: ='[2]2.0WP'!C35 -> 4 | D35: ='[2]2.0WP'!D35 | E35: ='[2]2.0WP'!E35 | F35: ='[2]2.0WP'!F35 | G35: ='[2]2.0WP'!G35 | H35: ='[2]2.0WP'!H35 | I35: ='[2]2.0WP'!I35 | J35: ='[2]2.0WP'!J35 | ... S35: ='[2]2.0WP'!S35 | T35: =SUM(C35:S35) -> 8 | U35: ='[2]2.0WP'!U35 | V35: ='[2]2.0WP'!V35 | W35: ='[2]2.0WP'!W35 | X35: ='[2]2.0WP'!X35 | Y35: ='[2]2.0WP'!Y35 -> 4 | Z35: ='[2]2.0WP'!Z35 | AA35: ='[2]2.0WP'!AA35 | AB35: ='[2]2.0WP'!AB35 | ... AJ35: ='[2]2.0WP'!AJ35 | AK35: =SUM(U35:AJ35) -> 4 | AL35: =SUM(T35,AK35) -> 12
A36: ='[2]2.0WS'!A36 -> SRO VELLORE TOTAL | C36: =SUM(C33:C35) -> 4 | D36: =SUM(D33:D35) -> 0 | E36: =SUM(E33:E35) -> 0 | F36: =SUM(F33:F35) -> 0 | G36: =SUM(G33:G35) -> 0 | H36: =SUM(H33:H35) -> 0 | I36: =SUM(I33:I35) -> 0 | J36: =SUM(J33:J35) -> 0 | ... S36: =SUM(S33:S35) -> 0 | T36: =SUM(C36:S36) -> 16 | U36: =SUM(U33:U35) -> 0 | V36: =SUM(V33:V35) -> 0 | W36: =SUM(W33:W35) -> 0 | X36: =SUM(X33:X35) -> 0 | Y36: =SUM(Y33:Y35) -> 4 | Z36: =SUM(Z33:Z35) -> 0 | AA36: =SUM(AA33:AA35) -> 0 | AB36: =SUM(AB33:AB35) -> 0 | ... AJ36: =SUM(AJ33:AJ35) -> 0 | AK36: =SUM(U36:AJ36) -> 4 | AL36: =SUM(T36,AK36) -> 20
A37: ='[2]2.0WS'!A37 -> RO CHENNAI TOTAL | C37: =SUM(C36,C32,C27) -> 20 | D37: =SUM(D36,D32,D27) -> 0 | E37: =SUM(E36,E32,E27) -> 18 | F37: =SUM(F36,F32,F27) -> 0 | G37: =SUM(G36,G32,G27) -> 0 | H37: =SUM(H36,H32,H27) -> 20 | I37: =SUM(I36,I32,I27) -> 8 | J37: =SUM(J36,J32,J27) -> 4 | ... S37: =SUM(S36,S32,S27) -> 12 | T37: =SUM(C37:S37) -> 118 | U37: =SUM(U36,U32,U27) -> 8 | V37: =SUM(V36,V32,V27) -> 0 | W37: =SUM(W36,W32,W27) -> 0 | X37: =SUM(X36,X32,X27) -> 0 | Y37: =SUM(Y36,Y32,Y27) -> 12 | Z37: =SUM(Z36,Z32,Z27) -> 8 | AA37: =SUM(AA36,AA32,AA27) -> 0 | AB37: =SUM(AB36,AB32,AB27) -> 4 | ... AJ37: =SUM(AJ36,AJ32,AJ27) -> 0 | AK37: =SUM(U37:AJ37) -> 44 | AL37: =SUM(T37,AK37) -> 162
A38: ='[2]2.0WS'!A38 -> 13 | B38: ='[2]2.0WS'!B38 -> DINDIGUL | C38: ='[2]2.0WP'!C38 | D38: ='[2]2.0WP'!D38 | E38: ='[2]2.0WP'!E38 | F38: ='[2]2.0WP'!F38 -> 4 | G38: ='[2]2.0WP'!G38 | H38: ='[2]2.0WP'!H38 | I38: ='[2]2.0WP'!I38 | J38: ='[2]2.0WP'!J38 | ... S38: ='[2]2.0WP'!S38 -> 4 | T38: =SUM(C38:S38) -> 8 | U38: ='[2]2.0WP'!U38 -> 4 | V38: ='[2]2.0WP'!V38 -> 8 | W38: ='[2]2.0WP'!W38 | X38: ='[2]2.0WP'!X38 -> 4 | Y38: ='[2]2.0WP'!Y38 -> 0 | Z38: ='[2]2.0WP'!Z38 -> 0 | AA38: ='[2]2.0WP'!AA38 | AB38: ='[2]2.0WP'!AB38 -> 0 | ... AJ38: ='[2]2.0WP'!AJ38 -> 0 | AK38: =SUM(U38:AJ38) -> 20 | AL38: =SUM(T38,AK38) -> 28
A39: ='[2]2.0WS'!A39 -> 23 | B39: ='[2]2.0WS'!B39 -> SIVAGANGAI | C39: ='[2]2.0WP'!C39 | D39: ='[2]2.0WP'!D39 | E39: ='[2]2.0WP'!E39 -> 4 | F39: ='[2]2.0WP'!F39 | G39: ='[2]2.0WP'!G39 | H39: ='[2]2.0WP'!H39 | I39: ='[2]2.0WP'!I39 | J39: ='[2]2.0WP'!J39 | ... S39: ='[2]2.0WP'!S39 -> 4 | T39: =SUM(C39:S39) -> 12 | U39: ='[2]2.0WP'!U39 | V39: ='[2]2.0WP'!V39 | W39: ='[2]2.0WP'!W39 | X39: ='[2]2.0WP'!X39 | Y39: ='[2]2.0WP'!Y39 | Z39: ='[2]2.0WP'!Z39 | AA39: ='[2]2.0WP'!AA39 | AB39: ='[2]2.0WP'!AB39 | ... AJ39: ='[2]2.0WP'!AJ39 | AK39: =SUM(U39:AJ39) -> 0 | AL39: =SUM(T39,AK39) -> 12
A40: ='[2]2.0WS'!A40 -> 24 | B40: ='[2]2.0WS'!B40 -> MADURAI | C40: ='[2]2.0WP'!C40 | D40: ='[2]2.0WP'!D40 | E40: ='[2]2.0WP'!E40 -> 4 | F40: ='[2]2.0WP'!F40 -> 4 | G40: ='[2]2.0WP'!G40 | H40: ='[2]2.0WP'!H40 -> 4 | I40: ='[2]2.0WP'!I40 | J40: ='[2]2.0WP'!J40 -> 0 | ... S40: ='[2]2.0WP'!S40 | T40: =SUM(C40:S40) -> 16 | U40: ='[2]2.0WP'!U40 -> 4 | V40: ='[2]2.0WP'!V40 | W40: ='[2]2.0WP'!W40 | X40: ='[2]2.0WP'!X40 | Y40: ='[2]2.0WP'!Y40 | Z40: ='[2]2.0WP'!Z40 | AA40: ='[2]2.0WP'!AA40 | AB40: ='[2]2.0WP'!AB40 | ... AJ40: ='[2]2.0WP'!AJ40 -> 4 | AK40: =SUM(U40:AJ40) -> 16 | AL40: =SUM(T40,AK40) -> 32
A41: ='[2]2.0WS'!A41 -> 25 | B41: ='[2]2.0WS'!B41 -> THENI | C41: ='[2]2.0WP'!C41 -> 4 | D41: ='[2]2.0WP'!D41 | E41: ='[2]2.0WP'!E41 | F41: ='[2]2.0WP'!F41 | G41: ='[2]2.0WP'!G41 | H41: ='[2]2.0WP'!H41 | I41: ='[2]2.0WP'!I41 | J41: ='[2]2.0WP'!J41 | ... S41: ='[2]2.0WP'!S41 | T41: =SUM(C41:S41) -> 12 | U41: ='[2]2.0WP'!U41 | V41: ='[2]2.0WP'!V41 | W41: ='[2]2.0WP'!W41 | X41: ='[2]2.0WP'!X41 | Y41: ='[2]2.0WP'!Y41 | Z41: ='[2]2.0WP'!Z41 | AA41: ='[2]2.0WP'!AA41 | AB41: ='[2]2.0WP'!AB41 -> 4 | ... AJ41: ='[2]2.0WP'!AJ41 -> 4 | AK41: =SUM(U41:AJ41) -> 12 | AL41: =SUM(T41,AK41) -> 24
A42: ='[2]2.0WS'!A42 -> SRO MADURAI TOTAL | C42: =SUM(C38:C41) -> 4 | D42: =SUM(D38:D41) -> 0 | E42: =SUM(E38:E41) -> 8 | F42: =SUM(F38:F41) -> 8 | G42: =SUM(G38:G41) -> 0 | H42: =SUM(H38:H41) -> 4 | I42: =SUM(I38:I41) -> 0 | J42: =SUM(J38:J41) -> 0 | ... S42: =SUM(S38:S41) -> 8 | T42: =SUM(C42:S42) -> 48 | U42: =SUM(U38:U41) -> 8 | V42: =SUM(V38:V41) -> 8 | W42: =SUM(W38:W41) -> 0 | X42: =SUM(X38:X41) -> 4 | Y42: =SUM(Y38:Y41) -> 0 | Z42: =SUM(Z38:Z41) -> 0 | AA42: =SUM(AA38:AA41) -> 0 | AB42: =SUM(AB38:AB41) -> 4 | ... AJ42: =SUM(AJ38:AJ41) -> 8 | AK42: =SUM(U42:AJ42) -> 48 | AL42: =SUM(T42,AK42) -> 96
A43: ='[2]2.0WS'!A43 -> 19 | B43: ='[2]2.0WS'!B43 -> NAGAPATTINAM | C43: ='[2]2.0WP'!C43 | D43: ='[2]2.0WP'!D43 | E43: ='[2]2.0WP'!E43 -> 4 | F43: ='[2]2.0WP'!F43 | G43: ='[2]2.0WP'!G43 | H43: ='[2]2.0WP'!H43 | I43: ='[2]2.0WP'!I43 | J43: ='[2]2.0WP'!J43 | ... S43: ='[2]2.0WP'!S43 | T43: =SUM(C43:S43) -> 4 | U43: ='[2]2.0WP'!U43 | V43: ='[2]2.0WP'!V43 | W43: ='[2]2.0WP'!W43 | X43: ='[2]2.0WP'!X43 | Y43: ='[2]2.0WP'!Y43 | Z43: ='[2]2.0WP'!Z43 | AA43: ='[2]2.0WP'!AA43 | AB43: ='[2]2.0WP'!AB43 -> 4 | ... AJ43: ='[2]2.0WP'!AJ43 | AK43: =SUM(U43:AJ43) -> 4 | AL43: =SUM(T43,AK43) -> 8
A44: ='[2]2.0WS'!A44 -> 20 | B44: ='[2]2.0WS'!B44 -> THIRUVARUR | C44: ='[2]2.0WP'!C44 -> 4 | D44: ='[2]2.0WP'!D44 | E44: ='[2]2.0WP'!E44 -> 6 | F44: ='[2]2.0WP'!F44 | G44: ='[2]2.0WP'!G44 | H44: ='[2]2.0WP'!H44 | I44: ='[2]2.0WP'!I44 | J44: ='[2]2.0WP'!J44 | ... S44: ='[2]2.0WP'!S44 | T44: =SUM(C44:S44) -> 10 | U44: ='[2]2.0WP'!U44 -> 0 | V44: ='[2]2.0WP'!V44 | W44: ='[2]2.0WP'!W44 | X44: ='[2]2.0WP'!X44 | Y44: ='[2]2.0WP'!Y44 -> 0 | Z44: ='[2]2.0WP'!Z44 -> 4 | AA44: ='[2]2.0WP'!AA44 -> 8 | AB44: ='[2]2.0WP'!AB44 -> 8 | ... AJ44: ='[2]2.0WP'!AJ44 -> 4 | AK44: =SUM(U44:AJ44) -> 28 | AL44: =SUM(T44,AK44) -> 38
A45: ='[2]2.0WS'!A45 -> 21 | B45: ='[2]2.0WS'!B45 -> THANJAVUR | C45: ='[2]2.0WP'!C45 -> 4 | D45: ='[2]2.0WP'!D45 | E45: ='[2]2.0WP'!E45 -> 4 | F45: ='[2]2.0WP'!F45 | G45: ='[2]2.0WP'!G45 | H45: ='[2]2.0WP'!H45 | I45: ='[2]2.0WP'!I45 | J45: ='[2]2.0WP'!J45 | ... S45: ='[2]2.0WP'!S45 | T45: =SUM(C45:S45) -> 12 | U45: ='[2]2.0WP'!U45 -> 4 | V45: ='[2]2.0WP'!V45 | W45: ='[2]2.0WP'!W45 | X45: ='[2]2.0WP'!X45 | Y45: ='[2]2.0WP'!Y45 -> 4 | Z45: ='[2]2.0WP'!Z45 -> 4 | AA45: ='[2]2.0WP'!AA45 | AB45: ='[2]2.0WP'!AB45 -> 4 | ... AJ45: ='[2]2.0WP'!AJ45 | AK45: =SUM(U45:AJ45) -> 28 | AL45: =SUM(T45,AK45) -> 40
A46: ='[2]2.0WS'!A46 -> 22 | B46: ='[2]2.0WS'!B46 -> PUDUKKOTTAI | C46: ='[2]2.0WP'!C46 | D46: ='[2]2.0WP'!D46 | E46: ='[2]2.0WP'!E46 | F46: ='[2]2.0WP'!F46 | G46: ='[2]2.0WP'!G46 | H46: ='[2]2.0WP'!H46 | I46: ='[2]2.0WP'!I46 | J46: ='[2]2.0WP'!J46 | ... S46: ='[2]2.0WP'!S46 | T46: =SUM(C46:S46) -> 0 | U46: ='[2]2.0WP'!U46 | V46: ='[2]2.0WP'!V46 | W46: ='[2]2.0WP'!W46 | X46: ='[2]2.0WP'!X46 | Y46: ='[2]2.0WP'!Y46 | Z46: ='[2]2.0WP'!Z46 | AA46: ='[2]2.0WP'!AA46 | AB46: ='[2]2.0WP'!AB46 | ... AJ46: ='[2]2.0WP'!AJ46 | AK46: =SUM(U46:AJ46) -> 0 | AL46: =SUM(T46,AK46) -> 0
A47: ='[2]2.0WS'!A47 -> SRO THANJAVUR TOTAL | C47: =SUM(C43:C46) -> 8 | D47: =SUM(D43:D46) -> 0 | E47: =SUM(E43:E46) -> 14 | F47: =SUM(F43:F46) -> 0 | G47: =SUM(G43:G46) -> 0 | H47: =SUM(H43:H46) -> 0 | I47: =SUM(I43:I46) -> 0 | J47: =SUM(J43:J46) -> 0 | ... S47: =SUM(S43:S46) -> 0 | T47: =SUM(C47:S47) -> 26 | U47: =SUM(U43:U46) -> 4 | V47: =SUM(V43:V46) -> 0 | W47: =SUM(W43:W46) -> 0 | X47: =SUM(X43:X46) -> 0 | Y47: =SUM(Y43:Y46) -> 4 | Z47: =SUM(Z43:Z46) -> 8 | AA47: =SUM(AA43:AA46) -> 8 | AB47: =SUM(AB43:AB46) -> 16 | ... AJ47: =SUM(AJ43:AJ46) -> 4 | AK47: =SUM(U47:AJ47) -> 60 | AL47: =SUM(T47,AK47) -> 86
A48: ='[2]2.0WS'!A48 -> 28 | B48: ='[2]2.0WS'!B48 -> THOOTHUKUDI | C48: ='[2]2.0WP'!C48 | D48: ='[2]2.0WP'!D48 | E48: ='[2]2.0WP'!E48 | F48: ='[2]2.0WP'!F48 | G48: ='[2]2.0WP'!G48 | H48: ='[2]2.0WP'!H48 | I48: ='[2]2.0WP'!I48 | J48: ='[2]2.0WP'!J48 | ... S48: ='[2]2.0WP'!S48 | T48: =SUM(C48:S48) -> 0 | U48: ='[2]2.0WP'!U48 -> 4 | V48: ='[2]2.0WP'!V48 -> 4 | W48: ='[2]2.0WP'!W48 | X48: ='[2]2.0WP'!X48 | Y48: ='[2]2.0WP'!Y48 | Z48: ='[2]2.0WP'!Z48 -> 4 | AA48: ='[2]2.0WP'!AA48 | AB48: ='[2]2.0WP'!AB48 -> 8 | ... AJ48: ='[2]2.0WP'!AJ48 | AK48: =SUM(U48:AJ48) -> 34 | AL48: =SUM(T48,AK48) -> 34
A49: ='[2]2.0WS'!A49 -> 29 | B49: ='[2]2.0WS'!B49 -> TIRUNELVELI | C49: ='[2]2.0WP'!C49 | D49: ='[2]2.0WP'!D49 | E49: ='[2]2.0WP'!E49 -> 4 | F49: ='[2]2.0WP'!F49 | G49: ='[2]2.0WP'!G49 | H49: ='[2]2.0WP'!H49 | I49: ='[2]2.0WP'!I49 | J49: ='[2]2.0WP'!J49 | ... S49: ='[2]2.0WP'!S49 | T49: =SUM(C49:S49) -> 4 | U49: ='[2]2.0WP'!U49 | V49: ='[2]2.0WP'!V49 | W49: ='[2]2.0WP'!W49 | X49: ='[2]2.0WP'!X49 | Y49: ='[2]2.0WP'!Y49 | Z49: ='[2]2.0WP'!Z49 | AA49: ='[2]2.0WP'!AA49 | AB49: ='[2]2.0WP'!AB49 | ... AJ49: ='[2]2.0WP'!AJ49 | AK49: =SUM(U49:AJ49) -> 0 | AL49: =SUM(T49,AK49) -> 4
A50: ='[2]2.0WS'!A50 -> 30 | B50: ='[2]2.0WS'!B50 -> KANNIYAKUMARI | C50: ='[2]2.0WP'!C50 | D50: ='[2]2.0WP'!D50 | E50: ='[2]2.0WP'!E50 | F50: ='[2]2.0WP'!F50 | G50: ='[2]2.0WP'!G50 | H50: ='[2]2.0WP'!H50 | I50: ='[2]2.0WP'!I50 | J50: ='[2]2.0WP'!J50 | ... S50: ='[2]2.0WP'!S50 | T50: =SUM(C50:S50) -> 0 | U50: ='[2]2.0WP'!U50 | V50: ='[2]2.0WP'!V50 | W50: ='[2]2.0WP'!W50 | X50: ='[2]2.0WP'!X50 | Y50: ='[2]2.0WP'!Y50 | Z50: ='[2]2.0WP'!Z50 | AA50: ='[2]2.0WP'!AA50 | AB50: ='[2]2.0WP'!AB50 | ... AJ50: ='[2]2.0WP'!AJ50 | AK50: =SUM(U50:AJ50) -> 0 | AL50: =SUM(T50,AK50) -> 0
A51: ='[2]2.0WS'!A51 -> 37 | B51: ='[2]2.0WS'!B51 -> TENKASI | C51: ='[2]2.0WP'!C51 -> 4 | D51: ='[2]2.0WP'!D51 | E51: ='[2]2.0WP'!E51 -> 4 | F51: ='[2]2.0WP'!F51 | G51: ='[2]2.0WP'!G51 | H51: ='[2]2.0WP'!H51 | I51: ='[2]2.0WP'!I51 | J51: ='[2]2.0WP'!J51 | ... S51: ='[2]2.0WP'!S51 | T51: =SUM(C51:S51) -> 12 | U51: ='[2]2.0WP'!U51 | V51: ='[2]2.0WP'!V51 | W51: ='[2]2.0WP'!W51 | X51: ='[2]2.0WP'!X51 | Y51: ='[2]2.0WP'!Y51 | Z51: ='[2]2.0WP'!Z51 -> 4 | AA51: ='[2]2.0WP'!AA51 | AB51: ='[2]2.0WP'!AB51 -> 4 | ... AJ51: ='[2]2.0WP'!AJ51 | AK51: =SUM(U51:AJ51) -> 12 | AL51: =SUM(T51,AK51) -> 24
A52: ='[2]2.0WS'!A52 -> SRO TIRUNELVELI TOTAL | C52: =SUM(C48:C51) -> 4 | D52: =SUM(D48:D51) -> 0 | E52: =SUM(E48:E51) -> 8 | F52: =SUM(F48:F51) -> 0 | G52: =SUM(G48:G51) -> 0 | H52: =SUM(H48:H51) -> 0 | I52: =SUM(I48:I51) -> 0 | J52: =SUM(J48:J51) -> 0 | ... S52: =SUM(S48:S51) -> 0 | T52: =SUM(C52:S52) -> 16 | U52: =SUM(U48:U51) -> 4 | V52: =SUM(V48:V51) -> 4 | W52: =SUM(W48:W51) -> 0 | X52: =SUM(X48:X51) -> 0 | Y52: =SUM(Y48:Y51) -> 0 | Z52: =SUM(Z48:Z51) -> 8 | AA52: =SUM(AA48:AA51) -> 0 | AB52: =SUM(AB48:AB51) -> 12 | ... AJ52: =SUM(AJ48:AJ51) -> 0 | AK52: =SUM(U52:AJ52) -> 46 | AL52: =SUM(T52,AK52) -> 62
A53: ='[2]2.0WS'!A53 -> 26 | B53: ='[2]2.0WS'!B53 -> VIRUDHUNAGAR | C53: ='[2]2.0WP'!C53 | D53: ='[2]2.0WP'!D53 | E53: ='[2]2.0WP'!E53 | F53: ='[2]2.0WP'!F53 | G53: ='[2]2.0WP'!G53 | H53: ='[2]2.0WP'!H53 | I53: ='[2]2.0WP'!I53 | J53: ='[2]2.0WP'!J53 -> 4 | ... S53: ='[2]2.0WP'!S53 -> 4 | T53: =SUM(C53:S53) -> 12 | U53: ='[2]2.0WP'!U53 -> 4 | V53: ='[2]2.0WP'!V53 -> 4 | W53: ='[2]2.0WP'!W53 | X53: ='[2]2.0WP'!X53 -> 0 | Y53: ='[2]2.0WP'!Y53 | Z53: ='[2]2.0WP'!Z53 | AA53: ='[2]2.0WP'!AA53 | AB53: ='[2]2.0WP'!AB53 -> 0 | ... AJ53: ='[2]2.0WP'!AJ53 -> 4 | AK53: =SUM(U53:AJ53) -> 26 | AL53: =SUM(T53,AK53) -> 38
A54: ='[2]2.0WS'!A54 -> 27 | B54: ='[2]2.0WS'!B54 -> RAMANATHAPURAM | C54: ='[2]2.0WP'!C54 | D54: ='[2]2.0WP'!D54 -> 4 | E54: ='[2]2.0WP'!E54 | F54: ='[2]2.0WP'!F54 | G54: ='[2]2.0WP'!G54 | H54: ='[2]2.0WP'!H54 | I54: ='[2]2.0WP'!I54 | J54: ='[2]2.0WP'!J54 | ... S54: ='[2]2.0WP'!S54 | T54: =SUM(C54:S54) -> 4 | U54: ='[2]2.0WP'!U54 | V54: ='[2]2.0WP'!V54 | W54: ='[2]2.0WP'!W54 | X54: ='[2]2.0WP'!X54 -> 4 | Y54: ='[2]2.0WP'!Y54 | Z54: ='[2]2.0WP'!Z54 -> 4 | AA54: ='[2]2.0WP'!AA54 | AB54: ='[2]2.0WP'!AB54 | ... AJ54: ='[2]2.0WP'!AJ54 | AK54: =SUM(U54:AJ54) -> 20 | AL54: =SUM(T54,AK54) -> 24
A55: ='[2]2.0WS'!A55 -> SRO VIRUDHNAGAR TOTAL | C55: =SUM(C53:C54) -> 0 | D55: =SUM(D53:D54) -> 4 | E55: =SUM(E53:E54) -> 0 | F55: =SUM(F53:F54) -> 0 | G55: =SUM(G53:G54) -> 0 | H55: =SUM(H53:H54) -> 0 | I55: =SUM(I53:I54) -> 0 | J55: =SUM(J53:J54) -> 4 | ... S55: =SUM(S53:S54) -> 4 | T55: =SUM(C55:S55) -> 16 | U55: =SUM(U53:U54) -> 4 | V55: =SUM(V53:V54) -> 4 | W55: =SUM(W53:W54) -> 0 | X55: =SUM(X53:X54) -> 4 | Y55: =SUM(Y53:Y54) -> 0 | Z55: =SUM(Z53:Z54) -> 4 | AA55: =SUM(AA53:AA54) -> 0 | AB55: =SUM(AB53:AB54) -> 0 | ... AJ55: =SUM(AJ53:AJ54) -> 4 | AK55: =SUM(U55:AJ55) -> 46 | AL55: =SUM(T55,AK55) -> 62
A56: ='[2]2.0WS'!A56 -> RO MADURAI TOTAL | C56: =SUM(C55,C52,C47,C42) -> 16 | D56: =SUM(D55,D52,D47,D42) -> 4 | E56: =SUM(E55,E52,E47,E42) -> 30 | F56: =SUM(F55,F52,F47,F42) -> 8 | G56: =SUM(G55,G52,G47,G42) -> 0 | H56: =SUM(H55,H52,H47,H42) -> 4 | I56: =SUM(I55,I52,I47,I42) -> 0 | J56: =SUM(J55,J52,J47,J42) -> 4 | ... S56: =SUM(S55,S52,S47,S42) -> 12 | T56: =SUM(C56:S56) -> 106 | U56: =SUM(U55,U52,U47,U42) -> 20 | V56: =SUM(V55,V52,V47,V42) -> 16 | W56: =SUM(W55,W52,W47,W42) -> 0 | X56: =SUM(X55,X52,X47,X42) -> 8 | Y56: =SUM(Y55,Y52,Y47,Y42) -> 4 | Z56: =SUM(Z55,Z52,Z47,Z42) -> 20 | AA56: =SUM(AA55,AA52,AA47,AA42) -> 8 | AB56: =SUM(AB55,AB52,AB47,AB42) -> 32 | ... AJ56: =SUM(AJ55,AJ52,AJ47,AJ42) -> 16 | AK56: =SUM(U56:AJ56) -> 200 | AL56: =SUM(T56,AK56) -> 306
A57: ='[2]2.0WS'!A57 -> STATE TOTAL | C57: =SUM(C56,C37,C23) -> 40 | D57: =SUM(D56,D37,D23) -> 4 | E57: =SUM(E56,E37,E23) -> 56 | F57: =SUM(F56,F37,F23) -> 36 | G57: =SUM(G56,G37,G23) -> 4 | H57: =SUM(H56,H37,H23) -> 32 | I57: =SUM(I56,I37,I23) -> 8 | J57: =SUM(J56,J37,J23) -> 24 | ... S57: =SUM(S56,S37,S23) -> 40 | T57: =SUM(C57:S57) -> 420 | U57: =SUM(U56,U37,U23) -> 40 | V57: =SUM(V56,V37,V23) -> 30 | W57: =SUM(W56,W37,W23) -> 10 | X57: =SUM(X56,X37,X23) -> 8 | Y57: =SUM(Y56,Y37,Y23) -> 32 | Z57: =SUM(Z56,Z37,Z23) -> 32 | AA57: =SUM(AA56,AA37,AA23) -> 8 | AB57: =SUM(AB56,AB37,AB23) -> 36 | ... AJ57: =SUM(AJ56,AJ37,AJ23) -> 20 | AK57: =SUM(U57:AJ57) -> 360 | AL57: =SUM(T57,AK57) -> 780

Sheet 2.0WP - DIFF
A1: DIFFERENCE IN CENTRAL & STATE (CENTRAL - STATE) WORK PROGRAMME FOR AS2.0 OF TAMIL NADU BASED ON CES PLANNING 2026-27
C2: KHARIF | U2: RABI | AL2: GRAND TOTAL
C3: PAD | D3: PAD-II | F3: JWAR | H3: BJRA | J3: MAIZE | L3: GNUT | N3: GNGL | P3: RGRM | Q3: COTT | S3: SCAN | T3: TOTAL | U3: PAD | V3: JWAR | X3: GNUT | Z3: BGRM | AB3: GGRM | AD3: GNGL | AF3: BJRA | AH3: HGRM | AI3: COTT | AK3: TOTAL
C4: I | U4: III
A5: D_CD | B5: DIST_NM | C5: IR | D5: UI | E5: IR | F5: UI | G5: IR | H5: UI | I5: IR | J5: UI | K5: IR | L5: UI | M5: IR | N5: UI | O5: IR | P5: UI | Q5: UI | R5: IR | U5: IR | V5: UI | W5: IR | X5: UI | Y5: IR | Z5: UI | AA5: IR | AB5: UI | AC5: IR | AD5: UI | AE5: IR | AF5: UI | AG5: IR | AH5: UI | AI5: UI | AJ5: IR
A6: ='[1]2.0WS'!A6 -> 10 | B6: ='[1]2.0WS'!B6 -> ERODE | C6: =IF(_xlfn.NUMBERVALUE('2.0WP - Cen'!C6)-_xlfn.NUMBERVALUE('2.0WP - State'!C6)=0,"",_xlfn.NUMBERVALUE('2.0WP - Cen'!C6)-_xlfn.NUMBERVALUE('2.0WP - State'!C6)) | D6: =IF(_xlfn.NUMBERVALUE('2.0WP - Cen'!D6)-_xlfn.NUMBERVALUE('2.0WP - State'!D6)=0,"",_xlfn.NUMBERVALUE('2.0WP - Cen'!D6)-_xlfn.NUMBERVALUE('2.0WP - State'!D6)) | E6: =IF(_xlfn.NUMBERVALUE('2.0WP - Cen'!E6)-_xlfn.NUMBERVALUE('2.0WP - State'!E6)=0,"",_xlfn.NUMBERVALUE('2.0WP - Cen'!E6)-_xlfn.NUMBERVALUE('2.0WP - State'!E6)) | F6: =IF(_xlfn.NUMBERVALUE('2.0WP - Cen'!F6)-_xlfn.NUMBERVALUE('2.0WP - State'!F6)=0,"",_xlfn.NUMBERVALUE('2.0WP - Cen'!F6)-_xlfn.NUMBERVALUE('2.0WP - State'!F6)) | G6: =IF(_xlfn.NUMBERVALUE('2.0WP - Cen'!G6)-_xlfn.NUMBERVALUE('2.0WP - State'!G6)=0,"",_xlfn.NUMBERVALUE('2.0WP - Cen'!G6)-_xlfn.NUMBERVALUE('2.0WP - State'!G6)) | H6: =IF(_xlfn.NUMBERVALUE('2.0WP - Cen'!H6)-_xlfn.NUMBERVALUE('2.0WP - State'!H6)=0,"",_xlfn.NUMBERVALUE('2.0WP - Cen'!H6)-_xlfn.NUMBERVALUE('2.0WP - State'!H6)) | I6: =IF(_xlfn.NUMBERVALUE('2.0WP - Cen'!I6)-_xlfn.NUMBERVALUE('2.0WP - State'!I6)=0,"",_xlfn.NUMBERVALUE('2.0WP - Cen'!I6)-_xlfn.NUMBERVALUE('2.0WP - State'!I6)) | J6: =IF(_xlfn.NUMBERVALUE('2.0WP - Cen'!J6)-_xlfn.NUMBERVALUE('2.0WP - State'!J6)=0,"",_xlfn.NUMBERVALUE('2.0WP - Cen'!J6)-_xlfn.NUMBERVALUE('2.0WP - State'!J6)) -> 2 | ... S6: =IF(_xlfn.NUMBERVALUE('2.0WP - Cen'!S6)-_xlfn.NUMBERVALUE('2.0WP - State'!S6)=0,"",_xlfn.NUMBERVALUE('2.0WP - Cen'!S6)-_xlfn.NUMBERVALUE('2.0WP - State'!S6)) -> 2 | T6: =SUM(C6:S6) -> 14 | U6: =IF(_xlfn.NUMBERVALUE('2.0WP - Cen'!U6)-_xlfn.NUMBERVALUE('2.0WP - State'!U6)=0,"",_xlfn.NUMBERVALUE('2.0WP - Cen'!U6)-_xlfn.NUMBERVALUE('2.0WP - State'!U6)) | V6: =IF(_xlfn.NUMBERVALUE('2.0WP - Cen'!V6)-_xlfn.NUMBERVALUE('2.0WP - State'!V6)=0,"",_xlfn.NUMBERVALUE('2.0WP - Cen'!V6)-_xlfn.NUMBERVALUE('2.0WP - State'!V6)) | W6: =IF(_xlfn.NUMBERVALUE('2.0WP - Cen'!W6)-_xlfn.NUMBERVALUE('2.0WP - State'!W6)=0,"",_xlfn.NUMBERVALUE('2.0WP - Cen'!W6)-_xlfn.NUMBERVALUE('2.0WP - State'!W6)) | X6: =IF(_xlfn.NUMBERVALUE('2.0WP - Cen'!X6)-_xlfn.NUMBERVALUE('2.0WP - State'!X6)=0,"",_xlfn.NUMBERVALUE('2.0WP - Cen'!X6)-_xlfn.NUMBERVALUE('2.0WP - State'!X6)) | Y6: =IF(_xlfn.NUMBERVALUE('2.0WP - Cen'!Y6)-_xlfn.NUMBERVALUE('2.0WP - State'!Y6)=0,"",_xlfn.NUMBERVALUE('2.0WP - Cen'!Y6)-_xlfn.NUMBERVALUE('2.0WP - State'!Y6)) | Z6: =IF(_xlfn.NUMBERVALUE('2.0WP - Cen'!Z6)-_xlfn.NUMBERVALUE('2.0WP - State'!Z6)=0,"",_xlfn.NUMBERVALUE('2.0WP - Cen'!Z6)-_xlfn.NUMBERVALUE('2.0WP - State'!Z6)) | AA6: =IF(_xlfn.NUMBERVALUE('2.0WP - Cen'!AA6)-_xlfn.NUMBERVALUE('2.0WP - State'!AA6)=0,"",_xlfn.NUMBERVALUE('2.0WP - Cen'!AA6)-_xlfn.NUMBERVALUE('2.0WP - State'!AA6)) | AB6: =IF(_xlfn.NUMBERVALUE('2.0WP - Cen'!AB6)-_xlfn.NUMBERVALUE('2.0WP - State'!AB6)=0,"",_xlfn.NUMBERVALUE('2.0WP - Cen'!AB6)-_xlfn.NUMBERVALUE('2.0WP - State'!AB6)) | ... AJ6: =IF(_xlfn.NUMBERVALUE('2.0WP - Cen'!AJ6)-_xlfn.NUMBERVALUE('2.0WP - State'!AJ6)=0,"",_xlfn.NUMBERVALUE('2.0WP - Cen'!AJ6)-_xlfn.NUMBERVALUE('2.0WP - State'!AJ6)) | AK6: =SUM(U6:AJ6) -> 2 | AL6: =SUM(T6,AK6) -> 16
A7: ='[1]2.0WS'!A7 -> 11 | B7: ='[1]2.0WS'!B7 -> THE NILGIRIS | C7: =IF(_xlfn.NUMBERVALUE('2.0WP - Cen'!C7)-_xlfn.NUMBERVALUE('2.0WP - State'!C7)=0,"",_xlfn.NUMBERVALUE('2.0WP - Cen'!C7)-_xlfn.NUMBERVALUE('2.0WP - State'!C7)) | D7: =IF(_xlfn.NUMBERVALUE('2.0WP - Cen'!D7)-_xlfn.NUMBERVALUE('2.0WP - State'!D7)=0,"",_xlfn.NUMBERVALUE('2.0WP - Cen'!D7)-_xlfn.NUMBERVALUE('2.0WP - State'!D7)) | E7: =IF(_xlfn.NUMBERVALUE('2.0WP - Cen'!E7)-_xlfn.NUMBERVALUE('2.0WP - State'!E7)=0,"",_xlfn.NUMBERVALUE('2.0WP - Cen'!E7)-_xlfn.NUMBERVALUE('2.0WP - State'!E7)) | F7: =IF(_xlfn.NUMBERVALUE('2.0WP - Cen'!F7)-_xlfn.NUMBERVALUE('2.0WP - State'!F7)=0,"",_xlfn.NUMBERVALUE('2.0WP - Cen'!F7)-_xlfn.NUMBERVALUE('2.0WP - State'!F7)) | G7: =IF(_xlfn.NUMBERVALUE('2.0WP - Cen'!G7)-_xlfn.NUMBERVALUE('2.0WP - State'!G7)=0,"",_xlfn.NUMBERVALUE('2.0WP - Cen'!G7)-_xlfn.NUMBERVALUE('2.0WP - State'!G7)) | H7: =IF(_xlfn.NUMBERVALUE('2.0WP - Cen'!H7)-_xlfn.NUMBERVALUE('2.0WP - State'!H7)=0,"",_xlfn.NUMBERVALUE('2.0WP - Cen'!H7)-_xlfn.NUMBERVALUE('2.0WP - State'!H7)) | I7: =IF(_xlfn.NUMBERVALUE('2.0WP - Cen'!I7)-_xlfn.NUMBERVALUE('2.0WP - State'!I7)=0,"",_xlfn.NUMBERVALUE('2.0WP - Cen'!I7)-_xlfn.NUMBERVALUE('2.0WP - State'!I7)) | J7: =IF(_xlfn.NUMBERVALUE('2.0WP - Cen'!J7)-_xlfn.NUMBERVALUE('2.0WP - State'!J7)=0,"",_xlfn.NUMBERVALUE('2.0WP - Cen'!J7)-_xlfn.NUMBERVALUE('2.0WP - State'!J7)) | ... S7: =IF(_xlfn.NUMBERVALUE('2.0WP - Cen'!S7)-_xlfn.NUMBERVALUE('2.0WP - State'!S7)=0,"",_xlfn.NUMBERVALUE('2.0WP - Cen'!S7)-_xlfn.NUMBERVALUE('2.0WP - State'!S7)) | T7: =SUM(C7:S7) -> 0 | U7: =IF(_xlfn.NUMBERVALUE('2.0WP - Cen'!U7)-_xlfn.NUMBERVALUE('2.0WP - State'!U7)=0,"",_xlfn.NUMBERVALUE('2.0WP - Cen'!U7)-_xlfn.NUMBERVALUE('2.0WP - State'!U7)) | V7: =IF(_xlfn.NUMBERVALUE('2.0WP - Cen'!V7)-_xlfn.NUMBERVALUE('2.0WP - State'!V7)=0,"",_xlfn.NUMBERVALUE('2.0WP - Cen'!V7)-_xlfn.NUMBERVALUE('2.0WP - State'!V7)) | W7: =IF(_xlfn.NUMBERVALUE('2.0WP - Cen'!W7)-_xlfn.NUMBERVALUE('2.0WP - State'!W7)=0,"",_xlfn.NUMBERVALUE('2.0WP - Cen'!W7)-_xlfn.NUMBERVALUE('2.0WP - State'!W7)) | X7: =IF(_xlfn.NUMBERVALUE('2.0WP - Cen'!X7)-_xlfn.NUMBERVALUE('2.0WP - State'!X7)=0,"",_xlfn.NUMBERVALUE('2.0WP - Cen'!X7)-_xlfn.NUMBERVALUE('2.0WP - State'!X7)) | Y7: =IF(_xlfn.NUMBERVALUE('2.0WP - Cen'!Y7)-_xlfn.NUMBERVALUE('2.0WP - State'!Y7)=0,"",_xlfn.NUMBERVALUE('2.0WP - Cen'!Y7)-_xlfn.NUMBERVALUE('2.0WP - State'!Y7)) | Z7: =IF(_xlfn.NUMBERVALUE('2.0WP - Cen'!Z7)-_xlfn.NUMBERVALUE('2.0WP - State'!Z7)=0,"",_xlfn.NUMBERVALUE('2.0WP - Cen'!Z7)-_xlfn.NUMBERVALUE('2.0WP - State'!Z7)) | AA7: =IF(_xlfn.NUMBERVALUE('2.0WP - Cen'!AA7)-_xlfn.NUMBERVALUE('2.0WP - State'!AA7)=0,"",_xlfn.NUMBERVALUE('2.0WP - Cen'!AA7)-_xlfn.NUMBERVALUE('2.0WP - State'!AA7)) | AB7: =IF(_xlfn.NUMBERVALUE('2.0WP - Cen'!AB7)-_xlfn.NUMBERVALUE('2.0WP - State'!AB7)=0,"",_xlfn.NUMBERVALUE('2.0WP - Cen'!AB7)-_xlfn.NUMBERVALUE('2.0WP - State'!AB7)) | ... AJ7: =IF(_xlfn.NUMBERVALUE('2.0WP - Cen'!AJ7)-_xlfn.NUMBERVALUE('2.0WP - State'!AJ7)=0,"",_xlfn.NUMBERVALUE('2.0WP - Cen'!AJ7)-_xlfn.NUMBERVALUE('2.0WP - State'!AJ7)) | AK7: =SUM(U7:AJ7) -> 0 | AL7: =SUM(T7,AK7) -> 0
A8: ='[1]2.0WS'!A8 -> 12 | B8: ='[1]2.0WS'!B8 -> COIMBATORE | C8: =IF(_xlfn.NUMBERVALUE('2.0WP - Cen'!C8)-_xlfn.NUMBERVALUE('2.0WP - State'!C8)=0,"",_xlfn.NUMBERVALUE('2.0WP - Cen'!C8)-_xlfn.NUMBERVALUE('2.0WP - State'!C8)) | D8: =IF(_xlfn.NUMBERVALUE('2.0WP - Cen'!D8)-_xlfn.NUMBERVALUE('2.0WP - State'!D8)=0,"",_xlfn.NUMBERVALUE('2.0WP - Cen'!D8)-_xlfn.NUMBERVALUE('2.0WP - State'!D8)) | E8: =IF(_xlfn.NUMBERVALUE('2.0WP - Cen'!E8)-_xlfn.NUMBERVALUE('2.0WP - State'!E8)=0,"",_xlfn.NUMBERVALUE('2.0WP - Cen'!E8)-_xlfn.NUMBERVALUE('2.0WP - State'!E8)) | F8: =IF(_xlfn.NUMBERVALUE('2.0WP - Cen'!F8)-_xlfn.NUMBERVALUE('2.0WP - State'!F8)=0,"",_xlfn.NUMBERVALUE('2.0WP - Cen'!F8)-_xlfn.NUMBERVALUE('2.0WP - State'!F8)) -> 2 | G8: =IF(_xlfn.NUMBERVALUE('2.0WP - Cen'!G8)-_xlfn.NUMBERVALUE('2.0WP - State'!G8)=0,"",_xlfn.NUMBERVALUE('2.0WP - Cen'!G8)-_xlfn.NUMBERVALUE('2.0WP - State'!G8)) | H8: =IF(_xlfn.NUMBERVALUE('2.0WP - Cen'!H8)-_xlfn.NUMBERVALUE('2.0WP - State'!H8)=0,"",_xlfn.NUMBERVALUE('2.0WP - Cen'!H8)-_xlfn.NUMBERVALUE('2.0WP - State'!H8)) | I8: =IF(_xlfn.NUMBERVALUE('2.0WP - Cen'!I8)-_xlfn.NUMBERVALUE('2.0WP - State'!I8)=0,"",_xlfn.NUMBERVALUE('2.0WP - Cen'!I8)-_xlfn.NUMBERVALUE('2.0WP - State'!I8)) | J8: =IF(_xlfn.NUMBERVALUE('2.0WP - Cen'!J8)-_xlfn.NUMBERVALUE('2.0WP - State'!J8)=0,"",_xlfn.NUMBERVALUE('2.0WP - Cen'!J8)-_xlfn.NUMBERVALUE('2.0WP - State'!J8)) | ... S8: =IF(_xlfn.NUMBERVALUE('2.0WP - Cen'!S8)-_xlfn.NUMBERVALUE('2.0WP - State'!S8)=0,"",_xlfn.NUMBERVALUE('2.0WP - Cen'!S8)-_xlfn.NUMBERVALUE('2.0WP - State'!S8)) | T8: =SUM(C8:S8) -> 2 | U8: =IF(_xlfn.NUMBERVALUE('2.0WP - Cen'!U8)-_xlfn.NUMBERVALUE('2.0WP - State'!U8)=0,"",_xlfn.NUMBERVALUE('2.0WP - Cen'!U8)-_xlfn.NUMBERVALUE('2.0WP - State'!U8)) | V8: =IF(_xlfn.NUMBERVALUE('2.0WP - Cen'!V8)-_xlfn.NUMBERVALUE('2.0WP - State'!V8)=0,"",_xlfn.NUMBERVALUE('2.0WP - Cen'!V8)-_xlfn.NUMBERVALUE('2.0WP - State'!V8)) -> 2 | W8: =IF(_xlfn.NUMBERVALUE('2.0WP - Cen'!W8)-_xlfn.NUMBERVALUE('2.0WP - State'!W8)=0,"",_xlfn.NUMBERVALUE('2.0WP - Cen'!W8)-_xlfn.NUMBERVALUE('2.0WP - State'!W8)) | X8: =IF(_xlfn.NUMBERVALUE('2.0WP - Cen'!X8)-_xlfn.NUMBERVALUE('2.0WP - State'!X8)=0,"",_xlfn.NUMBERVALUE('2.0WP - Cen'!X8)-_xlfn.NUMBERVALUE('2.0WP - State'!X8)) | Y8: =IF(_xlfn.NUMBERVALUE('2.0WP - Cen'!Y8)-_xlfn.NUMBERVALUE('2.0WP - State'!Y8)=0,"",_xlfn.NUMBERVALUE('2.0WP - Cen'!Y8)-_xlfn.NUMBERVALUE('2.0WP - State'!Y8)) | Z8: =IF(_xlfn.NUMBERVALUE('2.0WP - Cen'!Z8)-_xlfn.NUMBERVALUE('2.0WP - State'!Z8)=0,"",_xlfn.NUMBERVALUE('2.0WP - Cen'!Z8)-_xlfn.NUMBERVALUE('2.0WP - State'!Z8)) | AA8: =IF(_xlfn.NUMBERVALUE('2.0WP - Cen'!AA8)-_xlfn.NUMBERVALUE('2.0WP - State'!AA8)=0,"",_xlfn.NUMBERVALUE('2.0WP - Cen'!AA8)-_xlfn.NUMBERVALUE('2.0WP - State'!AA8)) | AB8: =IF(_xlfn.NUMBERVALUE('2.0WP - Cen'!AB8)-_xlfn.NUMBERVALUE('2.0WP - State'!AB8)=0,"",_xlfn.NUMBERVALUE('2.0WP - Cen'!AB8)-_xlfn.NUMBERVALUE('2.0WP - State'!AB8)) | ... AJ8: =IF(_xlfn.NUMBERVALUE('2.0WP - Cen'!AJ8)-_xlfn.NUMBERVALUE('2.0WP - State'!AJ8)=0,"",_xlfn.NUMBERVALUE('2.0WP - Cen'!AJ8)-_xlfn.NUMBERVALUE('2.0WP - State'!AJ8)) | AK8: =SUM(U8:AJ8) -> 2 | AL8: =SUM(T8,AK8) -> 4
A9: ='[1]2.0WS'!A9 -> 32 | B9: ='[1]2.0WS'!B9 -> TIRUPPUR | C9: =IF(_xlfn.NUMBERVALUE('2.0WP - Cen'!C9)-_xlfn.NUMBERVALUE('2.0WP - State'!C9)=0,"",_xlfn.NUMBERVALUE('2.0WP - Cen'!C9)-_xlfn.NUMBERVALUE('2.0WP - State'!C9)) | D9: =IF(_xlfn.NUMBERVALUE('2.0WP - Cen'!D9)-_xlfn.NUMBERVALUE('2.0WP - State'!D9)=0,"",_xlfn.NUMBERVALUE('2.0WP - Cen'!D9)-_xlfn.NUMBERVALUE('2.0WP - State'!D9)) | E9: =IF(_xlfn.NUMBERVALUE('2.0WP - Cen'!E9)-_xlfn.NUMBERVALUE('2.0WP - State'!E9)=0,"",_xlfn.NUMBERVALUE('2.0WP - Cen'!E9)-_xlfn.NUMBERVALUE('2.0WP - State'!E9)) | F9: =IF(_xlfn.NUMBERVALUE('2.0WP - Cen'!F9)-_xlfn.NUMBERVALUE('2.0WP - State'!F9)=0,"",_xlfn.NUMBERVALUE('2.0WP - Cen'!F9)-_xlfn.NUMBERVALUE('2.0WP - State'!F9)) | G9: =IF(_xlfn.NUMBERVALUE('2.0WP - Cen'!G9)-_xlfn.NUMBERVALUE('2.0WP - State'!G9)=0,"",_xlfn.NUMBERVALUE('2.0WP - Cen'!G9)-_xlfn.NUMBERVALUE('2.0WP - State'!G9)) | H9: =IF(_xlfn.NUMBERVALUE('2.0WP - Cen'!H9)-_xlfn.NUMBERVALUE('2.0WP - State'!H9)=0,"",_xlfn.NUMBERVALUE('2.0WP - Cen'!H9)-_xlfn.NUMBERVALUE('2.0WP - State'!H9)) | I9: =IF(_xlfn.NUMBERVALUE('2.0WP - Cen'!I9)-_xlfn.NUMBERVALUE('2.0WP - State'!I9)=0,"",_xlfn.NUMBERVALUE('2.0WP - Cen'!I9)-_xlfn.NUMBERVALUE('2.0WP - State'!I9)) | J9: =IF(_xlfn.NUMBERVALUE('2.0WP - Cen'!J9)-_xlfn.NUMBERVALUE('2.0WP - State'!J9)=0,"",_xlfn.NUMBERVALUE('2.0WP - Cen'!J9)-_xlfn.NUMBERVALUE('2.0WP - State'!J9)) | ... S9: =IF(_xlfn.NUMBERVALUE('2.0WP - Cen'!S9)-_xlfn.NUMBERVALUE('2.0WP - State'!S9)=0,"",_xlfn.NUMBERVALUE('2.0WP - Cen'!S9)-_xlfn.NUMBERVALUE('2.0WP - State'!S9)) | T9: =SUM(C9:S9) -> 0 | U9: =IF(_xlfn.NUMBERVALUE('2.0WP - Cen'!U9)-_xlfn.NUMBERVALUE('2.0WP - State'!U9)=0,"",_xlfn.NUMBERVALUE('2.0WP - Cen'!U9)-_xlfn.NUMBERVALUE('2.0WP - State'!U9)) | V9: =IF(_xlfn.NUMBERVALUE('2.0WP - Cen'!V9)-_xlfn.NUMBERVALUE('2.0WP - State'!V9)=0,"",_xlfn.NUMBERVALUE('2.0WP - Cen'!V9)-_xlfn.NUMBERVALUE('2.0WP - State'!V9)) | W9: =IF(_xlfn.NUMBERVALUE('2.0WP - Cen'!W9)-_xlfn.NUMBERVALUE('2.0WP - State'!W9)=0,"",_xlfn.NUMBERVALUE('2.0WP - Cen'!W9)-_xlfn.NUMBERVALUE('2.0WP - State'!W9)) | X9: =IF(_xlfn.NUMBERVALUE('2.0WP - Cen'!X9)-_xlfn.NUMBERVALUE('2.0WP - State'!X9)=0,"",_xlfn.NUMBERVALUE('2.0WP - Cen'!X9)-_xlfn.NUMBERVALUE('2.0WP - State'!X9)) | Y9: =IF(_xlfn.NUMBERVALUE('2.0WP - Cen'!Y9)-_xlfn.NUMBERVALUE('2.0WP - State'!Y9)=0,"",_xlfn.NUMBERVALUE('2.0WP - Cen'!Y9)-_xlfn.NUMBERVALUE('2.0WP - State'!Y9)) | Z9: =IF(_xlfn.NUMBERVALUE('2.0WP - Cen'!Z9)-_xlfn.NUMBERVALUE('2.0WP - State'!Z9)=0,"",_xlfn.NUMBERVALUE('2.0WP - Cen'!Z9)-_xlfn.NUMBERVALUE('2.0WP - State'!Z9)) | AA9: =IF(_xlfn.NUMBERVALUE('2.0WP - Cen'!AA9)-_xlfn.NUMBERVALUE('2.0WP - State'!AA9)=0,"",_xlfn.NUMBERVALUE('2.0WP - Cen'!AA9)-_xlfn.NUMBERVALUE('2.0WP - State'!AA9)) | AB9: =IF(_xlfn.NUMBERVALUE('2.0WP - Cen'!AB9)-_xlfn.NUMBERVALUE('2.0WP - State'!AB9)=0,"",_xlfn.NUMBERVALUE('2.0WP - Cen'!AB9)-_xlfn.NUMBERVALUE('2.0WP - State'!AB9)) | ... AJ9: =IF(_xlfn.NUMBERVALUE('2.0WP - Cen'!AJ9)-_xlfn.NUMBERVALUE('2.0WP - State'!AJ9)=0,"",_xlfn.NUMBERVALUE('2.0WP - Cen'!AJ9)-_xlfn.NUMBERVALUE('2.0WP - State'!AJ9)) | AK9: =SUM(U9:AJ9) -> 0 | AL9: =SUM(T9,AK9) -> 0
A10: ='[1]2.0WS'!A10 -> SRO COIMBATORE TOTAL | C10: =SUM(C6:C9) -> 0 | D10: =SUM(D6:D9) -> 0 | E10: =SUM(E6:E9) -> 0 | F10: =SUM(F6:F9) -> 2 | G10: =SUM(G6:G9) -> 0 | H10: =SUM(H6:H9) -> 0 | I10: =SUM(I6:I9) -> 0 | J10: =SUM(J6:J9) -> 2 | ... S10: =SUM(S6:S9) -> 2 | T10: =SUM(C10:S10) -> 16 | U10: =SUM(U6:U9) -> 0 | V10: =SUM(V6:V9) -> 2 | W10: =SUM(W6:W9) -> 0 | X10: =SUM(X6:X9) -> 0 | Y10: =SUM(Y6:Y9) -> 0 | Z10: =SUM(Z6:Z9) -> 0 | AA10: =SUM(AA6:AA9) -> 0 | AB10: =SUM(AB6:AB9) -> 0 | ... AJ10: =SUM(AJ6:AJ9) -> 0 | AK10: =SUM(U10:AJ10) -> 4 | AL10: =SUM(T10,AK10) -> 20
A11: ='[1]2.0WS'!A11 -> 05 | B11: ='[1]2.0WS'!B11 -> DHARMAPURI | C11: =IF(_xlfn.NUMBERVALUE('2.0WP - Cen'!C11)-_xlfn.NUMBERVALUE('2.0WP - State'!C11)=0,"",_xlfn.NUMBERVALUE('2.0WP - Cen'!C11)-_xlfn.NUMBERVALUE('2.0WP - State'!C11)) | D11: =IF(_xlfn.NUMBERVALUE('2.0WP - Cen'!D11)-_xlfn.NUMBERVALUE('2.0WP - State'!D11)=0,"",_xlfn.NUMBERVALUE('2.0WP - Cen'!D11)-_xlfn.NUMBERVALUE('2.0WP - State'!D11)) | E11: =IF(_xlfn.NUMBERVALUE('2.0WP - Cen'!E11)-_xlfn.NUMBERVALUE('2.0WP - State'!E11)=0,"",_xlfn.NUMBERVALUE('2.0WP - Cen'!E11)-_xlfn.NUMBERVALUE('2.0WP - State'!E11)) | F11: =IF(_xlfn.NUMBERVALUE('2.0WP - Cen'!F11)-_xlfn.NUMBERVALUE('2.0WP - State'!F11)=0,"",_xlfn.NUMBERVALUE('2.0WP - Cen'!F11)-_xlfn.NUMBERVALUE('2.0WP - State'!F11)) -> 2 | G11: =IF(_xlfn.NUMBERVALUE('2.0WP - Cen'!G11)-_xlfn.NUMBERVALUE('2.0WP - State'!G11)=0,"",_xlfn.NUMBERVALUE('2.0WP - Cen'!G11)-_xlfn.NUMBERVALUE('2.0WP - State'!G11)) | H11: =IF(_xlfn.NUMBERVALUE('2.0WP - Cen'!H11)-_xlfn.NUMBERVALUE('2.0WP - State'!H11)=0,"",_xlfn.NUMBERVALUE('2.0WP - Cen'!H11)-_xlfn.NUMBERVALUE('2.0WP - State'!H11)) | I11: =IF(_xlfn.NUMBERVALUE('2.0WP - Cen'!I11)-_xlfn.NUMBERVALUE('2.0WP - State'!I11)=0,"",_xlfn.NUMBERVALUE('2.0WP - Cen'!I11)-_xlfn.NUMBERVALUE('2.0WP - State'!I11)) | J11: =IF(_xlfn.NUMBERVALUE('2.0WP - Cen'!J11)-_xlfn.NUMBERVALUE('2.0WP - State'!J11)=0,"",_xlfn.NUMBERVALUE('2.0WP - Cen'!J11)-_xlfn.NUMBERVALUE('2.0WP - State'!J11)) -> 2 | ... S11: =IF(_xlfn.NUMBERVALUE('2.0WP - Cen'!S11)-_xlfn.NUMBERVALUE('2.0WP - State'!S11)=0,"",_xlfn.NUMBERVALUE('2.0WP - Cen'!S11)-_xlfn.NUMBERVALUE('2.0WP - State'!S11)) | T11: =SUM(C11:S11) -> 22 | U11: =IF(_xlfn.NUMBERVALUE('2.0WP - Cen'!U11)-_xlfn.NUMBERVALUE('2.0WP - State'!U11)=0,"",_xlfn.NUMBERVALUE('2.0WP - Cen'!U11)-_xlfn.NUMBERVALUE('2.0WP - State'!U11)) | V11: =IF(_xlfn.NUMBERVALUE('2.0WP - Cen'!V11)-_xlfn.NUMBERVALUE('2.0WP - State'!V11)=0,"",_xlfn.NUMBERVALUE('2.0WP - Cen'!V11)-_xlfn.NUMBERVALUE('2.0WP - State'!V11)) | W11: =IF(_xlfn.NUMBERVALUE('2.0WP - Cen'!W11)-_xlfn.NUMBERVALUE('2.0WP - State'!W11)=0,"",_xlfn.NUMBERVALUE('2.0WP - Cen'!W11)-_xlfn.NUMBERVALUE('2.0WP - State'!W11)) | X11: =IF(_xlfn.NUMBERVALUE('2.0WP - Cen'!X11)-_xlfn.NUMBERVALUE('2.0WP - State'!X11)=0,"",_xlfn.NUMBERVALUE('2.0WP - Cen'!X11)-_xlfn.NUMBERVALUE('2.0WP - State'!X11)) | Y11: =IF(_xlfn.NUMBERVALUE('2.0WP - Cen'!Y11)-_xlfn.NUMBERVALUE('2.0WP - State'!Y11)=0,"",_xlfn.NUMBERVALUE('2.0WP - Cen'!Y11)-_xlfn.NUMBERVALUE('2.0WP - State'!Y11)) | Z11: =IF(_xlfn.NUMBERVALUE('2.0WP - Cen'!Z11)-_xlfn.NUMBERVALUE('2.0WP - State'!Z11)=0,"",_xlfn.NUMBERVALUE('2.0WP - Cen'!Z11)-_xlfn.NUMBERVALUE('2.0WP - State'!Z11)) | AA11: =IF(_xlfn.NUMBERVALUE('2.0WP - Cen'!AA11)-_xlfn.NUMBERVALUE('2.0WP - State'!AA11)=0,"",_xlfn.NUMBERVALUE('2.0WP - Cen'!AA11)-_xlfn.NUMBERVALUE('2.0WP - State'!AA11)) | AB11: =IF(_xlfn.NUMBERVALUE('2.0WP - Cen'!AB11)-_xlfn.NUMBERVALUE('2.0WP - State'!AB11)=0,"",_xlfn.NUMBERVALUE('2.0WP - Cen'!AB11)-_xlfn.NUMBERVALUE('2.0WP - State'!AB11)) | ... AJ11: =IF(_xlfn.NUMBERVALUE('2.0WP - Cen'!AJ11)-_xlfn.NUMBERVALUE('2.0WP - State'!AJ11)=0,"",_xlfn.NUMBERVALUE('2.0WP - Cen'!AJ11)-_xlfn.NUMBERVALUE('2.0WP - State'!AJ11)) | AK11: =SUM(U11:AJ11) -> 4 | AL11: =SUM(T11,AK11) -> 26
A12: ='[1]2.0WS'!A12 -> 31 | B12: ='[1]2.0WS'!B12 -> KRISHNAGIRI | C12: =IF(_xlfn.NUMBERVALUE('2.0WP - Cen'!C12)-_xlfn.NUMBERVALUE('2.0WP - State'!C12)=0,"",_xlfn.NUMBERVALUE('2.0WP - Cen'!C12)-_xlfn.NUMBERVALUE('2.0WP - State'!C12)) | D12: =IF(_xlfn.NUMBERVALUE('2.0WP - Cen'!D12)-_xlfn.NUMBERVALUE('2.0WP - State'!D12)=0,"",_xlfn.NUMBERVALUE('2.0WP - Cen'!D12)-_xlfn.NUMBERVALUE('2.0WP - State'!D12)) | E12: =IF(_xlfn.NUMBERVALUE('2.0WP - Cen'!E12)-_xlfn.NUMBERVALUE('2.0WP - State'!E12)=0,"",_xlfn.NUMBERVALUE('2.0WP - Cen'!E12)-_xlfn.NUMBERVALUE('2.0WP - State'!E12)) | F12: =IF(_xlfn.NUMBERVALUE('2.0WP - Cen'!F12)-_xlfn.NUMBERVALUE('2.0WP - State'!F12)=0,"",_xlfn.NUMBERVALUE('2.0WP - Cen'!F12)-_xlfn.NUMBERVALUE('2.0WP - State'!F12)) -> 4 | G12: =IF(_xlfn.NUMBERVALUE('2.0WP - Cen'!G12)-_xlfn.NUMBERVALUE('2.0WP - State'!G12)=0,"",_xlfn.NUMBERVALUE('2.0WP - Cen'!G12)-_xlfn.NUMBERVALUE('2.0WP - State'!G12)) | H12: =IF(_xlfn.NUMBERVALUE('2.0WP - Cen'!H12)-_xlfn.NUMBERVALUE('2.0WP - State'!H12)=0,"",_xlfn.NUMBERVALUE('2.0WP - Cen'!H12)-_xlfn.NUMBERVALUE('2.0WP - State'!H12)) | I12: =IF(_xlfn.NUMBERVALUE('2.0WP - Cen'!I12)-_xlfn.NUMBERVALUE('2.0WP - State'!I12)=0,"",_xlfn.NUMBERVALUE('2.0WP - Cen'!I12)-_xlfn.NUMBERVALUE('2.0WP - State'!I12)) | J12: =IF(_xlfn.NUMBERVALUE('2.0WP - Cen'!J12)-_xlfn.NUMBERVALUE('2.0WP - State'!J12)=0,"",_xlfn.NUMBERVALUE('2.0WP - Cen'!J12)-_xlfn.NUMBERVALUE('2.0WP - State'!J12)) | ... S12: =IF(_xlfn.NUMBERVALUE('2.0WP - Cen'!S12)-_xlfn.NUMBERVALUE('2.0WP - State'!S12)=0,"",_xlfn.NUMBERVALUE('2.0WP - Cen'!S12)-_xlfn.NUMBERVALUE('2.0WP - State'!S12)) | T12: =SUM(C12:S12) -> 22 | U12: =IF(_xlfn.NUMBERVALUE('2.0WP - Cen'!U12)-_xlfn.NUMBERVALUE('2.0WP - State'!U12)=0,"",_xlfn.NUMBERVALUE('2.0WP - Cen'!U12)-_xlfn.NUMBERVALUE('2.0WP - State'!U12)) | V12: =IF(_xlfn.NUMBERVALUE('2.0WP - Cen'!V12)-_xlfn.NUMBERVALUE('2.0WP - State'!V12)=0,"",_xlfn.NUMBERVALUE('2.0WP - Cen'!V12)-_xlfn.NUMBERVALUE('2.0WP - State'!V12)) | W12: =IF(_xlfn.NUMBERVALUE('2.0WP - Cen'!W12)-_xlfn.NUMBERVALUE('2.0WP - State'!W12)=0,"",_xlfn.NUMBERVALUE('2.0WP - Cen'!W12)-_xlfn.NUMBERVALUE('2.0WP - State'!W12)) | X12: =IF(_xlfn.NUMBERVALUE('2.0WP - Cen'!X12)-_xlfn.NUMBERVALUE('2.0WP - State'!X12)=0,"",_xlfn.NUMBERVALUE('2.0WP - Cen'!X12)-_xlfn.NUMBERVALUE('2.0WP - State'!X12)) | Y12: =IF(_xlfn.NUMBERVALUE('2.0WP - Cen'!Y12)-_xlfn.NUMBERVALUE('2.0WP - State'!Y12)=0,"",_xlfn.NUMBERVALUE('2.0WP - Cen'!Y12)-_xlfn.NUMBERVALUE('2.0WP - State'!Y12)) -> 4 | Z12: =IF(_xlfn.NUMBERVALUE('2.0WP - Cen'!Z12)-_xlfn.NUMBERVALUE('2.0WP - State'!Z12)=0,"",_xlfn.NUMBERVALUE('2.0WP - Cen'!Z12)-_xlfn.NUMBERVALUE('2.0WP - State'!Z12)) | AA12: =IF(_xlfn.NUMBERVALUE('2.0WP - Cen'!AA12)-_xlfn.NUMBERVALUE('2.0WP - State'!AA12)=0,"",_xlfn.NUMBERVALUE('2.0WP - Cen'!AA12)-_xlfn.NUMBERVALUE('2.0WP - State'!AA12)) | AB12: =IF(_xlfn.NUMBERVALUE('2.0WP - Cen'!AB12)-_xlfn.NUMBERVALUE('2.0WP - State'!AB12)=0,"",_xlfn.NUMBERVALUE('2.0WP - Cen'!AB12)-_xlfn.NUMBERVALUE('2.0WP - State'!AB12)) | ... AJ12: =IF(_xlfn.NUMBERVALUE('2.0WP - Cen'!AJ12)-_xlfn.NUMBERVALUE('2.0WP - State'!AJ12)=0,"",_xlfn.NUMBERVALUE('2.0WP - Cen'!AJ12)-_xlfn.NUMBERVALUE('2.0WP - State'!AJ12)) | AK12: =SUM(U12:AJ12) -> 10 | AL12: =SUM(T12,AK12) -> 32
A13: ='[1]2.0WS'!A13 -> 36 | B13: ='[1]2.0WS'!B13 -> TIRUPATHUR | C13: =IF(_xlfn.NUMBERVALUE('2.0WP - Cen'!C13)-_xlfn.NUMBERVALUE('2.0WP - State'!C13)=0,"",_xlfn.NUMBERVALUE('2.0WP - Cen'!C13)-_xlfn.NUMBERVALUE('2.0WP - State'!C13)) | D13: =IF(_xlfn.NUMBERVALUE('2.0WP - Cen'!D13)-_xlfn.NUMBERVALUE('2.0WP - State'!D13)=0,"",_xlfn.NUMBERVALUE('2.0WP - Cen'!D13)-_xlfn.NUMBERVALUE('2.0WP - State'!D13)) | E13: =IF(_xlfn.NUMBERVALUE('2.0WP - Cen'!E13)-_xlfn.NUMBERVALUE('2.0WP - State'!E13)=0,"",_xlfn.NUMBERVALUE('2.0WP - Cen'!E13)-_xlfn.NUMBERVALUE('2.0WP - State'!E13)) | F13: =IF(_xlfn.NUMBERVALUE('2.0WP - Cen'!F13)-_xlfn.NUMBERVALUE('2.0WP - State'!F13)=0,"",_xlfn.NUMBERVALUE('2.0WP - Cen'!F13)-_xlfn.NUMBERVALUE('2.0WP - State'!F13)) -> 4 | G13: =IF(_xlfn.NUMBERVALUE('2.0WP - Cen'!G13)-_xlfn.NUMBERVALUE('2.0WP - State'!G13)=0,"",_xlfn.NUMBERVALUE('2.0WP - Cen'!G13)-_xlfn.NUMBERVALUE('2.0WP - State'!G13)) | H13: =IF(_xlfn.NUMBERVALUE('2.0WP - Cen'!H13)-_xlfn.NUMBERVALUE('2.0WP - State'!H13)=0,"",_xlfn.NUMBERVALUE('2.0WP - Cen'!H13)-_xlfn.NUMBERVALUE('2.0WP - State'!H13)) -> 2 | I13: =IF(_xlfn.NUMBERVALUE('2.0WP - Cen'!I13)-_xlfn.NUMBERVALUE('2.0WP - State'!I13)=0,"",_xlfn.NUMBERVALUE('2.0WP - Cen'!I13)-_xlfn.NUMBERVALUE('2.0WP - State'!I13)) | J13: =IF(_xlfn.NUMBERVALUE('2.0WP - Cen'!J13)-_xlfn.NUMBERVALUE('2.0WP - State'!J13)=0,"",_xlfn.NUMBERVALUE('2.0WP - Cen'!J13)-_xlfn.NUMBERVALUE('2.0WP - State'!J13)) | ... S13: =IF(_xlfn.NUMBERVALUE('2.0WP - Cen'!S13)-_xlfn.NUMBERVALUE('2.0WP - State'!S13)=0,"",_xlfn.NUMBERVALUE('2.0WP - Cen'!S13)-_xlfn.NUMBERVALUE('2.0WP - State'!S13)) | T13: =SUM(C13:S13) -> 12 | U13: =IF(_xlfn.NUMBERVALUE('2.0WP - Cen'!U13)-_xlfn.NUMBERVALUE('2.0WP - State'!U13)=0,"",_xlfn.NUMBERVALUE('2.0WP - Cen'!U13)-_xlfn.NUMBERVALUE('2.0WP - State'!U13)) | V13: =IF(_xlfn.NUMBERVALUE('2.0WP - Cen'!V13)-_xlfn.NUMBERVALUE('2.0WP - State'!V13)=0,"",_xlfn.NUMBERVALUE('2.0WP - Cen'!V13)-_xlfn.NUMBERVALUE('2.0WP - State'!V13)) | W13: =IF(_xlfn.NUMBERVALUE('2.0WP - Cen'!W13)-_xlfn.NUMBERVALUE('2.0WP - State'!W13)=0,"",_xlfn.NUMBERVALUE('2.0WP - Cen'!W13)-_xlfn.NUMBERVALUE('2.0WP - State'!W13)) | X13: =IF(_xlfn.NUMBERVALUE('2.0WP - Cen'!X13)-_xlfn.NUMBERVALUE('2.0WP - State'!X13)=0,"",_xlfn.NUMBERVALUE('2.0WP - Cen'!X13)-_xlfn.NUMBERVALUE('2.0WP - State'!X13)) | Y13: =IF(_xlfn.NUMBERVALUE('2.0WP - Cen'!Y13)-_xlfn.NUMBERVALUE('2.0WP - State'!Y13)=0,"",_xlfn.NUMBERVALUE('2.0WP - Cen'!Y13)-_xlfn.NUMBERVALUE('2.0WP - State'!Y13)) | Z13: =IF(_xlfn.NUMBERVALUE('2.0WP - Cen'!Z13)-_xlfn.NUMBERVALUE('2.0WP - State'!Z13)=0,"",_xlfn.NUMBERVALUE('2.0WP - Cen'!Z13)-_xlfn.NUMBERVALUE('2.0WP - State'!Z13)) | AA13: =IF(_xlfn.NUMBERVALUE('2.0WP - Cen'!AA13)-_xlfn.NUMBERVALUE('2.0WP - State'!AA13)=0,"",_xlfn.NUMBERVALUE('2.0WP - Cen'!AA13)-_xlfn.NUMBERVALUE('2.0WP - State'!AA13)) | AB13: =IF(_xlfn.NUMBERVALUE('2.0WP - Cen'!AB13)-_xlfn.NUMBERVALUE('2.0WP - State'!AB13)=0,"",_xlfn.NUMBERVALUE('2.0WP - Cen'!AB13)-_xlfn.NUMBERVALUE('2.0WP - State'!AB13)) | ... AJ13: =IF(_xlfn.NUMBERVALUE('2.0WP - Cen'!AJ13)-_xlfn.NUMBERVALUE('2.0WP - State'!AJ13)=0,"",_xlfn.NUMBERVALUE('2.0WP - Cen'!AJ13)-_xlfn.NUMBERVALUE('2.0WP - State'!AJ13)) | AK13: =SUM(U13:AJ13) -> 4 | AL13: =SUM(T13,AK13) -> 16
A14: ='[1]2.0WS'!A14 -> SRO DHARMAPURI TOTAL | C14: =SUM(C11:C13) -> 0 | D14: =SUM(D11:D13) -> 0 | E14: =SUM(E11:E13) -> 0 | F14: =SUM(F11:F13) -> 10 | G14: =SUM(G11:G13) -> 0 | H14: =SUM(H11:H13) -> 2 | I14: =SUM(I11:I13) -> 0 | J14: =SUM(J11:J13) -> 2 | ... S14: =SUM(S11:S13) -> 0 | T14: =SUM(C14:S14) -> 56 | U14: =SUM(U11:U13) -> 0 | V14: =SUM(V11:V13) -> 0 | W14: =SUM(W11:W13) -> 0 | X14: =SUM(X11:X13) -> 0 | Y14: =SUM(Y11:Y13) -> 4 | Z14: =SUM(Z11:Z13) -> 0 | AA14: =SUM(AA11:AA13) -> 0 | AB14: =SUM(AB11:AB13) -> 0 | ... AJ14: =SUM(AJ11:AJ13) -> 0 | AK14: =SUM(U14:AJ14) -> 18 | AL14: =SUM(T14,AK14) -> 74
A15: ='[1]2.0WS'!A15 -> 08 | B15: ='[1]2.0WS'!B15 -> SALEM | C15: =IF(_xlfn.NUMBERVALUE('2.0WP - Cen'!C15)-_xlfn.NUMBERVALUE('2.0WP - State'!C15)=0,"",_xlfn.NUMBERVALUE('2.0WP - Cen'!C15)-_xlfn.NUMBERVALUE('2.0WP - State'!C15)) | D15: =IF(_xlfn.NUMBERVALUE('2.0WP - Cen'!D15)-_xlfn.NUMBERVALUE('2.0WP - State'!D15)=0,"",_xlfn.NUMBERVALUE('2.0WP - Cen'!D15)-_xlfn.NUMBERVALUE('2.0WP - State'!D15)) | E15: =IF(_xlfn.NUMBERVALUE('2.0WP - Cen'!E15)-_xlfn.NUMBERVALUE('2.0WP - State'!E15)=0,"",_xlfn.NUMBERVALUE('2.0WP - Cen'!E15)-_xlfn.NUMBERVALUE('2.0WP - State'!E15)) | F15: =IF(_xlfn.NUMBERVALUE('2.0WP - Cen'!F15)-_xlfn.NUMBERVALUE('2.0WP - State'!F15)=0,"",_xlfn.NUMBERVALUE('2.0WP - Cen'!F15)-_xlfn.NUMBERVALUE('2.0WP - State'!F15)) -> 4 | G15: =IF(_xlfn.NUMBERVALUE('2.0WP - Cen'!G15)-_xlfn.NUMBERVALUE('2.0WP - State'!G15)=0,"",_xlfn.NUMBERVALUE('2.0WP - Cen'!G15)-_xlfn.NUMBERVALUE('2.0WP - State'!G15)) | H15: =IF(_xlfn.NUMBERVALUE('2.0WP - Cen'!H15)-_xlfn.NUMBERVALUE('2.0WP - State'!H15)=0,"",_xlfn.NUMBERVALUE('2.0WP - Cen'!H15)-_xlfn.NUMBERVALUE('2.0WP - State'!H15)) | I15: =IF(_xlfn.NUMBERVALUE('2.0WP - Cen'!I15)-_xlfn.NUMBERVALUE('2.0WP - State'!I15)=0,"",_xlfn.NUMBERVALUE('2.0WP - Cen'!I15)-_xlfn.NUMBERVALUE('2.0WP - State'!I15)) | J15: =IF(_xlfn.NUMBERVALUE('2.0WP - Cen'!J15)-_xlfn.NUMBERVALUE('2.0WP - State'!J15)=0,"",_xlfn.NUMBERVALUE('2.0WP - Cen'!J15)-_xlfn.NUMBERVALUE('2.0WP - State'!J15)) -> 6 | ... S15: =IF(_xlfn.NUMBERVALUE('2.0WP - Cen'!S15)-_xlfn.NUMBERVALUE('2.0WP - State'!S15)=0,"",_xlfn.NUMBERVALUE('2.0WP - Cen'!S15)-_xlfn.NUMBERVALUE('2.0WP - State'!S15)) -> 4 | T15: =SUM(C15:S15) -> 36 | U15: =IF(_xlfn.NUMBERVALUE('2.0WP - Cen'!U15)-_xlfn.NUMBERVALUE('2.0WP - State'!U15)=0,"",_xlfn.NUMBERVALUE('2.0WP - Cen'!U15)-_xlfn.NUMBERVALUE('2.0WP - State'!U15)) | V15: =IF(_xlfn.NUMBERVALUE('2.0WP - Cen'!V15)-_xlfn.NUMBERVALUE('2.0WP - State'!V15)=0,"",_xlfn.NUMBERVALUE('2.0WP - Cen'!V15)-_xlfn.NUMBERVALUE('2.0WP - State'!V15)) -> 4 | W15: =IF(_xlfn.NUMBERVALUE('2.0WP - Cen'!W15)-_xlfn.NUMBERVALUE('2.0WP - State'!W15)=0,"",_xlfn.NUMBERVALUE('2.0WP - Cen'!W15)-_xlfn.NUMBERVALUE('2.0WP - State'!W15)) | X15: =IF(_xlfn.NUMBERVALUE('2.0WP - Cen'!X15)-_xlfn.NUMBERVALUE('2.0WP - State'!X15)=0,"",_xlfn.NUMBERVALUE('2.0WP - Cen'!X15)-_xlfn.NUMBERVALUE('2.0WP - State'!X15)) | Y15: =IF(_xlfn.NUMBERVALUE('2.0WP - Cen'!Y15)-_xlfn.NUMBERVALUE('2.0WP - State'!Y15)=0,"",_xlfn.NUMBERVALUE('2.0WP - Cen'!Y15)-_xlfn.NUMBERVALUE('2.0WP - State'!Y15)) -> 4 | Z15: =IF(_xlfn.NUMBERVALUE('2.0WP - Cen'!Z15)-_xlfn.NUMBERVALUE('2.0WP - State'!Z15)=0,"",_xlfn.NUMBERVALUE('2.0WP - Cen'!Z15)-_xlfn.NUMBERVALUE('2.0WP - State'!Z15)) | AA15: =IF(_xlfn.NUMBERVALUE('2.0WP - Cen'!AA15)-_xlfn.NUMBERVALUE('2.0WP - State'!AA15)=0,"",_xlfn.NUMBERVALUE('2.0WP - Cen'!AA15)-_xlfn.NUMBERVALUE('2.0WP - State'!AA15)) | AB15: =IF(_xlfn.NUMBERVALUE('2.0WP - Cen'!AB15)-_xlfn.NUMBERVALUE('2.0WP - State'!AB15)=0,"",_xlfn.NUMBERVALUE('2.0WP - Cen'!AB15)-_xlfn.NUMBERVALUE('2.0WP - State'!AB15)) | ... AJ15: =IF(_xlfn.NUMBERVALUE('2.0WP - Cen'!AJ15)-_xlfn.NUMBERVALUE('2.0WP - State'!AJ15)=0,"",_xlfn.NUMBERVALUE('2.0WP - Cen'!AJ15)-_xlfn.NUMBERVALUE('2.0WP - State'!AJ15)) -> 2 | AK15: =SUM(U15:AJ15) -> 18 | AL15: =SUM(T15,AK15) -> 54
A16: ='[1]2.0WS'!A16 -> 09 | B16: ='[1]2.0WS'!B16 -> NAMAKKAL | C16: =IF(_xlfn.NUMBERVALUE('2.0WP - Cen'!C16)-_xlfn.NUMBERVALUE('2.0WP - State'!C16)=0,"",_xlfn.NUMBERVALUE('2.0WP - Cen'!C16)-_xlfn.NUMBERVALUE('2.0WP - State'!C16)) | D16: =IF(_xlfn.NUMBERVALUE('2.0WP - Cen'!D16)-_xlfn.NUMBERVALUE('2.0WP - State'!D16)=0,"",_xlfn.NUMBERVALUE('2.0WP - Cen'!D16)-_xlfn.NUMBERVALUE('2.0WP - State'!D16)) | E16: =IF(_xlfn.NUMBERVALUE('2.0WP - Cen'!E16)-_xlfn.NUMBERVALUE('2.0WP - State'!E16)=0,"",_xlfn.NUMBERVALUE('2.0WP - Cen'!E16)-_xlfn.NUMBERVALUE('2.0WP - State'!E16)) -> 4 | F16: =IF(_xlfn.NUMBERVALUE('2.0WP - Cen'!F16)-_xlfn.NUMBERVALUE('2.0WP - State'!F16)=0,"",_xlfn.NUMBERVALUE('2.0WP - Cen'!F16)-_xlfn.NUMBERVALUE('2.0WP - State'!F16)) -> 4 | G16: =IF(_xlfn.NUMBERVALUE('2.0WP - Cen'!G16)-_xlfn.NUMBERVALUE('2.0WP - State'!G16)=0,"",_xlfn.NUMBERVALUE('2.0WP - Cen'!G16)-_xlfn.NUMBERVALUE('2.0WP - State'!G16)) | H16: =IF(_xlfn.NUMBERVALUE('2.0WP - Cen'!H16)-_xlfn.NUMBERVALUE('2.0WP - State'!H16)=0,"",_xlfn.NUMBERVALUE('2.0WP - Cen'!H16)-_xlfn.NUMBERVALUE('2.0WP - State'!H16)) | I16: =IF(_xlfn.NUMBERVALUE('2.0WP - Cen'!I16)-_xlfn.NUMBERVALUE('2.0WP - State'!I16)=0,"",_xlfn.NUMBERVALUE('2.0WP - Cen'!I16)-_xlfn.NUMBERVALUE('2.0WP - State'!I16)) | J16: =IF(_xlfn.NUMBERVALUE('2.0WP - Cen'!J16)-_xlfn.NUMBERVALUE('2.0WP - State'!J16)=0,"",_xlfn.NUMBERVALUE('2.0WP - Cen'!J16)-_xlfn.NUMBERVALUE('2.0WP - State'!J16)) | ... S16: =IF(_xlfn.NUMBERVALUE('2.0WP - Cen'!S16)-_xlfn.NUMBERVALUE('2.0WP - State'!S16)=0,"",_xlfn.NUMBERVALUE('2.0WP - Cen'!S16)-_xlfn.NUMBERVALUE('2.0WP - State'!S16)) | T16: =SUM(C16:S16) -> 18 | U16: =IF(_xlfn.NUMBERVALUE('2.0WP - Cen'!U16)-_xlfn.NUMBERVALUE('2.0WP - State'!U16)=0,"",_xlfn.NUMBERVALUE('2.0WP - Cen'!U16)-_xlfn.NUMBERVALUE('2.0WP - State'!U16)) | V16: =IF(_xlfn.NUMBERVALUE('2.0WP - Cen'!V16)-_xlfn.NUMBERVALUE('2.0WP - State'!V16)=0,"",_xlfn.NUMBERVALUE('2.0WP - Cen'!V16)-_xlfn.NUMBERVALUE('2.0WP - State'!V16)) -> 8 | W16: =IF(_xlfn.NUMBERVALUE('2.0WP - Cen'!W16)-_xlfn.NUMBERVALUE('2.0WP - State'!W16)=0,"",_xlfn.NUMBERVALUE('2.0WP - Cen'!W16)-_xlfn.NUMBERVALUE('2.0WP - State'!W16)) -> 2 | X16: =IF(_xlfn.NUMBERVALUE('2.0WP - Cen'!X16)-_xlfn.NUMBERVALUE('2.0WP - State'!X16)=0,"",_xlfn.NUMBERVALUE('2.0WP - Cen'!X16)-_xlfn.NUMBERVALUE('2.0WP - State'!X16)) | Y16: =IF(_xlfn.NUMBERVALUE('2.0WP - Cen'!Y16)-_xlfn.NUMBERVALUE('2.0WP - State'!Y16)=0,"",_xlfn.NUMBERVALUE('2.0WP - Cen'!Y16)-_xlfn.NUMBERVALUE('2.0WP - State'!Y16)) | Z16: =IF(_xlfn.NUMBERVALUE('2.0WP - Cen'!Z16)-_xlfn.NUMBERVALUE('2.0WP - State'!Z16)=0,"",_xlfn.NUMBERVALUE('2.0WP - Cen'!Z16)-_xlfn.NUMBERVALUE('2.0WP - State'!Z16)) | AA16: =IF(_xlfn.NUMBERVALUE('2.0WP - Cen'!AA16)-_xlfn.NUMBERVALUE('2.0WP - State'!AA16)=0,"",_xlfn.NUMBERVALUE('2.0WP - Cen'!AA16)-_xlfn.NUMBERVALUE('2.0WP - State'!AA16)) | AB16: =IF(_xlfn.NUMBERVALUE('2.0WP - Cen'!AB16)-_xlfn.NUMBERVALUE('2.0WP - State'!AB16)=0,"",_xlfn.NUMBERVALUE('2.0WP - Cen'!AB16)-_xlfn.NUMBERVALUE('2.0WP - State'!AB16)) | ... AJ16: =IF(_xlfn.NUMBERVALUE('2.0WP - Cen'!AJ16)-_xlfn.NUMBERVALUE('2.0WP - State'!AJ16)=0,"",_xlfn.NUMBERVALUE('2.0WP - Cen'!AJ16)-_xlfn.NUMBERVALUE('2.0WP - State'!AJ16)) | AK16: =SUM(U16:AJ16) -> 10 | AL16: =SUM(T16,AK16) -> 28
A17: ='[1]2.0WS'!A17 -> SRO SALEM TOTAL | C17: =SUM(C15:C16) -> 0 | D17: =SUM(D15:D16) -> 0 | E17: =SUM(E15:E16) -> 4 | F17: =SUM(F15:F16) -> 8 | G17: =SUM(G15:G16) -> 0 | H17: =SUM(H15:H16) -> 0 | I17: =SUM(I15:I16) -> 0 | J17: =SUM(J15:J16) -> 6 | ... S17: =SUM(S15:S16) -> 4 | T17: =SUM(C17:S17) -> 54 | U17: =SUM(U15:U16) -> 0 | V17: =SUM(V15:V16) -> 12 | W17: =SUM(W15:W16) -> 2 | X17: =SUM(X15:X16) -> 0 | Y17: =SUM(Y15:Y16) -> 4 | Z17: =SUM(Z15:Z16) -> 0 | AA17: =SUM(AA15:AA16) -> 0 | AB17: =SUM(AB15:AB16) -> 0 | ... AJ17: =SUM(AJ15:AJ16) -> 2 | AK17: =SUM(U17:AJ17) -> 28 | AL17: =SUM(T17,AK17) -> 82
A18: ='[1]2.0WS'!A18 -> 14 | B18: ='[1]2.0WS'!B18 -> KARUR | C18: =IF(_xlfn.NUMBERVALUE('2.0WP - Cen'!C18)-_xlfn.NUMBERVALUE('2.0WP - State'!C18)=0,"",_xlfn.NUMBERVALUE('2.0WP - Cen'!C18)-_xlfn.NUMBERVALUE('2.0WP - State'!C18)) | D18: =IF(_xlfn.NUMBERVALUE('2.0WP - Cen'!D18)-_xlfn.NUMBERVALUE('2.0WP - State'!D18)=0,"",_xlfn.NUMBERVALUE('2.0WP - Cen'!D18)-_xlfn.NUMBERVALUE('2.0WP - State'!D18)) | E18: =IF(_xlfn.NUMBERVALUE('2.0WP - Cen'!E18)-_xlfn.NUMBERVALUE('2.0WP - State'!E18)=0,"",_xlfn.NUMBERVALUE('2.0WP - Cen'!E18)-_xlfn.NUMBERVALUE('2.0WP - State'!E18)) | F18: =IF(_xlfn.NUMBERVALUE('2.0WP - Cen'!F18)-_xlfn.NUMBERVALUE('2.0WP - State'!F18)=0,"",_xlfn.NUMBERVALUE('2.0WP - Cen'!F18)-_xlfn.NUMBERVALUE('2.0WP - State'!F18)) | G18: =IF(_xlfn.NUMBERVALUE('2.0WP - Cen'!G18)-_xlfn.NUMBERVALUE('2.0WP - State'!G18)=0,"",_xlfn.NUMBERVALUE('2.0WP - Cen'!G18)-_xlfn.NUMBERVALUE('2.0WP - State'!G18)) -> 2 | H18: =IF(_xlfn.NUMBERVALUE('2.0WP - Cen'!H18)-_xlfn.NUMBERVALUE('2.0WP - State'!H18)=0,"",_xlfn.NUMBERVALUE('2.0WP - Cen'!H18)-_xlfn.NUMBERVALUE('2.0WP - State'!H18)) | I18: =IF(_xlfn.NUMBERVALUE('2.0WP - Cen'!I18)-_xlfn.NUMBERVALUE('2.0WP - State'!I18)=0,"",_xlfn.NUMBERVALUE('2.0WP - Cen'!I18)-_xlfn.NUMBERVALUE('2.0WP - State'!I18)) | J18: =IF(_xlfn.NUMBERVALUE('2.0WP - Cen'!J18)-_xlfn.NUMBERVALUE('2.0WP - State'!J18)=0,"",_xlfn.NUMBERVALUE('2.0WP - Cen'!J18)-_xlfn.NUMBERVALUE('2.0WP - State'!J18)) | ... S18: =IF(_xlfn.NUMBERVALUE('2.0WP - Cen'!S18)-_xlfn.NUMBERVALUE('2.0WP - State'!S18)=0,"",_xlfn.NUMBERVALUE('2.0WP - Cen'!S18)-_xlfn.NUMBERVALUE('2.0WP - State'!S18)) -> 4 | T18: =SUM(C18:S18) -> 10 | U18: =IF(_xlfn.NUMBERVALUE('2.0WP - Cen'!U18)-_xlfn.NUMBERVALUE('2.0WP - State'!U18)=0,"",_xlfn.NUMBERVALUE('2.0WP - Cen'!U18)-_xlfn.NUMBERVALUE('2.0WP - State'!U18)) | V18: =IF(_xlfn.NUMBERVALUE('2.0WP - Cen'!V18)-_xlfn.NUMBERVALUE('2.0WP - State'!V18)=0,"",_xlfn.NUMBERVALUE('2.0WP - Cen'!V18)-_xlfn.NUMBERVALUE('2.0WP - State'!V18)) | W18: =IF(_xlfn.NUMBERVALUE('2.0WP - Cen'!W18)-_xlfn.NUMBERVALUE('2.0WP - State'!W18)=0,"",_xlfn.NUMBERVALUE('2.0WP - Cen'!W18)-_xlfn.NUMBERVALUE('2.0WP - State'!W18)) -> 4 | X18: =IF(_xlfn.NUMBERVALUE('2.0WP - Cen'!X18)-_xlfn.NUMBERVALUE('2.0WP - State'!X18)=0,"",_xlfn.NUMBERVALUE('2.0WP - Cen'!X18)-_xlfn.NUMBERVALUE('2.0WP - State'!X18)) | Y18: =IF(_xlfn.NUMBERVALUE('2.0WP - Cen'!Y18)-_xlfn.NUMBERVALUE('2.0WP - State'!Y18)=0,"",_xlfn.NUMBERVALUE('2.0WP - Cen'!Y18)-_xlfn.NUMBERVALUE('2.0WP - State'!Y18)) -> 4 | Z18: =IF(_xlfn.NUMBERVALUE('2.0WP - Cen'!Z18)-_xlfn.NUMBERVALUE('2.0WP - State'!Z18)=0,"",_xlfn.NUMBERVALUE('2.0WP - Cen'!Z18)-_xlfn.NUMBERVALUE('2.0WP - State'!Z18)) | AA18: =IF(_xlfn.NUMBERVALUE('2.0WP - Cen'!AA18)-_xlfn.NUMBERVALUE('2.0WP - State'!AA18)=0,"",_xlfn.NUMBERVALUE('2.0WP - Cen'!AA18)-_xlfn.NUMBERVALUE('2.0WP - State'!AA18)) | AB18: =IF(_xlfn.NUMBERVALUE('2.0WP - Cen'!AB18)-_xlfn.NUMBERVALUE('2.0WP - State'!AB18)=0,"",_xlfn.NUMBERVALUE('2.0WP - Cen'!AB18)-_xlfn.NUMBERVALUE('2.0WP - State'!AB18)) | ... AJ18: =IF(_xlfn.NUMBERVALUE('2.0WP - Cen'!AJ18)-_xlfn.NUMBERVALUE('2.0WP - State'!AJ18)=0,"",_xlfn.NUMBERVALUE('2.0WP - Cen'!AJ18)-_xlfn.NUMBERVALUE('2.0WP - State'!AJ18)) | AK18: =SUM(U18:AJ18) -> 10 | AL18: =SUM(T18,AK18) -> 20
A19: ='[1]2.0WS'!A19 -> 15 | B19: ='[1]2.0WS'!B19 -> TIRUCHIRAPPALLI | C19: =IF(_xlfn.NUMBERVALUE('2.0WP - Cen'!C19)-_xlfn.NUMBERVALUE('2.0WP - State'!C19)=0,"",_xlfn.NUMBERVALUE('2.0WP - Cen'!C19)-_xlfn.NUMBERVALUE('2.0WP - State'!C19)) | D19: =IF(_xlfn.NUMBERVALUE('2.0WP - Cen'!D19)-_xlfn.NUMBERVALUE('2.0WP - State'!D19)=0,"",_xlfn.NUMBERVALUE('2.0WP - Cen'!D19)-_xlfn.NUMBERVALUE('2.0WP - State'!D19)) | E19: =IF(_xlfn.NUMBERVALUE('2.0WP - Cen'!E19)-_xlfn.NUMBERVALUE('2.0WP - State'!E19)=0,"",_xlfn.NUMBERVALUE('2.0WP - Cen'!E19)-_xlfn.NUMBERVALUE('2.0WP - State'!E19)) | F19: =IF(_xlfn.NUMBERVALUE('2.0WP - Cen'!F19)-_xlfn.NUMBERVALUE('2.0WP - State'!F19)=0,"",_xlfn.NUMBERVALUE('2.0WP - Cen'!F19)-_xlfn.NUMBERVALUE('2.0WP - State'!F19)) | G19: =IF(_xlfn.NUMBERVALUE('2.0WP - Cen'!G19)-_xlfn.NUMBERVALUE('2.0WP - State'!G19)=0,"",_xlfn.NUMBERVALUE('2.0WP - Cen'!G19)-_xlfn.NUMBERVALUE('2.0WP - State'!G19)) | H19: =IF(_xlfn.NUMBERVALUE('2.0WP - Cen'!H19)-_xlfn.NUMBERVALUE('2.0WP - State'!H19)=0,"",_xlfn.NUMBERVALUE('2.0WP - Cen'!H19)-_xlfn.NUMBERVALUE('2.0WP - State'!H19)) | I19: =IF(_xlfn.NUMBERVALUE('2.0WP - Cen'!I19)-_xlfn.NUMBERVALUE('2.0WP - State'!I19)=0,"",_xlfn.NUMBERVALUE('2.0WP - Cen'!I19)-_xlfn.NUMBERVALUE('2.0WP - State'!I19)) | J19: =IF(_xlfn.NUMBERVALUE('2.0WP - Cen'!J19)-_xlfn.NUMBERVALUE('2.0WP - State'!J19)=0,"",_xlfn.NUMBERVALUE('2.0WP - Cen'!J19)-_xlfn.NUMBERVALUE('2.0WP - State'!J19)) | ... S19: =IF(_xlfn.NUMBERVALUE('2.0WP - Cen'!S19)-_xlfn.NUMBERVALUE('2.0WP - State'!S19)=0,"",_xlfn.NUMBERVALUE('2.0WP - Cen'!S19)-_xlfn.NUMBERVALUE('2.0WP - State'!S19)) | T19: =SUM(C19:S19) -> 0 | U19: =IF(_xlfn.NUMBERVALUE('2.0WP - Cen'!U19)-_xlfn.NUMBERVALUE('2.0WP - State'!U19)=0,"",_xlfn.NUMBERVALUE('2.0WP - Cen'!U19)-_xlfn.NUMBERVALUE('2.0WP - State'!U19)) | V19: =IF(_xlfn.NUMBERVALUE('2.0WP - Cen'!V19)-_xlfn.NUMBERVALUE('2.0WP - State'!V19)=0,"",_xlfn.NUMBERVALUE('2.0WP - Cen'!V19)-_xlfn.NUMBERVALUE('2.0WP - State'!V19)) | W19: =IF(_xlfn.NUMBERVALUE('2.0WP - Cen'!W19)-_xlfn.NUMBERVALUE('2.0WP - State'!W19)=0,"",_xlfn.NUMBERVALUE('2.0WP - Cen'!W19)-_xlfn.NUMBERVALUE('2.0WP - State'!W19)) | X19: =IF(_xlfn.NUMBERVALUE('2.0WP - Cen'!X19)-_xlfn.NUMBERVALUE('2.0WP - State'!X19)=0,"",_xlfn.NUMBERVALUE('2.0WP - Cen'!X19)-_xlfn.NUMBERVALUE('2.0WP - State'!X19)) | Y19: =IF(_xlfn.NUMBERVALUE('2.0WP - Cen'!Y19)-_xlfn.NUMBERVALUE('2.0WP - State'!Y19)=0,"",_xlfn.NUMBERVALUE('2.0WP - Cen'!Y19)-_xlfn.NUMBERVALUE('2.0WP - State'!Y19)) | Z19: =IF(_xlfn.NUMBERVALUE('2.0WP - Cen'!Z19)-_xlfn.NUMBERVALUE('2.0WP - State'!Z19)=0,"",_xlfn.NUMBERVALUE('2.0WP - Cen'!Z19)-_xlfn.NUMBERVALUE('2.0WP - State'!Z19)) | AA19: =IF(_xlfn.NUMBERVALUE('2.0WP - Cen'!AA19)-_xlfn.NUMBERVALUE('2.0WP - State'!AA19)=0,"",_xlfn.NUMBERVALUE('2.0WP - Cen'!AA19)-_xlfn.NUMBERVALUE('2.0WP - State'!AA19)) | AB19: =IF(_xlfn.NUMBERVALUE('2.0WP - Cen'!AB19)-_xlfn.NUMBERVALUE('2.0WP - State'!AB19)=0,"",_xlfn.NUMBERVALUE('2.0WP - Cen'!AB19)-_xlfn.NUMBERVALUE('2.0WP - State'!AB19)) | ... AJ19: =IF(_xlfn.NUMBERVALUE('2.0WP - Cen'!AJ19)-_xlfn.NUMBERVALUE('2.0WP - State'!AJ19)=0,"",_xlfn.NUMBERVALUE('2.0WP - Cen'!AJ19)-_xlfn.NUMBERVALUE('2.0WP - State'!AJ19)) | AK19: =SUM(U19:AJ19) -> 0 | AL19: =SUM(T19,AK19) -> 0
A20: ='[1]2.0WS'!A20 -> 16 | B20: ='[1]2.0WS'!B20 -> PERAMBALUR | C20: =IF(_xlfn.NUMBERVALUE('2.0WP - Cen'!C20)-_xlfn.NUMBERVALUE('2.0WP - State'!C20)=0,"",_xlfn.NUMBERVALUE('2.0WP - Cen'!C20)-_xlfn.NUMBERVALUE('2.0WP - State'!C20)) | D20: =IF(_xlfn.NUMBERVALUE('2.0WP - Cen'!D20)-_xlfn.NUMBERVALUE('2.0WP - State'!D20)=0,"",_xlfn.NUMBERVALUE('2.0WP - Cen'!D20)-_xlfn.NUMBERVALUE('2.0WP - State'!D20)) | E20: =IF(_xlfn.NUMBERVALUE('2.0WP - Cen'!E20)-_xlfn.NUMBERVALUE('2.0WP - State'!E20)=0,"",_xlfn.NUMBERVALUE('2.0WP - Cen'!E20)-_xlfn.NUMBERVALUE('2.0WP - State'!E20)) | F20: =IF(_xlfn.NUMBERVALUE('2.0WP - Cen'!F20)-_xlfn.NUMBERVALUE('2.0WP - State'!F20)=0,"",_xlfn.NUMBERVALUE('2.0WP - Cen'!F20)-_xlfn.NUMBERVALUE('2.0WP - State'!F20)) | G20: =IF(_xlfn.NUMBERVALUE('2.0WP - Cen'!G20)-_xlfn.NUMBERVALUE('2.0WP - State'!G20)=0,"",_xlfn.NUMBERVALUE('2.0WP - Cen'!G20)-_xlfn.NUMBERVALUE('2.0WP - State'!G20)) | H20: =IF(_xlfn.NUMBERVALUE('2.0WP - Cen'!H20)-_xlfn.NUMBERVALUE('2.0WP - State'!H20)=0,"",_xlfn.NUMBERVALUE('2.0WP - Cen'!H20)-_xlfn.NUMBERVALUE('2.0WP - State'!H20)) | I20: =IF(_xlfn.NUMBERVALUE('2.0WP - Cen'!I20)-_xlfn.NUMBERVALUE('2.0WP - State'!I20)=0,"",_xlfn.NUMBERVALUE('2.0WP - Cen'!I20)-_xlfn.NUMBERVALUE('2.0WP - State'!I20)) | J20: =IF(_xlfn.NUMBERVALUE('2.0WP - Cen'!J20)-_xlfn.NUMBERVALUE('2.0WP - State'!J20)=0,"",_xlfn.NUMBERVALUE('2.0WP - Cen'!J20)-_xlfn.NUMBERVALUE('2.0WP - State'!J20)) -> 2 | ... S20: =IF(_xlfn.NUMBERVALUE('2.0WP - Cen'!S20)-_xlfn.NUMBERVALUE('2.0WP - State'!S20)=0,"",_xlfn.NUMBERVALUE('2.0WP - Cen'!S20)-_xlfn.NUMBERVALUE('2.0WP - State'!S20)) | T20: =SUM(C20:S20) -> 10 | U20: =IF(_xlfn.NUMBERVALUE('2.0WP - Cen'!U20)-_xlfn.NUMBERVALUE('2.0WP - State'!U20)=0,"",_xlfn.NUMBERVALUE('2.0WP - Cen'!U20)-_xlfn.NUMBERVALUE('2.0WP - State'!U20)) | V20: =IF(_xlfn.NUMBERVALUE('2.0WP - Cen'!V20)-_xlfn.NUMBERVALUE('2.0WP - State'!V20)=0,"",_xlfn.NUMBERVALUE('2.0WP - Cen'!V20)-_xlfn.NUMBERVALUE('2.0WP - State'!V20)) | W20: =IF(_xlfn.NUMBERVALUE('2.0WP - Cen'!W20)-_xlfn.NUMBERVALUE('2.0WP - State'!W20)=0,"",_xlfn.NUMBERVALUE('2.0WP - Cen'!W20)-_xlfn.NUMBERVALUE('2.0WP - State'!W20)) | X20: =IF(_xlfn.NUMBERVALUE('2.0WP - Cen'!X20)-_xlfn.NUMBERVALUE('2.0WP - State'!X20)=0,"",_xlfn.NUMBERVALUE('2.0WP - Cen'!X20)-_xlfn.NUMBERVALUE('2.0WP - State'!X20)) | Y20: =IF(_xlfn.NUMBERVALUE('2.0WP - Cen'!Y20)-_xlfn.NUMBERVALUE('2.0WP - State'!Y20)=0,"",_xlfn.NUMBERVALUE('2.0WP - Cen'!Y20)-_xlfn.NUMBERVALUE('2.0WP - State'!Y20)) | Z20: =IF(_xlfn.NUMBERVALUE('2.0WP - Cen'!Z20)-_xlfn.NUMBERVALUE('2.0WP - State'!Z20)=0,"",_xlfn.NUMBERVALUE('2.0WP - Cen'!Z20)-_xlfn.NUMBERVALUE('2.0WP - State'!Z20)) | AA20: =IF(_xlfn.NUMBERVALUE('2.0WP - Cen'!AA20)-_xlfn.NUMBERVALUE('2.0WP - State'!AA20)=0,"",_xlfn.NUMBERVALUE('2.0WP - Cen'!AA20)-_xlfn.NUMBERVALUE('2.0WP - State'!AA20)) | AB20: =IF(_xlfn.NUMBERVALUE('2.0WP - Cen'!AB20)-_xlfn.NUMBERVALUE('2.0WP - State'!AB20)=0,"",_xlfn.NUMBERVALUE('2.0WP - Cen'!AB20)-_xlfn.NUMBERVALUE('2.0WP - State'!AB20)) | ... AJ20: =IF(_xlfn.NUMBERVALUE('2.0WP - Cen'!AJ20)-_xlfn.NUMBERVALUE('2.0WP - State'!AJ20)=0,"",_xlfn.NUMBERVALUE('2.0WP - Cen'!AJ20)-_xlfn.NUMBERVALUE('2.0WP - State'!AJ20)) | AK20: =SUM(U20:AJ20) -> 0 | AL20: =SUM(T20,AK20) -> 10
A21: ='[1]2.0WS'!A21 -> 17 | B21: ='[1]2.0WS'!B21 -> ARIYALUR | C21: =IF(_xlfn.NUMBERVALUE('2.0WP - Cen'!C21)-_xlfn.NUMBERVALUE('2.0WP - State'!C21)=0,"",_xlfn.NUMBERVALUE('2.0WP - Cen'!C21)-_xlfn.NUMBERVALUE('2.0WP - State'!C21)) -> 4 | D21: =IF(_xlfn.NUMBERVALUE('2.0WP - Cen'!D21)-_xlfn.NUMBERVALUE('2.0WP - State'!D21)=0,"",_xlfn.NUMBERVALUE('2.0WP - Cen'!D21)-_xlfn.NUMBERVALUE('2.0WP - State'!D21)) | E21: =IF(_xlfn.NUMBERVALUE('2.0WP - Cen'!E21)-_xlfn.NUMBERVALUE('2.0WP - State'!E21)=0,"",_xlfn.NUMBERVALUE('2.0WP - Cen'!E21)-_xlfn.NUMBERVALUE('2.0WP - State'!E21)) | F21: =IF(_xlfn.NUMBERVALUE('2.0WP - Cen'!F21)-_xlfn.NUMBERVALUE('2.0WP - State'!F21)=0,"",_xlfn.NUMBERVALUE('2.0WP - Cen'!F21)-_xlfn.NUMBERVALUE('2.0WP - State'!F21)) | G21: =IF(_xlfn.NUMBERVALUE('2.0WP - Cen'!G21)-_xlfn.NUMBERVALUE('2.0WP - State'!G21)=0,"",_xlfn.NUMBERVALUE('2.0WP - Cen'!G21)-_xlfn.NUMBERVALUE('2.0WP - State'!G21)) | H21: =IF(_xlfn.NUMBERVALUE('2.0WP - Cen'!H21)-_xlfn.NUMBERVALUE('2.0WP - State'!H21)=0,"",_xlfn.NUMBERVALUE('2.0WP - Cen'!H21)-_xlfn.NUMBERVALUE('2.0WP - State'!H21)) -> 4 | I21: =IF(_xlfn.NUMBERVALUE('2.0WP - Cen'!I21)-_xlfn.NUMBERVALUE('2.0WP - State'!I21)=0,"",_xlfn.NUMBERVALUE('2.0WP - Cen'!I21)-_xlfn.NUMBERVALUE('2.0WP - State'!I21)) | J21: =IF(_xlfn.NUMBERVALUE('2.0WP - Cen'!J21)-_xlfn.NUMBERVALUE('2.0WP - State'!J21)=0,"",_xlfn.NUMBERVALUE('2.0WP - Cen'!J21)-_xlfn.NUMBERVALUE('2.0WP - State'!J21)) -> 2 | ... S21: =IF(_xlfn.NUMBERVALUE('2.0WP - Cen'!S21)-_xlfn.NUMBERVALUE('2.0WP - State'!S21)=0,"",_xlfn.NUMBERVALUE('2.0WP - Cen'!S21)-_xlfn.NUMBERVALUE('2.0WP - State'!S21)) | T21: =SUM(C21:S21) -> 20 | U21: =IF(_xlfn.NUMBERVALUE('2.0WP - Cen'!U21)-_xlfn.NUMBERVALUE('2.0WP - State'!U21)=0,"",_xlfn.NUMBERVALUE('2.0WP - Cen'!U21)-_xlfn.NUMBERVALUE('2.0WP - State'!U21)) | V21: =IF(_xlfn.NUMBERVALUE('2.0WP - Cen'!V21)-_xlfn.NUMBERVALUE('2.0WP - State'!V21)=0,"",_xlfn.NUMBERVALUE('2.0WP - Cen'!V21)-_xlfn.NUMBERVALUE('2.0WP - State'!V21)) | W21: =IF(_xlfn.NUMBERVALUE('2.0WP - Cen'!W21)-_xlfn.NUMBERVALUE('2.0WP - State'!W21)=0,"",_xlfn.NUMBERVALUE('2.0WP - Cen'!W21)-_xlfn.NUMBERVALUE('2.0WP - State'!W21)) | X21: =IF(_xlfn.NUMBERVALUE('2.0WP - Cen'!X21)-_xlfn.NUMBERVALUE('2.0WP - State'!X21)=0,"",_xlfn.NUMBERVALUE('2.0WP - Cen'!X21)-_xlfn.NUMBERVALUE('2.0WP - State'!X21)) | Y21: =IF(_xlfn.NUMBERVALUE('2.0WP - Cen'!Y21)-_xlfn.NUMBERVALUE('2.0WP - State'!Y21)=0,"",_xlfn.NUMBERVALUE('2.0WP - Cen'!Y21)-_xlfn.NUMBERVALUE('2.0WP - State'!Y21)) -> 4 | Z21: =IF(_xlfn.NUMBERVALUE('2.0WP - Cen'!Z21)-_xlfn.NUMBERVALUE('2.0WP - State'!Z21)=0,"",_xlfn.NUMBERVALUE('2.0WP - Cen'!Z21)-_xlfn.NUMBERVALUE('2.0WP - State'!Z21)) | AA21: =IF(_xlfn.NUMBERVALUE('2.0WP - Cen'!AA21)-_xlfn.NUMBERVALUE('2.0WP - State'!AA21)=0,"",_xlfn.NUMBERVALUE('2.0WP - Cen'!AA21)-_xlfn.NUMBERVALUE('2.0WP - State'!AA21)) | AB21: =IF(_xlfn.NUMBERVALUE('2.0WP - Cen'!AB21)-_xlfn.NUMBERVALUE('2.0WP - State'!AB21)=0,"",_xlfn.NUMBERVALUE('2.0WP - Cen'!AB21)-_xlfn.NUMBERVALUE('2.0WP - State'!AB21)) | ... AJ21: =IF(_xlfn.NUMBERVALUE('2.0WP - Cen'!AJ21)-_xlfn.NUMBERVALUE('2.0WP - State'!AJ21)=0,"",_xlfn.NUMBERVALUE('2.0WP - Cen'!AJ21)-_xlfn.NUMBERVALUE('2.0WP - State'!AJ21)) | AK21: =SUM(U21:AJ21) -> 4 | AL21: =SUM(T21,AK21) -> 24
A22: ='[1]2.0WS'!A22 -> SRO TIRUCHIRAPALLI TOTAL | C22: =SUM(C18:C21) -> 4 | D22: =SUM(D18:D21) -> 0 | E22: =SUM(E18:E21) -> 0 | F22: =SUM(F18:F21) -> 0 | G22: =SUM(G18:G21) -> 2 | H22: =SUM(H18:H21) -> 4 | I22: =SUM(I18:I21) -> 0 | J22: =SUM(J18:J21) -> 4 | ... S22: =SUM(S18:S21) -> 4 | T22: =SUM(C22:S22) -> 40 | U22: =SUM(U18:U21) -> 0 | V22: =SUM(V18:V21) -> 0 | W22: =SUM(W18:W21) -> 4 | X22: =SUM(X18:X21) -> 0 | Y22: =SUM(Y18:Y21) -> 8 | Z22: =SUM(Z18:Z21) -> 0 | AA22: =SUM(AA18:AA21) -> 0 | AB22: =SUM(AB18:AB21) -> 0 | ... AJ22: =SUM(AJ18:AJ21) -> 0 | AK22: =SUM(U22:AJ22) -> 14 | AL22: =SUM(T22,AK22) -> 54
A23: ='[1]2.0WS'!A23 -> RO COIMBATORE TOTAL | C23: =SUM(C22,C17,C14,C10) -> 4 | D23: =SUM(D22,D17,D14,D10) -> 0 | E23: =SUM(E22,E17,E14,E10) -> 4 | F23: =SUM(F22,F17,F14,F10) -> 20 | G23: =SUM(G22,G17,G14,G10) -> 2 | H23: =SUM(H22,H17,H14,H10) -> 6 | I23: =SUM(I22,I17,I14,I10) -> 0 | J23: =SUM(J22,J17,J14,J10) -> 14 | ... S23: =SUM(S22,S17,S14,S10) -> 10 | T23: =SUM(C23:S23) -> 166 | U23: =SUM(U22,U17,U14,U10) -> 0 | V23: =SUM(V22,V17,V14,V10) -> 14 | W23: =SUM(W22,W17,W14,W10) -> 6 | X23: =SUM(X22,X17,X14,X10) -> 0 | Y23: =SUM(Y22,Y17,Y14,Y10) -> 16 | Z23: =SUM(Z22,Z17,Z14,Z10) -> 0 | AA23: =SUM(AA22,AA17,AA14,AA10) -> 0 | AB23: =SUM(AB22,AB17,AB14,AB10) -> 0 | ... AJ23: =SUM(AJ22,AJ17,AJ14,AJ10) -> 2 | AK23: =SUM(U23:AJ23) -> 64 | AL23: =SUM(T23,AK23) -> 230
A24: ='[1]2.0WS'!A24 -> 01 | B24: ='[1]2.0WS'!B24 -> THIRUVALLUR | C24: =IF(_xlfn.NUMBERVALUE('2.0WP - Cen'!C24)-_xlfn.NUMBERVALUE('2.0WP - State'!C24)=0,"",_xlfn.NUMBERVALUE('2.0WP - Cen'!C24)-_xlfn.NUMBERVALUE('2.0WP - State'!C24)) -> 4 | D24: =IF(_xlfn.NUMBERVALUE('2.0WP - Cen'!D24)-_xlfn.NUMBERVALUE('2.0WP - State'!D24)=0,"",_xlfn.NUMBERVALUE('2.0WP - Cen'!D24)-_xlfn.NUMBERVALUE('2.0WP - State'!D24)) | E24: =IF(_xlfn.NUMBERVALUE('2.0WP - Cen'!E24)-_xlfn.NUMBERVALUE('2.0WP - State'!E24)=0,"",_xlfn.NUMBERVALUE('2.0WP - Cen'!E24)-_xlfn.NUMBERVALUE('2.0WP - State'!E24)) -> 2 | F24: =IF(_xlfn.NUMBERVALUE('2.0WP - Cen'!F24)-_xlfn.NUMBERVALUE('2.0WP - State'!F24)=0,"",_xlfn.NUMBERVALUE('2.0WP - Cen'!F24)-_xlfn.NUMBERVALUE('2.0WP - State'!F24)) | G24: =IF(_xlfn.NUMBERVALUE('2.0WP - Cen'!G24)-_xlfn.NUMBERVALUE('2.0WP - State'!G24)=0,"",_xlfn.NUMBERVALUE('2.0WP - Cen'!G24)-_xlfn.NUMBERVALUE('2.0WP - State'!G24)) | H24: =IF(_xlfn.NUMBERVALUE('2.0WP - Cen'!H24)-_xlfn.NUMBERVALUE('2.0WP - State'!H24)=0,"",_xlfn.NUMBERVALUE('2.0WP - Cen'!H24)-_xlfn.NUMBERVALUE('2.0WP - State'!H24)) | I24: =IF(_xlfn.NUMBERVALUE('2.0WP - Cen'!I24)-_xlfn.NUMBERVALUE('2.0WP - State'!I24)=0,"",_xlfn.NUMBERVALUE('2.0WP - Cen'!I24)-_xlfn.NUMBERVALUE('2.0WP - State'!I24)) | J24: =IF(_xlfn.NUMBERVALUE('2.0WP - Cen'!J24)-_xlfn.NUMBERVALUE('2.0WP - State'!J24)=0,"",_xlfn.NUMBERVALUE('2.0WP - Cen'!J24)-_xlfn.NUMBERVALUE('2.0WP - State'!J24)) | ... S24: =IF(_xlfn.NUMBERVALUE('2.0WP - Cen'!S24)-_xlfn.NUMBERVALUE('2.0WP - State'!S24)=0,"",_xlfn.NUMBERVALUE('2.0WP - Cen'!S24)-_xlfn.NUMBERVALUE('2.0WP - State'!S24)) | T24: =SUM(C24:S24) -> 6 | U24: =IF(_xlfn.NUMBERVALUE('2.0WP - Cen'!U24)-_xlfn.NUMBERVALUE('2.0WP - State'!U24)=0,"",_xlfn.NUMBERVALUE('2.0WP - Cen'!U24)-_xlfn.NUMBERVALUE('2.0WP - State'!U24)) -> 2 | V24: =IF(_xlfn.NUMBERVALUE('2.0WP - Cen'!V24)-_xlfn.NUMBERVALUE('2.0WP - State'!V24)=0,"",_xlfn.NUMBERVALUE('2.0WP - Cen'!V24)-_xlfn.NUMBERVALUE('2.0WP - State'!V24)) | W24: =IF(_xlfn.NUMBERVALUE('2.0WP - Cen'!W24)-_xlfn.NUMBERVALUE('2.0WP - State'!W24)=0,"",_xlfn.NUMBERVALUE('2.0WP - Cen'!W24)-_xlfn.NUMBERVALUE('2.0WP - State'!W24)) | X24: =IF(_xlfn.NUMBERVALUE('2.0WP - Cen'!X24)-_xlfn.NUMBERVALUE('2.0WP - State'!X24)=0,"",_xlfn.NUMBERVALUE('2.0WP - Cen'!X24)-_xlfn.NUMBERVALUE('2.0WP - State'!X24)) | Y24: =IF(_xlfn.NUMBERVALUE('2.0WP - Cen'!Y24)-_xlfn.NUMBERVALUE('2.0WP - State'!Y24)=0,"",_xlfn.NUMBERVALUE('2.0WP - Cen'!Y24)-_xlfn.NUMBERVALUE('2.0WP - State'!Y24)) | Z24: =IF(_xlfn.NUMBERVALUE('2.0WP - Cen'!Z24)-_xlfn.NUMBERVALUE('2.0WP - State'!Z24)=0,"",_xlfn.NUMBERVALUE('2.0WP - Cen'!Z24)-_xlfn.NUMBERVALUE('2.0WP - State'!Z24)) | AA24: =IF(_xlfn.NUMBERVALUE('2.0WP - Cen'!AA24)-_xlfn.NUMBERVALUE('2.0WP - State'!AA24)=0,"",_xlfn.NUMBERVALUE('2.0WP - Cen'!AA24)-_xlfn.NUMBERVALUE('2.0WP - State'!AA24)) | AB24: =IF(_xlfn.NUMBERVALUE('2.0WP - Cen'!AB24)-_xlfn.NUMBERVALUE('2.0WP - State'!AB24)=0,"",_xlfn.NUMBERVALUE('2.0WP - Cen'!AB24)-_xlfn.NUMBERVALUE('2.0WP - State'!AB24)) | ... AJ24: =IF(_xlfn.NUMBERVALUE('2.0WP - Cen'!AJ24)-_xlfn.NUMBERVALUE('2.0WP - State'!AJ24)=0,"",_xlfn.NUMBERVALUE('2.0WP - Cen'!AJ24)-_xlfn.NUMBERVALUE('2.0WP - State'!AJ24)) | AK24: =SUM(U24:AJ24) -> 6 | AL24: =SUM(T24,AK24) -> 12
A25: ='[1]2.0WS'!A25 -> 03 | B25: ='[1]2.0WS'!B25 -> KANCHEEPURAM | C25: =IF(_xlfn.NUMBERVALUE('2.0WP - Cen'!C25)-_xlfn.NUMBERVALUE('2.0WP - State'!C25)=0,"",_xlfn.NUMBERVALUE('2.0WP - Cen'!C25)-_xlfn.NUMBERVALUE('2.0WP - State'!C25)) | D25: =IF(_xlfn.NUMBERVALUE('2.0WP - Cen'!D25)-_xlfn.NUMBERVALUE('2.0WP - State'!D25)=0,"",_xlfn.NUMBERVALUE('2.0WP - Cen'!D25)-_xlfn.NUMBERVALUE('2.0WP - State'!D25)) | E25: =IF(_xlfn.NUMBERVALUE('2.0WP - Cen'!E25)-_xlfn.NUMBERVALUE('2.0WP - State'!E25)=0,"",_xlfn.NUMBERVALUE('2.0WP - Cen'!E25)-_xlfn.NUMBERVALUE('2.0WP - State'!E25)) -> 4 | F25: =IF(_xlfn.NUMBERVALUE('2.0WP - Cen'!F25)-_xlfn.NUMBERVALUE('2.0WP - State'!F25)=0,"",_xlfn.NUMBERVALUE('2.0WP - Cen'!F25)-_xlfn.NUMBERVALUE('2.0WP - State'!F25)) | G25: =IF(_xlfn.NUMBERVALUE('2.0WP - Cen'!G25)-_xlfn.NUMBERVALUE('2.0WP - State'!G25)=0,"",_xlfn.NUMBERVALUE('2.0WP - Cen'!G25)-_xlfn.NUMBERVALUE('2.0WP - State'!G25)) | H25: =IF(_xlfn.NUMBERVALUE('2.0WP - Cen'!H25)-_xlfn.NUMBERVALUE('2.0WP - State'!H25)=0,"",_xlfn.NUMBERVALUE('2.0WP - Cen'!H25)-_xlfn.NUMBERVALUE('2.0WP - State'!H25)) | I25: =IF(_xlfn.NUMBERVALUE('2.0WP - Cen'!I25)-_xlfn.NUMBERVALUE('2.0WP - State'!I25)=0,"",_xlfn.NUMBERVALUE('2.0WP - Cen'!I25)-_xlfn.NUMBERVALUE('2.0WP - State'!I25)) | J25: =IF(_xlfn.NUMBERVALUE('2.0WP - Cen'!J25)-_xlfn.NUMBERVALUE('2.0WP - State'!J25)=0,"",_xlfn.NUMBERVALUE('2.0WP - Cen'!J25)-_xlfn.NUMBERVALUE('2.0WP - State'!J25)) | ... S25: =IF(_xlfn.NUMBERVALUE('2.0WP - Cen'!S25)-_xlfn.NUMBERVALUE('2.0WP - State'!S25)=0,"",_xlfn.NUMBERVALUE('2.0WP - Cen'!S25)-_xlfn.NUMBERVALUE('2.0WP - State'!S25)) | T25: =SUM(C25:S25) -> 8 | U25: =IF(_xlfn.NUMBERVALUE('2.0WP - Cen'!U25)-_xlfn.NUMBERVALUE('2.0WP - State'!U25)=0,"",_xlfn.NUMBERVALUE('2.0WP - Cen'!U25)-_xlfn.NUMBERVALUE('2.0WP - State'!U25)) | V25: =IF(_xlfn.NUMBERVALUE('2.0WP - Cen'!V25)-_xlfn.NUMBERVALUE('2.0WP - State'!V25)=0,"",_xlfn.NUMBERVALUE('2.0WP - Cen'!V25)-_xlfn.NUMBERVALUE('2.0WP - State'!V25)) | W25: =IF(_xlfn.NUMBERVALUE('2.0WP - Cen'!W25)-_xlfn.NUMBERVALUE('2.0WP - State'!W25)=0,"",_xlfn.NUMBERVALUE('2.0WP - Cen'!W25)-_xlfn.NUMBERVALUE('2.0WP - State'!W25)) | X25: =IF(_xlfn.NUMBERVALUE('2.0WP - Cen'!X25)-_xlfn.NUMBERVALUE('2.0WP - State'!X25)=0,"",_xlfn.NUMBERVALUE('2.0WP - Cen'!X25)-_xlfn.NUMBERVALUE('2.0WP - State'!X25)) | Y25: =IF(_xlfn.NUMBERVALUE('2.0WP - Cen'!Y25)-_xlfn.NUMBERVALUE('2.0WP - State'!Y25)=0,"",_xlfn.NUMBERVALUE('2.0WP - Cen'!Y25)-_xlfn.NUMBERVALUE('2.0WP - State'!Y25)) | Z25: =IF(_xlfn.NUMBERVALUE('2.0WP - Cen'!Z25)-_xlfn.NUMBERVALUE('2.0WP - State'!Z25)=0,"",_xlfn.NUMBERVALUE('2.0WP - Cen'!Z25)-_xlfn.NUMBERVALUE('2.0WP - State'!Z25)) | AA25: =IF(_xlfn.NUMBERVALUE('2.0WP - Cen'!AA25)-_xlfn.NUMBERVALUE('2.0WP - State'!AA25)=0,"",_xlfn.NUMBERVALUE('2.0WP - Cen'!AA25)-_xlfn.NUMBERVALUE('2.0WP - State'!AA25)) | AB25: =IF(_xlfn.NUMBERVALUE('2.0WP - Cen'!AB25)-_xlfn.NUMBERVALUE('2.0WP - State'!AB25)=0,"",_xlfn.NUMBERVALUE('2.0WP - Cen'!AB25)-_xlfn.NUMBERVALUE('2.0WP - State'!AB25)) | ... AJ25: =IF(_xlfn.NUMBERVALUE('2.0WP - Cen'!AJ25)-_xlfn.NUMBERVALUE('2.0WP - State'!AJ25)=0,"",_xlfn.NUMBERVALUE('2.0WP - Cen'!AJ25)-_xlfn.NUMBERVALUE('2.0WP - State'!AJ25)) | AK25: =SUM(U25:AJ25) -> 0 | AL25: =SUM(T25,AK25) -> 8
A26: ='[1]2.0WS'!A26 -> 33 | B26: ='[1]2.0WS'!B26 -> CHENGALPATTU | C26: =IF(_xlfn.NUMBERVALUE('2.0WP - Cen'!C26)-_xlfn.NUMBERVALUE('2.0WP - State'!C26)=0,"",_xlfn.NUMBERVALUE('2.0WP - Cen'!C26)-_xlfn.NUMBERVALUE('2.0WP - State'!C26)) | D26: =IF(_xlfn.NUMBERVALUE('2.0WP - Cen'!D26)-_xlfn.NUMBERVALUE('2.0WP - State'!D26)=0,"",_xlfn.NUMBERVALUE('2.0WP - Cen'!D26)-_xlfn.NUMBERVALUE('2.0WP - State'!D26)) | E26: =IF(_xlfn.NUMBERVALUE('2.0WP - Cen'!E26)-_xlfn.NUMBERVALUE('2.0WP - State'!E26)=0,"",_xlfn.NUMBERVALUE('2.0WP - Cen'!E26)-_xlfn.NUMBERVALUE('2.0WP - State'!E26)) | F26: =IF(_xlfn.NUMBERVALUE('2.0WP - Cen'!F26)-_xlfn.NUMBERVALUE('2.0WP - State'!F26)=0,"",_xlfn.NUMBERVALUE('2.0WP - Cen'!F26)-_xlfn.NUMBERVALUE('2.0WP - State'!F26)) | G26: =IF(_xlfn.NUMBERVALUE('2.0WP - Cen'!G26)-_xlfn.NUMBERVALUE('2.0WP - State'!G26)=0,"",_xlfn.NUMBERVALUE('2.0WP - Cen'!G26)-_xlfn.NUMBERVALUE('2.0WP - State'!G26)) | H26: =IF(_xlfn.NUMBERVALUE('2.0WP - Cen'!H26)-_xlfn.NUMBERVALUE('2.0WP - State'!H26)=0,"",_xlfn.NUMBERVALUE('2.0WP - Cen'!H26)-_xlfn.NUMBERVALUE('2.0WP - State'!H26)) | I26: =IF(_xlfn.NUMBERVALUE('2.0WP - Cen'!I26)-_xlfn.NUMBERVALUE('2.0WP - State'!I26)=0,"",_xlfn.NUMBERVALUE('2.0WP - Cen'!I26)-_xlfn.NUMBERVALUE('2.0WP - State'!I26)) | J26: =IF(_xlfn.NUMBERVALUE('2.0WP - Cen'!J26)-_xlfn.NUMBERVALUE('2.0WP - State'!J26)=0,"",_xlfn.NUMBERVALUE('2.0WP - Cen'!J26)-_xlfn.NUMBERVALUE('2.0WP - State'!J26)) | ... S26: =IF(_xlfn.NUMBERVALUE('2.0WP - Cen'!S26)-_xlfn.NUMBERVALUE('2.0WP - State'!S26)=0,"",_xlfn.NUMBERVALUE('2.0WP - Cen'!S26)-_xlfn.NUMBERVALUE('2.0WP - State'!S26)) -> 4 | T26: =SUM(C26:S26) -> 4 | U26: =IF(_xlfn.NUMBERVALUE('2.0WP - Cen'!U26)-_xlfn.NUMBERVALUE('2.0WP - State'!U26)=0,"",_xlfn.NUMBERVALUE('2.0WP - Cen'!U26)-_xlfn.NUMBERVALUE('2.0WP - State'!U26)) -> 4 | V26: =IF(_xlfn.NUMBERVALUE('2.0WP - Cen'!V26)-_xlfn.NUMBERVALUE('2.0WP - State'!V26)=0,"",_xlfn.NUMBERVALUE('2.0WP - Cen'!V26)-_xlfn.NUMBERVALUE('2.0WP - State'!V26)) | W26: =IF(_xlfn.NUMBERVALUE('2.0WP - Cen'!W26)-_xlfn.NUMBERVALUE('2.0WP - State'!W26)=0,"",_xlfn.NUMBERVALUE('2.0WP - Cen'!W26)-_xlfn.NUMBERVALUE('2.0WP - State'!W26)) | X26: =IF(_xlfn.NUMBERVALUE('2.0WP - Cen'!X26)-_xlfn.NUMBERVALUE('2.0WP - State'!X26)=0,"",_xlfn.NUMBERVALUE('2.0WP - Cen'!X26)-_xlfn.NUMBERVALUE('2.0WP - State'!X26)) | Y26: =IF(_xlfn.NUMBERVALUE('2.0WP - Cen'!Y26)-_xlfn.NUMBERVALUE('2.0WP - State'!Y26)=0,"",_xlfn.NUMBERVALUE('2.0WP - Cen'!Y26)-_xlfn.NUMBERVALUE('2.0WP - State'!Y26)) | Z26: =IF(_xlfn.NUMBERVALUE('2.0WP - Cen'!Z26)-_xlfn.NUMBERVALUE('2.0WP - State'!Z26)=0,"",_xlfn.NUMBERVALUE('2.0WP - Cen'!Z26)-_xlfn.NUMBERVALUE('2.0WP - State'!Z26)) | AA26: =IF(_xlfn.NUMBERVALUE('2.0WP - Cen'!AA26)-_xlfn.NUMBERVALUE('2.0WP - State'!AA26)=0,"",_xlfn.NUMBERVALUE('2.0WP - Cen'!AA26)-_xlfn.NUMBERVALUE('2.0WP - State'!AA26)) | AB26: =IF(_xlfn.NUMBERVALUE('2.0WP - Cen'!AB26)-_xlfn.NUMBERVALUE('2.0WP - State'!AB26)=0,"",_xlfn.NUMBERVALUE('2.0WP - Cen'!AB26)-_xlfn.NUMBERVALUE('2.0WP - State'!AB26)) | ... AJ26: =IF(_xlfn.NUMBERVALUE('2.0WP - Cen'!AJ26)-_xlfn.NUMBERVALUE('2.0WP - State'!AJ26)=0,"",_xlfn.NUMBERVALUE('2.0WP - Cen'!AJ26)-_xlfn.NUMBERVALUE('2.0WP - State'!AJ26)) | AK26: =SUM(U26:AJ26) -> 4 | AL26: =SUM(T26,AK26) -> 8
A27: ='[1]2.0WS'!A27 -> SRO CHENNAI TOTAL | C27: =SUM(C24:C26) -> 4 | D27: =SUM(D24:D26) -> 0 | E27: =SUM(E24:E26) -> 6 | F27: =SUM(F24:F26) -> 0 | G27: =SUM(G24:G26) -> 0 | H27: =SUM(H24:H26) -> 0 | I27: =SUM(I24:I26) -> 0 | J27: =SUM(J24:J26) -> 0 | ... S27: =SUM(S24:S26) -> 4 | T27: =SUM(C27:S27) -> 18 | U27: =SUM(U24:U26) -> 6 | V27: =SUM(V24:V26) -> 0 | W27: =SUM(W24:W26) -> 0 | X27: =SUM(X24:X26) -> 0 | Y27: =SUM(Y24:Y26) -> 0 | Z27: =SUM(Z24:Z26) -> 0 | AA27: =SUM(AA24:AA26) -> 0 | AB27: =SUM(AB24:AB26) -> 0 | ... AJ27: =SUM(AJ24:AJ26) -> 0 | AK27: =SUM(U27:AJ27) -> 10 | AL27: =SUM(T27,AK27) -> 28
A28: ='[1]2.0WS'!A28 -> 07 | B28: ='[1]2.0WS'!B28 -> VILUPPURAM | C28: =IF(_xlfn.NUMBERVALUE('2.0WP - Cen'!C28)-_xlfn.NUMBERVALUE('2.0WP - State'!C28)=0,"",_xlfn.NUMBERVALUE('2.0WP - Cen'!C28)-_xlfn.NUMBERVALUE('2.0WP - State'!C28)) | D28: =IF(_xlfn.NUMBERVALUE('2.0WP - Cen'!D28)-_xlfn.NUMBERVALUE('2.0WP - State'!D28)=0,"",_xlfn.NUMBERVALUE('2.0WP - Cen'!D28)-_xlfn.NUMBERVALUE('2.0WP - State'!D28)) | E28: =IF(_xlfn.NUMBERVALUE('2.0WP - Cen'!E28)-_xlfn.NUMBERVALUE('2.0WP - State'!E28)=0,"",_xlfn.NUMBERVALUE('2.0WP - Cen'!E28)-_xlfn.NUMBERVALUE('2.0WP - State'!E28)) | F28: =IF(_xlfn.NUMBERVALUE('2.0WP - Cen'!F28)-_xlfn.NUMBERVALUE('2.0WP - State'!F28)=0,"",_xlfn.NUMBERVALUE('2.0WP - Cen'!F28)-_xlfn.NUMBERVALUE('2.0WP - State'!F28)) | G28: =IF(_xlfn.NUMBERVALUE('2.0WP - Cen'!G28)-_xlfn.NUMBERVALUE('2.0WP - State'!G28)=0,"",_xlfn.NUMBERVALUE('2.0WP - Cen'!G28)-_xlfn.NUMBERVALUE('2.0WP - State'!G28)) | H28: =IF(_xlfn.NUMBERVALUE('2.0WP - Cen'!H28)-_xlfn.NUMBERVALUE('2.0WP - State'!H28)=0,"",_xlfn.NUMBERVALUE('2.0WP - Cen'!H28)-_xlfn.NUMBERVALUE('2.0WP - State'!H28)) | I28: =IF(_xlfn.NUMBERVALUE('2.0WP - Cen'!I28)-_xlfn.NUMBERVALUE('2.0WP - State'!I28)=0,"",_xlfn.NUMBERVALUE('2.0WP - Cen'!I28)-_xlfn.NUMBERVALUE('2.0WP - State'!I28)) | J28: =IF(_xlfn.NUMBERVALUE('2.0WP - Cen'!J28)-_xlfn.NUMBERVALUE('2.0WP - State'!J28)=0,"",_xlfn.NUMBERVALUE('2.0WP - Cen'!J28)-_xlfn.NUMBERVALUE('2.0WP - State'!J28)) | ... S28: =IF(_xlfn.NUMBERVALUE('2.0WP - Cen'!S28)-_xlfn.NUMBERVALUE('2.0WP - State'!S28)=0,"",_xlfn.NUMBERVALUE('2.0WP - Cen'!S28)-_xlfn.NUMBERVALUE('2.0WP - State'!S28)) | T28: =SUM(C28:S28) -> 0 | U28: =IF(_xlfn.NUMBERVALUE('2.0WP - Cen'!U28)-_xlfn.NUMBERVALUE('2.0WP - State'!U28)=0,"",_xlfn.NUMBERVALUE('2.0WP - Cen'!U28)-_xlfn.NUMBERVALUE('2.0WP - State'!U28)) | V28: =IF(_xlfn.NUMBERVALUE('2.0WP - Cen'!V28)-_xlfn.NUMBERVALUE('2.0WP - State'!V28)=0,"",_xlfn.NUMBERVALUE('2.0WP - Cen'!V28)-_xlfn.NUMBERVALUE('2.0WP - State'!V28)) | W28: =IF(_xlfn.NUMBERVALUE('2.0WP - Cen'!W28)-_xlfn.NUMBERVALUE('2.0WP - State'!W28)=0,"",_xlfn.NUMBERVALUE('2.0WP - Cen'!W28)-_xlfn.NUMBERVALUE('2.0WP - State'!W28)) | X28: =IF(_xlfn.NUMBERVALUE('2.0WP - Cen'!X28)-_xlfn.NUMBERVALUE('2.0WP - State'!X28)=0,"",_xlfn.NUMBERVALUE('2.0WP - Cen'!X28)-_xlfn.NUMBERVALUE('2.0WP - State'!X28)) | Y28: =IF(_xlfn.NUMBERVALUE('2.0WP - Cen'!Y28)-_xlfn.NUMBERVALUE('2.0WP - State'!Y28)=0,"",_xlfn.NUMBERVALUE('2.0WP - Cen'!Y28)-_xlfn.NUMBERVALUE('2.0WP - State'!Y28)) | Z28: =IF(_xlfn.NUMBERVALUE('2.0WP - Cen'!Z28)-_xlfn.NUMBERVALUE('2.0WP - State'!Z28)=0,"",_xlfn.NUMBERVALUE('2.0WP - Cen'!Z28)-_xlfn.NUMBERVALUE('2.0WP - State'!Z28)) | AA28: =IF(_xlfn.NUMBERVALUE('2.0WP - Cen'!AA28)-_xlfn.NUMBERVALUE('2.0WP - State'!AA28)=0,"",_xlfn.NUMBERVALUE('2.0WP - Cen'!AA28)-_xlfn.NUMBERVALUE('2.0WP - State'!AA28)) | AB28: =IF(_xlfn.NUMBERVALUE('2.0WP - Cen'!AB28)-_xlfn.NUMBERVALUE('2.0WP - State'!AB28)=0,"",_xlfn.NUMBERVALUE('2.0WP - Cen'!AB28)-_xlfn.NUMBERVALUE('2.0WP - State'!AB28)) | ... AJ28: =IF(_xlfn.NUMBERVALUE('2.0WP - Cen'!AJ28)-_xlfn.NUMBERVALUE('2.0WP - State'!AJ28)=0,"",_xlfn.NUMBERVALUE('2.0WP - Cen'!AJ28)-_xlfn.NUMBERVALUE('2.0WP - State'!AJ28)) | AK28: =SUM(U28:AJ28) -> 0 | AL28: =SUM(T28,AK28) -> 0
A29: ='[1]2.0WS'!A29 -> 18 | B29: ='[1]2.0WS'!B29 -> CUDDALORE | C29: =IF(_xlfn.NUMBERVALUE('2.0WP - Cen'!C29)-_xlfn.NUMBERVALUE('2.0WP - State'!C29)=0,"",_xlfn.NUMBERVALUE('2.0WP - Cen'!C29)-_xlfn.NUMBERVALUE('2.0WP - State'!C29)) -> 4 | D29: =IF(_xlfn.NUMBERVALUE('2.0WP - Cen'!D29)-_xlfn.NUMBERVALUE('2.0WP - State'!D29)=0,"",_xlfn.NUMBERVALUE('2.0WP - Cen'!D29)-_xlfn.NUMBERVALUE('2.0WP - State'!D29)) | E29: =IF(_xlfn.NUMBERVALUE('2.0WP - Cen'!E29)-_xlfn.NUMBERVALUE('2.0WP - State'!E29)=0,"",_xlfn.NUMBERVALUE('2.0WP - Cen'!E29)-_xlfn.NUMBERVALUE('2.0WP - State'!E29)) -> 2 | F29: =IF(_xlfn.NUMBERVALUE('2.0WP - Cen'!F29)-_xlfn.NUMBERVALUE('2.0WP - State'!F29)=0,"",_xlfn.NUMBERVALUE('2.0WP - Cen'!F29)-_xlfn.NUMBERVALUE('2.0WP - State'!F29)) | G29: =IF(_xlfn.NUMBERVALUE('2.0WP - Cen'!G29)-_xlfn.NUMBERVALUE('2.0WP - State'!G29)=0,"",_xlfn.NUMBERVALUE('2.0WP - Cen'!G29)-_xlfn.NUMBERVALUE('2.0WP - State'!G29)) | H29: =IF(_xlfn.NUMBERVALUE('2.0WP - Cen'!H29)-_xlfn.NUMBERVALUE('2.0WP - State'!H29)=0,"",_xlfn.NUMBERVALUE('2.0WP - Cen'!H29)-_xlfn.NUMBERVALUE('2.0WP - State'!H29)) -> 2 | I29: =IF(_xlfn.NUMBERVALUE('2.0WP - Cen'!I29)-_xlfn.NUMBERVALUE('2.0WP - State'!I29)=0,"",_xlfn.NUMBERVALUE('2.0WP - Cen'!I29)-_xlfn.NUMBERVALUE('2.0WP - State'!I29)) -> 4 | J29: =IF(_xlfn.NUMBERVALUE('2.0WP - Cen'!J29)-_xlfn.NUMBERVALUE('2.0WP - State'!J29)=0,"",_xlfn.NUMBERVALUE('2.0WP - Cen'!J29)-_xlfn.NUMBERVALUE('2.0WP - State'!J29)) -> 2 | ... S29: =IF(_xlfn.NUMBERVALUE('2.0WP - Cen'!S29)-_xlfn.NUMBERVALUE('2.0WP - State'!S29)=0,"",_xlfn.NUMBERVALUE('2.0WP - Cen'!S29)-_xlfn.NUMBERVALUE('2.0WP - State'!S29)) -> 2 | T29: =SUM(C29:S29) -> 20 | U29: =IF(_xlfn.NUMBERVALUE('2.0WP - Cen'!U29)-_xlfn.NUMBERVALUE('2.0WP - State'!U29)=0,"",_xlfn.NUMBERVALUE('2.0WP - Cen'!U29)-_xlfn.NUMBERVALUE('2.0WP - State'!U29)) | V29: =IF(_xlfn.NUMBERVALUE('2.0WP - Cen'!V29)-_xlfn.NUMBERVALUE('2.0WP - State'!V29)=0,"",_xlfn.NUMBERVALUE('2.0WP - Cen'!V29)-_xlfn.NUMBERVALUE('2.0WP - State'!V29)) | W29: =IF(_xlfn.NUMBERVALUE('2.0WP - Cen'!W29)-_xlfn.NUMBERVALUE('2.0WP - State'!W29)=0,"",_xlfn.NUMBERVALUE('2.0WP - Cen'!W29)-_xlfn.NUMBERVALUE('2.0WP - State'!W29)) | X29: =IF(_xlfn.NUMBERVALUE('2.0WP - Cen'!X29)-_xlfn.NUMBERVALUE('2.0WP - State'!X29)=0,"",_xlfn.NUMBERVALUE('2.0WP - Cen'!X29)-_xlfn.NUMBERVALUE('2.0WP - State'!X29)) | Y29: =IF(_xlfn.NUMBERVALUE('2.0WP - Cen'!Y29)-_xlfn.NUMBERVALUE('2.0WP - State'!Y29)=0,"",_xlfn.NUMBERVALUE('2.0WP - Cen'!Y29)-_xlfn.NUMBERVALUE('2.0WP - State'!Y29)) -> 4 | Z29: =IF(_xlfn.NUMBERVALUE('2.0WP - Cen'!Z29)-_xlfn.NUMBERVALUE('2.0WP - State'!Z29)=0,"",_xlfn.NUMBERVALUE('2.0WP - Cen'!Z29)-_xlfn.NUMBERVALUE('2.0WP - State'!Z29)) -> 4 | AA29: =IF(_xlfn.NUMBERVALUE('2.0WP - Cen'!AA29)-_xlfn.NUMBERVALUE('2.0WP - State'!AA29)=0,"",_xlfn.NUMBERVALUE('2.0WP - Cen'!AA29)-_xlfn.NUMBERVALUE('2.0WP - State'!AA29)) | AB29: =IF(_xlfn.NUMBERVALUE('2.0WP - Cen'!AB29)-_xlfn.NUMBERVALUE('2.0WP - State'!AB29)=0,"",_xlfn.NUMBERVALUE('2.0WP - Cen'!AB29)-_xlfn.NUMBERVALUE('2.0WP - State'!AB29)) -> 2 | ... AJ29: =IF(_xlfn.NUMBERVALUE('2.0WP - Cen'!AJ29)-_xlfn.NUMBERVALUE('2.0WP - State'!AJ29)=0,"",_xlfn.NUMBERVALUE('2.0WP - Cen'!AJ29)-_xlfn.NUMBERVALUE('2.0WP - State'!AJ29)) | AK29: =SUM(U29:AJ29) -> 12 | AL29: =SUM(T29,AK29) -> 32
A30: ='[1]2.0WS'!A30 -> 34 | B30: ='[1]2.0WS'!B30 -> KALLAKURICHI | C30: =IF(_xlfn.NUMBERVALUE('2.0WP - Cen'!C30)-_xlfn.NUMBERVALUE('2.0WP - State'!C30)=0,"",_xlfn.NUMBERVALUE('2.0WP - Cen'!C30)-_xlfn.NUMBERVALUE('2.0WP - State'!C30)) -> 4 | D30: =IF(_xlfn.NUMBERVALUE('2.0WP - Cen'!D30)-_xlfn.NUMBERVALUE('2.0WP - State'!D30)=0,"",_xlfn.NUMBERVALUE('2.0WP - Cen'!D30)-_xlfn.NUMBERVALUE('2.0WP - State'!D30)) | E30: =IF(_xlfn.NUMBERVALUE('2.0WP - Cen'!E30)-_xlfn.NUMBERVALUE('2.0WP - State'!E30)=0,"",_xlfn.NUMBERVALUE('2.0WP - Cen'!E30)-_xlfn.NUMBERVALUE('2.0WP - State'!E30)) | F30: =IF(_xlfn.NUMBERVALUE('2.0WP - Cen'!F30)-_xlfn.NUMBERVALUE('2.0WP - State'!F30)=0,"",_xlfn.NUMBERVALUE('2.0WP - Cen'!F30)-_xlfn.NUMBERVALUE('2.0WP - State'!F30)) | G30: =IF(_xlfn.NUMBERVALUE('2.0WP - Cen'!G30)-_xlfn.NUMBERVALUE('2.0WP - State'!G30)=0,"",_xlfn.NUMBERVALUE('2.0WP - Cen'!G30)-_xlfn.NUMBERVALUE('2.0WP - State'!G30)) | H30: =IF(_xlfn.NUMBERVALUE('2.0WP - Cen'!H30)-_xlfn.NUMBERVALUE('2.0WP - State'!H30)=0,"",_xlfn.NUMBERVALUE('2.0WP - Cen'!H30)-_xlfn.NUMBERVALUE('2.0WP - State'!H30)) -> 10 | I30: =IF(_xlfn.NUMBERVALUE('2.0WP - Cen'!I30)-_xlfn.NUMBERVALUE('2.0WP - State'!I30)=0,"",_xlfn.NUMBERVALUE('2.0WP - Cen'!I30)-_xlfn.NUMBERVALUE('2.0WP - State'!I30)) | J30: =IF(_xlfn.NUMBERVALUE('2.0WP - Cen'!J30)-_xlfn.NUMBERVALUE('2.0WP - State'!J30)=0,"",_xlfn.NUMBERVALUE('2.0WP - Cen'!J30)-_xlfn.NUMBERVALUE('2.0WP - State'!J30)) | ... S30: =IF(_xlfn.NUMBERVALUE('2.0WP - Cen'!S30)-_xlfn.NUMBERVALUE('2.0WP - State'!S30)=0,"",_xlfn.NUMBERVALUE('2.0WP - Cen'!S30)-_xlfn.NUMBERVALUE('2.0WP - State'!S30)) -> 2 | T30: =SUM(C30:S30) -> 24 | U30: =IF(_xlfn.NUMBERVALUE('2.0WP - Cen'!U30)-_xlfn.NUMBERVALUE('2.0WP - State'!U30)=0,"",_xlfn.NUMBERVALUE('2.0WP - Cen'!U30)-_xlfn.NUMBERVALUE('2.0WP - State'!U30)) -> 4 | V30: =IF(_xlfn.NUMBERVALUE('2.0WP - Cen'!V30)-_xlfn.NUMBERVALUE('2.0WP - State'!V30)=0,"",_xlfn.NUMBERVALUE('2.0WP - Cen'!V30)-_xlfn.NUMBERVALUE('2.0WP - State'!V30)) | W30: =IF(_xlfn.NUMBERVALUE('2.0WP - Cen'!W30)-_xlfn.NUMBERVALUE('2.0WP - State'!W30)=0,"",_xlfn.NUMBERVALUE('2.0WP - Cen'!W30)-_xlfn.NUMBERVALUE('2.0WP - State'!W30)) | X30: =IF(_xlfn.NUMBERVALUE('2.0WP - Cen'!X30)-_xlfn.NUMBERVALUE('2.0WP - State'!X30)=0,"",_xlfn.NUMBERVALUE('2.0WP - Cen'!X30)-_xlfn.NUMBERVALUE('2.0WP - State'!X30)) | Y30: =IF(_xlfn.NUMBERVALUE('2.0WP - Cen'!Y30)-_xlfn.NUMBERVALUE('2.0WP - State'!Y30)=0,"",_xlfn.NUMBERVALUE('2.0WP - Cen'!Y30)-_xlfn.NUMBERVALUE('2.0WP - State'!Y30)) | Z30: =IF(_xlfn.NUMBERVALUE('2.0WP - Cen'!Z30)-_xlfn.NUMBERVALUE('2.0WP - State'!Z30)=0,"",_xlfn.NUMBERVALUE('2.0WP - Cen'!Z30)-_xlfn.NUMBERVALUE('2.0WP - State'!Z30)) -> 2 | AA30: =IF(_xlfn.NUMBERVALUE('2.0WP - Cen'!AA30)-_xlfn.NUMBERVALUE('2.0WP - State'!AA30)=0,"",_xlfn.NUMBERVALUE('2.0WP - Cen'!AA30)-_xlfn.NUMBERVALUE('2.0WP - State'!AA30)) | AB30: =IF(_xlfn.NUMBERVALUE('2.0WP - Cen'!AB30)-_xlfn.NUMBERVALUE('2.0WP - State'!AB30)=0,"",_xlfn.NUMBERVALUE('2.0WP - Cen'!AB30)-_xlfn.NUMBERVALUE('2.0WP - State'!AB30)) | ... AJ30: =IF(_xlfn.NUMBERVALUE('2.0WP - Cen'!AJ30)-_xlfn.NUMBERVALUE('2.0WP - State'!AJ30)=0,"",_xlfn.NUMBERVALUE('2.0WP - Cen'!AJ30)-_xlfn.NUMBERVALUE('2.0WP - State'!AJ30)) | AK30: =SUM(U30:AJ30) -> 10 | AL30: =SUM(T30,AK30) -> 34
A31: ='[1]2.0WS'!A31 -> 38 | B31: ='[1]2.0WS'!B31 -> MAYILADUTHURAI | C31: =IF(_xlfn.NUMBERVALUE('2.0WP - Cen'!C31)-_xlfn.NUMBERVALUE('2.0WP - State'!C31)=0,"",_xlfn.NUMBERVALUE('2.0WP - Cen'!C31)-_xlfn.NUMBERVALUE('2.0WP - State'!C31)) | D31: =IF(_xlfn.NUMBERVALUE('2.0WP - Cen'!D31)-_xlfn.NUMBERVALUE('2.0WP - State'!D31)=0,"",_xlfn.NUMBERVALUE('2.0WP - Cen'!D31)-_xlfn.NUMBERVALUE('2.0WP - State'!D31)) | E31: =IF(_xlfn.NUMBERVALUE('2.0WP - Cen'!E31)-_xlfn.NUMBERVALUE('2.0WP - State'!E31)=0,"",_xlfn.NUMBERVALUE('2.0WP - Cen'!E31)-_xlfn.NUMBERVALUE('2.0WP - State'!E31)) | F31: =IF(_xlfn.NUMBERVALUE('2.0WP - Cen'!F31)-_xlfn.NUMBERVALUE('2.0WP - State'!F31)=0,"",_xlfn.NUMBERVALUE('2.0WP - Cen'!F31)-_xlfn.NUMBERVALUE('2.0WP - State'!F31)) | G31: =IF(_xlfn.NUMBERVALUE('2.0WP - Cen'!G31)-_xlfn.NUMBERVALUE('2.0WP - State'!G31)=0,"",_xlfn.NUMBERVALUE('2.0WP - Cen'!G31)-_xlfn.NUMBERVALUE('2.0WP - State'!G31)) | H31: =IF(_xlfn.NUMBERVALUE('2.0WP - Cen'!H31)-_xlfn.NUMBERVALUE('2.0WP - State'!H31)=0,"",_xlfn.NUMBERVALUE('2.0WP - Cen'!H31)-_xlfn.NUMBERVALUE('2.0WP - State'!H31)) | I31: =IF(_xlfn.NUMBERVALUE('2.0WP - Cen'!I31)-_xlfn.NUMBERVALUE('2.0WP - State'!I31)=0,"",_xlfn.NUMBERVALUE('2.0WP - Cen'!I31)-_xlfn.NUMBERVALUE('2.0WP - State'!I31)) | J31: =IF(_xlfn.NUMBERVALUE('2.0WP - Cen'!J31)-_xlfn.NUMBERVALUE('2.0WP - State'!J31)=0,"",_xlfn.NUMBERVALUE('2.0WP - Cen'!J31)-_xlfn.NUMBERVALUE('2.0WP - State'!J31)) | ... S31: =IF(_xlfn.NUMBERVALUE('2.0WP - Cen'!S31)-_xlfn.NUMBERVALUE('2.0WP - State'!S31)=0,"",_xlfn.NUMBERVALUE('2.0WP - Cen'!S31)-_xlfn.NUMBERVALUE('2.0WP - State'!S31)) | T31: =SUM(C31:S31) -> 0 | U31: =IF(_xlfn.NUMBERVALUE('2.0WP - Cen'!U31)-_xlfn.NUMBERVALUE('2.0WP - State'!U31)=0,"",_xlfn.NUMBERVALUE('2.0WP - Cen'!U31)-_xlfn.NUMBERVALUE('2.0WP - State'!U31)) | V31: =IF(_xlfn.NUMBERVALUE('2.0WP - Cen'!V31)-_xlfn.NUMBERVALUE('2.0WP - State'!V31)=0,"",_xlfn.NUMBERVALUE('2.0WP - Cen'!V31)-_xlfn.NUMBERVALUE('2.0WP - State'!V31)) | W31: =IF(_xlfn.NUMBERVALUE('2.0WP - Cen'!W31)-_xlfn.NUMBERVALUE('2.0WP - State'!W31)=0,"",_xlfn.NUMBERVALUE('2.0WP - Cen'!W31)-_xlfn.NUMBERVALUE('2.0WP - State'!W31)) | X31: =IF(_xlfn.NUMBERVALUE('2.0WP - Cen'!X31)-_xlfn.NUMBERVALUE('2.0WP - State'!X31)=0,"",_xlfn.NUMBERVALUE('2.0WP - Cen'!X31)-_xlfn.NUMBERVALUE('2.0WP - State'!X31)) | Y31: =IF(_xlfn.NUMBERVALUE('2.0WP - Cen'!Y31)-_xlfn.NUMBERVALUE('2.0WP - State'!Y31)=0,"",_xlfn.NUMBERVALUE('2.0WP - Cen'!Y31)-_xlfn.NUMBERVALUE('2.0WP - State'!Y31)) | Z31: =IF(_xlfn.NUMBERVALUE('2.0WP - Cen'!Z31)-_xlfn.NUMBERVALUE('2.0WP - State'!Z31)=0,"",_xlfn.NUMBERVALUE('2.0WP - Cen'!Z31)-_xlfn.NUMBERVALUE('2.0WP - State'!Z31)) | AA31: =IF(_xlfn.NUMBERVALUE('2.0WP - Cen'!AA31)-_xlfn.NUMBERVALUE('2.0WP - State'!AA31)=0,"",_xlfn.NUMBERVALUE('2.0WP - Cen'!AA31)-_xlfn.NUMBERVALUE('2.0WP - State'!AA31)) | AB31: =IF(_xlfn.NUMBERVALUE('2.0WP - Cen'!AB31)-_xlfn.NUMBERVALUE('2.0WP - State'!AB31)=0,"",_xlfn.NUMBERVALUE('2.0WP - Cen'!AB31)-_xlfn.NUMBERVALUE('2.0WP - State'!AB31)) | ... AJ31: =IF(_xlfn.NUMBERVALUE('2.0WP - Cen'!AJ31)-_xlfn.NUMBERVALUE('2.0WP - State'!AJ31)=0,"",_xlfn.NUMBERVALUE('2.0WP - Cen'!AJ31)-_xlfn.NUMBERVALUE('2.0WP - State'!AJ31)) | AK31: =SUM(U31:AJ31) -> 0 | AL31: =SUM(T31,AK31) -> 0
A32: ='[1]2.0WS'!A32 -> SRO CUDDALORE TOTAL | C32: =SUM(C28:C31) -> 8 | D32: =SUM(D28:D31) -> 0 | E32: =SUM(E28:E31) -> 2 | F32: =SUM(F28:F31) -> 0 | G32: =SUM(G28:G31) -> 0 | H32: =SUM(H28:H31) -> 12 | I32: =SUM(I28:I31) -> 4 | J32: =SUM(J28:J31) -> 2 | ... S32: =SUM(S28:S31) -> 4 | T32: =SUM(C32:S32) -> 44 | U32: =SUM(U28:U31) -> 4 | V32: =SUM(V28:V31) -> 0 | W32: =SUM(W28:W31) -> 0 | X32: =SUM(X28:X31) -> 0 | Y32: =SUM(Y28:Y31) -> 4 | Z32: =SUM(Z28:Z31) -> 6 | AA32: =SUM(AA28:AA31) -> 0 | AB32: =SUM(AB28:AB31) -> 2 | ... AJ32: =SUM(AJ28:AJ31) -> 0 | AK32: =SUM(U32:AJ32) -> 22 | AL32: =SUM(T32,AK32) -> 66
A33: ='[1]2.0WS'!A33 -> 04 | B33: ='[1]2.0WS'!B33 -> VELLORE | C33: =IF(_xlfn.NUMBERVALUE('2.0WP - Cen'!C33)-_xlfn.NUMBERVALUE('2.0WP - State'!C33)=0,"",_xlfn.NUMBERVALUE('2.0WP - Cen'!C33)-_xlfn.NUMBERVALUE('2.0WP - State'!C33)) | D33: =IF(_xlfn.NUMBERVALUE('2.0WP - Cen'!D33)-_xlfn.NUMBERVALUE('2.0WP - State'!D33)=0,"",_xlfn.NUMBERVALUE('2.0WP - Cen'!D33)-_xlfn.NUMBERVALUE('2.0WP - State'!D33)) | E33: =IF(_xlfn.NUMBERVALUE('2.0WP - Cen'!E33)-_xlfn.NUMBERVALUE('2.0WP - State'!E33)=0,"",_xlfn.NUMBERVALUE('2.0WP - Cen'!E33)-_xlfn.NUMBERVALUE('2.0WP - State'!E33)) | F33: =IF(_xlfn.NUMBERVALUE('2.0WP - Cen'!F33)-_xlfn.NUMBERVALUE('2.0WP - State'!F33)=0,"",_xlfn.NUMBERVALUE('2.0WP - Cen'!F33)-_xlfn.NUMBERVALUE('2.0WP - State'!F33)) | G33: =IF(_xlfn.NUMBERVALUE('2.0WP - Cen'!G33)-_xlfn.NUMBERVALUE('2.0WP - State'!G33)=0,"",_xlfn.NUMBERVALUE('2.0WP - Cen'!G33)-_xlfn.NUMBERVALUE('2.0WP - State'!G33)) | H33: =IF(_xlfn.NUMBERVALUE('2.0WP - Cen'!H33)-_xlfn.NUMBERVALUE('2.0WP - State'!H33)=0,"",_xlfn.NUMBERVALUE('2.0WP - Cen'!H33)-_xlfn.NUMBERVALUE('2.0WP - State'!H33)) | I33: =IF(_xlfn.NUMBERVALUE('2.0WP - Cen'!I33)-_xlfn.NUMBERVALUE('2.0WP - State'!I33)=0,"",_xlfn.NUMBERVALUE('2.0WP - Cen'!I33)-_xlfn.NUMBERVALUE('2.0WP - State'!I33)) | J33: =IF(_xlfn.NUMBERVALUE('2.0WP - Cen'!J33)-_xlfn.NUMBERVALUE('2.0WP - State'!J33)=0,"",_xlfn.NUMBERVALUE('2.0WP - Cen'!J33)-_xlfn.NUMBERVALUE('2.0WP - State'!J33)) | ... S33: =IF(_xlfn.NUMBERVALUE('2.0WP - Cen'!S33)-_xlfn.NUMBERVALUE('2.0WP - State'!S33)=0,"",_xlfn.NUMBERVALUE('2.0WP - Cen'!S33)-_xlfn.NUMBERVALUE('2.0WP - State'!S33)) | T33: =SUM(C33:S33) -> 6 | U33: =IF(_xlfn.NUMBERVALUE('2.0WP - Cen'!U33)-_xlfn.NUMBERVALUE('2.0WP - State'!U33)=0,"",_xlfn.NUMBERVALUE('2.0WP - Cen'!U33)-_xlfn.NUMBERVALUE('2.0WP - State'!U33)) | V33: =IF(_xlfn.NUMBERVALUE('2.0WP - Cen'!V33)-_xlfn.NUMBERVALUE('2.0WP - State'!V33)=0,"",_xlfn.NUMBERVALUE('2.0WP - Cen'!V33)-_xlfn.NUMBERVALUE('2.0WP - State'!V33)) | W33: =IF(_xlfn.NUMBERVALUE('2.0WP - Cen'!W33)-_xlfn.NUMBERVALUE('2.0WP - State'!W33)=0,"",_xlfn.NUMBERVALUE('2.0WP - Cen'!W33)-_xlfn.NUMBERVALUE('2.0WP - State'!W33)) | X33: =IF(_xlfn.NUMBERVALUE('2.0WP - Cen'!X33)-_xlfn.NUMBERVALUE('2.0WP - State'!X33)=0,"",_xlfn.NUMBERVALUE('2.0WP - Cen'!X33)-_xlfn.NUMBERVALUE('2.0WP - State'!X33)) | Y33: =IF(_xlfn.NUMBERVALUE('2.0WP - Cen'!Y33)-_xlfn.NUMBERVALUE('2.0WP - State'!Y33)=0,"",_xlfn.NUMBERVALUE('2.0WP - Cen'!Y33)-_xlfn.NUMBERVALUE('2.0WP - State'!Y33)) | Z33: =IF(_xlfn.NUMBERVALUE('2.0WP - Cen'!Z33)-_xlfn.NUMBERVALUE('2.0WP - State'!Z33)=0,"",_xlfn.NUMBERVALUE('2.0WP - Cen'!Z33)-_xlfn.NUMBERVALUE('2.0WP - State'!Z33)) | AA33: =IF(_xlfn.NUMBERVALUE('2.0WP - Cen'!AA33)-_xlfn.NUMBERVALUE('2.0WP - State'!AA33)=0,"",_xlfn.NUMBERVALUE('2.0WP - Cen'!AA33)-_xlfn.NUMBERVALUE('2.0WP - State'!AA33)) | AB33: =IF(_xlfn.NUMBERVALUE('2.0WP - Cen'!AB33)-_xlfn.NUMBERVALUE('2.0WP - State'!AB33)=0,"",_xlfn.NUMBERVALUE('2.0WP - Cen'!AB33)-_xlfn.NUMBERVALUE('2.0WP - State'!AB33)) | ... AJ33: =IF(_xlfn.NUMBERVALUE('2.0WP - Cen'!AJ33)-_xlfn.NUMBERVALUE('2.0WP - State'!AJ33)=0,"",_xlfn.NUMBERVALUE('2.0WP - Cen'!AJ33)-_xlfn.NUMBERVALUE('2.0WP - State'!AJ33)) | AK33: =SUM(U33:AJ33) -> 4 | AL33: =SUM(T33,AK33) -> 10
A34: ='[1]2.0WS'!A34 -> 06 | B34: ='[1]2.0WS'!B34 -> TIRUVANNAMALAI | C34: =IF(_xlfn.NUMBERVALUE('2.0WP - Cen'!C34)-_xlfn.NUMBERVALUE('2.0WP - State'!C34)=0,"",_xlfn.NUMBERVALUE('2.0WP - Cen'!C34)-_xlfn.NUMBERVALUE('2.0WP - State'!C34)) | D34: =IF(_xlfn.NUMBERVALUE('2.0WP - Cen'!D34)-_xlfn.NUMBERVALUE('2.0WP - State'!D34)=0,"",_xlfn.NUMBERVALUE('2.0WP - Cen'!D34)-_xlfn.NUMBERVALUE('2.0WP - State'!D34)) | E34: =IF(_xlfn.NUMBERVALUE('2.0WP - Cen'!E34)-_xlfn.NUMBERVALUE('2.0WP - State'!E34)=0,"",_xlfn.NUMBERVALUE('2.0WP - Cen'!E34)-_xlfn.NUMBERVALUE('2.0WP - State'!E34)) | F34: =IF(_xlfn.NUMBERVALUE('2.0WP - Cen'!F34)-_xlfn.NUMBERVALUE('2.0WP - State'!F34)=0,"",_xlfn.NUMBERVALUE('2.0WP - Cen'!F34)-_xlfn.NUMBERVALUE('2.0WP - State'!F34)) | G34: =IF(_xlfn.NUMBERVALUE('2.0WP - Cen'!G34)-_xlfn.NUMBERVALUE('2.0WP - State'!G34)=0,"",_xlfn.NUMBERVALUE('2.0WP - Cen'!G34)-_xlfn.NUMBERVALUE('2.0WP - State'!G34)) | H34: =IF(_xlfn.NUMBERVALUE('2.0WP - Cen'!H34)-_xlfn.NUMBERVALUE('2.0WP - State'!H34)=0,"",_xlfn.NUMBERVALUE('2.0WP - Cen'!H34)-_xlfn.NUMBERVALUE('2.0WP - State'!H34)) | I34: =IF(_xlfn.NUMBERVALUE('2.0WP - Cen'!I34)-_xlfn.NUMBERVALUE('2.0WP - State'!I34)=0,"",_xlfn.NUMBERVALUE('2.0WP - Cen'!I34)-_xlfn.NUMBERVALUE('2.0WP - State'!I34)) | J34: =IF(_xlfn.NUMBERVALUE('2.0WP - Cen'!J34)-_xlfn.NUMBERVALUE('2.0WP - State'!J34)=0,"",_xlfn.NUMBERVALUE('2.0WP - Cen'!J34)-_xlfn.NUMBERVALUE('2.0WP - State'!J34)) | ... S34: =IF(_xlfn.NUMBERVALUE('2.0WP - Cen'!S34)-_xlfn.NUMBERVALUE('2.0WP - State'!S34)=0,"",_xlfn.NUMBERVALUE('2.0WP - Cen'!S34)-_xlfn.NUMBERVALUE('2.0WP - State'!S34)) | T34: =SUM(C34:S34) -> 0 | U34: =IF(_xlfn.NUMBERVALUE('2.0WP - Cen'!U34)-_xlfn.NUMBERVALUE('2.0WP - State'!U34)=0,"",_xlfn.NUMBERVALUE('2.0WP - Cen'!U34)-_xlfn.NUMBERVALUE('2.0WP - State'!U34)) | V34: =IF(_xlfn.NUMBERVALUE('2.0WP - Cen'!V34)-_xlfn.NUMBERVALUE('2.0WP - State'!V34)=0,"",_xlfn.NUMBERVALUE('2.0WP - Cen'!V34)-_xlfn.NUMBERVALUE('2.0WP - State'!V34)) | W34: =IF(_xlfn.NUMBERVALUE('2.0WP - Cen'!W34)-_xlfn.NUMBERVALUE('2.0WP - State'!W34)=0,"",_xlfn.NUMBERVALUE('2.0WP - Cen'!W34)-_xlfn.NUMBERVALUE('2.0WP - State'!W34)) | X34: =IF(_xlfn.NUMBERVALUE('2.0WP - Cen'!X34)-_xlfn.NUMBERVALUE('2.0WP - State'!X34)=0,"",_xlfn.NUMBERVALUE('2.0WP - Cen'!X34)-_xlfn.NUMBERVALUE('2.0WP - State'!X34)) | Y34: =IF(_xlfn.NUMBERVALUE('2.0WP - Cen'!Y34)-_xlfn.NUMBERVALUE('2.0WP - State'!Y34)=0,"",_xlfn.NUMBERVALUE('2.0WP - Cen'!Y34)-_xlfn.NUMBERVALUE('2.0WP - State'!Y34)) | Z34: =IF(_xlfn.NUMBERVALUE('2.0WP - Cen'!Z34)-_xlfn.NUMBERVALUE('2.0WP - State'!Z34)=0,"",_xlfn.NUMBERVALUE('2.0WP - Cen'!Z34)-_xlfn.NUMBERVALUE('2.0WP - State'!Z34)) | AA34: =IF(_xlfn.NUMBERVALUE('2.0WP - Cen'!AA34)-_xlfn.NUMBERVALUE('2.0WP - State'!AA34)=0,"",_xlfn.NUMBERVALUE('2.0WP - Cen'!AA34)-_xlfn.NUMBERVALUE('2.0WP - State'!AA34)) | AB34: =IF(_xlfn.NUMBERVALUE('2.0WP - Cen'!AB34)-_xlfn.NUMBERVALUE('2.0WP - State'!AB34)=0,"",_xlfn.NUMBERVALUE('2.0WP - Cen'!AB34)-_xlfn.NUMBERVALUE('2.0WP - State'!AB34)) | ... AJ34: =IF(_xlfn.NUMBERVALUE('2.0WP - Cen'!AJ34)-_xlfn.NUMBERVALUE('2.0WP - State'!AJ34)=0,"",_xlfn.NUMBERVALUE('2.0WP - Cen'!AJ34)-_xlfn.NUMBERVALUE('2.0WP - State'!AJ34)) | AK34: =SUM(U34:AJ34) -> 0 | AL34: =SUM(T34,AK34) -> 0
A35: ='[1]2.0WS'!A35 -> 35 | B35: ='[1]2.0WS'!B35 -> RANIPET | C35: =IF(_xlfn.NUMBERVALUE('2.0WP - Cen'!C35)-_xlfn.NUMBERVALUE('2.0WP - State'!C35)=0,"",_xlfn.NUMBERVALUE('2.0WP - Cen'!C35)-_xlfn.NUMBERVALUE('2.0WP - State'!C35)) | D35: =IF(_xlfn.NUMBERVALUE('2.0WP - Cen'!D35)-_xlfn.NUMBERVALUE('2.0WP - State'!D35)=0,"",_xlfn.NUMBERVALUE('2.0WP - Cen'!D35)-_xlfn.NUMBERVALUE('2.0WP - State'!D35)) | E35: =IF(_xlfn.NUMBERVALUE('2.0WP - Cen'!E35)-_xlfn.NUMBERVALUE('2.0WP - State'!E35)=0,"",_xlfn.NUMBERVALUE('2.0WP - Cen'!E35)-_xlfn.NUMBERVALUE('2.0WP - State'!E35)) | F35: =IF(_xlfn.NUMBERVALUE('2.0WP - Cen'!F35)-_xlfn.NUMBERVALUE('2.0WP - State'!F35)=0,"",_xlfn.NUMBERVALUE('2.0WP - Cen'!F35)-_xlfn.NUMBERVALUE('2.0WP - State'!F35)) | G35: =IF(_xlfn.NUMBERVALUE('2.0WP - Cen'!G35)-_xlfn.NUMBERVALUE('2.0WP - State'!G35)=0,"",_xlfn.NUMBERVALUE('2.0WP - Cen'!G35)-_xlfn.NUMBERVALUE('2.0WP - State'!G35)) | H35: =IF(_xlfn.NUMBERVALUE('2.0WP - Cen'!H35)-_xlfn.NUMBERVALUE('2.0WP - State'!H35)=0,"",_xlfn.NUMBERVALUE('2.0WP - Cen'!H35)-_xlfn.NUMBERVALUE('2.0WP - State'!H35)) | I35: =IF(_xlfn.NUMBERVALUE('2.0WP - Cen'!I35)-_xlfn.NUMBERVALUE('2.0WP - State'!I35)=0,"",_xlfn.NUMBERVALUE('2.0WP - Cen'!I35)-_xlfn.NUMBERVALUE('2.0WP - State'!I35)) | J35: =IF(_xlfn.NUMBERVALUE('2.0WP - Cen'!J35)-_xlfn.NUMBERVALUE('2.0WP - State'!J35)=0,"",_xlfn.NUMBERVALUE('2.0WP - Cen'!J35)-_xlfn.NUMBERVALUE('2.0WP - State'!J35)) | ... S35: =IF(_xlfn.NUMBERVALUE('2.0WP - Cen'!S35)-_xlfn.NUMBERVALUE('2.0WP - State'!S35)=0,"",_xlfn.NUMBERVALUE('2.0WP - Cen'!S35)-_xlfn.NUMBERVALUE('2.0WP - State'!S35)) | T35: =SUM(C35:S35) -> 0 | U35: =IF(_xlfn.NUMBERVALUE('2.0WP - Cen'!U35)-_xlfn.NUMBERVALUE('2.0WP - State'!U35)=0,"",_xlfn.NUMBERVALUE('2.0WP - Cen'!U35)-_xlfn.NUMBERVALUE('2.0WP - State'!U35)) -> 4 | V35: =IF(_xlfn.NUMBERVALUE('2.0WP - Cen'!V35)-_xlfn.NUMBERVALUE('2.0WP - State'!V35)=0,"",_xlfn.NUMBERVALUE('2.0WP - Cen'!V35)-_xlfn.NUMBERVALUE('2.0WP - State'!V35)) | W35: =IF(_xlfn.NUMBERVALUE('2.0WP - Cen'!W35)-_xlfn.NUMBERVALUE('2.0WP - State'!W35)=0,"",_xlfn.NUMBERVALUE('2.0WP - Cen'!W35)-_xlfn.NUMBERVALUE('2.0WP - State'!W35)) | X35: =IF(_xlfn.NUMBERVALUE('2.0WP - Cen'!X35)-_xlfn.NUMBERVALUE('2.0WP - State'!X35)=0,"",_xlfn.NUMBERVALUE('2.0WP - Cen'!X35)-_xlfn.NUMBERVALUE('2.0WP - State'!X35)) | Y35: =IF(_xlfn.NUMBERVALUE('2.0WP - Cen'!Y35)-_xlfn.NUMBERVALUE('2.0WP - State'!Y35)=0,"",_xlfn.NUMBERVALUE('2.0WP - Cen'!Y35)-_xlfn.NUMBERVALUE('2.0WP - State'!Y35)) | Z35: =IF(_xlfn.NUMBERVALUE('2.0WP - Cen'!Z35)-_xlfn.NUMBERVALUE('2.0WP - State'!Z35)=0,"",_xlfn.NUMBERVALUE('2.0WP - Cen'!Z35)-_xlfn.NUMBERVALUE('2.0WP - State'!Z35)) | AA35: =IF(_xlfn.NUMBERVALUE('2.0WP - Cen'!AA35)-_xlfn.NUMBERVALUE('2.0WP - State'!AA35)=0,"",_xlfn.NUMBERVALUE('2.0WP - Cen'!AA35)-_xlfn.NUMBERVALUE('2.0WP - State'!AA35)) | AB35: =IF(_xlfn.NUMBERVALUE('2.0WP - Cen'!AB35)-_xlfn.NUMBERVALUE('2.0WP - State'!AB35)=0,"",_xlfn.NUMBERVALUE('2.0WP - Cen'!AB35)-_xlfn.NUMBERVALUE('2.0WP - State'!AB35)) | ... AJ35: =IF(_xlfn.NUMBERVALUE('2.0WP - Cen'!AJ35)-_xlfn.NUMBERVALUE('2.0WP - State'!AJ35)=0,"",_xlfn.NUMBERVALUE('2.0WP - Cen'!AJ35)-_xlfn.NUMBERVALUE('2.0WP - State'!AJ35)) | AK35: =SUM(U35:AJ35) -> 4 | AL35: =SUM(T35,AK35) -> 4
A36: ='[1]2.0WS'!A36 -> SRO VELLORE TOTAL | C36: =SUM(C33:C35) -> 0 | D36: =SUM(D33:D35) -> 0 | E36: =SUM(E33:E35) -> 0 | F36: =SUM(F33:F35) -> 0 | G36: =SUM(G33:G35) -> 0 | H36: =SUM(H33:H35) -> 0 | I36: =SUM(I33:I35) -> 0 | J36: =SUM(J33:J35) -> 0 | ... S36: =SUM(S33:S35) -> 0 | T36: =SUM(C36:S36) -> 6 | U36: =SUM(U33:U35) -> 4 | V36: =SUM(V33:V35) -> 0 | W36: =SUM(W33:W35) -> 0 | X36: =SUM(X33:X35) -> 0 | Y36: =SUM(Y33:Y35) -> 0 | Z36: =SUM(Z33:Z35) -> 0 | AA36: =SUM(AA33:AA35) -> 0 | AB36: =SUM(AB33:AB35) -> 0 | ... AJ36: =SUM(AJ33:AJ35) -> 0 | AK36: =SUM(U36:AJ36) -> 8 | AL36: =SUM(T36,AK36) -> 14
A37: ='[1]2.0WS'!A37 -> RO CHENNAI TOTAL | C37: =SUM(C36,C32,C27) -> 12 | D37: =SUM(D36,D32,D27) -> 0 | E37: =SUM(E36,E32,E27) -> 8 | F37: =SUM(F36,F32,F27) -> 0 | G37: =SUM(G36,G32,G27) -> 0 | H37: =SUM(H36,H32,H27) -> 12 | I37: =SUM(I36,I32,I27) -> 4 | J37: =SUM(J36,J32,J27) -> 2 | ... S37: =SUM(S36,S32,S27) -> 8 | T37: =SUM(C37:S37) -> 68 | U37: =SUM(U36,U32,U27) -> 14 | V37: =SUM(V36,V32,V27) -> 0 | W37: =SUM(W36,W32,W27) -> 0 | X37: =SUM(X36,X32,X27) -> 0 | Y37: =SUM(Y36,Y32,Y27) -> 4 | Z37: =SUM(Z36,Z32,Z27) -> 6 | AA37: =SUM(AA36,AA32,AA27) -> 0 | AB37: =SUM(AB36,AB32,AB27) -> 2 | ... AJ37: =SUM(AJ36,AJ32,AJ27) -> 0 | AK37: =SUM(U37:AJ37) -> 40 | AL37: =SUM(T37,AK37) -> 108
A38: ='[1]2.0WS'!A38 -> 13 | B38: ='[1]2.0WS'!B38 -> DINDIGUL | C38: =IF(_xlfn.NUMBERVALUE('2.0WP - Cen'!C38)-_xlfn.NUMBERVALUE('2.0WP - State'!C38)=0,"",_xlfn.NUMBERVALUE('2.0WP - Cen'!C38)-_xlfn.NUMBERVALUE('2.0WP - State'!C38)) | D38: =IF(_xlfn.NUMBERVALUE('2.0WP - Cen'!D38)-_xlfn.NUMBERVALUE('2.0WP - State'!D38)=0,"",_xlfn.NUMBERVALUE('2.0WP - Cen'!D38)-_xlfn.NUMBERVALUE('2.0WP - State'!D38)) | E38: =IF(_xlfn.NUMBERVALUE('2.0WP - Cen'!E38)-_xlfn.NUMBERVALUE('2.0WP - State'!E38)=0,"",_xlfn.NUMBERVALUE('2.0WP - Cen'!E38)-_xlfn.NUMBERVALUE('2.0WP - State'!E38)) | F38: =IF(_xlfn.NUMBERVALUE('2.0WP - Cen'!F38)-_xlfn.NUMBERVALUE('2.0WP - State'!F38)=0,"",_xlfn.NUMBERVALUE('2.0WP - Cen'!F38)-_xlfn.NUMBERVALUE('2.0WP - State'!F38)) | G38: =IF(_xlfn.NUMBERVALUE('2.0WP - Cen'!G38)-_xlfn.NUMBERVALUE('2.0WP - State'!G38)=0,"",_xlfn.NUMBERVALUE('2.0WP - Cen'!G38)-_xlfn.NUMBERVALUE('2.0WP - State'!G38)) | H38: =IF(_xlfn.NUMBERVALUE('2.0WP - Cen'!H38)-_xlfn.NUMBERVALUE('2.0WP - State'!H38)=0,"",_xlfn.NUMBERVALUE('2.0WP - Cen'!H38)-_xlfn.NUMBERVALUE('2.0WP - State'!H38)) | I38: =IF(_xlfn.NUMBERVALUE('2.0WP - Cen'!I38)-_xlfn.NUMBERVALUE('2.0WP - State'!I38)=0,"",_xlfn.NUMBERVALUE('2.0WP - Cen'!I38)-_xlfn.NUMBERVALUE('2.0WP - State'!I38)) | J38: =IF(_xlfn.NUMBERVALUE('2.0WP - Cen'!J38)-_xlfn.NUMBERVALUE('2.0WP - State'!J38)=0,"",_xlfn.NUMBERVALUE('2.0WP - Cen'!J38)-_xlfn.NUMBERVALUE('2.0WP - State'!J38)) | ... S38: =IF(_xlfn.NUMBERVALUE('2.0WP - Cen'!S38)-_xlfn.NUMBERVALUE('2.0WP - State'!S38)=0,"",_xlfn.NUMBERVALUE('2.0WP - Cen'!S38)-_xlfn.NUMBERVALUE('2.0WP - State'!S38)) | T38: =SUM(C38:S38) -> 4 | U38: =IF(_xlfn.NUMBERVALUE('2.0WP - Cen'!U38)-_xlfn.NUMBERVALUE('2.0WP - State'!U38)=0,"",_xlfn.NUMBERVALUE('2.0WP - Cen'!U38)-_xlfn.NUMBERVALUE('2.0WP - State'!U38)) | V38: =IF(_xlfn.NUMBERVALUE('2.0WP - Cen'!V38)-_xlfn.NUMBERVALUE('2.0WP - State'!V38)=0,"",_xlfn.NUMBERVALUE('2.0WP - Cen'!V38)-_xlfn.NUMBERVALUE('2.0WP - State'!V38)) -> 6 | W38: =IF(_xlfn.NUMBERVALUE('2.0WP - Cen'!W38)-_xlfn.NUMBERVALUE('2.0WP - State'!W38)=0,"",_xlfn.NUMBERVALUE('2.0WP - Cen'!W38)-_xlfn.NUMBERVALUE('2.0WP - State'!W38)) | X38: =IF(_xlfn.NUMBERVALUE('2.0WP - Cen'!X38)-_xlfn.NUMBERVALUE('2.0WP - State'!X38)=0,"",_xlfn.NUMBERVALUE('2.0WP - Cen'!X38)-_xlfn.NUMBERVALUE('2.0WP - State'!X38)) | Y38: =IF(_xlfn.NUMBERVALUE('2.0WP - Cen'!Y38)-_xlfn.NUMBERVALUE('2.0WP - State'!Y38)=0,"",_xlfn.NUMBERVALUE('2.0WP - Cen'!Y38)-_xlfn.NUMBERVALUE('2.0WP - State'!Y38)) -> 4 | Z38: =IF(_xlfn.NUMBERVALUE('2.0WP - Cen'!Z38)-_xlfn.NUMBERVALUE('2.0WP - State'!Z38)=0,"",_xlfn.NUMBERVALUE('2.0WP - Cen'!Z38)-_xlfn.NUMBERVALUE('2.0WP - State'!Z38)) -> 4 | AA38: =IF(_xlfn.NUMBERVALUE('2.0WP - Cen'!AA38)-_xlfn.NUMBERVALUE('2.0WP - State'!AA38)=0,"",_xlfn.NUMBERVALUE('2.0WP - Cen'!AA38)-_xlfn.NUMBERVALUE('2.0WP - State'!AA38)) | AB38: =IF(_xlfn.NUMBERVALUE('2.0WP - Cen'!AB38)-_xlfn.NUMBERVALUE('2.0WP - State'!AB38)=0,"",_xlfn.NUMBERVALUE('2.0WP - Cen'!AB38)-_xlfn.NUMBERVALUE('2.0WP - State'!AB38)) -> 6 | ... AJ38: =IF(_xlfn.NUMBERVALUE('2.0WP - Cen'!AJ38)-_xlfn.NUMBERVALUE('2.0WP - State'!AJ38)=0,"",_xlfn.NUMBERVALUE('2.0WP - Cen'!AJ38)-_xlfn.NUMBERVALUE('2.0WP - State'!AJ38)) -> 4 | AK38: =SUM(U38:AJ38) -> 32 | AL38: =SUM(T38,AK38) -> 36
A39: ='[1]2.0WS'!A39 -> 23 | B39: ='[1]2.0WS'!B39 -> SIVAGANGAI | C39: =IF(_xlfn.NUMBERVALUE('2.0WP - Cen'!C39)-_xlfn.NUMBERVALUE('2.0WP - State'!C39)=0,"",_xlfn.NUMBERVALUE('2.0WP - Cen'!C39)-_xlfn.NUMBERVALUE('2.0WP - State'!C39)) | D39: =IF(_xlfn.NUMBERVALUE('2.0WP - Cen'!D39)-_xlfn.NUMBERVALUE('2.0WP - State'!D39)=0,"",_xlfn.NUMBERVALUE('2.0WP - Cen'!D39)-_xlfn.NUMBERVALUE('2.0WP - State'!D39)) | E39: =IF(_xlfn.NUMBERVALUE('2.0WP - Cen'!E39)-_xlfn.NUMBERVALUE('2.0WP - State'!E39)=0,"",_xlfn.NUMBERVALUE('2.0WP - Cen'!E39)-_xlfn.NUMBERVALUE('2.0WP - State'!E39)) -> 4 | F39: =IF(_xlfn.NUMBERVALUE('2.0WP - Cen'!F39)-_xlfn.NUMBERVALUE('2.0WP - State'!F39)=0,"",_xlfn.NUMBERVALUE('2.0WP - Cen'!F39)-_xlfn.NUMBERVALUE('2.0WP - State'!F39)) | G39: =IF(_xlfn.NUMBERVALUE('2.0WP - Cen'!G39)-_xlfn.NUMBERVALUE('2.0WP - State'!G39)=0,"",_xlfn.NUMBERVALUE('2.0WP - Cen'!G39)-_xlfn.NUMBERVALUE('2.0WP - State'!G39)) | H39: =IF(_xlfn.NUMBERVALUE('2.0WP - Cen'!H39)-_xlfn.NUMBERVALUE('2.0WP - State'!H39)=0,"",_xlfn.NUMBERVALUE('2.0WP - Cen'!H39)-_xlfn.NUMBERVALUE('2.0WP - State'!H39)) | I39: =IF(_xlfn.NUMBERVALUE('2.0WP - Cen'!I39)-_xlfn.NUMBERVALUE('2.0WP - State'!I39)=0,"",_xlfn.NUMBERVALUE('2.0WP - Cen'!I39)-_xlfn.NUMBERVALUE('2.0WP - State'!I39)) | J39: =IF(_xlfn.NUMBERVALUE('2.0WP - Cen'!J39)-_xlfn.NUMBERVALUE('2.0WP - State'!J39)=0,"",_xlfn.NUMBERVALUE('2.0WP - Cen'!J39)-_xlfn.NUMBERVALUE('2.0WP - State'!J39)) | ... S39: =IF(_xlfn.NUMBERVALUE('2.0WP - Cen'!S39)-_xlfn.NUMBERVALUE('2.0WP - State'!S39)=0,"",_xlfn.NUMBERVALUE('2.0WP - Cen'!S39)-_xlfn.NUMBERVALUE('2.0WP - State'!S39)) | T39: =SUM(C39:S39) -> 6 | U39: =IF(_xlfn.NUMBERVALUE('2.0WP - Cen'!U39)-_xlfn.NUMBERVALUE('2.0WP - State'!U39)=0,"",_xlfn.NUMBERVALUE('2.0WP - Cen'!U39)-_xlfn.NUMBERVALUE('2.0WP - State'!U39)) | V39: =IF(_xlfn.NUMBERVALUE('2.0WP - Cen'!V39)-_xlfn.NUMBERVALUE('2.0WP - State'!V39)=0,"",_xlfn.NUMBERVALUE('2.0WP - Cen'!V39)-_xlfn.NUMBERVALUE('2.0WP - State'!V39)) | W39: =IF(_xlfn.NUMBERVALUE('2.0WP - Cen'!W39)-_xlfn.NUMBERVALUE('2.0WP - State'!W39)=0,"",_xlfn.NUMBERVALUE('2.0WP - Cen'!W39)-_xlfn.NUMBERVALUE('2.0WP - State'!W39)) | X39: =IF(_xlfn.NUMBERVALUE('2.0WP - Cen'!X39)-_xlfn.NUMBERVALUE('2.0WP - State'!X39)=0,"",_xlfn.NUMBERVALUE('2.0WP - Cen'!X39)-_xlfn.NUMBERVALUE('2.0WP - State'!X39)) | Y39: =IF(_xlfn.NUMBERVALUE('2.0WP - Cen'!Y39)-_xlfn.NUMBERVALUE('2.0WP - State'!Y39)=0,"",_xlfn.NUMBERVALUE('2.0WP - Cen'!Y39)-_xlfn.NUMBERVALUE('2.0WP - State'!Y39)) | Z39: =IF(_xlfn.NUMBERVALUE('2.0WP - Cen'!Z39)-_xlfn.NUMBERVALUE('2.0WP - State'!Z39)=0,"",_xlfn.NUMBERVALUE('2.0WP - Cen'!Z39)-_xlfn.NUMBERVALUE('2.0WP - State'!Z39)) | AA39: =IF(_xlfn.NUMBERVALUE('2.0WP - Cen'!AA39)-_xlfn.NUMBERVALUE('2.0WP - State'!AA39)=0,"",_xlfn.NUMBERVALUE('2.0WP - Cen'!AA39)-_xlfn.NUMBERVALUE('2.0WP - State'!AA39)) | AB39: =IF(_xlfn.NUMBERVALUE('2.0WP - Cen'!AB39)-_xlfn.NUMBERVALUE('2.0WP - State'!AB39)=0,"",_xlfn.NUMBERVALUE('2.0WP - Cen'!AB39)-_xlfn.NUMBERVALUE('2.0WP - State'!AB39)) | ... AJ39: =IF(_xlfn.NUMBERVALUE('2.0WP - Cen'!AJ39)-_xlfn.NUMBERVALUE('2.0WP - State'!AJ39)=0,"",_xlfn.NUMBERVALUE('2.0WP - Cen'!AJ39)-_xlfn.NUMBERVALUE('2.0WP - State'!AJ39)) | AK39: =SUM(U39:AJ39) -> 0 | AL39: =SUM(T39,AK39) -> 6
A40: ='[1]2.0WS'!A40 -> 24 | B40: ='[1]2.0WS'!B40 -> MADURAI | C40: =IF(_xlfn.NUMBERVALUE('2.0WP - Cen'!C40)-_xlfn.NUMBERVALUE('2.0WP - State'!C40)=0,"",_xlfn.NUMBERVALUE('2.0WP - Cen'!C40)-_xlfn.NUMBERVALUE('2.0WP - State'!C40)) | D40: =IF(_xlfn.NUMBERVALUE('2.0WP - Cen'!D40)-_xlfn.NUMBERVALUE('2.0WP - State'!D40)=0,"",_xlfn.NUMBERVALUE('2.0WP - Cen'!D40)-_xlfn.NUMBERVALUE('2.0WP - State'!D40)) | E40: =IF(_xlfn.NUMBERVALUE('2.0WP - Cen'!E40)-_xlfn.NUMBERVALUE('2.0WP - State'!E40)=0,"",_xlfn.NUMBERVALUE('2.0WP - Cen'!E40)-_xlfn.NUMBERVALUE('2.0WP - State'!E40)) | F40: =IF(_xlfn.NUMBERVALUE('2.0WP - Cen'!F40)-_xlfn.NUMBERVALUE('2.0WP - State'!F40)=0,"",_xlfn.NUMBERVALUE('2.0WP - Cen'!F40)-_xlfn.NUMBERVALUE('2.0WP - State'!F40)) | G40: =IF(_xlfn.NUMBERVALUE('2.0WP - Cen'!G40)-_xlfn.NUMBERVALUE('2.0WP - State'!G40)=0,"",_xlfn.NUMBERVALUE('2.0WP - Cen'!G40)-_xlfn.NUMBERVALUE('2.0WP - State'!G40)) | H40: =IF(_xlfn.NUMBERVALUE('2.0WP - Cen'!H40)-_xlfn.NUMBERVALUE('2.0WP - State'!H40)=0,"",_xlfn.NUMBERVALUE('2.0WP - Cen'!H40)-_xlfn.NUMBERVALUE('2.0WP - State'!H40)) -> 4 | I40: =IF(_xlfn.NUMBERVALUE('2.0WP - Cen'!I40)-_xlfn.NUMBERVALUE('2.0WP - State'!I40)=0,"",_xlfn.NUMBERVALUE('2.0WP - Cen'!I40)-_xlfn.NUMBERVALUE('2.0WP - State'!I40)) | J40: =IF(_xlfn.NUMBERVALUE('2.0WP - Cen'!J40)-_xlfn.NUMBERVALUE('2.0WP - State'!J40)=0,"",_xlfn.NUMBERVALUE('2.0WP - Cen'!J40)-_xlfn.NUMBERVALUE('2.0WP - State'!J40)) -> 6 | ... S40: =IF(_xlfn.NUMBERVALUE('2.0WP - Cen'!S40)-_xlfn.NUMBERVALUE('2.0WP - State'!S40)=0,"",_xlfn.NUMBERVALUE('2.0WP - Cen'!S40)-_xlfn.NUMBERVALUE('2.0WP - State'!S40)) | T40: =SUM(C40:S40) -> 14 | U40: =IF(_xlfn.NUMBERVALUE('2.0WP - Cen'!U40)-_xlfn.NUMBERVALUE('2.0WP - State'!U40)=0,"",_xlfn.NUMBERVALUE('2.0WP - Cen'!U40)-_xlfn.NUMBERVALUE('2.0WP - State'!U40)) | V40: =IF(_xlfn.NUMBERVALUE('2.0WP - Cen'!V40)-_xlfn.NUMBERVALUE('2.0WP - State'!V40)=0,"",_xlfn.NUMBERVALUE('2.0WP - Cen'!V40)-_xlfn.NUMBERVALUE('2.0WP - State'!V40)) -> 4 | W40: =IF(_xlfn.NUMBERVALUE('2.0WP - Cen'!W40)-_xlfn.NUMBERVALUE('2.0WP - State'!W40)=0,"",_xlfn.NUMBERVALUE('2.0WP - Cen'!W40)-_xlfn.NUMBERVALUE('2.0WP - State'!W40)) | X40: =IF(_xlfn.NUMBERVALUE('2.0WP - Cen'!X40)-_xlfn.NUMBERVALUE('2.0WP - State'!X40)=0,"",_xlfn.NUMBERVALUE('2.0WP - Cen'!X40)-_xlfn.NUMBERVALUE('2.0WP - State'!X40)) | Y40: =IF(_xlfn.NUMBERVALUE('2.0WP - Cen'!Y40)-_xlfn.NUMBERVALUE('2.0WP - State'!Y40)=0,"",_xlfn.NUMBERVALUE('2.0WP - Cen'!Y40)-_xlfn.NUMBERVALUE('2.0WP - State'!Y40)) | Z40: =IF(_xlfn.NUMBERVALUE('2.0WP - Cen'!Z40)-_xlfn.NUMBERVALUE('2.0WP - State'!Z40)=0,"",_xlfn.NUMBERVALUE('2.0WP - Cen'!Z40)-_xlfn.NUMBERVALUE('2.0WP - State'!Z40)) | AA40: =IF(_xlfn.NUMBERVALUE('2.0WP - Cen'!AA40)-_xlfn.NUMBERVALUE('2.0WP - State'!AA40)=0,"",_xlfn.NUMBERVALUE('2.0WP - Cen'!AA40)-_xlfn.NUMBERVALUE('2.0WP - State'!AA40)) | AB40: =IF(_xlfn.NUMBERVALUE('2.0WP - Cen'!AB40)-_xlfn.NUMBERVALUE('2.0WP - State'!AB40)=0,"",_xlfn.NUMBERVALUE('2.0WP - Cen'!AB40)-_xlfn.NUMBERVALUE('2.0WP - State'!AB40)) | ... AJ40: =IF(_xlfn.NUMBERVALUE('2.0WP - Cen'!AJ40)-_xlfn.NUMBERVALUE('2.0WP - State'!AJ40)=0,"",_xlfn.NUMBERVALUE('2.0WP - Cen'!AJ40)-_xlfn.NUMBERVALUE('2.0WP - State'!AJ40)) -> 2 | AK40: =SUM(U40:AJ40) -> 6 | AL40: =SUM(T40,AK40) -> 20
A41: ='[1]2.0WS'!A41 -> 25 | B41: ='[1]2.0WS'!B41 -> THENI | C41: =IF(_xlfn.NUMBERVALUE('2.0WP - Cen'!C41)-_xlfn.NUMBERVALUE('2.0WP - State'!C41)=0,"",_xlfn.NUMBERVALUE('2.0WP - Cen'!C41)-_xlfn.NUMBERVALUE('2.0WP - State'!C41)) | D41: =IF(_xlfn.NUMBERVALUE('2.0WP - Cen'!D41)-_xlfn.NUMBERVALUE('2.0WP - State'!D41)=0,"",_xlfn.NUMBERVALUE('2.0WP - Cen'!D41)-_xlfn.NUMBERVALUE('2.0WP - State'!D41)) | E41: =IF(_xlfn.NUMBERVALUE('2.0WP - Cen'!E41)-_xlfn.NUMBERVALUE('2.0WP - State'!E41)=0,"",_xlfn.NUMBERVALUE('2.0WP - Cen'!E41)-_xlfn.NUMBERVALUE('2.0WP - State'!E41)) | F41: =IF(_xlfn.NUMBERVALUE('2.0WP - Cen'!F41)-_xlfn.NUMBERVALUE('2.0WP - State'!F41)=0,"",_xlfn.NUMBERVALUE('2.0WP - Cen'!F41)-_xlfn.NUMBERVALUE('2.0WP - State'!F41)) -> 4 | G41: =IF(_xlfn.NUMBERVALUE('2.0WP - Cen'!G41)-_xlfn.NUMBERVALUE('2.0WP - State'!G41)=0,"",_xlfn.NUMBERVALUE('2.0WP - Cen'!G41)-_xlfn.NUMBERVALUE('2.0WP - State'!G41)) | H41: =IF(_xlfn.NUMBERVALUE('2.0WP - Cen'!H41)-_xlfn.NUMBERVALUE('2.0WP - State'!H41)=0,"",_xlfn.NUMBERVALUE('2.0WP - Cen'!H41)-_xlfn.NUMBERVALUE('2.0WP - State'!H41)) | I41: =IF(_xlfn.NUMBERVALUE('2.0WP - Cen'!I41)-_xlfn.NUMBERVALUE('2.0WP - State'!I41)=0,"",_xlfn.NUMBERVALUE('2.0WP - Cen'!I41)-_xlfn.NUMBERVALUE('2.0WP - State'!I41)) | J41: =IF(_xlfn.NUMBERVALUE('2.0WP - Cen'!J41)-_xlfn.NUMBERVALUE('2.0WP - State'!J41)=0,"",_xlfn.NUMBERVALUE('2.0WP - Cen'!J41)-_xlfn.NUMBERVALUE('2.0WP - State'!J41)) | ... S41: =IF(_xlfn.NUMBERVALUE('2.0WP - Cen'!S41)-_xlfn.NUMBERVALUE('2.0WP - State'!S41)=0,"",_xlfn.NUMBERVALUE('2.0WP - Cen'!S41)-_xlfn.NUMBERVALUE('2.0WP - State'!S41)) | T41: =SUM(C41:S41) -> 10 | U41: =IF(_xlfn.NUMBERVALUE('2.0WP - Cen'!U41)-_xlfn.NUMBERVALUE('2.0WP - State'!U41)=0,"",_xlfn.NUMBERVALUE('2.0WP - Cen'!U41)-_xlfn.NUMBERVALUE('2.0WP - State'!U41)) | V41: =IF(_xlfn.NUMBERVALUE('2.0WP - Cen'!V41)-_xlfn.NUMBERVALUE('2.0WP - State'!V41)=0,"",_xlfn.NUMBERVALUE('2.0WP - Cen'!V41)-_xlfn.NUMBERVALUE('2.0WP - State'!V41)) -> 4 | W41: =IF(_xlfn.NUMBERVALUE('2.0WP - Cen'!W41)-_xlfn.NUMBERVALUE('2.0WP - State'!W41)=0,"",_xlfn.NUMBERVALUE('2.0WP - Cen'!W41)-_xlfn.NUMBERVALUE('2.0WP - State'!W41)) -> 4 | X41: =IF(_xlfn.NUMBERVALUE('2.0WP - Cen'!X41)-_xlfn.NUMBERVALUE('2.0WP - State'!X41)=0,"",_xlfn.NUMBERVALUE('2.0WP - Cen'!X41)-_xlfn.NUMBERVALUE('2.0WP - State'!X41)) | Y41: =IF(_xlfn.NUMBERVALUE('2.0WP - Cen'!Y41)-_xlfn.NUMBERVALUE('2.0WP - State'!Y41)=0,"",_xlfn.NUMBERVALUE('2.0WP - Cen'!Y41)-_xlfn.NUMBERVALUE('2.0WP - State'!Y41)) | Z41: =IF(_xlfn.NUMBERVALUE('2.0WP - Cen'!Z41)-_xlfn.NUMBERVALUE('2.0WP - State'!Z41)=0,"",_xlfn.NUMBERVALUE('2.0WP - Cen'!Z41)-_xlfn.NUMBERVALUE('2.0WP - State'!Z41)) | AA41: =IF(_xlfn.NUMBERVALUE('2.0WP - Cen'!AA41)-_xlfn.NUMBERVALUE('2.0WP - State'!AA41)=0,"",_xlfn.NUMBERVALUE('2.0WP - Cen'!AA41)-_xlfn.NUMBERVALUE('2.0WP - State'!AA41)) | AB41: =IF(_xlfn.NUMBERVALUE('2.0WP - Cen'!AB41)-_xlfn.NUMBERVALUE('2.0WP - State'!AB41)=0,"",_xlfn.NUMBERVALUE('2.0WP - Cen'!AB41)-_xlfn.NUMBERVALUE('2.0WP - State'!AB41)) -> 2 | ... AJ41: =IF(_xlfn.NUMBERVALUE('2.0WP - Cen'!AJ41)-_xlfn.NUMBERVALUE('2.0WP - State'!AJ41)=0,"",_xlfn.NUMBERVALUE('2.0WP - Cen'!AJ41)-_xlfn.NUMBERVALUE('2.0WP - State'!AJ41)) | AK41: =SUM(U41:AJ41) -> 14 | AL41: =SUM(T41,AK41) -> 24
A42: ='[1]2.0WS'!A42 -> SRO MADURAI TOTAL | C42: =SUM(C38:C41) -> 0 | D42: =SUM(D38:D41) -> 0 | E42: =SUM(E38:E41) -> 4 | F42: =SUM(F38:F41) -> 4 | G42: =SUM(G38:G41) -> 0 | H42: =SUM(H38:H41) -> 4 | I42: =SUM(I38:I41) -> 0 | J42: =SUM(J38:J41) -> 6 | ... S42: =SUM(S38:S41) -> 0 | T42: =SUM(C42:S42) -> 34 | U42: =SUM(U38:U41) -> 0 | V42: =SUM(V38:V41) -> 14 | W42: =SUM(W38:W41) -> 4 | X42: =SUM(X38:X41) -> 0 | Y42: =SUM(Y38:Y41) -> 4 | Z42: =SUM(Z38:Z41) -> 4 | AA42: =SUM(AA38:AA41) -> 0 | AB42: =SUM(AB38:AB41) -> 8 | ... AJ42: =SUM(AJ38:AJ41) -> 6 | AK42: =SUM(U42:AJ42) -> 52 | AL42: =SUM(T42,AK42) -> 86
A43: ='[1]2.0WS'!A43 -> 19 | B43: ='[1]2.0WS'!B43 -> NAGAPATTINAM | C43: =IF(_xlfn.NUMBERVALUE('2.0WP - Cen'!C43)-_xlfn.NUMBERVALUE('2.0WP - State'!C43)=0,"",_xlfn.NUMBERVALUE('2.0WP - Cen'!C43)-_xlfn.NUMBERVALUE('2.0WP - State'!C43)) | D43: =IF(_xlfn.NUMBERVALUE('2.0WP - Cen'!D43)-_xlfn.NUMBERVALUE('2.0WP - State'!D43)=0,"",_xlfn.NUMBERVALUE('2.0WP - Cen'!D43)-_xlfn.NUMBERVALUE('2.0WP - State'!D43)) | E43: =IF(_xlfn.NUMBERVALUE('2.0WP - Cen'!E43)-_xlfn.NUMBERVALUE('2.0WP - State'!E43)=0,"",_xlfn.NUMBERVALUE('2.0WP - Cen'!E43)-_xlfn.NUMBERVALUE('2.0WP - State'!E43)) | F43: =IF(_xlfn.NUMBERVALUE('2.0WP - Cen'!F43)-_xlfn.NUMBERVALUE('2.0WP - State'!F43)=0,"",_xlfn.NUMBERVALUE('2.0WP - Cen'!F43)-_xlfn.NUMBERVALUE('2.0WP - State'!F43)) | G43: =IF(_xlfn.NUMBERVALUE('2.0WP - Cen'!G43)-_xlfn.NUMBERVALUE('2.0WP - State'!G43)=0,"",_xlfn.NUMBERVALUE('2.0WP - Cen'!G43)-_xlfn.NUMBERVALUE('2.0WP - State'!G43)) | H43: =IF(_xlfn.NUMBERVALUE('2.0WP - Cen'!H43)-_xlfn.NUMBERVALUE('2.0WP - State'!H43)=0,"",_xlfn.NUMBERVALUE('2.0WP - Cen'!H43)-_xlfn.NUMBERVALUE('2.0WP - State'!H43)) | I43: =IF(_xlfn.NUMBERVALUE('2.0WP - Cen'!I43)-_xlfn.NUMBERVALUE('2.0WP - State'!I43)=0,"",_xlfn.NUMBERVALUE('2.0WP - Cen'!I43)-_xlfn.NUMBERVALUE('2.0WP - State'!I43)) | J43: =IF(_xlfn.NUMBERVALUE('2.0WP - Cen'!J43)-_xlfn.NUMBERVALUE('2.0WP - State'!J43)=0,"",_xlfn.NUMBERVALUE('2.0WP - Cen'!J43)-_xlfn.NUMBERVALUE('2.0WP - State'!J43)) | ... S43: =IF(_xlfn.NUMBERVALUE('2.0WP - Cen'!S43)-_xlfn.NUMBERVALUE('2.0WP - State'!S43)=0,"",_xlfn.NUMBERVALUE('2.0WP - Cen'!S43)-_xlfn.NUMBERVALUE('2.0WP - State'!S43)) | T43: =SUM(C43:S43) -> 0 | U43: =IF(_xlfn.NUMBERVALUE('2.0WP - Cen'!U43)-_xlfn.NUMBERVALUE('2.0WP - State'!U43)=0,"",_xlfn.NUMBERVALUE('2.0WP - Cen'!U43)-_xlfn.NUMBERVALUE('2.0WP - State'!U43)) | V43: =IF(_xlfn.NUMBERVALUE('2.0WP - Cen'!V43)-_xlfn.NUMBERVALUE('2.0WP - State'!V43)=0,"",_xlfn.NUMBERVALUE('2.0WP - Cen'!V43)-_xlfn.NUMBERVALUE('2.0WP - State'!V43)) | W43: =IF(_xlfn.NUMBERVALUE('2.0WP - Cen'!W43)-_xlfn.NUMBERVALUE('2.0WP - State'!W43)=0,"",_xlfn.NUMBERVALUE('2.0WP - Cen'!W43)-_xlfn.NUMBERVALUE('2.0WP - State'!W43)) | X43: =IF(_xlfn.NUMBERVALUE('2.0WP - Cen'!X43)-_xlfn.NUMBERVALUE('2.0WP - State'!X43)=0,"",_xlfn.NUMBERVALUE('2.0WP - Cen'!X43)-_xlfn.NUMBERVALUE('2.0WP - State'!X43)) | Y43: =IF(_xlfn.NUMBERVALUE('2.0WP - Cen'!Y43)-_xlfn.NUMBERVALUE('2.0WP - State'!Y43)=0,"",_xlfn.NUMBERVALUE('2.0WP - Cen'!Y43)-_xlfn.NUMBERVALUE('2.0WP - State'!Y43)) | Z43: =IF(_xlfn.NUMBERVALUE('2.0WP - Cen'!Z43)-_xlfn.NUMBERVALUE('2.0WP - State'!Z43)=0,"",_xlfn.NUMBERVALUE('2.0WP - Cen'!Z43)-_xlfn.NUMBERVALUE('2.0WP - State'!Z43)) -> 4 | AA43: =IF(_xlfn.NUMBERVALUE('2.0WP - Cen'!AA43)-_xlfn.NUMBERVALUE('2.0WP - State'!AA43)=0,"",_xlfn.NUMBERVALUE('2.0WP - Cen'!AA43)-_xlfn.NUMBERVALUE('2.0WP - State'!AA43)) | AB43: =IF(_xlfn.NUMBERVALUE('2.0WP - Cen'!AB43)-_xlfn.NUMBERVALUE('2.0WP - State'!AB43)=0,"",_xlfn.NUMBERVALUE('2.0WP - Cen'!AB43)-_xlfn.NUMBERVALUE('2.0WP - State'!AB43)) -> 4 | ... AJ43: =IF(_xlfn.NUMBERVALUE('2.0WP - Cen'!AJ43)-_xlfn.NUMBERVALUE('2.0WP - State'!AJ43)=0,"",_xlfn.NUMBERVALUE('2.0WP - Cen'!AJ43)-_xlfn.NUMBERVALUE('2.0WP - State'!AJ43)) | AK43: =SUM(U43:AJ43) -> 8 | AL43: =SUM(T43,AK43) -> 8
A44: ='[1]2.0WS'!A44 -> 20 | B44: ='[1]2.0WS'!B44 -> THIRUVARUR | C44: =IF(_xlfn.NUMBERVALUE('2.0WP - Cen'!C44)-_xlfn.NUMBERVALUE('2.0WP - State'!C44)=0,"",_xlfn.NUMBERVALUE('2.0WP - Cen'!C44)-_xlfn.NUMBERVALUE('2.0WP - State'!C44)) -> 4 | D44: =IF(_xlfn.NUMBERVALUE('2.0WP - Cen'!D44)-_xlfn.NUMBERVALUE('2.0WP - State'!D44)=0,"",_xlfn.NUMBERVALUE('2.0WP - Cen'!D44)-_xlfn.NUMBERVALUE('2.0WP - State'!D44)) | E44: =IF(_xlfn.NUMBERVALUE('2.0WP - Cen'!E44)-_xlfn.NUMBERVALUE('2.0WP - State'!E44)=0,"",_xlfn.NUMBERVALUE('2.0WP - Cen'!E44)-_xlfn.NUMBERVALUE('2.0WP - State'!E44)) -> 4 | F44: =IF(_xlfn.NUMBERVALUE('2.0WP - Cen'!F44)-_xlfn.NUMBERVALUE('2.0WP - State'!F44)=0,"",_xlfn.NUMBERVALUE('2.0WP - Cen'!F44)-_xlfn.NUMBERVALUE('2.0WP - State'!F44)) | G44: =IF(_xlfn.NUMBERVALUE('2.0WP - Cen'!G44)-_xlfn.NUMBERVALUE('2.0WP - State'!G44)=0,"",_xlfn.NUMBERVALUE('2.0WP - Cen'!G44)-_xlfn.NUMBERVALUE('2.0WP - State'!G44)) | H44: =IF(_xlfn.NUMBERVALUE('2.0WP - Cen'!H44)-_xlfn.NUMBERVALUE('2.0WP - State'!H44)=0,"",_xlfn.NUMBERVALUE('2.0WP - Cen'!H44)-_xlfn.NUMBERVALUE('2.0WP - State'!H44)) | I44: =IF(_xlfn.NUMBERVALUE('2.0WP - Cen'!I44)-_xlfn.NUMBERVALUE('2.0WP - State'!I44)=0,"",_xlfn.NUMBERVALUE('2.0WP - Cen'!I44)-_xlfn.NUMBERVALUE('2.0WP - State'!I44)) | J44: =IF(_xlfn.NUMBERVALUE('2.0WP - Cen'!J44)-_xlfn.NUMBERVALUE('2.0WP - State'!J44)=0,"",_xlfn.NUMBERVALUE('2.0WP - Cen'!J44)-_xlfn.NUMBERVALUE('2.0WP - State'!J44)) | ... S44: =IF(_xlfn.NUMBERVALUE('2.0WP - Cen'!S44)-_xlfn.NUMBERVALUE('2.0WP - State'!S44)=0,"",_xlfn.NUMBERVALUE('2.0WP - Cen'!S44)-_xlfn.NUMBERVALUE('2.0WP - State'!S44)) | T44: =SUM(C44:S44) -> 8 | U44: =IF(_xlfn.NUMBERVALUE('2.0WP - Cen'!U44)-_xlfn.NUMBERVALUE('2.0WP - State'!U44)=0,"",_xlfn.NUMBERVALUE('2.0WP - Cen'!U44)-_xlfn.NUMBERVALUE('2.0WP - State'!U44)) -> 4 | V44: =IF(_xlfn.NUMBERVALUE('2.0WP - Cen'!V44)-_xlfn.NUMBERVALUE('2.0WP - State'!V44)=0,"",_xlfn.NUMBERVALUE('2.0WP - Cen'!V44)-_xlfn.NUMBERVALUE('2.0WP - State'!V44)) | W44: =IF(_xlfn.NUMBERVALUE('2.0WP - Cen'!W44)-_xlfn.NUMBERVALUE('2.0WP - State'!W44)=0,"",_xlfn.NUMBERVALUE('2.0WP - Cen'!W44)-_xlfn.NUMBERVALUE('2.0WP - State'!W44)) | X44: =IF(_xlfn.NUMBERVALUE('2.0WP - Cen'!X44)-_xlfn.NUMBERVALUE('2.0WP - State'!X44)=0,"",_xlfn.NUMBERVALUE('2.0WP - Cen'!X44)-_xlfn.NUMBERVALUE('2.0WP - State'!X44)) | Y44: =IF(_xlfn.NUMBERVALUE('2.0WP - Cen'!Y44)-_xlfn.NUMBERVALUE('2.0WP - State'!Y44)=0,"",_xlfn.NUMBERVALUE('2.0WP - Cen'!Y44)-_xlfn.NUMBERVALUE('2.0WP - State'!Y44)) -> 4 | Z44: =IF(_xlfn.NUMBERVALUE('2.0WP - Cen'!Z44)-_xlfn.NUMBERVALUE('2.0WP - State'!Z44)=0,"",_xlfn.NUMBERVALUE('2.0WP - Cen'!Z44)-_xlfn.NUMBERVALUE('2.0WP - State'!Z44)) -> 6 | AA44: =IF(_xlfn.NUMBERVALUE('2.0WP - Cen'!AA44)-_xlfn.NUMBERVALUE('2.0WP - State'!AA44)=0,"",_xlfn.NUMBERVALUE('2.0WP - Cen'!AA44)-_xlfn.NUMBERVALUE('2.0WP - State'!AA44)) -> 6 | AB44: =IF(_xlfn.NUMBERVALUE('2.0WP - Cen'!AB44)-_xlfn.NUMBERVALUE('2.0WP - State'!AB44)=0,"",_xlfn.NUMBERVALUE('2.0WP - Cen'!AB44)-_xlfn.NUMBERVALUE('2.0WP - State'!AB44)) -> 12 | ... AJ44: =IF(_xlfn.NUMBERVALUE('2.0WP - Cen'!AJ44)-_xlfn.NUMBERVALUE('2.0WP - State'!AJ44)=0,"",_xlfn.NUMBERVALUE('2.0WP - Cen'!AJ44)-_xlfn.NUMBERVALUE('2.0WP - State'!AJ44)) -> 2 | AK44: =SUM(U44:AJ44) -> 36 | AL44: =SUM(T44,AK44) -> 44
A45: ='[1]2.0WS'!A45 -> 21 | B45: ='[1]2.0WS'!B45 -> THANJAVUR | C45: =IF(_xlfn.NUMBERVALUE('2.0WP - Cen'!C45)-_xlfn.NUMBERVALUE('2.0WP - State'!C45)=0,"",_xlfn.NUMBERVALUE('2.0WP - Cen'!C45)-_xlfn.NUMBERVALUE('2.0WP - State'!C45)) -> 4 | D45: =IF(_xlfn.NUMBERVALUE('2.0WP - Cen'!D45)-_xlfn.NUMBERVALUE('2.0WP - State'!D45)=0,"",_xlfn.NUMBERVALUE('2.0WP - Cen'!D45)-_xlfn.NUMBERVALUE('2.0WP - State'!D45)) | E45: =IF(_xlfn.NUMBERVALUE('2.0WP - Cen'!E45)-_xlfn.NUMBERVALUE('2.0WP - State'!E45)=0,"",_xlfn.NUMBERVALUE('2.0WP - Cen'!E45)-_xlfn.NUMBERVALUE('2.0WP - State'!E45)) -> 6 | F45: =IF(_xlfn.NUMBERVALUE('2.0WP - Cen'!F45)-_xlfn.NUMBERVALUE('2.0WP - State'!F45)=0,"",_xlfn.NUMBERVALUE('2.0WP - Cen'!F45)-_xlfn.NUMBERVALUE('2.0WP - State'!F45)) | G45: =IF(_xlfn.NUMBERVALUE('2.0WP - Cen'!G45)-_xlfn.NUMBERVALUE('2.0WP - State'!G45)=0,"",_xlfn.NUMBERVALUE('2.0WP - Cen'!G45)-_xlfn.NUMBERVALUE('2.0WP - State'!G45)) | H45: =IF(_xlfn.NUMBERVALUE('2.0WP - Cen'!H45)-_xlfn.NUMBERVALUE('2.0WP - State'!H45)=0,"",_xlfn.NUMBERVALUE('2.0WP - Cen'!H45)-_xlfn.NUMBERVALUE('2.0WP - State'!H45)) | I45: =IF(_xlfn.NUMBERVALUE('2.0WP - Cen'!I45)-_xlfn.NUMBERVALUE('2.0WP - State'!I45)=0,"",_xlfn.NUMBERVALUE('2.0WP - Cen'!I45)-_xlfn.NUMBERVALUE('2.0WP - State'!I45)) | J45: =IF(_xlfn.NUMBERVALUE('2.0WP - Cen'!J45)-_xlfn.NUMBERVALUE('2.0WP - State'!J45)=0,"",_xlfn.NUMBERVALUE('2.0WP - Cen'!J45)-_xlfn.NUMBERVALUE('2.0WP - State'!J45)) | ... S45: =IF(_xlfn.NUMBERVALUE('2.0WP - Cen'!S45)-_xlfn.NUMBERVALUE('2.0WP - State'!S45)=0,"",_xlfn.NUMBERVALUE('2.0WP - Cen'!S45)-_xlfn.NUMBERVALUE('2.0WP - State'!S45)) -> 4 | T45: =SUM(C45:S45) -> 18 | U45: =IF(_xlfn.NUMBERVALUE('2.0WP - Cen'!U45)-_xlfn.NUMBERVALUE('2.0WP - State'!U45)=0,"",_xlfn.NUMBERVALUE('2.0WP - Cen'!U45)-_xlfn.NUMBERVALUE('2.0WP - State'!U45)) | V45: =IF(_xlfn.NUMBERVALUE('2.0WP - Cen'!V45)-_xlfn.NUMBERVALUE('2.0WP - State'!V45)=0,"",_xlfn.NUMBERVALUE('2.0WP - Cen'!V45)-_xlfn.NUMBERVALUE('2.0WP - State'!V45)) | W45: =IF(_xlfn.NUMBERVALUE('2.0WP - Cen'!W45)-_xlfn.NUMBERVALUE('2.0WP - State'!W45)=0,"",_xlfn.NUMBERVALUE('2.0WP - Cen'!W45)-_xlfn.NUMBERVALUE('2.0WP - State'!W45)) | X45: =IF(_xlfn.NUMBERVALUE('2.0WP - Cen'!X45)-_xlfn.NUMBERVALUE('2.0WP - State'!X45)=0,"",_xlfn.NUMBERVALUE('2.0WP - Cen'!X45)-_xlfn.NUMBERVALUE('2.0WP - State'!X45)) | Y45: =IF(_xlfn.NUMBERVALUE('2.0WP - Cen'!Y45)-_xlfn.NUMBERVALUE('2.0WP - State'!Y45)=0,"",_xlfn.NUMBERVALUE('2.0WP - Cen'!Y45)-_xlfn.NUMBERVALUE('2.0WP - State'!Y45)) | Z45: =IF(_xlfn.NUMBERVALUE('2.0WP - Cen'!Z45)-_xlfn.NUMBERVALUE('2.0WP - State'!Z45)=0,"",_xlfn.NUMBERVALUE('2.0WP - Cen'!Z45)-_xlfn.NUMBERVALUE('2.0WP - State'!Z45)) | AA45: =IF(_xlfn.NUMBERVALUE('2.0WP - Cen'!AA45)-_xlfn.NUMBERVALUE('2.0WP - State'!AA45)=0,"",_xlfn.NUMBERVALUE('2.0WP - Cen'!AA45)-_xlfn.NUMBERVALUE('2.0WP - State'!AA45)) | AB45: =IF(_xlfn.NUMBERVALUE('2.0WP - Cen'!AB45)-_xlfn.NUMBERVALUE('2.0WP - State'!AB45)=0,"",_xlfn.NUMBERVALUE('2.0WP - Cen'!AB45)-_xlfn.NUMBERVALUE('2.0WP - State'!AB45)) -> 2 | ... AJ45: =IF(_xlfn.NUMBERVALUE('2.0WP - Cen'!AJ45)-_xlfn.NUMBERVALUE('2.0WP - State'!AJ45)=0,"",_xlfn.NUMBERVALUE('2.0WP - Cen'!AJ45)-_xlfn.NUMBERVALUE('2.0WP - State'!AJ45)) | AK45: =SUM(U45:AJ45) -> 6 | AL45: =SUM(T45,AK45) -> 24
A46: ='[1]2.0WS'!A46 -> 22 | B46: ='[1]2.0WS'!B46 -> PUDUKKOTTAI | C46: =IF(_xlfn.NUMBERVALUE('2.0WP - Cen'!C46)-_xlfn.NUMBERVALUE('2.0WP - State'!C46)=0,"",_xlfn.NUMBERVALUE('2.0WP - Cen'!C46)-_xlfn.NUMBERVALUE('2.0WP - State'!C46)) | D46: =IF(_xlfn.NUMBERVALUE('2.0WP - Cen'!D46)-_xlfn.NUMBERVALUE('2.0WP - State'!D46)=0,"",_xlfn.NUMBERVALUE('2.0WP - Cen'!D46)-_xlfn.NUMBERVALUE('2.0WP - State'!D46)) | E46: =IF(_xlfn.NUMBERVALUE('2.0WP - Cen'!E46)-_xlfn.NUMBERVALUE('2.0WP - State'!E46)=0,"",_xlfn.NUMBERVALUE('2.0WP - Cen'!E46)-_xlfn.NUMBERVALUE('2.0WP - State'!E46)) | F46: =IF(_xlfn.NUMBERVALUE('2.0WP - Cen'!F46)-_xlfn.NUMBERVALUE('2.0WP - State'!F46)=0,"",_xlfn.NUMBERVALUE('2.0WP - Cen'!F46)-_xlfn.NUMBERVALUE('2.0WP - State'!F46)) | G46: =IF(_xlfn.NUMBERVALUE('2.0WP - Cen'!G46)-_xlfn.NUMBERVALUE('2.0WP - State'!G46)=0,"",_xlfn.NUMBERVALUE('2.0WP - Cen'!G46)-_xlfn.NUMBERVALUE('2.0WP - State'!G46)) | H46: =IF(_xlfn.NUMBERVALUE('2.0WP - Cen'!H46)-_xlfn.NUMBERVALUE('2.0WP - State'!H46)=0,"",_xlfn.NUMBERVALUE('2.0WP - Cen'!H46)-_xlfn.NUMBERVALUE('2.0WP - State'!H46)) | I46: =IF(_xlfn.NUMBERVALUE('2.0WP - Cen'!I46)-_xlfn.NUMBERVALUE('2.0WP - State'!I46)=0,"",_xlfn.NUMBERVALUE('2.0WP - Cen'!I46)-_xlfn.NUMBERVALUE('2.0WP - State'!I46)) | J46: =IF(_xlfn.NUMBERVALUE('2.0WP - Cen'!J46)-_xlfn.NUMBERVALUE('2.0WP - State'!J46)=0,"",_xlfn.NUMBERVALUE('2.0WP - Cen'!J46)-_xlfn.NUMBERVALUE('2.0WP - State'!J46)) | ... S46: =IF(_xlfn.NUMBERVALUE('2.0WP - Cen'!S46)-_xlfn.NUMBERVALUE('2.0WP - State'!S46)=0,"",_xlfn.NUMBERVALUE('2.0WP - Cen'!S46)-_xlfn.NUMBERVALUE('2.0WP - State'!S46)) | T46: =SUM(C46:S46) -> 0 | U46: =IF(_xlfn.NUMBERVALUE('2.0WP - Cen'!U46)-_xlfn.NUMBERVALUE('2.0WP - State'!U46)=0,"",_xlfn.NUMBERVALUE('2.0WP - Cen'!U46)-_xlfn.NUMBERVALUE('2.0WP - State'!U46)) | V46: =IF(_xlfn.NUMBERVALUE('2.0WP - Cen'!V46)-_xlfn.NUMBERVALUE('2.0WP - State'!V46)=0,"",_xlfn.NUMBERVALUE('2.0WP - Cen'!V46)-_xlfn.NUMBERVALUE('2.0WP - State'!V46)) | W46: =IF(_xlfn.NUMBERVALUE('2.0WP - Cen'!W46)-_xlfn.NUMBERVALUE('2.0WP - State'!W46)=0,"",_xlfn.NUMBERVALUE('2.0WP - Cen'!W46)-_xlfn.NUMBERVALUE('2.0WP - State'!W46)) | X46: =IF(_xlfn.NUMBERVALUE('2.0WP - Cen'!X46)-_xlfn.NUMBERVALUE('2.0WP - State'!X46)=0,"",_xlfn.NUMBERVALUE('2.0WP - Cen'!X46)-_xlfn.NUMBERVALUE('2.0WP - State'!X46)) | Y46: =IF(_xlfn.NUMBERVALUE('2.0WP - Cen'!Y46)-_xlfn.NUMBERVALUE('2.0WP - State'!Y46)=0,"",_xlfn.NUMBERVALUE('2.0WP - Cen'!Y46)-_xlfn.NUMBERVALUE('2.0WP - State'!Y46)) | Z46: =IF(_xlfn.NUMBERVALUE('2.0WP - Cen'!Z46)-_xlfn.NUMBERVALUE('2.0WP - State'!Z46)=0,"",_xlfn.NUMBERVALUE('2.0WP - Cen'!Z46)-_xlfn.NUMBERVALUE('2.0WP - State'!Z46)) | AA46: =IF(_xlfn.NUMBERVALUE('2.0WP - Cen'!AA46)-_xlfn.NUMBERVALUE('2.0WP - State'!AA46)=0,"",_xlfn.NUMBERVALUE('2.0WP - Cen'!AA46)-_xlfn.NUMBERVALUE('2.0WP - State'!AA46)) | AB46: =IF(_xlfn.NUMBERVALUE('2.0WP - Cen'!AB46)-_xlfn.NUMBERVALUE('2.0WP - State'!AB46)=0,"",_xlfn.NUMBERVALUE('2.0WP - Cen'!AB46)-_xlfn.NUMBERVALUE('2.0WP - State'!AB46)) | ... AJ46: =IF(_xlfn.NUMBERVALUE('2.0WP - Cen'!AJ46)-_xlfn.NUMBERVALUE('2.0WP - State'!AJ46)=0,"",_xlfn.NUMBERVALUE('2.0WP - Cen'!AJ46)-_xlfn.NUMBERVALUE('2.0WP - State'!AJ46)) | AK46: =SUM(U46:AJ46) -> 0 | AL46: =SUM(T46,AK46) -> 0
A47: ='[1]2.0WS'!A47 -> SRO THANJAVUR TOTAL | C47: =SUM(C43:C46) -> 8 | D47: =SUM(D43:D46) -> 0 | E47: =SUM(E43:E46) -> 10 | F47: =SUM(F43:F46) -> 0 | G47: =SUM(G43:G46) -> 0 | H47: =SUM(H43:H46) -> 0 | I47: =SUM(I43:I46) -> 0 | J47: =SUM(J43:J46) -> 0 | ... S47: =SUM(S43:S46) -> 4 | T47: =SUM(C47:S47) -> 26 | U47: =SUM(U43:U46) -> 4 | V47: =SUM(V43:V46) -> 0 | W47: =SUM(W43:W46) -> 0 | X47: =SUM(X43:X46) -> 0 | Y47: =SUM(Y43:Y46) -> 4 | Z47: =SUM(Z43:Z46) -> 10 | AA47: =SUM(AA43:AA46) -> 6 | AB47: =SUM(AB43:AB46) -> 18 | ... AJ47: =SUM(AJ43:AJ46) -> 2 | AK47: =SUM(U47:AJ47) -> 50 | AL47: =SUM(T47,AK47) -> 76
A48: ='[1]2.0WS'!A48 -> 28 | B48: ='[1]2.0WS'!B48 -> THOOTHUKUDI | C48: =IF(_xlfn.NUMBERVALUE('2.0WP - Cen'!C48)-_xlfn.NUMBERVALUE('2.0WP - State'!C48)=0,"",_xlfn.NUMBERVALUE('2.0WP - Cen'!C48)-_xlfn.NUMBERVALUE('2.0WP - State'!C48)) | D48: =IF(_xlfn.NUMBERVALUE('2.0WP - Cen'!D48)-_xlfn.NUMBERVALUE('2.0WP - State'!D48)=0,"",_xlfn.NUMBERVALUE('2.0WP - Cen'!D48)-_xlfn.NUMBERVALUE('2.0WP - State'!D48)) | E48: =IF(_xlfn.NUMBERVALUE('2.0WP - Cen'!E48)-_xlfn.NUMBERVALUE('2.0WP - State'!E48)=0,"",_xlfn.NUMBERVALUE('2.0WP - Cen'!E48)-_xlfn.NUMBERVALUE('2.0WP - State'!E48)) | F48: =IF(_xlfn.NUMBERVALUE('2.0WP - Cen'!F48)-_xlfn.NUMBERVALUE('2.0WP - State'!F48)=0,"",_xlfn.NUMBERVALUE('2.0WP - Cen'!F48)-_xlfn.NUMBERVALUE('2.0WP - State'!F48)) | G48: =IF(_xlfn.NUMBERVALUE('2.0WP - Cen'!G48)-_xlfn.NUMBERVALUE('2.0WP - State'!G48)=0,"",_xlfn.NUMBERVALUE('2.0WP - Cen'!G48)-_xlfn.NUMBERVALUE('2.0WP - State'!G48)) | H48: =IF(_xlfn.NUMBERVALUE('2.0WP - Cen'!H48)-_xlfn.NUMBERVALUE('2.0WP - State'!H48)=0,"",_xlfn.NUMBERVALUE('2.0WP - Cen'!H48)-_xlfn.NUMBERVALUE('2.0WP - State'!H48)) | I48: =IF(_xlfn.NUMBERVALUE('2.0WP - Cen'!I48)-_xlfn.NUMBERVALUE('2.0WP - State'!I48)=0,"",_xlfn.NUMBERVALUE('2.0WP - Cen'!I48)-_xlfn.NUMBERVALUE('2.0WP - State'!I48)) | J48: =IF(_xlfn.NUMBERVALUE('2.0WP - Cen'!J48)-_xlfn.NUMBERVALUE('2.0WP - State'!J48)=0,"",_xlfn.NUMBERVALUE('2.0WP - Cen'!J48)-_xlfn.NUMBERVALUE('2.0WP - State'!J48)) | ... S48: =IF(_xlfn.NUMBERVALUE('2.0WP - Cen'!S48)-_xlfn.NUMBERVALUE('2.0WP - State'!S48)=0,"",_xlfn.NUMBERVALUE('2.0WP - Cen'!S48)-_xlfn.NUMBERVALUE('2.0WP - State'!S48)) | T48: =SUM(C48:S48) -> 0 | U48: =IF(_xlfn.NUMBERVALUE('2.0WP - Cen'!U48)-_xlfn.NUMBERVALUE('2.0WP - State'!U48)=0,"",_xlfn.NUMBERVALUE('2.0WP - Cen'!U48)-_xlfn.NUMBERVALUE('2.0WP - State'!U48)) | V48: =IF(_xlfn.NUMBERVALUE('2.0WP - Cen'!V48)-_xlfn.NUMBERVALUE('2.0WP - State'!V48)=0,"",_xlfn.NUMBERVALUE('2.0WP - Cen'!V48)-_xlfn.NUMBERVALUE('2.0WP - State'!V48)) -> 2 | W48: =IF(_xlfn.NUMBERVALUE('2.0WP - Cen'!W48)-_xlfn.NUMBERVALUE('2.0WP - State'!W48)=0,"",_xlfn.NUMBERVALUE('2.0WP - Cen'!W48)-_xlfn.NUMBERVALUE('2.0WP - State'!W48)) | X48: =IF(_xlfn.NUMBERVALUE('2.0WP - Cen'!X48)-_xlfn.NUMBERVALUE('2.0WP - State'!X48)=0,"",_xlfn.NUMBERVALUE('2.0WP - Cen'!X48)-_xlfn.NUMBERVALUE('2.0WP - State'!X48)) | Y48: =IF(_xlfn.NUMBERVALUE('2.0WP - Cen'!Y48)-_xlfn.NUMBERVALUE('2.0WP - State'!Y48)=0,"",_xlfn.NUMBERVALUE('2.0WP - Cen'!Y48)-_xlfn.NUMBERVALUE('2.0WP - State'!Y48)) | Z48: =IF(_xlfn.NUMBERVALUE('2.0WP - Cen'!Z48)-_xlfn.NUMBERVALUE('2.0WP - State'!Z48)=0,"",_xlfn.NUMBERVALUE('2.0WP - Cen'!Z48)-_xlfn.NUMBERVALUE('2.0WP - State'!Z48)) -> 4 | AA48: =IF(_xlfn.NUMBERVALUE('2.0WP - Cen'!AA48)-_xlfn.NUMBERVALUE('2.0WP - State'!AA48)=0,"",_xlfn.NUMBERVALUE('2.0WP - Cen'!AA48)-_xlfn.NUMBERVALUE('2.0WP - State'!AA48)) | AB48: =IF(_xlfn.NUMBERVALUE('2.0WP - Cen'!AB48)-_xlfn.NUMBERVALUE('2.0WP - State'!AB48)=0,"",_xlfn.NUMBERVALUE('2.0WP - Cen'!AB48)-_xlfn.NUMBERVALUE('2.0WP - State'!AB48)) -> 8 | ... AJ48: =IF(_xlfn.NUMBERVALUE('2.0WP - Cen'!AJ48)-_xlfn.NUMBERVALUE('2.0WP - State'!AJ48)=0,"",_xlfn.NUMBERVALUE('2.0WP - Cen'!AJ48)-_xlfn.NUMBERVALUE('2.0WP - State'!AJ48)) | AK48: =SUM(U48:AJ48) -> 22 | AL48: =SUM(T48,AK48) -> 22
A49: ='[1]2.0WS'!A49 -> 29 | B49: ='[1]2.0WS'!B49 -> TIRUNELVELI | C49: =IF(_xlfn.NUMBERVALUE('2.0WP - Cen'!C49)-_xlfn.NUMBERVALUE('2.0WP - State'!C49)=0,"",_xlfn.NUMBERVALUE('2.0WP - Cen'!C49)-_xlfn.NUMBERVALUE('2.0WP - State'!C49)) | D49: =IF(_xlfn.NUMBERVALUE('2.0WP - Cen'!D49)-_xlfn.NUMBERVALUE('2.0WP - State'!D49)=0,"",_xlfn.NUMBERVALUE('2.0WP - Cen'!D49)-_xlfn.NUMBERVALUE('2.0WP - State'!D49)) | E49: =IF(_xlfn.NUMBERVALUE('2.0WP - Cen'!E49)-_xlfn.NUMBERVALUE('2.0WP - State'!E49)=0,"",_xlfn.NUMBERVALUE('2.0WP - Cen'!E49)-_xlfn.NUMBERVALUE('2.0WP - State'!E49)) | F49: =IF(_xlfn.NUMBERVALUE('2.0WP - Cen'!F49)-_xlfn.NUMBERVALUE('2.0WP - State'!F49)=0,"",_xlfn.NUMBERVALUE('2.0WP - Cen'!F49)-_xlfn.NUMBERVALUE('2.0WP - State'!F49)) | G49: =IF(_xlfn.NUMBERVALUE('2.0WP - Cen'!G49)-_xlfn.NUMBERVALUE('2.0WP - State'!G49)=0,"",_xlfn.NUMBERVALUE('2.0WP - Cen'!G49)-_xlfn.NUMBERVALUE('2.0WP - State'!G49)) | H49: =IF(_xlfn.NUMBERVALUE('2.0WP - Cen'!H49)-_xlfn.NUMBERVALUE('2.0WP - State'!H49)=0,"",_xlfn.NUMBERVALUE('2.0WP - Cen'!H49)-_xlfn.NUMBERVALUE('2.0WP - State'!H49)) | I49: =IF(_xlfn.NUMBERVALUE('2.0WP - Cen'!I49)-_xlfn.NUMBERVALUE('2.0WP - State'!I49)=0,"",_xlfn.NUMBERVALUE('2.0WP - Cen'!I49)-_xlfn.NUMBERVALUE('2.0WP - State'!I49)) | J49: =IF(_xlfn.NUMBERVALUE('2.0WP - Cen'!J49)-_xlfn.NUMBERVALUE('2.0WP - State'!J49)=0,"",_xlfn.NUMBERVALUE('2.0WP - Cen'!J49)-_xlfn.NUMBERVALUE('2.0WP - State'!J49)) | ... S49: =IF(_xlfn.NUMBERVALUE('2.0WP - Cen'!S49)-_xlfn.NUMBERVALUE('2.0WP - State'!S49)=0,"",_xlfn.NUMBERVALUE('2.0WP - Cen'!S49)-_xlfn.NUMBERVALUE('2.0WP - State'!S49)) | T49: =SUM(C49:S49) -> 0 | U49: =IF(_xlfn.NUMBERVALUE('2.0WP - Cen'!U49)-_xlfn.NUMBERVALUE('2.0WP - State'!U49)=0,"",_xlfn.NUMBERVALUE('2.0WP - Cen'!U49)-_xlfn.NUMBERVALUE('2.0WP - State'!U49)) -> 4 | V49: =IF(_xlfn.NUMBERVALUE('2.0WP - Cen'!V49)-_xlfn.NUMBERVALUE('2.0WP - State'!V49)=0,"",_xlfn.NUMBERVALUE('2.0WP - Cen'!V49)-_xlfn.NUMBERVALUE('2.0WP - State'!V49)) | W49: =IF(_xlfn.NUMBERVALUE('2.0WP - Cen'!W49)-_xlfn.NUMBERVALUE('2.0WP - State'!W49)=0,"",_xlfn.NUMBERVALUE('2.0WP - Cen'!W49)-_xlfn.NUMBERVALUE('2.0WP - State'!W49)) | X49: =IF(_xlfn.NUMBERVALUE('2.0WP - Cen'!X49)-_xlfn.NUMBERVALUE('2.0WP - State'!X49)=0,"",_xlfn.NUMBERVALUE('2.0WP - Cen'!X49)-_xlfn.NUMBERVALUE('2.0WP - State'!X49)) | Y49: =IF(_xlfn.NUMBERVALUE('2.0WP - Cen'!Y49)-_xlfn.NUMBERVALUE('2.0WP - State'!Y49)=0,"",_xlfn.NUMBERVALUE('2.0WP - Cen'!Y49)-_xlfn.NUMBERVALUE('2.0WP - State'!Y49)) | Z49: =IF(_xlfn.NUMBERVALUE('2.0WP - Cen'!Z49)-_xlfn.NUMBERVALUE('2.0WP - State'!Z49)=0,"",_xlfn.NUMBERVALUE('2.0WP - Cen'!Z49)-_xlfn.NUMBERVALUE('2.0WP - State'!Z49)) | AA49: =IF(_xlfn.NUMBERVALUE('2.0WP - Cen'!AA49)-_xlfn.NUMBERVALUE('2.0WP - State'!AA49)=0,"",_xlfn.NUMBERVALUE('2.0WP - Cen'!AA49)-_xlfn.NUMBERVALUE('2.0WP - State'!AA49)) | AB49: =IF(_xlfn.NUMBERVALUE('2.0WP - Cen'!AB49)-_xlfn.NUMBERVALUE('2.0WP - State'!AB49)=0,"",_xlfn.NUMBERVALUE('2.0WP - Cen'!AB49)-_xlfn.NUMBERVALUE('2.0WP - State'!AB49)) | ... AJ49: =IF(_xlfn.NUMBERVALUE('2.0WP - Cen'!AJ49)-_xlfn.NUMBERVALUE('2.0WP - State'!AJ49)=0,"",_xlfn.NUMBERVALUE('2.0WP - Cen'!AJ49)-_xlfn.NUMBERVALUE('2.0WP - State'!AJ49)) | AK49: =SUM(U49:AJ49) -> 4 | AL49: =SUM(T49,AK49) -> 4
A50: ='[1]2.0WS'!A50 -> 30 | B50: ='[1]2.0WS'!B50 -> KANNIYAKUMARI | C50: =IF(_xlfn.NUMBERVALUE('2.0WP - Cen'!C50)-_xlfn.NUMBERVALUE('2.0WP - State'!C50)=0,"",_xlfn.NUMBERVALUE('2.0WP - Cen'!C50)-_xlfn.NUMBERVALUE('2.0WP - State'!C50)) | D50: =IF(_xlfn.NUMBERVALUE('2.0WP - Cen'!D50)-_xlfn.NUMBERVALUE('2.0WP - State'!D50)=0,"",_xlfn.NUMBERVALUE('2.0WP - Cen'!D50)-_xlfn.NUMBERVALUE('2.0WP - State'!D50)) | E50: =IF(_xlfn.NUMBERVALUE('2.0WP - Cen'!E50)-_xlfn.NUMBERVALUE('2.0WP - State'!E50)=0,"",_xlfn.NUMBERVALUE('2.0WP - Cen'!E50)-_xlfn.NUMBERVALUE('2.0WP - State'!E50)) | F50: =IF(_xlfn.NUMBERVALUE('2.0WP - Cen'!F50)-_xlfn.NUMBERVALUE('2.0WP - State'!F50)=0,"",_xlfn.NUMBERVALUE('2.0WP - Cen'!F50)-_xlfn.NUMBERVALUE('2.0WP - State'!F50)) | G50: =IF(_xlfn.NUMBERVALUE('2.0WP - Cen'!G50)-_xlfn.NUMBERVALUE('2.0WP - State'!G50)=0,"",_xlfn.NUMBERVALUE('2.0WP - Cen'!G50)-_xlfn.NUMBERVALUE('2.0WP - State'!G50)) | H50: =IF(_xlfn.NUMBERVALUE('2.0WP - Cen'!H50)-_xlfn.NUMBERVALUE('2.0WP - State'!H50)=0,"",_xlfn.NUMBERVALUE('2.0WP - Cen'!H50)-_xlfn.NUMBERVALUE('2.0WP - State'!H50)) | I50: =IF(_xlfn.NUMBERVALUE('2.0WP - Cen'!I50)-_xlfn.NUMBERVALUE('2.0WP - State'!I50)=0,"",_xlfn.NUMBERVALUE('2.0WP - Cen'!I50)-_xlfn.NUMBERVALUE('2.0WP - State'!I50)) | J50: =IF(_xlfn.NUMBERVALUE('2.0WP - Cen'!J50)-_xlfn.NUMBERVALUE('2.0WP - State'!J50)=0,"",_xlfn.NUMBERVALUE('2.0WP - Cen'!J50)-_xlfn.NUMBERVALUE('2.0WP - State'!J50)) | ... S50: =IF(_xlfn.NUMBERVALUE('2.0WP - Cen'!S50)-_xlfn.NUMBERVALUE('2.0WP - State'!S50)=0,"",_xlfn.NUMBERVALUE('2.0WP - Cen'!S50)-_xlfn.NUMBERVALUE('2.0WP - State'!S50)) | T50: =SUM(C50:S50) -> 0 | U50: =IF(_xlfn.NUMBERVALUE('2.0WP - Cen'!U50)-_xlfn.NUMBERVALUE('2.0WP - State'!U50)=0,"",_xlfn.NUMBERVALUE('2.0WP - Cen'!U50)-_xlfn.NUMBERVALUE('2.0WP - State'!U50)) | V50: =IF(_xlfn.NUMBERVALUE('2.0WP - Cen'!V50)-_xlfn.NUMBERVALUE('2.0WP - State'!V50)=0,"",_xlfn.NUMBERVALUE('2.0WP - Cen'!V50)-_xlfn.NUMBERVALUE('2.0WP - State'!V50)) | W50: =IF(_xlfn.NUMBERVALUE('2.0WP - Cen'!W50)-_xlfn.NUMBERVALUE('2.0WP - State'!W50)=0,"",_xlfn.NUMBERVALUE('2.0WP - Cen'!W50)-_xlfn.NUMBERVALUE('2.0WP - State'!W50)) | X50: =IF(_xlfn.NUMBERVALUE('2.0WP - Cen'!X50)-_xlfn.NUMBERVALUE('2.0WP - State'!X50)=0,"",_xlfn.NUMBERVALUE('2.0WP - Cen'!X50)-_xlfn.NUMBERVALUE('2.0WP - State'!X50)) | Y50: =IF(_xlfn.NUMBERVALUE('2.0WP - Cen'!Y50)-_xlfn.NUMBERVALUE('2.0WP - State'!Y50)=0,"",_xlfn.NUMBERVALUE('2.0WP - Cen'!Y50)-_xlfn.NUMBERVALUE('2.0WP - State'!Y50)) | Z50: =IF(_xlfn.NUMBERVALUE('2.0WP - Cen'!Z50)-_xlfn.NUMBERVALUE('2.0WP - State'!Z50)=0,"",_xlfn.NUMBERVALUE('2.0WP - Cen'!Z50)-_xlfn.NUMBERVALUE('2.0WP - State'!Z50)) | AA50: =IF(_xlfn.NUMBERVALUE('2.0WP - Cen'!AA50)-_xlfn.NUMBERVALUE('2.0WP - State'!AA50)=0,"",_xlfn.NUMBERVALUE('2.0WP - Cen'!AA50)-_xlfn.NUMBERVALUE('2.0WP - State'!AA50)) | AB50: =IF(_xlfn.NUMBERVALUE('2.0WP - Cen'!AB50)-_xlfn.NUMBERVALUE('2.0WP - State'!AB50)=0,"",_xlfn.NUMBERVALUE('2.0WP - Cen'!AB50)-_xlfn.NUMBERVALUE('2.0WP - State'!AB50)) | ... AJ50: =IF(_xlfn.NUMBERVALUE('2.0WP - Cen'!AJ50)-_xlfn.NUMBERVALUE('2.0WP - State'!AJ50)=0,"",_xlfn.NUMBERVALUE('2.0WP - Cen'!AJ50)-_xlfn.NUMBERVALUE('2.0WP - State'!AJ50)) | AK50: =SUM(U50:AJ50) -> 0 | AL50: =SUM(T50,AK50) -> 0
A51: ='[1]2.0WS'!A51 -> 37 | B51: ='[1]2.0WS'!B51 -> TENKASI | C51: =IF(_xlfn.NUMBERVALUE('2.0WP - Cen'!C51)-_xlfn.NUMBERVALUE('2.0WP - State'!C51)=0,"",_xlfn.NUMBERVALUE('2.0WP - Cen'!C51)-_xlfn.NUMBERVALUE('2.0WP - State'!C51)) | D51: =IF(_xlfn.NUMBERVALUE('2.0WP - Cen'!D51)-_xlfn.NUMBERVALUE('2.0WP - State'!D51)=0,"",_xlfn.NUMBERVALUE('2.0WP - Cen'!D51)-_xlfn.NUMBERVALUE('2.0WP - State'!D51)) | E51: =IF(_xlfn.NUMBERVALUE('2.0WP - Cen'!E51)-_xlfn.NUMBERVALUE('2.0WP - State'!E51)=0,"",_xlfn.NUMBERVALUE('2.0WP - Cen'!E51)-_xlfn.NUMBERVALUE('2.0WP - State'!E51)) | F51: =IF(_xlfn.NUMBERVALUE('2.0WP - Cen'!F51)-_xlfn.NUMBERVALUE('2.0WP - State'!F51)=0,"",_xlfn.NUMBERVALUE('2.0WP - Cen'!F51)-_xlfn.NUMBERVALUE('2.0WP - State'!F51)) | G51: =IF(_xlfn.NUMBERVALUE('2.0WP - Cen'!G51)-_xlfn.NUMBERVALUE('2.0WP - State'!G51)=0,"",_xlfn.NUMBERVALUE('2.0WP - Cen'!G51)-_xlfn.NUMBERVALUE('2.0WP - State'!G51)) | H51: =IF(_xlfn.NUMBERVALUE('2.0WP - Cen'!H51)-_xlfn.NUMBERVALUE('2.0WP - State'!H51)=0,"",_xlfn.NUMBERVALUE('2.0WP - Cen'!H51)-_xlfn.NUMBERVALUE('2.0WP - State'!H51)) | I51: =IF(_xlfn.NUMBERVALUE('2.0WP - Cen'!I51)-_xlfn.NUMBERVALUE('2.0WP - State'!I51)=0,"",_xlfn.NUMBERVALUE('2.0WP - Cen'!I51)-_xlfn.NUMBERVALUE('2.0WP - State'!I51)) | J51: =IF(_xlfn.NUMBERVALUE('2.0WP - Cen'!J51)-_xlfn.NUMBERVALUE('2.0WP - State'!J51)=0,"",_xlfn.NUMBERVALUE('2.0WP - Cen'!J51)-_xlfn.NUMBERVALUE('2.0WP - State'!J51)) | ... S51: =IF(_xlfn.NUMBERVALUE('2.0WP - Cen'!S51)-_xlfn.NUMBERVALUE('2.0WP - State'!S51)=0,"",_xlfn.NUMBERVALUE('2.0WP - Cen'!S51)-_xlfn.NUMBERVALUE('2.0WP - State'!S51)) -> 4 | T51: =SUM(C51:S51) -> 6 | U51: =IF(_xlfn.NUMBERVALUE('2.0WP - Cen'!U51)-_xlfn.NUMBERVALUE('2.0WP - State'!U51)=0,"",_xlfn.NUMBERVALUE('2.0WP - Cen'!U51)-_xlfn.NUMBERVALUE('2.0WP - State'!U51)) | V51: =IF(_xlfn.NUMBERVALUE('2.0WP - Cen'!V51)-_xlfn.NUMBERVALUE('2.0WP - State'!V51)=0,"",_xlfn.NUMBERVALUE('2.0WP - Cen'!V51)-_xlfn.NUMBERVALUE('2.0WP - State'!V51)) | W51: =IF(_xlfn.NUMBERVALUE('2.0WP - Cen'!W51)-_xlfn.NUMBERVALUE('2.0WP - State'!W51)=0,"",_xlfn.NUMBERVALUE('2.0WP - Cen'!W51)-_xlfn.NUMBERVALUE('2.0WP - State'!W51)) | X51: =IF(_xlfn.NUMBERVALUE('2.0WP - Cen'!X51)-_xlfn.NUMBERVALUE('2.0WP - State'!X51)=0,"",_xlfn.NUMBERVALUE('2.0WP - Cen'!X51)-_xlfn.NUMBERVALUE('2.0WP - State'!X51)) | Y51: =IF(_xlfn.NUMBERVALUE('2.0WP - Cen'!Y51)-_xlfn.NUMBERVALUE('2.0WP - State'!Y51)=0,"",_xlfn.NUMBERVALUE('2.0WP - Cen'!Y51)-_xlfn.NUMBERVALUE('2.0WP - State'!Y51)) | Z51: =IF(_xlfn.NUMBERVALUE('2.0WP - Cen'!Z51)-_xlfn.NUMBERVALUE('2.0WP - State'!Z51)=0,"",_xlfn.NUMBERVALUE('2.0WP - Cen'!Z51)-_xlfn.NUMBERVALUE('2.0WP - State'!Z51)) | AA51: =IF(_xlfn.NUMBERVALUE('2.0WP - Cen'!AA51)-_xlfn.NUMBERVALUE('2.0WP - State'!AA51)=0,"",_xlfn.NUMBERVALUE('2.0WP - Cen'!AA51)-_xlfn.NUMBERVALUE('2.0WP - State'!AA51)) | AB51: =IF(_xlfn.NUMBERVALUE('2.0WP - Cen'!AB51)-_xlfn.NUMBERVALUE('2.0WP - State'!AB51)=0,"",_xlfn.NUMBERVALUE('2.0WP - Cen'!AB51)-_xlfn.NUMBERVALUE('2.0WP - State'!AB51)) -> 2 | ... AJ51: =IF(_xlfn.NUMBERVALUE('2.0WP - Cen'!AJ51)-_xlfn.NUMBERVALUE('2.0WP - State'!AJ51)=0,"",_xlfn.NUMBERVALUE('2.0WP - Cen'!AJ51)-_xlfn.NUMBERVALUE('2.0WP - State'!AJ51)) | AK51: =SUM(U51:AJ51) -> 2 | AL51: =SUM(T51,AK51) -> 8
A52: ='[1]2.0WS'!A52 -> SRO TIRUNELVELI TOTAL | C52: =SUM(C48:C51) -> 0 | D52: =SUM(D48:D51) -> 0 | E52: =SUM(E48:E51) -> 0 | F52: =SUM(F48:F51) -> 0 | G52: =SUM(G48:G51) -> 0 | H52: =SUM(H48:H51) -> 0 | I52: =SUM(I48:I51) -> 0 | J52: =SUM(J48:J51) -> 0 | ... S52: =SUM(S48:S51) -> 4 | T52: =SUM(C52:S52) -> 6 | U52: =SUM(U48:U51) -> 4 | V52: =SUM(V48:V51) -> 2 | W52: =SUM(W48:W51) -> 0 | X52: =SUM(X48:X51) -> 0 | Y52: =SUM(Y48:Y51) -> 0 | Z52: =SUM(Z48:Z51) -> 4 | AA52: =SUM(AA48:AA51) -> 0 | AB52: =SUM(AB48:AB51) -> 10 | ... AJ52: =SUM(AJ48:AJ51) -> 0 | AK52: =SUM(U52:AJ52) -> 28 | AL52: =SUM(T52,AK52) -> 34
A53: ='[1]2.0WS'!A53 -> 26 | B53: ='[1]2.0WS'!B53 -> VIRUDHUNAGAR | C53: =IF(_xlfn.NUMBERVALUE('2.0WP - Cen'!C53)-_xlfn.NUMBERVALUE('2.0WP - State'!C53)=0,"",_xlfn.NUMBERVALUE('2.0WP - Cen'!C53)-_xlfn.NUMBERVALUE('2.0WP - State'!C53)) | D53: =IF(_xlfn.NUMBERVALUE('2.0WP - Cen'!D53)-_xlfn.NUMBERVALUE('2.0WP - State'!D53)=0,"",_xlfn.NUMBERVALUE('2.0WP - Cen'!D53)-_xlfn.NUMBERVALUE('2.0WP - State'!D53)) | E53: =IF(_xlfn.NUMBERVALUE('2.0WP - Cen'!E53)-_xlfn.NUMBERVALUE('2.0WP - State'!E53)=0,"",_xlfn.NUMBERVALUE('2.0WP - Cen'!E53)-_xlfn.NUMBERVALUE('2.0WP - State'!E53)) | F53: =IF(_xlfn.NUMBERVALUE('2.0WP - Cen'!F53)-_xlfn.NUMBERVALUE('2.0WP - State'!F53)=0,"",_xlfn.NUMBERVALUE('2.0WP - Cen'!F53)-_xlfn.NUMBERVALUE('2.0WP - State'!F53)) -> 4 | G53: =IF(_xlfn.NUMBERVALUE('2.0WP - Cen'!G53)-_xlfn.NUMBERVALUE('2.0WP - State'!G53)=0,"",_xlfn.NUMBERVALUE('2.0WP - Cen'!G53)-_xlfn.NUMBERVALUE('2.0WP - State'!G53)) | H53: =IF(_xlfn.NUMBERVALUE('2.0WP - Cen'!H53)-_xlfn.NUMBERVALUE('2.0WP - State'!H53)=0,"",_xlfn.NUMBERVALUE('2.0WP - Cen'!H53)-_xlfn.NUMBERVALUE('2.0WP - State'!H53)) | I53: =IF(_xlfn.NUMBERVALUE('2.0WP - Cen'!I53)-_xlfn.NUMBERVALUE('2.0WP - State'!I53)=0,"",_xlfn.NUMBERVALUE('2.0WP - Cen'!I53)-_xlfn.NUMBERVALUE('2.0WP - State'!I53)) | J53: =IF(_xlfn.NUMBERVALUE('2.0WP - Cen'!J53)-_xlfn.NUMBERVALUE('2.0WP - State'!J53)=0,"",_xlfn.NUMBERVALUE('2.0WP - Cen'!J53)-_xlfn.NUMBERVALUE('2.0WP - State'!J53)) -> 2 | ... S53: =IF(_xlfn.NUMBERVALUE('2.0WP - Cen'!S53)-_xlfn.NUMBERVALUE('2.0WP - State'!S53)=0,"",_xlfn.NUMBERVALUE('2.0WP - Cen'!S53)-_xlfn.NUMBERVALUE('2.0WP - State'!S53)) | T53: =SUM(C53:S53) -> 12 | U53: =IF(_xlfn.NUMBERVALUE('2.0WP - Cen'!U53)-_xlfn.NUMBERVALUE('2.0WP - State'!U53)=0,"",_xlfn.NUMBERVALUE('2.0WP - Cen'!U53)-_xlfn.NUMBERVALUE('2.0WP - State'!U53)) | V53: =IF(_xlfn.NUMBERVALUE('2.0WP - Cen'!V53)-_xlfn.NUMBERVALUE('2.0WP - State'!V53)=0,"",_xlfn.NUMBERVALUE('2.0WP - Cen'!V53)-_xlfn.NUMBERVALUE('2.0WP - State'!V53)) -> 2 | W53: =IF(_xlfn.NUMBERVALUE('2.0WP - Cen'!W53)-_xlfn.NUMBERVALUE('2.0WP - State'!W53)=0,"",_xlfn.NUMBERVALUE('2.0WP - Cen'!W53)-_xlfn.NUMBERVALUE('2.0WP - State'!W53)) | X53: =IF(_xlfn.NUMBERVALUE('2.0WP - Cen'!X53)-_xlfn.NUMBERVALUE('2.0WP - State'!X53)=0,"",_xlfn.NUMBERVALUE('2.0WP - Cen'!X53)-_xlfn.NUMBERVALUE('2.0WP - State'!X53)) -> 6 | Y53: =IF(_xlfn.NUMBERVALUE('2.0WP - Cen'!Y53)-_xlfn.NUMBERVALUE('2.0WP - State'!Y53)=0,"",_xlfn.NUMBERVALUE('2.0WP - Cen'!Y53)-_xlfn.NUMBERVALUE('2.0WP - State'!Y53)) | Z53: =IF(_xlfn.NUMBERVALUE('2.0WP - Cen'!Z53)-_xlfn.NUMBERVALUE('2.0WP - State'!Z53)=0,"",_xlfn.NUMBERVALUE('2.0WP - Cen'!Z53)-_xlfn.NUMBERVALUE('2.0WP - State'!Z53)) | AA53: =IF(_xlfn.NUMBERVALUE('2.0WP - Cen'!AA53)-_xlfn.NUMBERVALUE('2.0WP - State'!AA53)=0,"",_xlfn.NUMBERVALUE('2.0WP - Cen'!AA53)-_xlfn.NUMBERVALUE('2.0WP - State'!AA53)) | AB53: =IF(_xlfn.NUMBERVALUE('2.0WP - Cen'!AB53)-_xlfn.NUMBERVALUE('2.0WP - State'!AB53)=0,"",_xlfn.NUMBERVALUE('2.0WP - Cen'!AB53)-_xlfn.NUMBERVALUE('2.0WP - State'!AB53)) -> 4 | ... AJ53: =IF(_xlfn.NUMBERVALUE('2.0WP - Cen'!AJ53)-_xlfn.NUMBERVALUE('2.0WP - State'!AJ53)=0,"",_xlfn.NUMBERVALUE('2.0WP - Cen'!AJ53)-_xlfn.NUMBERVALUE('2.0WP - State'!AJ53)) -> 2 | AK53: =SUM(U53:AJ53) -> 24 | AL53: =SUM(T53,AK53) -> 36
A54: ='[1]2.0WS'!A54 -> 27 | B54: ='[1]2.0WS'!B54 -> RAMANATHAPURAM | C54: =IF(_xlfn.NUMBERVALUE('2.0WP - Cen'!C54)-_xlfn.NUMBERVALUE('2.0WP - State'!C54)=0,"",_xlfn.NUMBERVALUE('2.0WP - Cen'!C54)-_xlfn.NUMBERVALUE('2.0WP - State'!C54)) | D54: =IF(_xlfn.NUMBERVALUE('2.0WP - Cen'!D54)-_xlfn.NUMBERVALUE('2.0WP - State'!D54)=0,"",_xlfn.NUMBERVALUE('2.0WP - Cen'!D54)-_xlfn.NUMBERVALUE('2.0WP - State'!D54)) -> 2 | E54: =IF(_xlfn.NUMBERVALUE('2.0WP - Cen'!E54)-_xlfn.NUMBERVALUE('2.0WP - State'!E54)=0,"",_xlfn.NUMBERVALUE('2.0WP - Cen'!E54)-_xlfn.NUMBERVALUE('2.0WP - State'!E54)) | F54: =IF(_xlfn.NUMBERVALUE('2.0WP - Cen'!F54)-_xlfn.NUMBERVALUE('2.0WP - State'!F54)=0,"",_xlfn.NUMBERVALUE('2.0WP - Cen'!F54)-_xlfn.NUMBERVALUE('2.0WP - State'!F54)) | G54: =IF(_xlfn.NUMBERVALUE('2.0WP - Cen'!G54)-_xlfn.NUMBERVALUE('2.0WP - State'!G54)=0,"",_xlfn.NUMBERVALUE('2.0WP - Cen'!G54)-_xlfn.NUMBERVALUE('2.0WP - State'!G54)) | H54: =IF(_xlfn.NUMBERVALUE('2.0WP - Cen'!H54)-_xlfn.NUMBERVALUE('2.0WP - State'!H54)=0,"",_xlfn.NUMBERVALUE('2.0WP - Cen'!H54)-_xlfn.NUMBERVALUE('2.0WP - State'!H54)) | I54: =IF(_xlfn.NUMBERVALUE('2.0WP - Cen'!I54)-_xlfn.NUMBERVALUE('2.0WP - State'!I54)=0,"",_xlfn.NUMBERVALUE('2.0WP - Cen'!I54)-_xlfn.NUMBERVALUE('2.0WP - State'!I54)) | J54: =IF(_xlfn.NUMBERVALUE('2.0WP - Cen'!J54)-_xlfn.NUMBERVALUE('2.0WP - State'!J54)=0,"",_xlfn.NUMBERVALUE('2.0WP - Cen'!J54)-_xlfn.NUMBERVALUE('2.0WP - State'!J54)) | ... S54: =IF(_xlfn.NUMBERVALUE('2.0WP - Cen'!S54)-_xlfn.NUMBERVALUE('2.0WP - State'!S54)=0,"",_xlfn.NUMBERVALUE('2.0WP - Cen'!S54)-_xlfn.NUMBERVALUE('2.0WP - State'!S54)) | T54: =SUM(C54:S54) -> 2 | U54: =IF(_xlfn.NUMBERVALUE('2.0WP - Cen'!U54)-_xlfn.NUMBERVALUE('2.0WP - State'!U54)=0,"",_xlfn.NUMBERVALUE('2.0WP - Cen'!U54)-_xlfn.NUMBERVALUE('2.0WP - State'!U54)) | V54: =IF(_xlfn.NUMBERVALUE('2.0WP - Cen'!V54)-_xlfn.NUMBERVALUE('2.0WP - State'!V54)=0,"",_xlfn.NUMBERVALUE('2.0WP - Cen'!V54)-_xlfn.NUMBERVALUE('2.0WP - State'!V54)) -> 4 | W54: =IF(_xlfn.NUMBERVALUE('2.0WP - Cen'!W54)-_xlfn.NUMBERVALUE('2.0WP - State'!W54)=0,"",_xlfn.NUMBERVALUE('2.0WP - Cen'!W54)-_xlfn.NUMBERVALUE('2.0WP - State'!W54)) | X54: =IF(_xlfn.NUMBERVALUE('2.0WP - Cen'!X54)-_xlfn.NUMBERVALUE('2.0WP - State'!X54)=0,"",_xlfn.NUMBERVALUE('2.0WP - Cen'!X54)-_xlfn.NUMBERVALUE('2.0WP - State'!X54)) -> 2 | Y54: =IF(_xlfn.NUMBERVALUE('2.0WP - Cen'!Y54)-_xlfn.NUMBERVALUE('2.0WP - State'!Y54)=0,"",_xlfn.NUMBERVALUE('2.0WP - Cen'!Y54)-_xlfn.NUMBERVALUE('2.0WP - State'!Y54)) | Z54: =IF(_xlfn.NUMBERVALUE('2.0WP - Cen'!Z54)-_xlfn.NUMBERVALUE('2.0WP - State'!Z54)=0,"",_xlfn.NUMBERVALUE('2.0WP - Cen'!Z54)-_xlfn.NUMBERVALUE('2.0WP - State'!Z54)) | AA54: =IF(_xlfn.NUMBERVALUE('2.0WP - Cen'!AA54)-_xlfn.NUMBERVALUE('2.0WP - State'!AA54)=0,"",_xlfn.NUMBERVALUE('2.0WP - Cen'!AA54)-_xlfn.NUMBERVALUE('2.0WP - State'!AA54)) | AB54: =IF(_xlfn.NUMBERVALUE('2.0WP - Cen'!AB54)-_xlfn.NUMBERVALUE('2.0WP - State'!AB54)=0,"",_xlfn.NUMBERVALUE('2.0WP - Cen'!AB54)-_xlfn.NUMBERVALUE('2.0WP - State'!AB54)) | ... AJ54: =IF(_xlfn.NUMBERVALUE('2.0WP - Cen'!AJ54)-_xlfn.NUMBERVALUE('2.0WP - State'!AJ54)=0,"",_xlfn.NUMBERVALUE('2.0WP - Cen'!AJ54)-_xlfn.NUMBERVALUE('2.0WP - State'!AJ54)) | AK54: =SUM(U54:AJ54) -> 8 | AL54: =SUM(T54,AK54) -> 10
A55: ='[1]2.0WS'!A55 -> SRO VIRUDHNAGAR TOTAL | C55: =SUM(C53:C54) -> 0 | D55: =SUM(D53:D54) -> 2 | E55: =SUM(E53:E54) -> 0 | F55: =SUM(F53:F54) -> 4 | G55: =SUM(G53:G54) -> 0 | H55: =SUM(H53:H54) -> 0 | I55: =SUM(I53:I54) -> 0 | J55: =SUM(J53:J54) -> 2 | ... S55: =SUM(S53:S54) -> 0 | T55: =SUM(C55:S55) -> 14 | U55: =SUM(U53:U54) -> 0 | V55: =SUM(V53:V54) -> 6 | W55: =SUM(W53:W54) -> 0 | X55: =SUM(X53:X54) -> 8 | Y55: =SUM(Y53:Y54) -> 0 | Z55: =SUM(Z53:Z54) -> 0 | AA55: =SUM(AA53:AA54) -> 0 | AB55: =SUM(AB53:AB54) -> 4 | ... AJ55: =SUM(AJ53:AJ54) -> 2 | AK55: =SUM(U55:AJ55) -> 32 | AL55: =SUM(T55,AK55) -> 46
A56: ='[1]2.0WS'!A56 -> RO MADURAI TOTAL | C56: =SUM(C55,C52,C47,C42) -> 8 | D56: =SUM(D55,D52,D47,D42) -> 2 | E56: =SUM(E55,E52,E47,E42) -> 14 | F56: =SUM(F55,F52,F47,F42) -> 8 | G56: =SUM(G55,G52,G47,G42) -> 0 | H56: =SUM(H55,H52,H47,H42) -> 4 | I56: =SUM(I55,I52,I47,I42) -> 0 | J56: =SUM(J55,J52,J47,J42) -> 8 | ... S56: =SUM(S55,S52,S47,S42) -> 8 | T56: =SUM(C56:S56) -> 80 | U56: =SUM(U55,U52,U47,U42) -> 8 | V56: =SUM(V55,V52,V47,V42) -> 22 | W56: =SUM(W55,W52,W47,W42) -> 4 | X56: =SUM(X55,X52,X47,X42) -> 8 | Y56: =SUM(Y55,Y52,Y47,Y42) -> 8 | Z56: =SUM(Z55,Z52,Z47,Z42) -> 18 | AA56: =SUM(AA55,AA52,AA47,AA42) -> 6 | AB56: =SUM(AB55,AB52,AB47,AB42) -> 40 | ... AJ56: =SUM(AJ55,AJ52,AJ47,AJ42) -> 10 | AK56: =SUM(U56:AJ56) -> 162 | AL56: =SUM(T56,AK56) -> 242
A57: ='[1]2.0WS'!A57 -> STATE TOTAL | C57: =SUM(C56,C37,C23) -> 24 | D57: =SUM(D56,D37,D23) -> 2 | E57: =SUM(E56,E37,E23) -> 26 | F57: =SUM(F56,F37,F23) -> 28 | G57: =SUM(G56,G37,G23) -> 2 | H57: =SUM(H56,H37,H23) -> 22 | I57: =SUM(I56,I37,I23) -> 4 | J57: =SUM(J56,J37,J23) -> 24 | ... S57: =SUM(S56,S37,S23) -> 26 | T57: =SUM(C57:S57) -> 314 | U57: =SUM(U56,U37,U23) -> 22 | V57: =SUM(V56,V37,V23) -> 36 | W57: =SUM(W56,W37,W23) -> 10 | X57: =SUM(X56,X37,X23) -> 8 | Y57: =SUM(Y56,Y37,Y23) -> 28 | Z57: =SUM(Z56,Z37,Z23) -> 24 | AA57: =SUM(AA56,AA37,AA23) -> 6 | AB57: =SUM(AB56,AB37,AB23) -> 42 | ... AJ57: =SUM(AJ56,AJ37,AJ23) -> 12 | AK57: =SUM(U57:AJ57) -> 266 | AL57: =SUM(T57,AK57) -> 580
