Workbook

Sheet GCA
A1: Gross Cropped Area (in Hectares)
A2: Sl.No. | B2: District | C2: Taluk | D2: Block | E2: 2024-25 | F2: 2023-24 | G2: 2022-23
A3: 1 | B3: Ariyalur | C3: ANDIMADAM | D3: ANDIMADAM | E3: 21571.297 | F3: 21937.5 | G3: 21630.84 | H3: =CONCATENATE(B3,"_",C3,"_",D3) -> Ariyalur_ANDIMADAM_ANDIMADAM
A4: 2 | B4: Ariyalur | C4: ARIYALUR | D4: ARIYALUR | E4: 15329.845 | F4: 15690.225 | G4: 15423.815 | H4: =CONCATENATE(B4,"_",C4,"_",D4) -> Ariyalur_ARIYALUR_ARIYALUR
A5: 3 | B5: Ariyalur | C5: ARIYALUR | D5: THIRUMANUR | E5: 21167.06 | F5: 20610.33 | G5: 21691.355 | H5: =CONCATENATE(B5,"_",C5,"_",D5) -> Ariyalur_ARIYALUR_THIRUMANUR
A6: 4 | B6: Ariyalur | C6: SENDURAI | D6: SENDURAI | E6: 23545.394 | F6: 23545.42 | G6: 23514.965 | H6: =CONCATENATE(B6,"_",C6,"_",D6) -> Ariyalur_SENDURAI_SENDURAI
A7: 5 | B7: Ariyalur | C7: UDAYARPALAYAM | D7: JAYANKONDAM | E7: 18012.39 | F7: 16495.535 | G7: 16649.215 | H7: =CONCATENATE(B7,"_",C7,"_",D7) -> Ariyalur_UDAYARPALAYAM_JAYANKONDAM
A8: 6 | B8: Ariyalur | C8: UDAYARPALAYAM | D8: T.PALUR | E8: 19559.49 | F8: 19847.685 | G8: 19832.58 | H8: =CONCATENATE(B8,"_",C8,"_",D8) -> Ariyalur_UDAYARPALAYAM_T.PALUR
A9: 7 | B9: Chengalpattu | C9: CHENGALPATTU | D9: KATTANKULATHUR | E9: 2424.747 | F9: 2232.171 | G9: 2506.056 | H9: =CONCATENATE(B9,"_",C9,"_",D9) -> Chengalpattu_CHENGALPATTU_KATTANKULATHUR
A10: 8 | B10: Chengalpattu | C10: CHEYYUR | D10: CHITHAMUR | E10: 15569.97 | F10: 15283.593 | G10: 15515.933 | H10: =CONCATENATE(B10,"_",C10,"_",D10) -> Chengalpattu_CHEYYUR_CHITHAMUR
A11: 9 | B11: Chengalpattu | C11: CHEYYUR | D11: LATHUR | E11: 12361.23 | F11: 13243.663 | G11: 12772.265 | H11: =CONCATENATE(B11,"_",C11,"_",D11) -> Chengalpattu_CHEYYUR_LATHUR
A12: 10 | B12: Chengalpattu | C12: MADHURANTHAKAM | D12: ACHARAPPAKKAM | E12: 13125.365 | F12: 12665.805 | G12: 12694.155 | H12: =CONCATENATE(B12,"_",C12,"_",D12) -> Chengalpattu_MADHURANTHAKAM_ACHARAPPAKKAM
A13: 11 | B13: Chengalpattu | C13: MADHURANTHAKAM | D13: MADHURANTHAKAM | E13: 17723.02 | F13: 17836.94 | G13: 16344.87 | H13: =CONCATENATE(B13,"_",C13,"_",D13) -> Chengalpattu_MADHURANTHAKAM_MADHURANTHAKAM
A14: 12 | B14: Chengalpattu | C14: PALLAVARAM | D14: CHITLAPAKKAM | E14: 40.697 | F14: 65.903 | G14: 54.178 | H14: =CONCATENATE(B14,"_",C14,"_",D14) -> Chengalpattu_PALLAVARAM_CHITLAPAKKAM
... A593: 591 | B593: Virudhunagar | C593: VIRUDHUNAGAR | D593: VIRUDHUNAGAR | E593: 9326.68 | F593: 9730.14 | G593: 9577.93 | H593: =CONCATENATE(B593,"_",C593,"_",D593) -> Virudhunagar_VIRUDHUNAGAR_VIRUDHUNAGAR

Sheet 1.0WS_TN
A1: PLAN OF WORK FOR UNDERTAKING SAMPLE CHECK ON AREA ENUMERATION BY CENTRAL AND STATE AGENCIES & SAMPLE CHECK ON AGGREGATION OF AREA BY STATE AGENCY UNDER ICS
A2: STATE: TAMIL NADU
A3: SEASON: PH-I (Early Kharif), PH-II (Late Kharif) and PH-III (Rabi) | P3: YEAR: 2026-27
A4: RO | B4: SRO | C4: Distt. | D4: Distt. Code | E4: Stratum | F4: Taluka | G4: Block | H4: AREA | L4: TOTAL | M4: PLAN | N4: ADJ | O4: #Vill. Planned | V4: Area
H5: 2024-25 | I5: 2023-24 | J5: 2022-23 | K5: Average | O5: Central | P5: State | R5: Distt | S5: Taluk | T5: Block | U5: concatenation | V5: yr1 | W5: yr2 | X5: yr3
A6: Coimbatore | B6: Coimbatore | C6: Erode | D6: 10 | E6: 1 | F6: Anthiyur | G6: Ammapettai | H6: =V6 -> 9926.9 | I6: =W6 -> 9168.079 | J6: =X6 -> 9852.788 | K6: =IFERROR(AVERAGE(H6:J6),"") -> 9649.2557 | L6: =SUM(K6:K11) -> 48464.442 | M6: =L6*$L$643/$L$642 -> 2.0342482 | N6: =IF(M6>=2, ROUND(M6,0), IF(M6>1.1,2,"")) -> 2 | O6: =N6 -> 2 | P6: =O6 -> 2 | R6: =C6 -> Erode | S6: =F6 -> Anthiyur | T6: =G6 -> Ammapettai | U6: =CONCATENATE(R6,"_",S6,"_",T6) -> Erode_Anthiyur_Ammapettai | V6: =IF(_xlfn.XLOOKUP($U6,GCA!$H$3:$H$593,GCA!E$3:E$593,"",0,1)="","",_xlfn.XLOOKUP($U6,GCA!$H$3:$H$593,GCA!E$3:E$593,"",0,1)) -> 9926.9 | W6: =IF(_xlfn.XLOOKUP($U6,GCA!$H$3:$H$593,GCA!F$3:F$593,"",0,1)="","",_xlfn.XLOOKUP($U6,GCA!$H$3:$H$593,GCA!F$3:F$593,"",0,1)) -> 9168.079 | X6: =IF(_xlfn.XLOOKUP($U6,GCA!$H$3:$H$593,GCA!G$3:G$593,"",0,1)="","",_xlfn.XLOOKUP($U6,GCA!$H$3:$H$593,GCA!G$3:G$593,"",0,1)) -> 9852.788
F7: Anthiyur | G7: Anthiyur | H7: =V7 -> 15268.971 | I7: =W7 -> 13246.645 | J7: =X7 -> 14112.506 | K7: =IFERROR(AVERAGE(H7:J7),"") -> 14209.374 | M7: =L7*$L$643/$L$642 -> 0 | N7: =IF(M7>=2, ROUND(M7,0), IF(M7>1.1,2,"")) | O7: =N7 | P7: =O7 | R7: =R6 -> Erode | S7: =F7 -> Anthiyur | T7: =G7 -> Anthiyur | U7: =CONCATENATE(R7,"_",S7,"_",T7) -> Erode_Anthiyur_Anthiyur | V7: =IF(_xlfn.XLOOKUP($U7,GCA!$H$3:$H$593,GCA!E$3:E$593,"",0,1)="","",_xlfn.XLOOKUP($U7,GCA!$H$3:$H$593,GCA!E$3:E$593,"",0,1)) -> 15268.971 | W7: =IF(_xlfn.XLOOKUP($U7,GCA!$H$3:$H$593,GCA!F$3:F$593,"",0,1)="","",_xlfn.XLOOKUP($U7,GCA!$H$3:$H$593,GCA!F$3:F$593,"",0,1)) -> 13246.645 | X7: =IF(_xlfn.XLOOKUP($U7,GCA!$H$3:$H$593,GCA!G$3:G$593,"",0,1)="","",_xlfn.XLOOKUP($U7,GCA!$H$3:$H$593,GCA!G$3:G$593,"",0,1)) -> 14112.506
F8: Bhavani | G8: Ammapettai | H8: =V8 -> 5219.21 | I8: =W8 -> 3644.061 | J8: =X8 -> 5000.14 | K8: =IFERROR(AVERAGE(H8:J8),"") -> 4621.137 | M8: =L8*$L$643/$L$642 -> 0 | N8: =IF(M8>=2, ROUND(M8,0), IF(M8>1.1,2,"")) | O8: =N8 | P8: =O8 | R8: =R7 -> Erode | S8: =F8 -> Bhavani | T8: =G8 -> Ammapettai | U8: =CONCATENATE(R8,"_",S8,"_",T8) -> Erode_Bhavani_Ammapettai | V8: =IF(_xlfn.XLOOKUP($U8,GCA!$H$3:$H$593,GCA!E$3:E$593,"",0,1)="","",_xlfn.XLOOKUP($U8,GCA!$H$3:$H$593,GCA!E$3:E$593,"",0,1)) -> 5219.21 | W8: =IF(_xlfn.XLOOKUP($U8,GCA!$H$3:$H$593,GCA!F$3:F$593,"",0,1)="","",_xlfn.XLOOKUP($U8,GCA!$H$3:$H$593,GCA!F$3:F$593,"",0,1)) -> 3644.061 | X8: =IF(_xlfn.XLOOKUP($U8,GCA!$H$3:$H$593,GCA!G$3:G$593,"",0,1)="","",_xlfn.XLOOKUP($U8,GCA!$H$3:$H$593,GCA!G$3:G$593,"",0,1)) -> 5000.14
F9: Bhavani | G9: Bhavani | H9: =V9 -> 14129.05 | I9: =W9 -> 13052.005 | J9: =X9 -> 13810.765 | K9: =IFERROR(AVERAGE(H9:J9),"") -> 13663.94 | M9: =L9*$L$643/$L$642 -> 0 | N9: =IF(M9>=2, ROUND(M9,0), IF(M9>1.1,2,"")) | O9: =N9 | P9: =O9 | R9: =R8 -> Erode | S9: =F9 -> Bhavani | T9: =G9 -> Bhavani | U9: =CONCATENATE(R9,"_",S9,"_",T9) -> Erode_Bhavani_Bhavani | V9: =IF(_xlfn.XLOOKUP($U9,GCA!$H$3:$H$593,GCA!E$3:E$593,"",0,1)="","",_xlfn.XLOOKUP($U9,GCA!$H$3:$H$593,GCA!E$3:E$593,"",0,1)) -> 14129.05 | W9: =IF(_xlfn.XLOOKUP($U9,GCA!$H$3:$H$593,GCA!F$3:F$593,"",0,1)="","",_xlfn.XLOOKUP($U9,GCA!$H$3:$H$593,GCA!F$3:F$593,"",0,1)) -> 13052.005 | X9: =IF(_xlfn.XLOOKUP($U9,GCA!$H$3:$H$593,GCA!G$3:G$593,"",0,1)="","",_xlfn.XLOOKUP($U9,GCA!$H$3:$H$593,GCA!G$3:G$593,"",0,1)) -> 13810.765
F10: Bhavani | G10: Gobichettipalayam | H10: =V10 -> 1396.995 | I10: =W10 -> 1303.32 | J10: =X10 -> 1440.765 | K10: =IFERROR(AVERAGE(H10:J10),"") -> 1380.36 | M10: =L10*$L$643/$L$642 -> 0 | N10: =IF(M10>=2, ROUND(M10,0), IF(M10>1.1,2,"")) | O10: =N10 | P10: =O10 | R10: =R9 -> Erode | S10: =F10 -> Bhavani | T10: =G10 -> Gobichettipalayam | U10: =CONCATENATE(R10,"_",S10,"_",T10) -> Erode_Bhavani_Gobichettipalayam | V10: =IF(_xlfn.XLOOKUP($U10,GCA!$H$3:$H$593,GCA!E$3:E$593,"",0,1)="","",_xlfn.XLOOKUP($U10,GCA!$H$3:$H$593,GCA!E$3:E$593,"",0,1)) -> 1396.995 | W10: =IF(_xlfn.XLOOKUP($U10,GCA!$H$3:$H$593,GCA!F$3:F$593,"",0,1)="","",_xlfn.XLOOKUP($U10,GCA!$H$3:$H$593,GCA!F$3:F$593,"",0,1)) -> 1303.32 | X10: =IF(_xlfn.XLOOKUP($U10,GCA!$H$3:$H$593,GCA!G$3:G$593,"",0,1)="","",_xlfn.XLOOKUP($U10,GCA!$H$3:$H$593,GCA!G$3:G$593,"",0,1)) -> 1440.765
F11: Erode | G11: Erode | H11: =V11 -> 5092.544 | I11: =W11 -> 4744.562 | J11: =X11 -> 4984.02 | K11: =IFERROR(AVERAGE(H11:J11),"") -> 4940.3753 | M11: =L11*$L$643/$L$642 -> 0 | N11: =IF(M11>=2, ROUND(M11,0), IF(M11>1.1,2,"")) | O11: =N11 | P11: =O11 | R11: =R10 -> Erode | S11: =F11 -> Erode | T11: =G11 -> Erode | U11: =CONCATENATE(R11,"_",S11,"_",T11) -> Erode_Erode_Erode | V11: =IF(_xlfn.XLOOKUP($U11,GCA!$H$3:$H$593,GCA!E$3:E$593,"",0,1)="","",_xlfn.XLOOKUP($U11,GCA!$H$3:$H$593,GCA!E$3:E$593,"",0,1)) -> 5092.544 | W11: =IF(_xlfn.XLOOKUP($U11,GCA!$H$3:$H$593,GCA!F$3:F$593,"",0,1)="","",_xlfn.XLOOKUP($U11,GCA!$H$3:$H$593,GCA!F$3:F$593,"",0,1)) -> 4744.562 | X11: =IF(_xlfn.XLOOKUP($U11,GCA!$H$3:$H$593,GCA!G$3:G$593,"",0,1)="","",_xlfn.XLOOKUP($U11,GCA!$H$3:$H$593,GCA!G$3:G$593,"",0,1)) -> 4984.02
E12: 2 | F12: Gobichettipalayam | G12: Gobichettipalayam | H12: =V12 -> 19961.81 | I12: =W12 -> 19407.275 | J12: =X12 -> 20098.05 | K12: =IFERROR(AVERAGE(H12:J12),"") -> 19822.378 | L12: =SUM(K12:K14) -> 44761.684 | M12: =L12*$L$643/$L$642 -> 1.8788285 | N12: =IF(M12>=2, ROUND(M12,0), IF(M12>1.1,2,"")) -> 2 | O12: =N12 -> 2 | P12: =O12 -> 2 | R12: =R11 -> Erode | S12: =F12 -> Gobichettipalayam | T12: =G12 -> Gobichettipalayam | U12: =CONCATENATE(R12,"_",S12,"_",T12) -> Erode_Gobichettipalayam_Gobichettipalayam | V12: =IF(_xlfn.XLOOKUP($U12,GCA!$H$3:$H$593,GCA!E$3:E$593,"",0,1)="","",_xlfn.XLOOKUP($U12,GCA!$H$3:$H$593,GCA!E$3:E$593,"",0,1)) -> 19961.81 | W12: =IF(_xlfn.XLOOKUP($U12,GCA!$H$3:$H$593,GCA!F$3:F$593,"",0,1)="","",_xlfn.XLOOKUP($U12,GCA!$H$3:$H$593,GCA!F$3:F$593,"",0,1)) -> 19407.275 | X12: =IF(_xlfn.XLOOKUP($U12,GCA!$H$3:$H$593,GCA!G$3:G$593,"",0,1)="","",_xlfn.XLOOKUP($U12,GCA!$H$3:$H$593,GCA!G$3:G$593,"",0,1)) -> 20098.05
F13: Gobichettipalayam | G13: Thukkanaickenpalayam | H13: =V13 -> 11393.772 | I13: =W13 -> 11321.419 | J13: =X13 -> 11428.695 | K13: =IFERROR(AVERAGE(H13:J13),"") -> 11381.295 | M13: =L13*$L$643/$L$642 -> 0 | N13: =IF(M13>=2, ROUND(M13,0), IF(M13>1.1,2,"")) | O13: =N13 | P13: =O13 | R13: =R12 -> Erode | S13: =F13 -> Gobichettipalayam | T13: =G13 -> Thukkanaickenpalayam | U13: =CONCATENATE(R13,"_",S13,"_",T13) -> Erode_Gobichettipalayam_Thukkanaickenpalayam | V13: =IF(_xlfn.XLOOKUP($U13,GCA!$H$3:$H$593,GCA!E$3:E$593,"",0,1)="","",_xlfn.XLOOKUP($U13,GCA!$H$3:$H$593,GCA!E$3:E$593,"",0,1)) -> 11393.772 | W13: =IF(_xlfn.XLOOKUP($U13,GCA!$H$3:$H$593,GCA!F$3:F$593,"",0,1)="","",_xlfn.XLOOKUP($U13,GCA!$H$3:$H$593,GCA!F$3:F$593,"",0,1)) -> 11321.419 | X13: =IF(_xlfn.XLOOKUP($U13,GCA!$H$3:$H$593,GCA!G$3:G$593,"",0,1)="","",_xlfn.XLOOKUP($U13,GCA!$H$3:$H$593,GCA!G$3:G$593,"",0,1)) -> 11428.695
F14: Kodumudi | G14: Kodumudi | H14: =V14 -> 14443.277 | I14: =W14 -> 12955.858 | J14: =X14 -> 13274.897 | K14: =IFERROR(AVERAGE(H14:J14),"") -> 13558.011 | M14: =L14*$L$643/$L$642 -> 0 | N14: =IF(M14>=2, ROUND(M14,0), IF(M14>1.1,2,"")) | O14: =N14 | P14: =O14 | R14: =R13 -> Erode | S14: =F14 -> Kodumudi | T14: =G14 -> Kodumudi | U14: =CONCATENATE(R14,"_",S14,"_",T14) -> Erode_Kodumudi_Kodumudi | V14: =IF(_xlfn.XLOOKUP($U14,GCA!$H$3:$H$593,GCA!E$3:E$593,"",0,1)="","",_xlfn.XLOOKUP($U14,GCA!$H$3:$H$593,GCA!E$3:E$593,"",0,1)) -> 14443.277 | W14: =IF(_xlfn.XLOOKUP($U14,GCA!$H$3:$H$593,GCA!F$3:F$593,"",0,1)="","",_xlfn.XLOOKUP($U14,GCA!$H$3:$H$593,GCA!F$3:F$593,"",0,1)) -> 12955.858 | X14: =IF(_xlfn.XLOOKUP($U14,GCA!$H$3:$H$593,GCA!G$3:G$593,"",0,1)="","",_xlfn.XLOOKUP($U14,GCA!$H$3:$H$593,GCA!G$3:G$593,"",0,1)) -> 13274.897
E15: 3 | F15: Modakurichi | G15: Modakurichi | H15: =V15 -> 17293.745 | I15: =W15 -> 16618.923 | J15: =X15 -> 16632.766 | K15: =IFERROR(AVERAGE(H15:J15),"") -> 16848.478 | L15: =SUM(K15:K19) -> 49208.115 | M15: =L15*$L$643/$L$642 -> 2.0654632 | N15: =IF(M15>=2, ROUND(M15,0), IF(M15>1.1,2,"")) -> 2 | O15: =N15 -> 2 | P15: =O15 -> 2 | R15: =R14 -> Erode | S15: =F15 -> Modakurichi | T15: =G15 -> Modakurichi | U15: =CONCATENATE(R15,"_",S15,"_",T15) -> Erode_Modakurichi_Modakurichi | V15: =IF(_xlfn.XLOOKUP($U15,GCA!$H$3:$H$593,GCA!E$3:E$593,"",0,1)="","",_xlfn.XLOOKUP($U15,GCA!$H$3:$H$593,GCA!E$3:E$593,"",0,1)) -> 17293.745 | W15: =IF(_xlfn.XLOOKUP($U15,GCA!$H$3:$H$593,GCA!F$3:F$593,"",0,1)="","",_xlfn.XLOOKUP($U15,GCA!$H$3:$H$593,GCA!F$3:F$593,"",0,1)) -> 16618.923 | X15: =IF(_xlfn.XLOOKUP($U15,GCA!$H$3:$H$593,GCA!G$3:G$593,"",0,1)="","",_xlfn.XLOOKUP($U15,GCA!$H$3:$H$593,GCA!G$3:G$593,"",0,1)) -> 16632.766
F16: Nambiyur | G16: Bhavanisagar | H16: =V16 -> 2472.978 | I16: =W16 -> 2356.34 | J16: =X16 -> 2403.445 | K16: =IFERROR(AVERAGE(H16:J16),"") -> 2410.921 | R16: =R15 -> Erode | S16: =F16 -> Nambiyur | T16: =G16 -> Bhavanisagar | U16: =CONCATENATE(R16,"_",S16,"_",T16) -> Erode_Nambiyur_Bhavanisagar | V16: =IF(_xlfn.XLOOKUP($U16,GCA!$H$3:$H$593,GCA!E$3:E$593,"",0,1)="","",_xlfn.XLOOKUP($U16,GCA!$H$3:$H$593,GCA!E$3:E$593,"",0,1)) -> 2472.978 | W16: =IF(_xlfn.XLOOKUP($U16,GCA!$H$3:$H$593,GCA!F$3:F$593,"",0,1)="","",_xlfn.XLOOKUP($U16,GCA!$H$3:$H$593,GCA!F$3:F$593,"",0,1)) -> 2356.34 | X16: =IF(_xlfn.XLOOKUP($U16,GCA!$H$3:$H$593,GCA!G$3:G$593,"",0,1)="","",_xlfn.XLOOKUP($U16,GCA!$H$3:$H$593,GCA!G$3:G$593,"",0,1)) -> 2403.445
F17: Nambiyur | G17: Nambiyur | H17: =V17 -> 13986.107 | I17: =W17 -> 13614.9 | J17: =X17 -> 14146.38 | K17: =IFERROR(AVERAGE(H17:J17),"") -> 13915.796 | R17: =R16 -> Erode | S17: =F17 -> Nambiyur | T17: =G17 -> Nambiyur | U17: =CONCATENATE(R17,"_",S17,"_",T17) -> Erode_Nambiyur_Nambiyur | V17: =IF(_xlfn.XLOOKUP($U17,GCA!$H$3:$H$593,GCA!E$3:E$593,"",0,1)="","",_xlfn.XLOOKUP($U17,GCA!$H$3:$H$593,GCA!E$3:E$593,"",0,1)) -> 13986.107 | W17: =IF(_xlfn.XLOOKUP($U17,GCA!$H$3:$H$593,GCA!F$3:F$593,"",0,1)="","",_xlfn.XLOOKUP($U17,GCA!$H$3:$H$593,GCA!F$3:F$593,"",0,1)) -> 13614.9 | X17: =IF(_xlfn.XLOOKUP($U17,GCA!$H$3:$H$593,GCA!G$3:G$593,"",0,1)="","",_xlfn.XLOOKUP($U17,GCA!$H$3:$H$593,GCA!G$3:G$593,"",0,1)) -> 14146.38
F18: Perundurai | G18: Chennimalai | H18: =V18 -> 4963.58 | I18: =W18 -> 5029.225 | J18: =X18 -> 5029.815 | K18: =IFERROR(AVERAGE(H18:J18),"") -> 5007.54 | R18: =R17 -> Erode | S18: =F18 -> Perundurai | T18: =G18 -> Chennimalai | U18: =CONCATENATE(R18,"_",S18,"_",T18) -> Erode_Perundurai_Chennimalai | V18: =IF(_xlfn.XLOOKUP($U18,GCA!$H$3:$H$593,GCA!E$3:E$593,"",0,1)="","",_xlfn.XLOOKUP($U18,GCA!$H$3:$H$593,GCA!E$3:E$593,"",0,1)) -> 4963.58 | W18: =IF(_xlfn.XLOOKUP($U18,GCA!$H$3:$H$593,GCA!F$3:F$593,"",0,1)="","",_xlfn.XLOOKUP($U18,GCA!$H$3:$H$593,GCA!F$3:F$593,"",0,1)) -> 5029.225 | X18: =IF(_xlfn.XLOOKUP($U18,GCA!$H$3:$H$593,GCA!G$3:G$593,"",0,1)="","",_xlfn.XLOOKUP($U18,GCA!$H$3:$H$593,GCA!G$3:G$593,"",0,1)) -> 5029.815
F19: Perundurai | G19: Perundurai | H19: =V19 -> 10625.64 | I19: =W19 -> 9535.545 | J19: =X19 -> 12914.955 | K19: =IFERROR(AVERAGE(H19:J19),"") -> 11025.38 | R19: =R18 -> Erode | S19: =F19 -> Perundurai | T19: =G19 -> Perundurai | U19: =CONCATENATE(R19,"_",S19,"_",T19) -> Erode_Perundurai_Perundurai | V19: =IF(_xlfn.XLOOKUP($U19,GCA!$H$3:$H$593,GCA!E$3:E$593,"",0,1)="","",_xlfn.XLOOKUP($U19,GCA!$H$3:$H$593,GCA!E$3:E$593,"",0,1)) -> 10625.64 | W19: =IF(_xlfn.XLOOKUP($U19,GCA!$H$3:$H$593,GCA!F$3:F$593,"",0,1)="","",_xlfn.XLOOKUP($U19,GCA!$H$3:$H$593,GCA!F$3:F$593,"",0,1)) -> 9535.545 | X19: =IF(_xlfn.XLOOKUP($U19,GCA!$H$3:$H$593,GCA!G$3:G$593,"",0,1)="","",_xlfn.XLOOKUP($U19,GCA!$H$3:$H$593,GCA!G$3:G$593,"",0,1)) -> 12914.955
E20: 4 | F20: Sathyamangalam | G20: Bhavanisagar | H20: =V20 -> 6126.35 | I20: =W20 -> 5978.09 | J20: =X20 -> 5548.351 | K20: =IFERROR(AVERAGE(H20:J20),"") -> 5884.2637 | L20: =SUM(K20:K23) -> 30541.373 | M20: =L20*$L$643/$L$642 -> 1.2819447 | N20: =IF(M20>=2, ROUND(M20,0), IF(M20>1.1,2,"")) -> 2 | O20: =N20 -> 2 | P20: =O20 -> 2 | R20: =R19 -> Erode | S20: =F20 -> Sathyamangalam | T20: =G20 -> Bhavanisagar | U20: =CONCATENATE(R20,"_",S20,"_",T20) -> Erode_Sathyamangalam_Bhavanisagar | V20: =IF(_xlfn.XLOOKUP($U20,GCA!$H$3:$H$593,GCA!E$3:E$593,"",0,1)="","",_xlfn.XLOOKUP($U20,GCA!$H$3:$H$593,GCA!E$3:E$593,"",0,1)) -> 6126.35 | W20: =IF(_xlfn.XLOOKUP($U20,GCA!$H$3:$H$593,GCA!F$3:F$593,"",0,1)="","",_xlfn.XLOOKUP($U20,GCA!$H$3:$H$593,GCA!F$3:F$593,"",0,1)) -> 5978.09 | X20: =IF(_xlfn.XLOOKUP($U20,GCA!$H$3:$H$593,GCA!G$3:G$593,"",0,1)="","",_xlfn.XLOOKUP($U20,GCA!$H$3:$H$593,GCA!G$3:G$593,"",0,1)) -> 5548.351
F21: Sathyamangalam | G21: Sathyamangalam | H21: =V21 -> 12454.92 | I21: =W21 -> 12419.095 | J21: =X21 -> 12578.43 | K21: =IFERROR(AVERAGE(H21:J21),"") -> 12484.148 | R21: =R20 -> Erode | S21: =F21 -> Sathyamangalam | T21: =G21 -> Sathyamangalam | U21: =CONCATENATE(R21,"_",S21,"_",T21) -> Erode_Sathyamangalam_Sathyamangalam | V21: =IF(_xlfn.XLOOKUP($U21,GCA!$H$3:$H$593,GCA!E$3:E$593,"",0,1)="","",_xlfn.XLOOKUP($U21,GCA!$H$3:$H$593,GCA!E$3:E$593,"",0,1)) -> 12454.92 | W21: =IF(_xlfn.XLOOKUP($U21,GCA!$H$3:$H$593,GCA!F$3:F$593,"",0,1)="","",_xlfn.XLOOKUP($U21,GCA!$H$3:$H$593,GCA!F$3:F$593,"",0,1)) -> 12419.095 | X21: =IF(_xlfn.XLOOKUP($U21,GCA!$H$3:$H$593,GCA!G$3:G$593,"",0,1)="","",_xlfn.XLOOKUP($U21,GCA!$H$3:$H$593,GCA!G$3:G$593,"",0,1)) -> 12578.43
F22: Sathyamangalam | G22: Talavadi | H22: =V22 -> 1491.555 | I22: =W22 -> 1458.508 | J22: =X22 -> 1465.77 | K22: =IFERROR(AVERAGE(H22:J22),"") -> 1471.9443 | R22: =R21 -> Erode | S22: =F22 -> Sathyamangalam | T22: =G22 -> Talavadi | U22: =CONCATENATE(R22,"_",S22,"_",T22) -> Erode_Sathyamangalam_Talavadi | V22: =IF(_xlfn.XLOOKUP($U22,GCA!$H$3:$H$593,GCA!E$3:E$593,"",0,1)="","",_xlfn.XLOOKUP($U22,GCA!$H$3:$H$593,GCA!E$3:E$593,"",0,1)) -> 1491.555 | W22: =IF(_xlfn.XLOOKUP($U22,GCA!$H$3:$H$593,GCA!F$3:F$593,"",0,1)="","",_xlfn.XLOOKUP($U22,GCA!$H$3:$H$593,GCA!F$3:F$593,"",0,1)) -> 1458.508 | X22: =IF(_xlfn.XLOOKUP($U22,GCA!$H$3:$H$593,GCA!G$3:G$593,"",0,1)="","",_xlfn.XLOOKUP($U22,GCA!$H$3:$H$593,GCA!G$3:G$593,"",0,1)) -> 1465.77
F23: Talavadi | G23: Talavadi | H23: =V23 -> 10232.625 | I23: =W23 -> 9890.685 | J23: =X23 -> 11979.74 | K23: =IFERROR(AVERAGE(H23:J23),"") -> 10701.017 | R23: =R22 -> Erode | S23: =F23 -> Talavadi | T23: =G23 -> Talavadi | U23: =CONCATENATE(R23,"_",S23,"_",T23) -> Erode_Talavadi_Talavadi | V23: =IF(_xlfn.XLOOKUP($U23,GCA!$H$3:$H$593,GCA!E$3:E$593,"",0,1)="","",_xlfn.XLOOKUP($U23,GCA!$H$3:$H$593,GCA!E$3:E$593,"",0,1)) -> 10232.625 | W23: =IF(_xlfn.XLOOKUP($U23,GCA!$H$3:$H$593,GCA!F$3:F$593,"",0,1)="","",_xlfn.XLOOKUP($U23,GCA!$H$3:$H$593,GCA!F$3:F$593,"",0,1)) -> 9890.685 | X23: =IF(_xlfn.XLOOKUP($U23,GCA!$H$3:$H$593,GCA!G$3:G$593,"",0,1)="","",_xlfn.XLOOKUP($U23,GCA!$H$3:$H$593,GCA!G$3:G$593,"",0,1)) -> 11979.74
E24: DISTT. TOTAL | H24: =SUM(H6:H23) -> 176480.03 | I24: =SUM(I6:I23) -> 165744.53 | J24: =SUM(J6:J23) -> 176702.28 | K24: =SUM(K6:K23) -> 172975.61 | L24: =SUM(L6:L23) -> 172975.61 | M24: =SUM(M6:M23) -> 7.2604846 | N24: =SUM(N6:N23) -> 8 | O24: =SUM(O6:O23) -> 8 | P24: =SUM(P6:P23) -> 8 | R24: =R23 -> Erode | S24: =F24 -> 0 | T24: =G24 -> 0 | U24: =CONCATENATE(R24,"_",S24,"_",T24) -> Erode_0_0 | V24: =IF(_xlfn.XLOOKUP($U24,GCA!$H$3:$H$593,GCA!E$3:E$593,"",0,1)="","",_xlfn.XLOOKUP($U24,GCA!$H$3:$H$593,GCA!E$3:E$593,"",0,1)) | W24: =IF(_xlfn.XLOOKUP($U24,GCA!$H$3:$H$593,GCA!F$3:F$593,"",0,1)="","",_xlfn.XLOOKUP($U24,GCA!$H$3:$H$593,GCA!F$3:F$593,"",0,1)) | X24: =IF(_xlfn.XLOOKUP($U24,GCA!$H$3:$H$593,GCA!G$3:G$593,"",0,1)="","",_xlfn.XLOOKUP($U24,GCA!$H$3:$H$593,GCA!G$3:G$593,"",0,1))
C25: The Nilgiris | D25: 11 | E25: 1 | F25: Coonoor | G25: Coonoor | H25: =V25 -> 13031.92 | I25: =W25 -> 12779.968 | J25: =X25 -> 12566.936 | K25: =IFERROR(AVERAGE(H25:J25),"") -> 12792.941 | L25: =SUM(K25:K32) -> 75701.639 | M25: =L25*$L$643/$L$642 -> 3.1775033 | N25: =IF(M25>=2, ROUND(M25,0), IF(M25>1.1,2,"")) -> 3 | O25: =N25 -> 3 | P25: =O25 -> 3 | R25: =C25 -> The Nilgiris | S25: =F25 -> Coonoor | T25: =G25 -> Coonoor | U25: =CONCATENATE(R25,"_",S25,"_",T25) -> The Nilgiris_Coonoor_Coonoor | V25: =IF(_xlfn.XLOOKUP($U25,GCA!$H$3:$H$593,GCA!E$3:E$593,"",0,1)="","",_xlfn.XLOOKUP($U25,GCA!$H$3:$H$593,GCA!E$3:E$593,"",0,1)) -> 13031.92 | W25: =IF(_xlfn.XLOOKUP($U25,GCA!$H$3:$H$593,GCA!F$3:F$593,"",0,1)="","",_xlfn.XLOOKUP($U25,GCA!$H$3:$H$593,GCA!F$3:F$593,"",0,1)) -> 12779.968 | X25: =IF(_xlfn.XLOOKUP($U25,GCA!$H$3:$H$593,GCA!G$3:G$593,"",0,1)="","",_xlfn.XLOOKUP($U25,GCA!$H$3:$H$593,GCA!G$3:G$593,"",0,1)) -> 12566.936
F26: Gudalur | G26: Gudalur | H26: =V26 -> 14061.047 | I26: =W26 -> 14069.272 | J26: =X26 -> 14280.78 | K26: =IFERROR(AVERAGE(H26:J26),"") -> 14137.033 | M26: =L26*$L$643/$L$642 -> 0 | N26: =IF(M26>=2, ROUND(M26,0), IF(M26>1.1,2,"")) | O26: =N26 | P26: =O26 | R26: =R25 -> The Nilgiris | S26: =F26 -> Gudalur | T26: =G26 -> Gudalur | U26: =CONCATENATE(R26,"_",S26,"_",T26) -> The Nilgiris_Gudalur_Gudalur | V26: =IF(_xlfn.XLOOKUP($U26,GCA!$H$3:$H$593,GCA!E$3:E$593,"",0,1)="","",_xlfn.XLOOKUP($U26,GCA!$H$3:$H$593,GCA!E$3:E$593,"",0,1)) -> 14061.047 | W26: =IF(_xlfn.XLOOKUP($U26,GCA!$H$3:$H$593,GCA!F$3:F$593,"",0,1)="","",_xlfn.XLOOKUP($U26,GCA!$H$3:$H$593,GCA!F$3:F$593,"",0,1)) -> 14069.272 | X26: =IF(_xlfn.XLOOKUP($U26,GCA!$H$3:$H$593,GCA!G$3:G$593,"",0,1)="","",_xlfn.XLOOKUP($U26,GCA!$H$3:$H$593,GCA!G$3:G$593,"",0,1)) -> 14280.78
F27: Kotagiri | G27: Coonoor | H27: =V27 -> 754.145 | I27: =W27 -> 747.762 | J27: =X27 -> 770.239 | K27: =IFERROR(AVERAGE(H27:J27),"") -> 757.382 | M27: =L27*$L$643/$L$642 -> 0 | N27: =IF(M27>=2, ROUND(M27,0), IF(M27>1.1,2,"")) | O27: =N27 | P27: =O27 | R27: =R26 -> The Nilgiris | S27: =F27 -> Kotagiri | T27: =G27 -> Coonoor | U27: =CONCATENATE(R27,"_",S27,"_",T27) -> The Nilgiris_Kotagiri_Coonoor | V27: =IF(_xlfn.XLOOKUP($U27,GCA!$H$3:$H$593,GCA!E$3:E$593,"",0,1)="","",_xlfn.XLOOKUP($U27,GCA!$H$3:$H$593,GCA!E$3:E$593,"",0,1)) -> 754.145 | W27: =IF(_xlfn.XLOOKUP($U27,GCA!$H$3:$H$593,GCA!F$3:F$593,"",0,1)="","",_xlfn.XLOOKUP($U27,GCA!$H$3:$H$593,GCA!F$3:F$593,"",0,1)) -> 747.762 | X27: =IF(_xlfn.XLOOKUP($U27,GCA!$H$3:$H$593,GCA!G$3:G$593,"",0,1)="","",_xlfn.XLOOKUP($U27,GCA!$H$3:$H$593,GCA!G$3:G$593,"",0,1)) -> 770.239
F28: Kotagiri | G28: Kotagiri | H28: =V28 -> 12144.999 | I28: =W28 -> 12148.339 | J28: =X28 -> 12362.475 | K28: =IFERROR(AVERAGE(H28:J28),"") -> 12218.604 | M28: =L28*$L$643/$L$642 -> 0 | N28: =IF(M28>=2, ROUND(M28,0), IF(M28>1.1,2,"")) | O28: =N28 | P28: =O28 | R28: =R27 -> The Nilgiris | S28: =F28 -> Kotagiri | T28: =G28 -> Kotagiri | U28: =CONCATENATE(R28,"_",S28,"_",T28) -> The Nilgiris_Kotagiri_Kotagiri | V28: =IF(_xlfn.XLOOKUP($U28,GCA!$H$3:$H$593,GCA!E$3:E$593,"",0,1)="","",_xlfn.XLOOKUP($U28,GCA!$H$3:$H$593,GCA!E$3:E$593,"",0,1)) -> 12144.999 | W28: =IF(_xlfn.XLOOKUP($U28,GCA!$H$3:$H$593,GCA!F$3:F$593,"",0,1)="","",_xlfn.XLOOKUP($U28,GCA!$H$3:$H$593,GCA!F$3:F$593,"",0,1)) -> 12148.339 | X28: =IF(_xlfn.XLOOKUP($U28,GCA!$H$3:$H$593,GCA!G$3:G$593,"",0,1)="","",_xlfn.XLOOKUP($U28,GCA!$H$3:$H$593,GCA!G$3:G$593,"",0,1)) -> 12362.475
F29: Kundah | G29: Udhagamandalam | H29: =V29 -> 7799.298 | I29: =W29 -> 7805.928 | J29: =X29 -> 7634.629 | K29: =IFERROR(AVERAGE(H29:J29),"") -> 7746.6183 | M29: =L29*$L$643/$L$642 -> 0 | N29: =IF(M29>=2, ROUND(M29,0), IF(M29>1.1,2,"")) | O29: =N29 | P29: =O29 | R29: =R28 -> The Nilgiris | S29: =F29 -> Kundah | T29: =G29 -> Udhagamandalam | U29: =CONCATENATE(R29,"_",S29,"_",T29) -> The Nilgiris_Kundah_Udhagamandalam | V29: =IF(_xlfn.XLOOKUP($U29,GCA!$H$3:$H$593,GCA!E$3:E$593,"",0,1)="","",_xlfn.XLOOKUP($U29,GCA!$H$3:$H$593,GCA!E$3:E$593,"",0,1)) -> 7799.298 | W29: =IF(_xlfn.XLOOKUP($U29,GCA!$H$3:$H$593,GCA!F$3:F$593,"",0,1)="","",_xlfn.XLOOKUP($U29,GCA!$H$3:$H$593,GCA!F$3:F$593,"",0,1)) -> 7805.928 | X29: =IF(_xlfn.XLOOKUP($U29,GCA!$H$3:$H$593,GCA!G$3:G$593,"",0,1)="","",_xlfn.XLOOKUP($U29,GCA!$H$3:$H$593,GCA!G$3:G$593,"",0,1)) -> 7634.629
F30: Pandalur | G30: Gudalur | H30: =V30 -> 12207.626 | I30: =W30 -> 12233.435 | J30: =X30 -> 12338.904 | K30: =IFERROR(AVERAGE(H30:J30),"") -> 12259.988 | M30: =L30*$L$643/$L$642 -> 0 | N30: =IF(M30>=2, ROUND(M30,0), IF(M30>1.1,2,"")) | O30: =N30 | P30: =O30 | R30: =R29 -> The Nilgiris | S30: =F30 -> Pandalur | T30: =G30 -> Gudalur | U30: =CONCATENATE(R30,"_",S30,"_",T30) -> The Nilgiris_Pandalur_Gudalur | V30: =IF(_xlfn.XLOOKUP($U30,GCA!$H$3:$H$593,GCA!E$3:E$593,"",0,1)="","",_xlfn.XLOOKUP($U30,GCA!$H$3:$H$593,GCA!E$3:E$593,"",0,1)) -> 12207.626 | W30: =IF(_xlfn.XLOOKUP($U30,GCA!$H$3:$H$593,GCA!F$3:F$593,"",0,1)="","",_xlfn.XLOOKUP($U30,GCA!$H$3:$H$593,GCA!F$3:F$593,"",0,1)) -> 12233.435 | X30: =IF(_xlfn.XLOOKUP($U30,GCA!$H$3:$H$593,GCA!G$3:G$593,"",0,1)="","",_xlfn.XLOOKUP($U30,GCA!$H$3:$H$593,GCA!G$3:G$593,"",0,1)) -> 12338.904
F31: Udhagamandalam | G31: Gudalur | H31: =V31 -> 740.505 | I31: =W31 -> 751.725 | J31: =X31 -> 751.22 | K31: =IFERROR(AVERAGE(H31:J31),"") -> 747.81667 | M31: =L31*$L$643/$L$642 -> 0 | N31: =IF(M31>=2, ROUND(M31,0), IF(M31>1.1,2,"")) | O31: =N31 | P31: =O31 | R31: =R30 -> The Nilgiris | S31: =F31 -> Udhagamandalam | T31: =G31 -> Gudalur | U31: =CONCATENATE(R31,"_",S31,"_",T31) -> The Nilgiris_Udhagamandalam_Gudalur | V31: =IF(_xlfn.XLOOKUP($U31,GCA!$H$3:$H$593,GCA!E$3:E$593,"",0,1)="","",_xlfn.XLOOKUP($U31,GCA!$H$3:$H$593,GCA!E$3:E$593,"",0,1)) -> 740.505 | W31: =IF(_xlfn.XLOOKUP($U31,GCA!$H$3:$H$593,GCA!F$3:F$593,"",0,1)="","",_xlfn.XLOOKUP($U31,GCA!$H$3:$H$593,GCA!F$3:F$593,"",0,1)) -> 751.725 | X31: =IF(_xlfn.XLOOKUP($U31,GCA!$H$3:$H$593,GCA!G$3:G$593,"",0,1)="","",_xlfn.XLOOKUP($U31,GCA!$H$3:$H$593,GCA!G$3:G$593,"",0,1)) -> 751.22
F32: Udhagamandalam | G32: Udhagamandalam | H32: =V32 -> 14980.885 | I32: =W32 -> 14912.145 | J32: =X32 -> 15230.735 | K32: =IFERROR(AVERAGE(H32:J32),"") -> 15041.255 | M32: =L32*$L$643/$L$642 -> 0 | N32: =IF(M32>=2, ROUND(M32,0), IF(M32>1.1,2,"")) | O32: =N32 | P32: =O32 | R32: =R31 -> The Nilgiris | S32: =F32 -> Udhagamandalam | T32: =G32 -> Udhagamandalam | U32: =CONCATENATE(R32,"_",S32,"_",T32) -> The Nilgiris_Udhagamandalam_Udhagamandalam | V32: =IF(_xlfn.XLOOKUP($U32,GCA!$H$3:$H$593,GCA!E$3:E$593,"",0,1)="","",_xlfn.XLOOKUP($U32,GCA!$H$3:$H$593,GCA!E$3:E$593,"",0,1)) -> 14980.885 | W32: =IF(_xlfn.XLOOKUP($U32,GCA!$H$3:$H$593,GCA!F$3:F$593,"",0,1)="","",_xlfn.XLOOKUP($U32,GCA!$H$3:$H$593,GCA!F$3:F$593,"",0,1)) -> 14912.145 | X32: =IF(_xlfn.XLOOKUP($U32,GCA!$H$3:$H$593,GCA!G$3:G$593,"",0,1)="","",_xlfn.XLOOKUP($U32,GCA!$H$3:$H$593,GCA!G$3:G$593,"",0,1)) -> 15230.735
E33: DISTT. TOTAL | H33: =SUM(H25:H32) -> 75720.425 | I33: =SUM(I25:I32) -> 75448.574 | J33: =SUM(J25:J32) -> 75935.918 | K33: =SUM(K25:K32) -> 75701.639 | L33: =SUM(L25:L32) -> 75701.639 | M33: =SUM(M25:M32) -> 3.1775033 | N33: =SUM(N25:N32) -> 3 | O33: =SUM(O25:O32) -> 3 | P33: =SUM(P25:P32) -> 3 | R33: =R32 -> The Nilgiris | S33: =F33 -> 0 | T33: =G33 -> 0 | U33: =CONCATENATE(R33,"_",S33,"_",T33) -> The Nilgiris_0_0 | V33: =IF(_xlfn.XLOOKUP($U33,GCA!$H$3:$H$593,GCA!E$3:E$593,"",0,1)="","",_xlfn.XLOOKUP($U33,GCA!$H$3:$H$593,GCA!E$3:E$593,"",0,1)) | W33: =IF(_xlfn.XLOOKUP($U33,GCA!$H$3:$H$593,GCA!F$3:F$593,"",0,1)="","",_xlfn.XLOOKUP($U33,GCA!$H$3:$H$593,GCA!F$3:F$593,"",0,1)) | X33: =IF(_xlfn.XLOOKUP($U33,GCA!$H$3:$H$593,GCA!G$3:G$593,"",0,1)="","",_xlfn.XLOOKUP($U33,GCA!$H$3:$H$593,GCA!G$3:G$593,"",0,1))
C34: Coimbatore | D34: 12 | E34: 1 | F34: Anaimalai | G34: Anaimalai | H34: =V34 -> 27447.15 | I34: =W34 -> 26537.542 | J34: =X34 -> 28259.78 | K34: =IFERROR(AVERAGE(H34:J34),"") -> 27414.824 | L34: =SUM(K34:K37) -> 46287.932 | M34: =L34*$L$643/$L$642 -> 1.9428913 | N34: =IF(M34>=2, ROUND(M34,0), IF(M34>1.1,2,"")) -> 2 | O34: =N34 -> 2 | P34: =O34 -> 2 | R34: =C34 -> Coimbatore | S34: =F34 -> Anaimalai | T34: =G34 -> Anaimalai | U34: =CONCATENATE(R34,"_",S34,"_",T34) -> Coimbatore_Anaimalai_Anaimalai | V34: =IF(_xlfn.XLOOKUP($U34,GCA!$H$3:$H$593,GCA!E$3:E$593,"",0,1)="","",_xlfn.XLOOKUP($U34,GCA!$H$3:$H$593,GCA!E$3:E$593,"",0,1)) -> 27447.15 | W34: =IF(_xlfn.XLOOKUP($U34,GCA!$H$3:$H$593,GCA!F$3:F$593,"",0,1)="","",_xlfn.XLOOKUP($U34,GCA!$H$3:$H$593,GCA!F$3:F$593,"",0,1)) -> 26537.542 | X34: =IF(_xlfn.XLOOKUP($U34,GCA!$H$3:$H$593,GCA!G$3:G$593,"",0,1)="","",_xlfn.XLOOKUP($U34,GCA!$H$3:$H$593,GCA!G$3:G$593,"",0,1)) -> 28259.78
F35: Anaimalai | G35: Pollachi South | H35: =V35 -> 5369.63 | I35: =W35 -> 5022.18 | J35: =X35 -> 5565.899 | K35: =IFERROR(AVERAGE(H35:J35),"") -> 5319.2363 | M35: =L35*$L$643/$L$642 -> 0 | N35: =IF(M35>=2, ROUND(M35,0), IF(M35>1.1,2,"")) | O35: =N35 | P35: =O35 | R35: =R34 -> Coimbatore | S35: =F35 -> Anaimalai | T35: =G35 -> Pollachi South | U35: =CONCATENATE(R35,"_",S35,"_",T35) -> Coimbatore_Anaimalai_Pollachi South | V35: =IF(_xlfn.XLOOKUP($U35,GCA!$H$3:$H$593,GCA!E$3:E$593,"",0,1)="","",_xlfn.XLOOKUP($U35,GCA!$H$3:$H$593,GCA!E$3:E$593,"",0,1)) -> 5369.63 | W35: =IF(_xlfn.XLOOKUP($U35,GCA!$H$3:$H$593,GCA!F$3:F$593,"",0,1)="","",_xlfn.XLOOKUP($U35,GCA!$H$3:$H$593,GCA!F$3:F$593,"",0,1)) -> 5022.18 | X35: =IF(_xlfn.XLOOKUP($U35,GCA!$H$3:$H$593,GCA!G$3:G$593,"",0,1)="","",_xlfn.XLOOKUP($U35,GCA!$H$3:$H$593,GCA!G$3:G$593,"",0,1)) -> 5565.899
F36: Annur | G36: Annur | H36: =V36 -> 9396.175 | I36: =W36 -> 10243.545 | J36: =X36 -> 11140.985 | K36: =IFERROR(AVERAGE(H36:J36),"") -> 10260.235 | M36: =L36*$L$643/$L$642 -> 0 | N36: =IF(M36>=2, ROUND(M36,0), IF(M36>1.1,2,"")) | O36: =N36 | P36: =O36 | R36: =R35 -> Coimbatore | S36: =F36 -> Annur | T36: =G36 -> Annur | U36: =CONCATENATE(R36,"_",S36,"_",T36) -> Coimbatore_Annur_Annur | V36: =IF(_xlfn.XLOOKUP($U36,GCA!$H$3:$H$593,GCA!E$3:E$593,"",0,1)="","",_xlfn.XLOOKUP($U36,GCA!$H$3:$H$593,GCA!E$3:E$593,"",0,1)) -> 9396.175 | W36: =IF(_xlfn.XLOOKUP($U36,GCA!$H$3:$H$593,GCA!F$3:F$593,"",0,1)="","",_xlfn.XLOOKUP($U36,GCA!$H$3:$H$593,GCA!F$3:F$593,"",0,1)) -> 10243.545 | X36: =IF(_xlfn.XLOOKUP($U36,GCA!$H$3:$H$593,GCA!G$3:G$593,"",0,1)="","",_xlfn.XLOOKUP($U36,GCA!$H$3:$H$593,GCA!G$3:G$593,"",0,1)) -> 11140.985
F37: Annur | G37: Sarkar Samakulam | H37: =V37 -> 3094.04 | I37: =W37 -> 3252.455 | J37: =X37 -> 3534.415 | K37: =IFERROR(AVERAGE(H37:J37),"") -> 3293.6367 | M37: =L37*$L$643/$L$642 -> 0 | N37: =IF(M37>=2, ROUND(M37,0), IF(M37>1.1,2,"")) | O37: =N37 | P37: =O37 | R37: =R36 -> Coimbatore | S37: =F37 -> Annur | T37: =G37 -> Sarkar Samakulam | U37: =CONCATENATE(R37,"_",S37,"_",T37) -> Coimbatore_Annur_Sarkar Samakulam | V37: =IF(_xlfn.XLOOKUP($U37,GCA!$H$3:$H$593,GCA!E$3:E$593,"",0,1)="","",_xlfn.XLOOKUP($U37,GCA!$H$3:$H$593,GCA!E$3:E$593,"",0,1)) -> 3094.04 | W37: =IF(_xlfn.XLOOKUP($U37,GCA!$H$3:$H$593,GCA!F$3:F$593,"",0,1)="","",_xlfn.XLOOKUP($U37,GCA!$H$3:$H$593,GCA!F$3:F$593,"",0,1)) -> 3252.455 | X37: =IF(_xlfn.XLOOKUP($U37,GCA!$H$3:$H$593,GCA!G$3:G$593,"",0,1)="","",_xlfn.XLOOKUP($U37,GCA!$H$3:$H$593,GCA!G$3:G$593,"",0,1)) -> 3534.415
E38: 2 | F38: Coimbatore North | G38: Periyanaickenpalayam | H38: =V38 -> 4536.28 | I38: =W38 -> 4405.214 | J38: =X38 -> 4581.572 | K38: =IFERROR(AVERAGE(H38:J38),"") -> 4507.6887 | L38: =SUM(K38:K44) -> 48020.175 | M38: =L38*$L$643/$L$642 -> 2.0156005 | N38: =IF(M38>=2, ROUND(M38,0), IF(M38>1.1,2,"")) -> 2 | O38: =N38 -> 2 | P38: =O38 -> 2 | R38: =R37 -> Coimbatore | S38: =F38 -> Coimbatore North | T38: =G38 -> Periyanaickenpalayam | U38: =CONCATENATE(R38,"_",S38,"_",T38) -> Coimbatore_Coimbatore North_Periyanaickenpalayam | V38: =IF(_xlfn.XLOOKUP($U38,GCA!$H$3:$H$593,GCA!E$3:E$593,"",0,1)="","",_xlfn.XLOOKUP($U38,GCA!$H$3:$H$593,GCA!E$3:E$593,"",0,1)) -> 4536.28 | W38: =IF(_xlfn.XLOOKUP($U38,GCA!$H$3:$H$593,GCA!F$3:F$593,"",0,1)="","",_xlfn.XLOOKUP($U38,GCA!$H$3:$H$593,GCA!F$3:F$593,"",0,1)) -> 4405.214 | X38: =IF(_xlfn.XLOOKUP($U38,GCA!$H$3:$H$593,GCA!G$3:G$593,"",0,1)="","",_xlfn.XLOOKUP($U38,GCA!$H$3:$H$593,GCA!G$3:G$593,"",0,1)) -> 4581.572
F39: Coimbatore North | G39: Sarkar Samakulam | H39: =V39 -> 960.944 | I39: =W39 -> 967.035 | J39: =X39 -> 996.81 | K39: =IFERROR(AVERAGE(H39:J39),"") -> 974.92967 | M39: =L39*$L$643/$L$642 -> 0 | N39: =IF(M39>=2, ROUND(M39,0), IF(M39>1.1,2,"")) | O39: =N39 | P39: =O39 | R39: =R38 -> Coimbatore | S39: =F39 -> Coimbatore North | T39: =G39 -> Sarkar Samakulam | U39: =CONCATENATE(R39,"_",S39,"_",T39) -> Coimbatore_Coimbatore North_Sarkar Samakulam | V39: =IF(_xlfn.XLOOKUP($U39,GCA!$H$3:$H$593,GCA!E$3:E$593,"",0,1)="","",_xlfn.XLOOKUP($U39,GCA!$H$3:$H$593,GCA!E$3:E$593,"",0,1)) -> 960.944 | W39: =IF(_xlfn.XLOOKUP($U39,GCA!$H$3:$H$593,GCA!F$3:F$593,"",0,1)="","",_xlfn.XLOOKUP($U39,GCA!$H$3:$H$593,GCA!F$3:F$593,"",0,1)) -> 967.035 | X39: =IF(_xlfn.XLOOKUP($U39,GCA!$H$3:$H$593,GCA!G$3:G$593,"",0,1)="","",_xlfn.XLOOKUP($U39,GCA!$H$3:$H$593,GCA!G$3:G$593,"",0,1)) -> 996.81
F40: Coimbatore South | G40: Madukkarai | H40: =V40 -> 296.027 | I40: =W40 -> 280.876 | J40: =X40 -> 282.687 | K40: =IFERROR(AVERAGE(H40:J40),"") -> 286.53 | M40: =L40*$L$643/$L$642 -> 0 | N40: =IF(M40>=2, ROUND(M40,0), IF(M40>1.1,2,"")) | O40: =N40 | P40: =O40 | R40: =R39 -> Coimbatore | S40: =F40 -> Coimbatore South | T40: =G40 -> Madukkarai | U40: =CONCATENATE(R40,"_",S40,"_",T40) -> Coimbatore_Coimbatore South_Madukkarai | V40: =IF(_xlfn.XLOOKUP($U40,GCA!$H$3:$H$593,GCA!E$3:E$593,"",0,1)="","",_xlfn.XLOOKUP($U40,GCA!$H$3:$H$593,GCA!E$3:E$593,"",0,1)) -> 296.027 | W40: =IF(_xlfn.XLOOKUP($U40,GCA!$H$3:$H$593,GCA!F$3:F$593,"",0,1)="","",_xlfn.XLOOKUP($U40,GCA!$H$3:$H$593,GCA!F$3:F$593,"",0,1)) -> 280.876 | X40: =IF(_xlfn.XLOOKUP($U40,GCA!$H$3:$H$593,GCA!G$3:G$593,"",0,1)="","",_xlfn.XLOOKUP($U40,GCA!$H$3:$H$593,GCA!G$3:G$593,"",0,1)) -> 282.687
F41: Coimbatore South | G41: Thondamuthur | H41: =V41 -> 163.88 | I41: =W41 -> 173.36 | J41: =X41 -> 180.812 | K41: =IFERROR(AVERAGE(H41:J41),"") -> 172.684 | M41: =L41*$L$643/$L$642 -> 0 | N41: =IF(M41>=2, ROUND(M41,0), IF(M41>1.1,2,"")) | O41: =N41 | P41: =O41 | R41: =R40 -> Coimbatore | S41: =F41 -> Coimbatore South | T41: =G41 -> Thondamuthur | U41: =CONCATENATE(R41,"_",S41,"_",T41) -> Coimbatore_Coimbatore South_Thondamuthur | V41: =IF(_xlfn.XLOOKUP($U41,GCA!$H$3:$H$593,GCA!E$3:E$593,"",0,1)="","",_xlfn.XLOOKUP($U41,GCA!$H$3:$H$593,GCA!E$3:E$593,"",0,1)) -> 163.88 | W41: =IF(_xlfn.XLOOKUP($U41,GCA!$H$3:$H$593,GCA!F$3:F$593,"",0,1)="","",_xlfn.XLOOKUP($U41,GCA!$H$3:$H$593,GCA!F$3:F$593,"",0,1)) -> 173.36 | X41: =IF(_xlfn.XLOOKUP($U41,GCA!$H$3:$H$593,GCA!G$3:G$593,"",0,1)="","",_xlfn.XLOOKUP($U41,GCA!$H$3:$H$593,GCA!G$3:G$593,"",0,1)) -> 180.812
F42: Kinathukadavu | G42: Kinathukadavu | H42: =V42 -> 18765.13 | I42: =W42 -> 18144.622 | J42: =X42 -> 19524.294 | K42: =IFERROR(AVERAGE(H42:J42),"") -> 18811.349 | M42: =L42*$L$643/$L$642 -> 0 | N42: =IF(M42>=2, ROUND(M42,0), IF(M42>1.1,2,"")) | O42: =N42 | P42: =O42 | R42: =R41 -> Coimbatore | S42: =F42 -> Kinathukadavu | T42: =G42 -> Kinathukadavu | U42: =CONCATENATE(R42,"_",S42,"_",T42) -> Coimbatore_Kinathukadavu_Kinathukadavu | V42: =IF(_xlfn.XLOOKUP($U42,GCA!$H$3:$H$593,GCA!E$3:E$593,"",0,1)="","",_xlfn.XLOOKUP($U42,GCA!$H$3:$H$593,GCA!E$3:E$593,"",0,1)) -> 18765.13 | W42: =IF(_xlfn.XLOOKUP($U42,GCA!$H$3:$H$593,GCA!F$3:F$593,"",0,1)="","",_xlfn.XLOOKUP($U42,GCA!$H$3:$H$593,GCA!F$3:F$593,"",0,1)) -> 18144.622 | X42: =IF(_xlfn.XLOOKUP($U42,GCA!$H$3:$H$593,GCA!G$3:G$593,"",0,1)="","",_xlfn.XLOOKUP($U42,GCA!$H$3:$H$593,GCA!G$3:G$593,"",0,1)) -> 19524.294
F43: Madukkarai | G43: Madukkarai | H43: =V43 -> 10457.96 | I43: =W43 -> 10230.295 | J43: =X43 -> 10362.79 | K43: =IFERROR(AVERAGE(H43:J43),"") -> 10350.348 | M43: =L43*$L$643/$L$642 -> 0 | N43: =IF(M43>=2, ROUND(M43,0), IF(M43>1.1,2,"")) | O43: =N43 | P43: =O43 | R43: =R42 -> Coimbatore | S43: =F43 -> Madukkarai | T43: =G43 -> Madukkarai | U43: =CONCATENATE(R43,"_",S43,"_",T43) -> Coimbatore_Madukkarai_Madukkarai | V43: =IF(_xlfn.XLOOKUP($U43,GCA!$H$3:$H$593,GCA!E$3:E$593,"",0,1)="","",_xlfn.XLOOKUP($U43,GCA!$H$3:$H$593,GCA!E$3:E$593,"",0,1)) -> 10457.96 | W43: =IF(_xlfn.XLOOKUP($U43,GCA!$H$3:$H$593,GCA!F$3:F$593,"",0,1)="","",_xlfn.XLOOKUP($U43,GCA!$H$3:$H$593,GCA!F$3:F$593,"",0,1)) -> 10230.295 | X43: =IF(_xlfn.XLOOKUP($U43,GCA!$H$3:$H$593,GCA!G$3:G$593,"",0,1)="","",_xlfn.XLOOKUP($U43,GCA!$H$3:$H$593,GCA!G$3:G$593,"",0,1)) -> 10362.79
F44: Mettupalayam | G44: Karamadai | H44: =V44 -> 12560.31 | I44: =W44 -> 13043.186 | J44: =X44 -> 13146.442 | K44: =IFERROR(AVERAGE(H44:J44),"") -> 12916.646 | M44: =L44*$L$643/$L$642 -> 0 | N44: =IF(M44>=2, ROUND(M44,0), IF(M44>1.1,2,"")) | O44: =N44 | P44: =O44 | R44: =R43 -> Coimbatore | S44: =F44 -> Mettupalayam | T44: =G44 -> Karamadai | U44: =CONCATENATE(R44,"_",S44,"_",T44) -> Coimbatore_Mettupalayam_Karamadai | V44: =IF(_xlfn.XLOOKUP($U44,GCA!$H$3:$H$593,GCA!E$3:E$593,"",0,1)="","",_xlfn.XLOOKUP($U44,GCA!$H$3:$H$593,GCA!E$3:E$593,"",0,1)) -> 12560.31 | W44: =IF(_xlfn.XLOOKUP($U44,GCA!$H$3:$H$593,GCA!F$3:F$593,"",0,1)="","",_xlfn.XLOOKUP($U44,GCA!$H$3:$H$593,GCA!F$3:F$593,"",0,1)) -> 13043.186 | X44: =IF(_xlfn.XLOOKUP($U44,GCA!$H$3:$H$593,GCA!G$3:G$593,"",0,1)="","",_xlfn.XLOOKUP($U44,GCA!$H$3:$H$593,GCA!G$3:G$593,"",0,1)) -> 13146.442
E45: 3 | F45: Perur | G45: Madukkarai | H45: =V45 -> 362.4 | I45: =W45 -> 367.71 | J45: =X45 -> 446.39 | K45: =IFERROR(AVERAGE(H45:J45),"") -> 392.16667 | L45: =SUM(K45:K49) -> 41108.676 | M45: =L45*$L$643/$L$642 -> 1.725497 | N45: =IF(M45>=2, ROUND(M45,0), IF(M45>1.1,2,"")) -> 2 | O45: =N45 -> 2 | P45: =O45 -> 2 | R45: =R44 -> Coimbatore | S45: =F45 -> Perur | T45: =G45 -> Madukkarai | U45: =CONCATENATE(R45,"_",S45,"_",T45) -> Coimbatore_Perur_Madukkarai | V45: =IF(_xlfn.XLOOKUP($U45,GCA!$H$3:$H$593,GCA!E$3:E$593,"",0,1)="","",_xlfn.XLOOKUP($U45,GCA!$H$3:$H$593,GCA!E$3:E$593,"",0,1)) -> 362.4 | W45: =IF(_xlfn.XLOOKUP($U45,GCA!$H$3:$H$593,GCA!F$3:F$593,"",0,1)="","",_xlfn.XLOOKUP($U45,GCA!$H$3:$H$593,GCA!F$3:F$593,"",0,1)) -> 367.71 | X45: =IF(_xlfn.XLOOKUP($U45,GCA!$H$3:$H$593,GCA!G$3:G$593,"",0,1)="","",_xlfn.XLOOKUP($U45,GCA!$H$3:$H$593,GCA!G$3:G$593,"",0,1)) -> 446.39
F46: Perur | G46: Periyanaickenpalayam | H46: =V46 -> 177.5 | I46: =W46 -> 182.09 | J46: =X46 -> 185.2 | K46: =IFERROR(AVERAGE(H46:J46),"") -> 181.59667 | M46: =L46*$L$643/$L$642 -> 0 | N46: =IF(M46>=2, ROUND(M46,0), IF(M46>1.1,2,"")) | O46: =N46 | P46: =O46 | R46: =R45 -> Coimbatore | S46: =F46 -> Perur | T46: =G46 -> Periyanaickenpalayam | U46: =CONCATENATE(R46,"_",S46,"_",T46) -> Coimbatore_Perur_Periyanaickenpalayam | V46: =IF(_xlfn.XLOOKUP($U46,GCA!$H$3:$H$593,GCA!E$3:E$593,"",0,1)="","",_xlfn.XLOOKUP($U46,GCA!$H$3:$H$593,GCA!E$3:E$593,"",0,1)) -> 177.5 | W46: =IF(_xlfn.XLOOKUP($U46,GCA!$H$3:$H$593,GCA!F$3:F$593,"",0,1)="","",_xlfn.XLOOKUP($U46,GCA!$H$3:$H$593,GCA!F$3:F$593,"",0,1)) -> 182.09 | X46: =IF(_xlfn.XLOOKUP($U46,GCA!$H$3:$H$593,GCA!G$3:G$593,"",0,1)="","",_xlfn.XLOOKUP($U46,GCA!$H$3:$H$593,GCA!G$3:G$593,"",0,1)) -> 185.2
F47: Perur | G47: Thondamuthur | H47: =V47 -> 11569.581 | I47: =W47 -> 12032.775 | J47: =X47 -> 12448.233 | K47: =IFERROR(AVERAGE(H47:J47),"") -> 12016.863 | M47: =L47*$L$643/$L$642 -> 0 | N47: =IF(M47>=2, ROUND(M47,0), IF(M47>1.1,2,"")) | O47: =N47 | P47: =O47 | R47: =R46 -> Coimbatore | S47: =F47 -> Perur | T47: =G47 -> Thondamuthur | U47: =CONCATENATE(R47,"_",S47,"_",T47) -> Coimbatore_Perur_Thondamuthur | V47: =IF(_xlfn.XLOOKUP($U47,GCA!$H$3:$H$593,GCA!E$3:E$593,"",0,1)="","",_xlfn.XLOOKUP($U47,GCA!$H$3:$H$593,GCA!E$3:E$593,"",0,1)) -> 11569.581 | W47: =IF(_xlfn.XLOOKUP($U47,GCA!$H$3:$H$593,GCA!F$3:F$593,"",0,1)="","",_xlfn.XLOOKUP($U47,GCA!$H$3:$H$593,GCA!F$3:F$593,"",0,1)) -> 12032.775 | X47: =IF(_xlfn.XLOOKUP($U47,GCA!$H$3:$H$593,GCA!G$3:G$593,"",0,1)="","",_xlfn.XLOOKUP($U47,GCA!$H$3:$H$593,GCA!G$3:G$593,"",0,1)) -> 12448.233
F48: Pollachi | G48: Pollachi North | H48: =V48 -> 19554.06 | I48: =W48 -> 19760.62 | J48: =X48 -> 20524.685 | K48: =IFERROR(AVERAGE(H48:J48),"") -> 19946.455 | M48: =L48*$L$643/$L$642 -> 0 | N48: =IF(M48>=2, ROUND(M48,0), IF(M48>1.1,2,"")) | O48: =N48 | P48: =O48 | R48: =R47 -> Coimbatore | S48: =F48 -> Pollachi | T48: =G48 -> Pollachi North | U48: =CONCATENATE(R48,"_",S48,"_",T48) -> Coimbatore_Pollachi_Pollachi North | V48: =IF(_xlfn.XLOOKUP($U48,GCA!$H$3:$H$593,GCA!E$3:E$593,"",0,1)="","",_xlfn.XLOOKUP($U48,GCA!$H$3:$H$593,GCA!E$3:E$593,"",0,1)) -> 19554.06 | W48: =IF(_xlfn.XLOOKUP($U48,GCA!$H$3:$H$593,GCA!F$3:F$593,"",0,1)="","",_xlfn.XLOOKUP($U48,GCA!$H$3:$H$593,GCA!F$3:F$593,"",0,1)) -> 19760.62 | X48: =IF(_xlfn.XLOOKUP($U48,GCA!$H$3:$H$593,GCA!G$3:G$593,"",0,1)="","",_xlfn.XLOOKUP($U48,GCA!$H$3:$H$593,GCA!G$3:G$593,"",0,1)) -> 20524.685
F49: Pollachi | G49: Pollachi South | H49: =V49 -> 8666.945 | I49: =W49 -> 8353.419 | J49: =X49 -> 8694.42 | K49: =IFERROR(AVERAGE(H49:J49),"") -> 8571.5947 | M49: =L49*$L$643/$L$642 -> 0 | N49: =IF(M49>=2, ROUND(M49,0), IF(M49>1.1,2,"")) | O49: =N49 | P49: =O49 | R49: =R48 -> Coimbatore | S49: =F49 -> Pollachi | T49: =G49 -> Pollachi South | U49: =CONCATENATE(R49,"_",S49,"_",T49) -> Coimbatore_Pollachi_Pollachi South | V49: =IF(_xlfn.XLOOKUP($U49,GCA!$H$3:$H$593,GCA!E$3:E$593,"",0,1)="","",_xlfn.XLOOKUP($U49,GCA!$H$3:$H$593,GCA!E$3:E$593,"",0,1)) -> 8666.945 | W49: =IF(_xlfn.XLOOKUP($U49,GCA!$H$3:$H$593,GCA!F$3:F$593,"",0,1)="","",_xlfn.XLOOKUP($U49,GCA!$H$3:$H$593,GCA!F$3:F$593,"",0,1)) -> 8353.419 | X49: =IF(_xlfn.XLOOKUP($U49,GCA!$H$3:$H$593,GCA!G$3:G$593,"",0,1)="","",_xlfn.XLOOKUP($U49,GCA!$H$3:$H$593,GCA!G$3:G$593,"",0,1)) -> 8694.42
E50: 4 | F50: Sulur | G50: Sultanpet | H50: =V50 -> 13505.353 | I50: =W50 -> 13585.921 | J50: =X50 -> 14024.445 | K50: =IFERROR(AVERAGE(H50:J50),"") -> 13705.24 | L50: =SUM(K50:K52) -> 34728.385 | M50: =L50*$L$643/$L$642 -> 1.4576905 | N50: =IF(M50>=2, ROUND(M50,0), IF(M50>1.1,2,"")) -> 2 | O50: =N50 -> 2 | P50: =O50 -> 2 | R50: =R49 -> Coimbatore | S50: =F50 -> Sulur | T50: =G50 -> Sultanpet | U50: =CONCATENATE(R50,"_",S50,"_",T50) -> Coimbatore_Sulur_Sultanpet | V50: =IF(_xlfn.XLOOKUP($U50,GCA!$H$3:$H$593,GCA!E$3:E$593,"",0,1)="","",_xlfn.XLOOKUP($U50,GCA!$H$3:$H$593,GCA!E$3:E$593,"",0,1)) -> 13505.353 | W50: =IF(_xlfn.XLOOKUP($U50,GCA!$H$3:$H$593,GCA!F$3:F$593,"",0,1)="","",_xlfn.XLOOKUP($U50,GCA!$H$3:$H$593,GCA!F$3:F$593,"",0,1)) -> 13585.921 | X50: =IF(_xlfn.XLOOKUP($U50,GCA!$H$3:$H$593,GCA!G$3:G$593,"",0,1)="","",_xlfn.XLOOKUP($U50,GCA!$H$3:$H$593,GCA!G$3:G$593,"",0,1)) -> 14024.445
F51: Sulur | G51: Sulur | H51: =V51 -> 6555.288 | I51: =W51 -> 6482.456 | J51: =X51 -> 6749.249 | K51: =IFERROR(AVERAGE(H51:J51),"") -> 6595.6643 | M51: =L51*$L$643/$L$642 -> 0 | N51: =IF(M51>=2, ROUND(M51,0), IF(M51>1.1,2,"")) | O51: =N51 | P51: =O51 | R51: =R50 -> Coimbatore | S51: =F51 -> Sulur | T51: =G51 -> Sulur | U51: =CONCATENATE(R51,"_",S51,"_",T51) -> Coimbatore_Sulur_Sulur | V51: =IF(_xlfn.XLOOKUP($U51,GCA!$H$3:$H$593,GCA!E$3:E$593,"",0,1)="","",_xlfn.XLOOKUP($U51,GCA!$H$3:$H$593,GCA!E$3:E$593,"",0,1)) -> 6555.288 | W51: =IF(_xlfn.XLOOKUP($U51,GCA!$H$3:$H$593,GCA!F$3:F$593,"",0,1)="","",_xlfn.XLOOKUP($U51,GCA!$H$3:$H$593,GCA!F$3:F$593,"",0,1)) -> 6482.456 | X51: =IF(_xlfn.XLOOKUP($U51,GCA!$H$3:$H$593,GCA!G$3:G$593,"",0,1)="","",_xlfn.XLOOKUP($U51,GCA!$H$3:$H$593,GCA!G$3:G$593,"",0,1)) -> 6749.249
F52: Valparai | G52: Anaimalai | H52: =V52 -> 14427.24 | I52: =W52 -> 14427.24 | J52: =X52 -> 14427.963 | K52: =IFERROR(AVERAGE(H52:J52),"") -> 14427.481 | M52: =L52*$L$643/$L$642 -> 0 | N52: =IF(M52>=2, ROUND(M52,0), IF(M52>1.1,2,"")) | O52: =N52 | P52: =O52 | R52: =R51 -> Coimbatore | S52: =F52 -> Valparai | T52: =G52 -> Anaimalai | U52: =CONCATENATE(R52,"_",S52,"_",T52) -> Coimbatore_Valparai_Anaimalai | V52: =IF(_xlfn.XLOOKUP($U52,GCA!$H$3:$H$593,GCA!E$3:E$593,"",0,1)="","",_xlfn.XLOOKUP($U52,GCA!$H$3:$H$593,GCA!E$3:E$593,"",0,1)) -> 14427.24 | W52: =IF(_xlfn.XLOOKUP($U52,GCA!$H$3:$H$593,GCA!F$3:F$593,"",0,1)="","",_xlfn.XLOOKUP($U52,GCA!$H$3:$H$593,GCA!F$3:F$593,"",0,1)) -> 14427.24 | X52: =IF(_xlfn.XLOOKUP($U52,GCA!$H$3:$H$593,GCA!G$3:G$593,"",0,1)="","",_xlfn.XLOOKUP($U52,GCA!$H$3:$H$593,GCA!G$3:G$593,"",0,1)) -> 14427.963
E53: DISTT. TOTAL | H53: =SUM(H34:H52) -> 167865.89 | I53: =SUM(I34:I52) -> 167492.54 | J53: =SUM(J34:J52) -> 175077.07 | K53: =SUM(K34:K52) -> 170145.17 | L53: =SUM(L34:L52) -> 170145.17 | M53: =SUM(M34:M52) -> 7.1416793 | N53: =SUM(N34:N52) -> 8 | O53: =SUM(O34:O52) -> 8 | P53: =SUM(P34:P52) -> 8 | R53: =R52 -> Coimbatore | S53: =F53 -> 0 | T53: =G53 -> 0 | U53: =CONCATENATE(R53,"_",S53,"_",T53) -> Coimbatore_0_0 | V53: =IF(_xlfn.XLOOKUP($U53,GCA!$H$3:$H$593,GCA!E$3:E$593,"",0,1)="","",_xlfn.XLOOKUP($U53,GCA!$H$3:$H$593,GCA!E$3:E$593,"",0,1)) | W53: =IF(_xlfn.XLOOKUP($U53,GCA!$H$3:$H$593,GCA!F$3:F$593,"",0,1)="","",_xlfn.XLOOKUP($U53,GCA!$H$3:$H$593,GCA!F$3:F$593,"",0,1)) | X53: =IF(_xlfn.XLOOKUP($U53,GCA!$H$3:$H$593,GCA!G$3:G$593,"",0,1)="","",_xlfn.XLOOKUP($U53,GCA!$H$3:$H$593,GCA!G$3:G$593,"",0,1))
C54: Thiruppur | D54: 32 | E54: 1 | F54: Avinashi | G54: Avinashi | H54: =V54 -> 15500.835 | I54: =W54 -> 15963.215 | J54: =X54 -> 15941.84 | K54: =IFERROR(AVERAGE(H54:J54),"") -> 15801.963 | L54: =SUM(K54:K59) -> 72668.192 | M54: =L54*$L$643/$L$642 -> 3.0501773 | N54: =IF(M54>=2, ROUND(M54,0), IF(M54>1.1,2,"")) -> 3 | O54: =N54 -> 3 | P54: =O54 -> 3 | R54: =C54 -> Thiruppur | S54: =F54 -> Avinashi | T54: =G54 -> Avinashi | U54: =CONCATENATE(R54,"_",S54,"_",T54) -> Thiruppur_Avinashi_Avinashi | V54: =IF(_xlfn.XLOOKUP($U54,GCA!$H$3:$H$593,GCA!E$3:E$593,"",0,1)="","",_xlfn.XLOOKUP($U54,GCA!$H$3:$H$593,GCA!E$3:E$593,"",0,1)) -> 15500.835 | W54: =IF(_xlfn.XLOOKUP($U54,GCA!$H$3:$H$593,GCA!F$3:F$593,"",0,1)="","",_xlfn.XLOOKUP($U54,GCA!$H$3:$H$593,GCA!F$3:F$593,"",0,1)) -> 15963.215 | X54: =IF(_xlfn.XLOOKUP($U54,GCA!$H$3:$H$593,GCA!G$3:G$593,"",0,1)="","",_xlfn.XLOOKUP($U54,GCA!$H$3:$H$593,GCA!G$3:G$593,"",0,1)) -> 15941.84
F55: Avinashi | G55: Thiruppur | H55: =V55 -> 2957.84 | I55: =W55 -> 2945.945 | J55: =X55 -> 3211.79 | K55: =IFERROR(AVERAGE(H55:J55),"") -> 3038.525 | M55: =L55*$L$643/$L$642 -> 0 | N55: =IF(M55>=2, ROUND(M55,0), IF(M55>1.1,2,"")) | O55: =N55 | P55: =O55 | R55: =R54 -> Thiruppur | S55: =F55 -> Avinashi | T55: =G55 -> Thiruppur | U55: =CONCATENATE(R55,"_",S55,"_",T55) -> Thiruppur_Avinashi_Thiruppur | V55: =IF(_xlfn.XLOOKUP($U55,GCA!$H$3:$H$593,GCA!E$3:E$593,"",0,1)="","",_xlfn.XLOOKUP($U55,GCA!$H$3:$H$593,GCA!E$3:E$593,"",0,1)) -> 2957.84 | W55: =IF(_xlfn.XLOOKUP($U55,GCA!$H$3:$H$593,GCA!F$3:F$593,"",0,1)="","",_xlfn.XLOOKUP($U55,GCA!$H$3:$H$593,GCA!F$3:F$593,"",0,1)) -> 2945.945 | X55: =IF(_xlfn.XLOOKUP($U55,GCA!$H$3:$H$593,GCA!G$3:G$593,"",0,1)="","",_xlfn.XLOOKUP($U55,GCA!$H$3:$H$593,GCA!G$3:G$593,"",0,1)) -> 3211.79
F56: Dharapuram | G56: Dharapuram | H56: =V56 -> 20431.805 | I56: =W56 -> 19617.548 | J56: =X56 -> 20677.283 | K56: =IFERROR(AVERAGE(H56:J56),"") -> 20242.212 | M56: =L56*$L$643/$L$642 -> 0 | N56: =IF(M56>=2, ROUND(M56,0), IF(M56>1.1,2,"")) | O56: =N56 | P56: =O56 | R56: =R55 -> Thiruppur | S56: =F56 -> Dharapuram | T56: =G56 -> Dharapuram | U56: =CONCATENATE(R56,"_",S56,"_",T56) -> Thiruppur_Dharapuram_Dharapuram | V56: =IF(_xlfn.XLOOKUP($U56,GCA!$H$3:$H$593,GCA!E$3:E$593,"",0,1)="","",_xlfn.XLOOKUP($U56,GCA!$H$3:$H$593,GCA!E$3:E$593,"",0,1)) -> 20431.805 | W56: =IF(_xlfn.XLOOKUP($U56,GCA!$H$3:$H$593,GCA!F$3:F$593,"",0,1)="","",_xlfn.XLOOKUP($U56,GCA!$H$3:$H$593,GCA!F$3:F$593,"",0,1)) -> 19617.548 | X56: =IF(_xlfn.XLOOKUP($U56,GCA!$H$3:$H$593,GCA!G$3:G$593,"",0,1)="","",_xlfn.XLOOKUP($U56,GCA!$H$3:$H$593,GCA!G$3:G$593,"",0,1)) -> 20677.283
F57: Dharapuram | G57: Kundadam | H57: =V57 -> 17837.4 | I57: =W57 -> 18063.975 | J57: =X57 -> 17031.02 | K57: =IFERROR(AVERAGE(H57:J57),"") -> 17644.132 | M57: =L57*$L$643/$L$642 -> 0 | N57: =IF(M57>=2, ROUND(M57,0), IF(M57>1.1,2,"")) | O57: =N57 | P57: =O57 | R57: =R56 -> Thiruppur | S57: =F57 -> Dharapuram | T57: =G57 -> Kundadam | U57: =CONCATENATE(R57,"_",S57,"_",T57) -> Thiruppur_Dharapuram_Kundadam | V57: =IF(_xlfn.XLOOKUP($U57,GCA!$H$3:$H$593,GCA!E$3:E$593,"",0,1)="","",_xlfn.XLOOKUP($U57,GCA!$H$3:$H$593,GCA!E$3:E$593,"",0,1)) -> 17837.4 | W57: =IF(_xlfn.XLOOKUP($U57,GCA!$H$3:$H$593,GCA!F$3:F$593,"",0,1)="","",_xlfn.XLOOKUP($U57,GCA!$H$3:$H$593,GCA!F$3:F$593,"",0,1)) -> 18063.975 | X57: =IF(_xlfn.XLOOKUP($U57,GCA!$H$3:$H$593,GCA!G$3:G$593,"",0,1)="","",_xlfn.XLOOKUP($U57,GCA!$H$3:$H$593,GCA!G$3:G$593,"",0,1)) -> 17031.02
F58: Dharapuram | G58: Mulanur | H58: =V58 -> 15770.22 | I58: =W58 -> 15358.53 | J58: =X58 -> 15312.92 | K58: =IFERROR(AVERAGE(H58:J58),"") -> 15480.557 | M58: =L58*$L$643/$L$642 -> 0 | N58: =IF(M58>=2, ROUND(M58,0), IF(M58>1.1,2,"")) | O58: =N58 | P58: =O58 | R58: =R57 -> Thiruppur | S58: =F58 -> Dharapuram | T58: =G58 -> Mulanur | U58: =CONCATENATE(R58,"_",S58,"_",T58) -> Thiruppur_Dharapuram_Mulanur | V58: =IF(_xlfn.XLOOKUP($U58,GCA!$H$3:$H$593,GCA!E$3:E$593,"",0,1)="","",_xlfn.XLOOKUP($U58,GCA!$H$3:$H$593,GCA!E$3:E$593,"",0,1)) -> 15770.22 | W58: =IF(_xlfn.XLOOKUP($U58,GCA!$H$3:$H$593,GCA!F$3:F$593,"",0,1)="","",_xlfn.XLOOKUP($U58,GCA!$H$3:$H$593,GCA!F$3:F$593,"",0,1)) -> 15358.53 | X58: =IF(_xlfn.XLOOKUP($U58,GCA!$H$3:$H$593,GCA!G$3:G$593,"",0,1)="","",_xlfn.XLOOKUP($U58,GCA!$H$3:$H$593,GCA!G$3:G$593,"",0,1)) -> 15312.92
F59: Dharapuram | G59: Vellakoil | H59: =V59 -> 451.4 | I59: =W59 -> 442.76 | J59: =X59 -> 488.25 | K59: =IFERROR(AVERAGE(H59:J59),"") -> 460.80333 | M59: =L59*$L$643/$L$642 -> 0 | N59: =IF(M59>=2, ROUND(M59,0), IF(M59>1.1,2,"")) | O59: =N59 | P59: =O59 | R59: =R58 -> Thiruppur | S59: =F59 -> Dharapuram | T59: =G59 -> Vellakoil | U59: =CONCATENATE(R59,"_",S59,"_",T59) -> Thiruppur_Dharapuram_Vellakoil | V59: =IF(_xlfn.XLOOKUP($U59,GCA!$H$3:$H$593,GCA!E$3:E$593,"",0,1)="","",_xlfn.XLOOKUP($U59,GCA!$H$3:$H$593,GCA!E$3:E$593,"",0,1)) -> 451.4 | W59: =IF(_xlfn.XLOOKUP($U59,GCA!$H$3:$H$593,GCA!F$3:F$593,"",0,1)="","",_xlfn.XLOOKUP($U59,GCA!$H$3:$H$593,GCA!F$3:F$593,"",0,1)) -> 442.76 | X59: =IF(_xlfn.XLOOKUP($U59,GCA!$H$3:$H$593,GCA!G$3:G$593,"",0,1)="","",_xlfn.XLOOKUP($U59,GCA!$H$3:$H$593,GCA!G$3:G$593,"",0,1)) -> 488.25
E60: 2 | F60: Kangayam | G60: Kangeyam | H60: =V60 -> 9086.786 | I60: =W60 -> 9192.67 | J60: =X60 -> 8977.315 | K60: =IFERROR(AVERAGE(H60:J60),"") -> 9085.5903 | L60: =SUM(K60:K65) -> 52592.395 | M60: =L60*$L$643/$L$642 -> 2.2075151 | N60: =IF(M60>=2, ROUND(M60,0), IF(M60>1.1,2,"")) -> 2 | O60: =N60 -> 2 | P60: =O60 -> 2 | R60: =R59 -> Thiruppur | S60: =F60 -> Kangayam | T60: =G60 -> Kangeyam | U60: =CONCATENATE(R60,"_",S60,"_",T60) -> Thiruppur_Kangayam_Kangeyam | V60: =IF(_xlfn.XLOOKUP($U60,GCA!$H$3:$H$593,GCA!E$3:E$593,"",0,1)="","",_xlfn.XLOOKUP($U60,GCA!$H$3:$H$593,GCA!E$3:E$593,"",0,1)) -> 9086.786 | W60: =IF(_xlfn.XLOOKUP($U60,GCA!$H$3:$H$593,GCA!F$3:F$593,"",0,1)="","",_xlfn.XLOOKUP($U60,GCA!$H$3:$H$593,GCA!F$3:F$593,"",0,1)) -> 9192.67 | X60: =IF(_xlfn.XLOOKUP($U60,GCA!$H$3:$H$593,GCA!G$3:G$593,"",0,1)="","",_xlfn.XLOOKUP($U60,GCA!$H$3:$H$593,GCA!G$3:G$593,"",0,1)) -> 8977.315
F61: Kangayam | G61: Kundadam | H61: =V61 -> 3946.61 | I61: =W61 -> 4001.835 | J61: =X61 -> 3872.36 | K61: =IFERROR(AVERAGE(H61:J61),"") -> 3940.2683 | M61: =L61*$L$643/$L$642 -> 0 | N61: =IF(M61>=2, ROUND(M61,0), IF(M61>1.1,2,"")) | O61: =N61 | P61: =O61 | R61: =R60 -> Thiruppur | S61: =F61 -> Kangayam | T61: =G61 -> Kundadam | U61: =CONCATENATE(R61,"_",S61,"_",T61) -> Thiruppur_Kangayam_Kundadam | V61: =IF(_xlfn.XLOOKUP($U61,GCA!$H$3:$H$593,GCA!E$3:E$593,"",0,1)="","",_xlfn.XLOOKUP($U61,GCA!$H$3:$H$593,GCA!E$3:E$593,"",0,1)) -> 3946.61 | W61: =IF(_xlfn.XLOOKUP($U61,GCA!$H$3:$H$593,GCA!F$3:F$593,"",0,1)="","",_xlfn.XLOOKUP($U61,GCA!$H$3:$H$593,GCA!F$3:F$593,"",0,1)) -> 4001.835 | X61: =IF(_xlfn.XLOOKUP($U61,GCA!$H$3:$H$593,GCA!G$3:G$593,"",0,1)="","",_xlfn.XLOOKUP($U61,GCA!$H$3:$H$593,GCA!G$3:G$593,"",0,1)) -> 3872.36
F62: Kangayam | G62: Vellakoil | H62: =V62 -> 9618.31 | I62: =W62 -> 9360.105 | J62: =X62 -> 8438.085 | K62: =IFERROR(AVERAGE(H62:J62),"") -> 9138.8333 | M62: =L62*$L$643/$L$642 -> 0 | N62: =IF(M62>=2, ROUND(M62,0), IF(M62>1.1,2,"")) | O62: =N62 | P62: =O62 | R62: =R61 -> Thiruppur | S62: =F62 -> Kangayam | T62: =G62 -> Vellakoil | U62: =CONCATENATE(R62,"_",S62,"_",T62) -> Thiruppur_Kangayam_Vellakoil | V62: =IF(_xlfn.XLOOKUP($U62,GCA!$H$3:$H$593,GCA!E$3:E$593,"",0,1)="","",_xlfn.XLOOKUP($U62,GCA!$H$3:$H$593,GCA!E$3:E$593,"",0,1)) -> 9618.31 | W62: =IF(_xlfn.XLOOKUP($U62,GCA!$H$3:$H$593,GCA!F$3:F$593,"",0,1)="","",_xlfn.XLOOKUP($U62,GCA!$H$3:$H$593,GCA!F$3:F$593,"",0,1)) -> 9360.105 | X62: =IF(_xlfn.XLOOKUP($U62,GCA!$H$3:$H$593,GCA!G$3:G$593,"",0,1)="","",_xlfn.XLOOKUP($U62,GCA!$H$3:$H$593,GCA!G$3:G$593,"",0,1)) -> 8438.085
F63: Madathukulam | G63: Madathukulam | H63: =V63 -> 14813.525 | I63: =W63 -> 14374.36 | J63: =X63 -> 14691.315 | K63: =IFERROR(AVERAGE(H63:J63),"") -> 14626.4 | M63: =L63*$L$643/$L$642 -> 0 | N63: =IF(M63>=2, ROUND(M63,0), IF(M63>1.1,2,"")) | O63: =N63 | P63: =O63 | R63: =R62 -> Thiruppur | S63: =F63 -> Madathukulam | T63: =G63 -> Madathukulam | U63: =CONCATENATE(R63,"_",S63,"_",T63) -> Thiruppur_Madathukulam_Madathukulam | V63: =IF(_xlfn.XLOOKUP($U63,GCA!$H$3:$H$593,GCA!E$3:E$593,"",0,1)="","",_xlfn.XLOOKUP($U63,GCA!$H$3:$H$593,GCA!E$3:E$593,"",0,1)) -> 14813.525 | W63: =IF(_xlfn.XLOOKUP($U63,GCA!$H$3:$H$593,GCA!F$3:F$593,"",0,1)="","",_xlfn.XLOOKUP($U63,GCA!$H$3:$H$593,GCA!F$3:F$593,"",0,1)) -> 14374.36 | X63: =IF(_xlfn.XLOOKUP($U63,GCA!$H$3:$H$593,GCA!G$3:G$593,"",0,1)="","",_xlfn.XLOOKUP($U63,GCA!$H$3:$H$593,GCA!G$3:G$593,"",0,1)) -> 14691.315
F64: Palladam | G64: Palladam | H64: =V64 -> 8234.4 | I64: =W64 -> 8070.79 | J64: =X64 -> 8197.07 | K64: =IFERROR(AVERAGE(H64:J64),"") -> 8167.42 | M64: =L64*$L$643/$L$642 -> 0 | N64: =IF(M64>=2, ROUND(M64,0), IF(M64>1.1,2,"")) | O64: =N64 | P64: =O64 | R64: =R63 -> Thiruppur | S64: =F64 -> Palladam | T64: =G64 -> Palladam | U64: =CONCATENATE(R64,"_",S64,"_",T64) -> Thiruppur_Palladam_Palladam | V64: =IF(_xlfn.XLOOKUP($U64,GCA!$H$3:$H$593,GCA!E$3:E$593,"",0,1)="","",_xlfn.XLOOKUP($U64,GCA!$H$3:$H$593,GCA!E$3:E$593,"",0,1)) -> 8234.4 | W64: =IF(_xlfn.XLOOKUP($U64,GCA!$H$3:$H$593,GCA!F$3:F$593,"",0,1)="","",_xlfn.XLOOKUP($U64,GCA!$H$3:$H$593,GCA!F$3:F$593,"",0,1)) -> 8070.79 | X64: =IF(_xlfn.XLOOKUP($U64,GCA!$H$3:$H$593,GCA!G$3:G$593,"",0,1)="","",_xlfn.XLOOKUP($U64,GCA!$H$3:$H$593,GCA!G$3:G$593,"",0,1)) -> 8197.07
F65: Palladam | G65: Pongalur | H65: =V65 -> 8104.18 | I65: =W65 -> 7607.645 | J65: =X65 -> 7189.825 | K65: =IFERROR(AVERAGE(H65:J65),"") -> 7633.8833 | M65: =L65*$L$643/$L$642 -> 0 | N65: =IF(M65>=2, ROUND(M65,0), IF(M65>1.1,2,"")) | O65: =N65 | P65: =O65 | R65: =R64 -> Thiruppur | S65: =F65 -> Palladam | T65: =G65 -> Pongalur | U65: =CONCATENATE(R65,"_",S65,"_",T65) -> Thiruppur_Palladam_Pongalur | V65: =IF(_xlfn.XLOOKUP($U65,GCA!$H$3:$H$593,GCA!E$3:E$593,"",0,1)="","",_xlfn.XLOOKUP($U65,GCA!$H$3:$H$593,GCA!E$3:E$593,"",0,1)) -> 8104.18 | W65: =IF(_xlfn.XLOOKUP($U65,GCA!$H$3:$H$593,GCA!F$3:F$593,"",0,1)="","",_xlfn.XLOOKUP($U65,GCA!$H$3:$H$593,GCA!F$3:F$593,"",0,1)) -> 7607.645 | X65: =IF(_xlfn.XLOOKUP($U65,GCA!$H$3:$H$593,GCA!G$3:G$593,"",0,1)="","",_xlfn.XLOOKUP($U65,GCA!$H$3:$H$593,GCA!G$3:G$593,"",0,1)) -> 7189.825
E66: 3 | F66: Thiruppur North | G66: Thiruppur | H66: =V66 -> 1077.045 | I66: =W66 -> 1095.855 | J66: =X66 -> 1092.78 | K66: =IFERROR(AVERAGE(H66:J66),"") -> 1088.56 | L66: =SUM(K66:K71) -> 67791.973 | M66: =L66*$L$643/$L$642 -> 2.8455027 | N66: =IF(M66>=2, ROUND(M66,0), IF(M66>1.1,2,"")) -> 3 | O66: =N66 -> 3 | P66: =O66 -> 3 | R66: =R65 -> Thiruppur | S66: =F66 -> Thiruppur North | T66: =G66 -> Thiruppur | U66: =CONCATENATE(R66,"_",S66,"_",T66) -> Thiruppur_Thiruppur North_Thiruppur | V66: =IF(_xlfn.XLOOKUP($U66,GCA!$H$3:$H$593,GCA!E$3:E$593,"",0,1)="","",_xlfn.XLOOKUP($U66,GCA!$H$3:$H$593,GCA!E$3:E$593,"",0,1)) -> 1077.045 | W66: =IF(_xlfn.XLOOKUP($U66,GCA!$H$3:$H$593,GCA!F$3:F$593,"",0,1)="","",_xlfn.XLOOKUP($U66,GCA!$H$3:$H$593,GCA!F$3:F$593,"",0,1)) -> 1095.855 | X66: =IF(_xlfn.XLOOKUP($U66,GCA!$H$3:$H$593,GCA!G$3:G$593,"",0,1)="","",_xlfn.XLOOKUP($U66,GCA!$H$3:$H$593,GCA!G$3:G$593,"",0,1)) -> 1092.78
F67: Thiruppur South | G67: Pongalur | H67: =V67 -> 5806.88 | I67: =W67 -> 5769.01 | J67: =X67 -> 5766.675 | K67: =IFERROR(AVERAGE(H67:J67),"") -> 5780.855 | M67: =L67*$L$643/$L$642 -> 0 | N67: =IF(M67>=2, ROUND(M67,0), IF(M67>1.1,2,"")) | O67: =N67 | P67: =O67 | R67: =R66 -> Thiruppur | S67: =F67 -> Thiruppur South | T67: =G67 -> Pongalur | U67: =CONCATENATE(R67,"_",S67,"_",T67) -> Thiruppur_Thiruppur South_Pongalur | V67: =IF(_xlfn.XLOOKUP($U67,GCA!$H$3:$H$593,GCA!E$3:E$593,"",0,1)="","",_xlfn.XLOOKUP($U67,GCA!$H$3:$H$593,GCA!E$3:E$593,"",0,1)) -> 5806.88 | W67: =IF(_xlfn.XLOOKUP($U67,GCA!$H$3:$H$593,GCA!F$3:F$593,"",0,1)="","",_xlfn.XLOOKUP($U67,GCA!$H$3:$H$593,GCA!F$3:F$593,"",0,1)) -> 5769.01 | X67: =IF(_xlfn.XLOOKUP($U67,GCA!$H$3:$H$593,GCA!G$3:G$593,"",0,1)="","",_xlfn.XLOOKUP($U67,GCA!$H$3:$H$593,GCA!G$3:G$593,"",0,1)) -> 5766.675
F68: Thiruppur South | G68: Thiruppur | H68: =V68 -> 1878.11 | I68: =W68 -> 1824.985 | J68: =X68 -> 1875.725 | K68: =IFERROR(AVERAGE(H68:J68),"") -> 1859.6067 | M68: =L68*$L$643/$L$642 -> 0 | N68: =IF(M68>=2, ROUND(M68,0), IF(M68>1.1,2,"")) | O68: =N68 | P68: =O68 | R68: =R67 -> Thiruppur | S68: =F68 -> Thiruppur South | T68: =G68 -> Thiruppur | U68: =CONCATENATE(R68,"_",S68,"_",T68) -> Thiruppur_Thiruppur South_Thiruppur | V68: =IF(_xlfn.XLOOKUP($U68,GCA!$H$3:$H$593,GCA!E$3:E$593,"",0,1)="","",_xlfn.XLOOKUP($U68,GCA!$H$3:$H$593,GCA!E$3:E$593,"",0,1)) -> 1878.11 | W68: =IF(_xlfn.XLOOKUP($U68,GCA!$H$3:$H$593,GCA!F$3:F$593,"",0,1)="","",_xlfn.XLOOKUP($U68,GCA!$H$3:$H$593,GCA!F$3:F$593,"",0,1)) -> 1824.985 | X68: =IF(_xlfn.XLOOKUP($U68,GCA!$H$3:$H$593,GCA!G$3:G$593,"",0,1)="","",_xlfn.XLOOKUP($U68,GCA!$H$3:$H$593,GCA!G$3:G$593,"",0,1)) -> 1875.725
F69: Udumalpettai | G69: Gudimangalam | H69: =V69 -> 20445.187 | I69: =W69 -> 20028.046 | J69: =X69 -> 20324.891 | K69: =IFERROR(AVERAGE(H69:J69),"") -> 20266.041 | M69: =L69*$L$643/$L$642 -> 0 | N69: =IF(M69>=2, ROUND(M69,0), IF(M69>1.1,2,"")) | O69: =N69 | P69: =O69 | R69: =R68 -> Thiruppur | S69: =F69 -> Udumalpettai | T69: =G69 -> Gudimangalam | U69: =CONCATENATE(R69,"_",S69,"_",T69) -> Thiruppur_Udumalpettai_Gudimangalam | V69: =IF(_xlfn.XLOOKUP($U69,GCA!$H$3:$H$593,GCA!E$3:E$593,"",0,1)="","",_xlfn.XLOOKUP($U69,GCA!$H$3:$H$593,GCA!E$3:E$593,"",0,1)) -> 20445.187 | W69: =IF(_xlfn.XLOOKUP($U69,GCA!$H$3:$H$593,GCA!F$3:F$593,"",0,1)="","",_xlfn.XLOOKUP($U69,GCA!$H$3:$H$593,GCA!F$3:F$593,"",0,1)) -> 20028.046 | X69: =IF(_xlfn.XLOOKUP($U69,GCA!$H$3:$H$593,GCA!G$3:G$593,"",0,1)="","",_xlfn.XLOOKUP($U69,GCA!$H$3:$H$593,GCA!G$3:G$593,"",0,1)) -> 20324.891
F70: Udumalpettai | G70: Udumalpettai | H70: =V70 -> 28521.532 | I70: =W70 -> 28300.472 | J70: =X70 -> 27646.87 | K70: =IFERROR(AVERAGE(H70:J70),"") -> 28156.291 | M70: =L70*$L$643/$L$642 -> 0 | N70: =IF(M70>=2, ROUND(M70,0), IF(M70>1.1,2,"")) | O70: =N70 | P70: =O70 | R70: =R69 -> Thiruppur | S70: =F70 -> Udumalpettai | T70: =G70 -> Udumalpettai | U70: =CONCATENATE(R70,"_",S70,"_",T70) -> Thiruppur_Udumalpettai_Udumalpettai | V70: =IF(_xlfn.XLOOKUP($U70,GCA!$H$3:$H$593,GCA!E$3:E$593,"",0,1)="","",_xlfn.XLOOKUP($U70,GCA!$H$3:$H$593,GCA!E$3:E$593,"",0,1)) -> 28521.532 | W70: =IF(_xlfn.XLOOKUP($U70,GCA!$H$3:$H$593,GCA!F$3:F$593,"",0,1)="","",_xlfn.XLOOKUP($U70,GCA!$H$3:$H$593,GCA!F$3:F$593,"",0,1)) -> 28300.472 | X70: =IF(_xlfn.XLOOKUP($U70,GCA!$H$3:$H$593,GCA!G$3:G$593,"",0,1)="","",_xlfn.XLOOKUP($U70,GCA!$H$3:$H$593,GCA!G$3:G$593,"",0,1)) -> 27646.87
F71: Uthukuli | G71: Uthukuli | H71: =V71 -> 10490.02 | I71: =W71 -> 10921.515 | J71: =X71 -> 10510.32 | K71: =IFERROR(AVERAGE(H71:J71),"") -> 10640.618 | M71: =L71*$L$643/$L$642 -> 0 | N71: =IF(M71>=2, ROUND(M71,0), IF(M71>1.1,2,"")) | O71: =N71 | P71: =O71 | R71: =R70 -> Thiruppur | S71: =F71 -> Uthukuli | T71: =G71 -> Uthukuli | U71: =CONCATENATE(R71,"_",S71,"_",T71) -> Thiruppur_Uthukuli_Uthukuli | V71: =IF(_xlfn.XLOOKUP($U71,GCA!$H$3:$H$593,GCA!E$3:E$593,"",0,1)="","",_xlfn.XLOOKUP($U71,GCA!$H$3:$H$593,GCA!E$3:E$593,"",0,1)) -> 10490.02 | W71: =IF(_xlfn.XLOOKUP($U71,GCA!$H$3:$H$593,GCA!F$3:F$593,"",0,1)="","",_xlfn.XLOOKUP($U71,GCA!$H$3:$H$593,GCA!F$3:F$593,"",0,1)) -> 10921.515 | X71: =IF(_xlfn.XLOOKUP($U71,GCA!$H$3:$H$593,GCA!G$3:G$593,"",0,1)="","",_xlfn.XLOOKUP($U71,GCA!$H$3:$H$593,GCA!G$3:G$593,"",0,1)) -> 10510.32
E72: DISTT. TOTAL | H72: =SUM(H54:H71) -> 194972.08 | I72: =SUM(I54:I71) -> 192939.26 | J72: =SUM(J54:J71) -> 191246.33 | K72: =SUM(K54:K71) -> 193052.56 | L72: =SUM(L54:L71) -> 193052.56 | M72: =SUM(M54:M71) -> 8.103195 | N72: =SUM(N54:N71) -> 8 | O72: =SUM(O54:O71) -> 8 | P72: =SUM(P54:P71) -> 8 | R72: =R71 -> Thiruppur | S72: =F72 -> 0 | T72: =G72 -> 0 | U72: =CONCATENATE(R72,"_",S72,"_",T72) -> Thiruppur_0_0 | V72: =IF(_xlfn.XLOOKUP($U72,GCA!$H$3:$H$593,GCA!E$3:E$593,"",0,1)="","",_xlfn.XLOOKUP($U72,GCA!$H$3:$H$593,GCA!E$3:E$593,"",0,1)) | W72: =IF(_xlfn.XLOOKUP($U72,GCA!$H$3:$H$593,GCA!F$3:F$593,"",0,1)="","",_xlfn.XLOOKUP($U72,GCA!$H$3:$H$593,GCA!F$3:F$593,"",0,1)) | X72: =IF(_xlfn.XLOOKUP($U72,GCA!$H$3:$H$593,GCA!G$3:G$593,"",0,1)="","",_xlfn.XLOOKUP($U72,GCA!$H$3:$H$593,GCA!G$3:G$593,"",0,1))
C73: SRO TOTAL | H73: =SUM(H72,H53,H33,H24) -> 615038.43 | I73: =SUM(I72,I53,I33,I24) -> 601624.91 | J73: =SUM(J72,J53,J33,J24) -> 618961.6 | K73: =SUM(K72,K53,K33,K24) -> 611874.98 | L73: =SUM(L72,L53,L33,L24) -> 611874.98 | M73: =SUM(M72,M53,M33,M24) -> 25.682862 | N73: =SUM(N72,N53,N33,N24) -> 27 | O73: =SUM(O72,O53,O33,O24) -> 27 | P73: =SUM(P72,P53,P33,P24) -> 27 | R73: =C73 -> SRO TOTAL | S73: =F73 -> 0 | T73: =G73 -> 0 | U73: =CONCATENATE(R73,"_",S73,"_",T73) -> SRO TOTAL_0_0 | V73: =IF(_xlfn.XLOOKUP($U73,GCA!$H$3:$H$593,GCA!E$3:E$593,"",0,1)="","",_xlfn.XLOOKUP($U73,GCA!$H$3:$H$593,GCA!E$3:E$593,"",0,1)) | W73: =IF(_xlfn.XLOOKUP($U73,GCA!$H$3:$H$593,GCA!F$3:F$593,"",0,1)="","",_xlfn.XLOOKUP($U73,GCA!$H$3:$H$593,GCA!F$3:F$593,"",0,1)) | X73: =IF(_xlfn.XLOOKUP($U73,GCA!$H$3:$H$593,GCA!G$3:G$593,"",0,1)="","",_xlfn.XLOOKUP($U73,GCA!$H$3:$H$593,GCA!G$3:G$593,"",0,1))
B74: Dharmapuri | C74: Dharmapuri | D74: 05 | E74: 1 | F74: Dharmapuri | G74: Dharmapuri | H74: =V74 -> 23861 | I74: =W74 -> 22863.3 | J74: =X74 -> 21136.2 | K74: =IFERROR(AVERAGE(H74:J74),"") -> 22620.167 | L74: =SUM(K74:K77) -> 69760.847 | M74: =L74*$L$643/$L$642 -> 2.9281443 | N74: =IF(M74>=2, ROUND(M74,0), IF(M74>1.1,2,"")) -> 3 | O74: =N74 -> 3 | P74: =O74 -> 3 | R74: =C74 -> Dharmapuri | S74: =F74 -> Dharmapuri | T74: =G74 -> Dharmapuri | U74: =CONCATENATE(R74,"_",S74,"_",T74) -> Dharmapuri_Dharmapuri_Dharmapuri | V74: =IF(_xlfn.XLOOKUP($U74,GCA!$H$3:$H$593,GCA!E$3:E$593,"",0,1)="","",_xlfn.XLOOKUP($U74,GCA!$H$3:$H$593,GCA!E$3:E$593,"",0,1)) -> 23861 | W74: =IF(_xlfn.XLOOKUP($U74,GCA!$H$3:$H$593,GCA!F$3:F$593,"",0,1)="","",_xlfn.XLOOKUP($U74,GCA!$H$3:$H$593,GCA!F$3:F$593,"",0,1)) -> 22863.3 | X74: =IF(_xlfn.XLOOKUP($U74,GCA!$H$3:$H$593,GCA!G$3:G$593,"",0,1)="","",_xlfn.XLOOKUP($U74,GCA!$H$3:$H$593,GCA!G$3:G$593,"",0,1)) -> 21136.2
F75: Harur | G75: Harur | H75: =V75 -> 36126 | I75: =W75 -> 35476.5 | J75: =X75 -> 33374.02 | K75: =IFERROR(AVERAGE(H75:J75),"") -> 34992.173 | M75: =L75*$L$643/$L$642 -> 0 | N75: =IF(M75>=2, ROUND(M75,0), IF(M75>1.1,2,"")) | O75: =N75 | P75: =O75 | R75: =R74 -> Dharmapuri | S75: =F75 -> Harur | T75: =G75 -> Harur | U75: =CONCATENATE(R75,"_",S75,"_",T75) -> Dharmapuri_Harur_Harur | V75: =IF(_xlfn.XLOOKUP($U75,GCA!$H$3:$H$593,GCA!E$3:E$593,"",0,1)="","",_xlfn.XLOOKUP($U75,GCA!$H$3:$H$593,GCA!E$3:E$593,"",0,1)) -> 36126 | W75: =IF(_xlfn.XLOOKUP($U75,GCA!$H$3:$H$593,GCA!F$3:F$593,"",0,1)="","",_xlfn.XLOOKUP($U75,GCA!$H$3:$H$593,GCA!F$3:F$593,"",0,1)) -> 35476.5 | X75: =IF(_xlfn.XLOOKUP($U75,GCA!$H$3:$H$593,GCA!G$3:G$593,"",0,1)="","",_xlfn.XLOOKUP($U75,GCA!$H$3:$H$593,GCA!G$3:G$593,"",0,1)) -> 33374.02
F76: Harur | G76: Kadathur | H76: =V76 -> 1734.4 | I76: =W76 -> 1902.5 | J76: =X76 -> 1680 | K76: =IFERROR(AVERAGE(H76:J76),"") -> 1772.3 | M76: =L76*$L$643/$L$642 -> 0 | N76: =IF(M76>=2, ROUND(M76,0), IF(M76>1.1,2,"")) | O76: =N76 | P76: =O76 | R76: =R75 -> Dharmapuri | S76: =F76 -> Harur | T76: =G76 -> Kadathur | U76: =CONCATENATE(R76,"_",S76,"_",T76) -> Dharmapuri_Harur_Kadathur | V76: =IF(_xlfn.XLOOKUP($U76,GCA!$H$3:$H$593,GCA!E$3:E$593,"",0,1)="","",_xlfn.XLOOKUP($U76,GCA!$H$3:$H$593,GCA!E$3:E$593,"",0,1)) -> 1734.4 | W76: =IF(_xlfn.XLOOKUP($U76,GCA!$H$3:$H$593,GCA!F$3:F$593,"",0,1)="","",_xlfn.XLOOKUP($U76,GCA!$H$3:$H$593,GCA!F$3:F$593,"",0,1)) -> 1902.5 | X76: =IF(_xlfn.XLOOKUP($U76,GCA!$H$3:$H$593,GCA!G$3:G$593,"",0,1)="","",_xlfn.XLOOKUP($U76,GCA!$H$3:$H$593,GCA!G$3:G$593,"",0,1)) -> 1680
F77: Harur | G77: Morappur | H77: =V77 -> 10910.2 | I77: =W77 -> 9896 | J77: =X77 -> 10322.42 | K77: =IFERROR(AVERAGE(H77:J77),"") -> 10376.207 | M77: =L77*$L$643/$L$642 -> 0 | N77: =IF(M77>=2, ROUND(M77,0), IF(M77>1.1,2,"")) | O77: =N77 | P77: =O77 | R77: =R76 -> Dharmapuri | S77: =F77 -> Harur | T77: =G77 -> Morappur | U77: =CONCATENATE(R77,"_",S77,"_",T77) -> Dharmapuri_Harur_Morappur | V77: =IF(_xlfn.XLOOKUP($U77,GCA!$H$3:$H$593,GCA!E$3:E$593,"",0,1)="","",_xlfn.XLOOKUP($U77,GCA!$H$3:$H$593,GCA!E$3:E$593,"",0,1)) -> 10910.2 | W77: =IF(_xlfn.XLOOKUP($U77,GCA!$H$3:$H$593,GCA!F$3:F$593,"",0,1)="","",_xlfn.XLOOKUP($U77,GCA!$H$3:$H$593,GCA!F$3:F$593,"",0,1)) -> 9896 | X77: =IF(_xlfn.XLOOKUP($U77,GCA!$H$3:$H$593,GCA!G$3:G$593,"",0,1)="","",_xlfn.XLOOKUP($U77,GCA!$H$3:$H$593,GCA!G$3:G$593,"",0,1)) -> 10322.42
E78: 2 | F78: Karimangalam | G78: Morappur | H78: =V78 -> 10549 | I78: =W78 -> 9354 | J78: =X78 -> 9127 | K78: =IFERROR(AVERAGE(H78:J78),"") -> 9676.6667 | L78: =SUM(K78:K80) -> 58380.485 | M78: =L78*$L$643/$L$642 -> 2.4504645 | N78: =IF(M78>=2, ROUND(M78,0), IF(M78>1.1,2,"")) -> 2 | O78: =N78 -> 2 | P78: =O78 -> 2 | R78: =R77 -> Dharmapuri | S78: =F78 -> Karimangalam | T78: =G78 -> Morappur | U78: =CONCATENATE(R78,"_",S78,"_",T78) -> Dharmapuri_Karimangalam_Morappur | V78: =IF(_xlfn.XLOOKUP($U78,GCA!$H$3:$H$593,GCA!E$3:E$593,"",0,1)="","",_xlfn.XLOOKUP($U78,GCA!$H$3:$H$593,GCA!E$3:E$593,"",0,1)) -> 10549 | W78: =IF(_xlfn.XLOOKUP($U78,GCA!$H$3:$H$593,GCA!F$3:F$593,"",0,1)="","",_xlfn.XLOOKUP($U78,GCA!$H$3:$H$593,GCA!F$3:F$593,"",0,1)) -> 9354 | X78: =IF(_xlfn.XLOOKUP($U78,GCA!$H$3:$H$593,GCA!G$3:G$593,"",0,1)="","",_xlfn.XLOOKUP($U78,GCA!$H$3:$H$593,GCA!G$3:G$593,"",0,1)) -> 9127
F79: Karimangalam | G79: Karimangalam | H79: =V79 -> 22656.5 | I79: =W79 -> 22249 | J79: =X79 -> 25022 | K79: =IFERROR(AVERAGE(H79:J79),"") -> 23309.167 | M79: =L79*$L$643/$L$642 -> 0 | N79: =IF(M79>=2, ROUND(M79,0), IF(M79>1.1,2,"")) | O79: =N79 | P79: =O79 | R79: =R78 -> Dharmapuri | S79: =F79 -> Karimangalam | T79: =G79 -> Karimangalam | U79: =CONCATENATE(R79,"_",S79,"_",T79) -> Dharmapuri_Karimangalam_Karimangalam | V79: =IF(_xlfn.XLOOKUP($U79,GCA!$H$3:$H$593,GCA!E$3:E$593,"",0,1)="","",_xlfn.XLOOKUP($U79,GCA!$H$3:$H$593,GCA!E$3:E$593,"",0,1)) -> 22656.5 | W79: =IF(_xlfn.XLOOKUP($U79,GCA!$H$3:$H$593,GCA!F$3:F$593,"",0,1)="","",_xlfn.XLOOKUP($U79,GCA!$H$3:$H$593,GCA!F$3:F$593,"",0,1)) -> 22249 | X79: =IF(_xlfn.XLOOKUP($U79,GCA!$H$3:$H$593,GCA!G$3:G$593,"",0,1)="","",_xlfn.XLOOKUP($U79,GCA!$H$3:$H$593,GCA!G$3:G$593,"",0,1)) -> 25022
F80: Nallampalli | G80: Nallampalli | H80: =V80 -> 26100.255 | I80: =W80 -> 24538.7 | J80: =X80 -> 25545 | K80: =IFERROR(AVERAGE(H80:J80),"") -> 25394.652 | M80: =L80*$L$643/$L$642 -> 0 | N80: =IF(M80>=2, ROUND(M80,0), IF(M80>1.1,2,"")) | O80: =N80 | P80: =O80 | R80: =R79 -> Dharmapuri | S80: =F80 -> Nallampalli | T80: =G80 -> Nallampalli | U80: =CONCATENATE(R80,"_",S80,"_",T80) -> Dharmapuri_Nallampalli_Nallampalli | V80: =IF(_xlfn.XLOOKUP($U80,GCA!$H$3:$H$593,GCA!E$3:E$593,"",0,1)="","",_xlfn.XLOOKUP($U80,GCA!$H$3:$H$593,GCA!E$3:E$593,"",0,1)) -> 26100.255 | W80: =IF(_xlfn.XLOOKUP($U80,GCA!$H$3:$H$593,GCA!F$3:F$593,"",0,1)="","",_xlfn.XLOOKUP($U80,GCA!$H$3:$H$593,GCA!F$3:F$593,"",0,1)) -> 24538.7 | X80: =IF(_xlfn.XLOOKUP($U80,GCA!$H$3:$H$593,GCA!G$3:G$593,"",0,1)="","",_xlfn.XLOOKUP($U80,GCA!$H$3:$H$593,GCA!G$3:G$593,"",0,1)) -> 25545
E81: 3 | F81: Palacode | G81: Karimangalam | H81: =V81 -> 9854 | I81: =W81 -> 9481.8 | J81: =X81 -> 8505 | K81: =IFERROR(AVERAGE(H81:J81),"") -> 9280.2667 | L81: =SUM(K81:K82) -> 43399 | M81: =L81*$L$643/$L$642 -> 1.8216312 | N81: =IF(M81>=2, ROUND(M81,0), IF(M81>1.1,2,"")) -> 2 | O81: =N81 -> 2 | P81: =O81 -> 2 | R81: =R80 -> Dharmapuri | S81: =F81 -> Palacode | T81: =G81 -> Karimangalam | U81: =CONCATENATE(R81,"_",S81,"_",T81) -> Dharmapuri_Palacode_Karimangalam | V81: =IF(_xlfn.XLOOKUP($U81,GCA!$H$3:$H$593,GCA!E$3:E$593,"",0,1)="","",_xlfn.XLOOKUP($U81,GCA!$H$3:$H$593,GCA!E$3:E$593,"",0,1)) -> 9854 | W81: =IF(_xlfn.XLOOKUP($U81,GCA!$H$3:$H$593,GCA!F$3:F$593,"",0,1)="","",_xlfn.XLOOKUP($U81,GCA!$H$3:$H$593,GCA!F$3:F$593,"",0,1)) -> 9481.8 | X81: =IF(_xlfn.XLOOKUP($U81,GCA!$H$3:$H$593,GCA!G$3:G$593,"",0,1)="","",_xlfn.XLOOKUP($U81,GCA!$H$3:$H$593,GCA!G$3:G$593,"",0,1)) -> 8505
F82: Palacode | G82: Palacode | H82: =V82 -> 34830 | I82: =W82 -> 33624.2 | J82: =X82 -> 33902 | K82: =IFERROR(AVERAGE(H82:J82),"") -> 34118.733 | M82: =L82*$L$643/$L$642 -> 0 | N82: =IF(M82>=2, ROUND(M82,0), IF(M82>1.1,2,"")) | O82: =N82 | P82: =O82 | R82: =R81 -> Dharmapuri | S82: =F82 -> Palacode | T82: =G82 -> Palacode | U82: =CONCATENATE(R82,"_",S82,"_",T82) -> Dharmapuri_Palacode_Palacode | V82: =IF(_xlfn.XLOOKUP($U82,GCA!$H$3:$H$593,GCA!E$3:E$593,"",0,1)="","",_xlfn.XLOOKUP($U82,GCA!$H$3:$H$593,GCA!E$3:E$593,"",0,1)) -> 34830 | W82: =IF(_xlfn.XLOOKUP($U82,GCA!$H$3:$H$593,GCA!F$3:F$593,"",0,1)="","",_xlfn.XLOOKUP($U82,GCA!$H$3:$H$593,GCA!F$3:F$593,"",0,1)) -> 33624.2 | X82: =IF(_xlfn.XLOOKUP($U82,GCA!$H$3:$H$593,GCA!G$3:G$593,"",0,1)="","",_xlfn.XLOOKUP($U82,GCA!$H$3:$H$593,GCA!G$3:G$593,"",0,1)) -> 33902
E83: 4 | F83: Pappireddipatty | G83: Harur | H83: =V83 -> 5281.1 | I83: =W83 -> 5647.4 | J83: =X83 -> 6412.1 | K83: =IFERROR(AVERAGE(H83:J83),"") -> 5780.2 | L83: =SUM(K83:K88) -> 83175.173 | M83: =L83*$L$643/$L$642 -> 3.4911977 | N83: =IF(M83>=2, ROUND(M83,0), IF(M83>1.1,2,"")) -> 3 | O83: =N83 -> 3 | P83: =O83 -> 3 | R83: =R82 -> Dharmapuri | S83: =F83 -> Pappireddipatty | T83: =G83 -> Harur | U83: =CONCATENATE(R83,"_",S83,"_",T83) -> Dharmapuri_Pappireddipatty_Harur | V83: =IF(_xlfn.XLOOKUP($U83,GCA!$H$3:$H$593,GCA!E$3:E$593,"",0,1)="","",_xlfn.XLOOKUP($U83,GCA!$H$3:$H$593,GCA!E$3:E$593,"",0,1)) -> 5281.1 | W83: =IF(_xlfn.XLOOKUP($U83,GCA!$H$3:$H$593,GCA!F$3:F$593,"",0,1)="","",_xlfn.XLOOKUP($U83,GCA!$H$3:$H$593,GCA!F$3:F$593,"",0,1)) -> 5647.4 | X83: =IF(_xlfn.XLOOKUP($U83,GCA!$H$3:$H$593,GCA!G$3:G$593,"",0,1)="","",_xlfn.XLOOKUP($U83,GCA!$H$3:$H$593,GCA!G$3:G$593,"",0,1)) -> 6412.1
F84: Pappireddipatty | G84: Kadathur | H84: =V84 -> 17433.1 | I84: =W84 -> 17528 | J84: =X84 -> 19823 | K84: =IFERROR(AVERAGE(H84:J84),"") -> 18261.367 | M84: =L84*$L$643/$L$642 -> 0 | N84: =IF(M84>=2, ROUND(M84,0), IF(M84>1.1,2,"")) | O84: =N84 | P84: =O84 | R84: =R83 -> Dharmapuri | S84: =F84 -> Pappireddipatty | T84: =G84 -> Kadathur | U84: =CONCATENATE(R84,"_",S84,"_",T84) -> Dharmapuri_Pappireddipatty_Kadathur | V84: =IF(_xlfn.XLOOKUP($U84,GCA!$H$3:$H$593,GCA!E$3:E$593,"",0,1)="","",_xlfn.XLOOKUP($U84,GCA!$H$3:$H$593,GCA!E$3:E$593,"",0,1)) -> 17433.1 | W84: =IF(_xlfn.XLOOKUP($U84,GCA!$H$3:$H$593,GCA!F$3:F$593,"",0,1)="","",_xlfn.XLOOKUP($U84,GCA!$H$3:$H$593,GCA!F$3:F$593,"",0,1)) -> 17528 | X84: =IF(_xlfn.XLOOKUP($U84,GCA!$H$3:$H$593,GCA!G$3:G$593,"",0,1)="","",_xlfn.XLOOKUP($U84,GCA!$H$3:$H$593,GCA!G$3:G$593,"",0,1)) -> 19823
F85: Pappireddipatty | G85: Morappur | H85: =V85 -> 1141.5 | I85: =W85 -> 1005 | J85: =X85 -> 693 | K85: =IFERROR(AVERAGE(H85:J85),"") -> 946.5 | M85: =L85*$L$643/$L$642 -> 0 | N85: =IF(M85>=2, ROUND(M85,0), IF(M85>1.1,2,"")) | O85: =N85 | P85: =O85 | R85: =R84 -> Dharmapuri | S85: =F85 -> Pappireddipatty | T85: =G85 -> Morappur | U85: =CONCATENATE(R85,"_",S85,"_",T85) -> Dharmapuri_Pappireddipatty_Morappur | V85: =IF(_xlfn.XLOOKUP($U85,GCA!$H$3:$H$593,GCA!E$3:E$593,"",0,1)="","",_xlfn.XLOOKUP($U85,GCA!$H$3:$H$593,GCA!E$3:E$593,"",0,1)) -> 1141.5 | W85: =IF(_xlfn.XLOOKUP($U85,GCA!$H$3:$H$593,GCA!F$3:F$593,"",0,1)="","",_xlfn.XLOOKUP($U85,GCA!$H$3:$H$593,GCA!F$3:F$593,"",0,1)) -> 1005 | X85: =IF(_xlfn.XLOOKUP($U85,GCA!$H$3:$H$593,GCA!G$3:G$593,"",0,1)="","",_xlfn.XLOOKUP($U85,GCA!$H$3:$H$593,GCA!G$3:G$593,"",0,1)) -> 693
F86: Pappireddipatty | G86: Pappireddipatty | H86: =V86 -> 31622.6 | I86: =W86 -> 26836 | J86: =X86 -> 26231.72 | K86: =IFERROR(AVERAGE(H86:J86),"") -> 28230.107 | M86: =L86*$L$643/$L$642 -> 0 | N86: =IF(M86>=2, ROUND(M86,0), IF(M86>1.1,2,"")) | O86: =N86 | P86: =O86 | R86: =R85 -> Dharmapuri | S86: =F86 -> Pappireddipatty | T86: =G86 -> Pappireddipatty | U86: =CONCATENATE(R86,"_",S86,"_",T86) -> Dharmapuri_Pappireddipatty_Pappireddipatty | V86: =IF(_xlfn.XLOOKUP($U86,GCA!$H$3:$H$593,GCA!E$3:E$593,"",0,1)="","",_xlfn.XLOOKUP($U86,GCA!$H$3:$H$593,GCA!E$3:E$593,"",0,1)) -> 31622.6 | W86: =IF(_xlfn.XLOOKUP($U86,GCA!$H$3:$H$593,GCA!F$3:F$593,"",0,1)="","",_xlfn.XLOOKUP($U86,GCA!$H$3:$H$593,GCA!F$3:F$593,"",0,1)) -> 26836 | X86: =IF(_xlfn.XLOOKUP($U86,GCA!$H$3:$H$593,GCA!G$3:G$593,"",0,1)="","",_xlfn.XLOOKUP($U86,GCA!$H$3:$H$593,GCA!G$3:G$593,"",0,1)) -> 26231.72
F87: Pennagaram | G87: Eriyur | H87: =V87 -> 9552 | I87: =W87 -> 10197.5 | J87: =X87 -> 8946.37 | K87: =IFERROR(AVERAGE(H87:J87),"") -> 9565.29 | M87: =L87*$L$643/$L$642 -> 0 | N87: =IF(M87>=2, ROUND(M87,0), IF(M87>1.1,2,"")) | O87: =N87 | P87: =O87 | R87: =R86 -> Dharmapuri | S87: =F87 -> Pennagaram | T87: =G87 -> Eriyur | U87: =CONCATENATE(R87,"_",S87,"_",T87) -> Dharmapuri_Pennagaram_Eriyur | V87: =IF(_xlfn.XLOOKUP($U87,GCA!$H$3:$H$593,GCA!E$3:E$593,"",0,1)="","",_xlfn.XLOOKUP($U87,GCA!$H$3:$H$593,GCA!E$3:E$593,"",0,1)) -> 9552 | W87: =IF(_xlfn.XLOOKUP($U87,GCA!$H$3:$H$593,GCA!F$3:F$593,"",0,1)="","",_xlfn.XLOOKUP($U87,GCA!$H$3:$H$593,GCA!F$3:F$593,"",0,1)) -> 10197.5 | X87: =IF(_xlfn.XLOOKUP($U87,GCA!$H$3:$H$593,GCA!G$3:G$593,"",0,1)="","",_xlfn.XLOOKUP($U87,GCA!$H$3:$H$593,GCA!G$3:G$593,"",0,1)) -> 8946.37
F88: Pennagaram | G88: Pennagaram | H88: =V88 -> 20899 | I88: =W88 -> 20635.5 | J88: =X88 -> 19640.63 | K88: =IFERROR(AVERAGE(H88:J88),"") -> 20391.71 | M88: =L88*$L$643/$L$642 -> 0 | N88: =IF(M88>=2, ROUND(M88,0), IF(M88>1.1,2,"")) | O88: =N88 | P88: =O88 | R88: =R87 -> Dharmapuri | S88: =F88 -> Pennagaram | T88: =G88 -> Pennagaram | U88: =CONCATENATE(R88,"_",S88,"_",T88) -> Dharmapuri_Pennagaram_Pennagaram | V88: =IF(_xlfn.XLOOKUP($U88,GCA!$H$3:$H$593,GCA!E$3:E$593,"",0,1)="","",_xlfn.XLOOKUP($U88,GCA!$H$3:$H$593,GCA!E$3:E$593,"",0,1)) -> 20899 | W88: =IF(_xlfn.XLOOKUP($U88,GCA!$H$3:$H$593,GCA!F$3:F$593,"",0,1)="","",_xlfn.XLOOKUP($U88,GCA!$H$3:$H$593,GCA!F$3:F$593,"",0,1)) -> 20635.5 | X88: =IF(_xlfn.XLOOKUP($U88,GCA!$H$3:$H$593,GCA!G$3:G$593,"",0,1)="","",_xlfn.XLOOKUP($U88,GCA!$H$3:$H$593,GCA!G$3:G$593,"",0,1)) -> 19640.63
E89: DISTT. TOTAL | H89: =SUM(H74:H88) -> 262550.66 | I89: =SUM(I74:I88) -> 251235.4 | J89: =SUM(J74:J88) -> 250360.46 | K89: =SUM(K74:K88) -> 254715.51 | L89: =SUM(L74:L88) -> 254715.51 | M89: =SUM(M74:M88) -> 10.691438 | N89: =SUM(N74:N88) -> 10 | O89: =SUM(O74:O88) -> 10 | P89: =SUM(P74:P88) -> 10 | R89: =R88 -> Dharmapuri | S89: =F89 -> 0 | T89: =G89 -> 0 | U89: =CONCATENATE(R89,"_",S89,"_",T89) -> Dharmapuri_0_0 | V89: =IF(_xlfn.XLOOKUP($U89,GCA!$H$3:$H$593,GCA!E$3:E$593,"",0,1)="","",_xlfn.XLOOKUP($U89,GCA!$H$3:$H$593,GCA!E$3:E$593,"",0,1)) | W89: =IF(_xlfn.XLOOKUP($U89,GCA!$H$3:$H$593,GCA!F$3:F$593,"",0,1)="","",_xlfn.XLOOKUP($U89,GCA!$H$3:$H$593,GCA!F$3:F$593,"",0,1)) | X89: =IF(_xlfn.XLOOKUP($U89,GCA!$H$3:$H$593,GCA!G$3:G$593,"",0,1)="","",_xlfn.XLOOKUP($U89,GCA!$H$3:$H$593,GCA!G$3:G$593,"",0,1))
C90: Krishnagiri | D90: 31 | E90: 1 | F90: Denkanikotta | G90: Kelamangalam | H90: =V90 -> 25690.35 | I90: =W90 -> 26935.59 | J90: =X90 -> 26881.66 | K90: =IFERROR(AVERAGE(H90:J90),"") -> 26502.533 | L90: =SUM(K90:K91) -> 61992.668 | M90: =L90*$L$643/$L$642 -> 2.6020825 | N90: 2 | O90: =N90 -> 2 | P90: =O90 -> 2 | R90: =C90 -> Krishnagiri | S90: =F90 -> Denkanikotta | T90: =G90 -> Kelamangalam | U90: =CONCATENATE(R90,"_",S90,"_",T90) -> Krishnagiri_Denkanikotta_Kelamangalam | V90: =IF(_xlfn.XLOOKUP($U90,GCA!$H$3:$H$593,GCA!E$3:E$593,"",0,1)="","",_xlfn.XLOOKUP($U90,GCA!$H$3:$H$593,GCA!E$3:E$593,"",0,1)) -> 25690.35 | W90: =IF(_xlfn.XLOOKUP($U90,GCA!$H$3:$H$593,GCA!F$3:F$593,"",0,1)="","",_xlfn.XLOOKUP($U90,GCA!$H$3:$H$593,GCA!F$3:F$593,"",0,1)) -> 26935.59 | X90: =IF(_xlfn.XLOOKUP($U90,GCA!$H$3:$H$593,GCA!G$3:G$593,"",0,1)="","",_xlfn.XLOOKUP($U90,GCA!$H$3:$H$593,GCA!G$3:G$593,"",0,1)) -> 26881.66
F91: Denkanikotta | G91: Thally | H91: =V91 -> 37020 | I91: =W91 -> 35579.145 | J91: =X91 -> 33871.26 | K91: =IFERROR(AVERAGE(H91:J91),"") -> 35490.135 | M91: =L91*$L$643/$L$642 -> 0 | N91: =IF(M91>=2, ROUND(M91,0), IF(M91>1.1,2,"")) | O91: =N91 | P91: =O91 | R91: =R90 -> Krishnagiri | S91: =F91 -> Denkanikotta | T91: =G91 -> Thally | U91: =CONCATENATE(R91,"_",S91,"_",T91) -> Krishnagiri_Denkanikotta_Thally | V91: =IF(_xlfn.XLOOKUP($U91,GCA!$H$3:$H$593,GCA!E$3:E$593,"",0,1)="","",_xlfn.XLOOKUP($U91,GCA!$H$3:$H$593,GCA!E$3:E$593,"",0,1)) -> 37020 | W91: =IF(_xlfn.XLOOKUP($U91,GCA!$H$3:$H$593,GCA!F$3:F$593,"",0,1)="","",_xlfn.XLOOKUP($U91,GCA!$H$3:$H$593,GCA!F$3:F$593,"",0,1)) -> 35579.145 | X91: =IF(_xlfn.XLOOKUP($U91,GCA!$H$3:$H$593,GCA!G$3:G$593,"",0,1)="","",_xlfn.XLOOKUP($U91,GCA!$H$3:$H$593,GCA!G$3:G$593,"",0,1)) -> 33871.26
E92: 2 | F92: Anchetti | G92: Thally | H92: =V92 -> 11893 | I92: =W92 -> 10510.2 | J92: =X92 -> 12344.7 | K92: =IFERROR(AVERAGE(H92:J92),"") -> 11582.633 | L92: =SUM(K92:K96) -> 55040.965 | M92: =L92*$L$643/$L$642 -> 2.3102914 | N92: =IF(M92>=2, ROUND(M92,0), IF(M92>1.1,2,"")) -> 2 | O92: =N92 -> 2 | P92: =O92 -> 2 | R92: =R91 -> Krishnagiri | S92: =F92 -> Anchetti | T92: =G92 -> Thally | U92: =CONCATENATE(R92,"_",S92,"_",T92) -> Krishnagiri_Anchetti_Thally | V92: =IF(_xlfn.XLOOKUP($U92,GCA!$H$3:$H$593,GCA!E$3:E$593,"",0,1)="","",_xlfn.XLOOKUP($U92,GCA!$H$3:$H$593,GCA!E$3:E$593,"",0,1)) -> 11893 | W92: =IF(_xlfn.XLOOKUP($U92,GCA!$H$3:$H$593,GCA!F$3:F$593,"",0,1)="","",_xlfn.XLOOKUP($U92,GCA!$H$3:$H$593,GCA!F$3:F$593,"",0,1)) -> 10510.2 | X92: =IF(_xlfn.XLOOKUP($U92,GCA!$H$3:$H$593,GCA!G$3:G$593,"",0,1)="","",_xlfn.XLOOKUP($U92,GCA!$H$3:$H$593,GCA!G$3:G$593,"",0,1)) -> 12344.7
F93: Bargur | G93: Bargur | H93: =V93 -> 18883.305 | I93: =W93 -> 19343.11 | J93: =X93 -> 19621.925 | K93: =IFERROR(AVERAGE(H93:J93),"") -> 19282.78 | M93: =L93*$L$643/$L$642 -> 0 | N93: =IF(M93>=2, ROUND(M93,0), IF(M93>1.1,2,"")) | O93: =N93 | P93: =O93 | R93: =R92 -> Krishnagiri | S93: =F93 -> Bargur | T93: =G93 -> Bargur | U93: =CONCATENATE(R93,"_",S93,"_",T93) -> Krishnagiri_Bargur_Bargur | V93: =IF(_xlfn.XLOOKUP($U93,GCA!$H$3:$H$593,GCA!E$3:E$593,"",0,1)="","",_xlfn.XLOOKUP($U93,GCA!$H$3:$H$593,GCA!E$3:E$593,"",0,1)) -> 18883.305 | W93: =IF(_xlfn.XLOOKUP($U93,GCA!$H$3:$H$593,GCA!F$3:F$593,"",0,1)="","",_xlfn.XLOOKUP($U93,GCA!$H$3:$H$593,GCA!F$3:F$593,"",0,1)) -> 19343.11 | X93: =IF(_xlfn.XLOOKUP($U93,GCA!$H$3:$H$593,GCA!G$3:G$593,"",0,1)="","",_xlfn.XLOOKUP($U93,GCA!$H$3:$H$593,GCA!G$3:G$593,"",0,1)) -> 19621.925
F94: Bargur | G94: Mathur | H94: =V94 -> 4180.03 | I94: =W94 -> 4360.125 | J94: =X94 -> 3895.44 | K94: =IFERROR(AVERAGE(H94:J94),"") -> 4145.1983 | M94: =L94*$L$643/$L$642 -> 0 | N94: =IF(M94>=2, ROUND(M94,0), IF(M94>1.1,2,"")) | O94: =N94 | P94: =O94 | R94: =R93 -> Krishnagiri | S94: =F94 -> Bargur | T94: =G94 -> Mathur | U94: =CONCATENATE(R94,"_",S94,"_",T94) -> Krishnagiri_Bargur_Mathur | V94: =IF(_xlfn.XLOOKUP($U94,GCA!$H$3:$H$593,GCA!E$3:E$593,"",0,1)="","",_xlfn.XLOOKUP($U94,GCA!$H$3:$H$593,GCA!E$3:E$593,"",0,1)) -> 4180.03 | W94: =IF(_xlfn.XLOOKUP($U94,GCA!$H$3:$H$593,GCA!F$3:F$593,"",0,1)="","",_xlfn.XLOOKUP($U94,GCA!$H$3:$H$593,GCA!F$3:F$593,"",0,1)) -> 4360.125 | X94: =IF(_xlfn.XLOOKUP($U94,GCA!$H$3:$H$593,GCA!G$3:G$593,"",0,1)="","",_xlfn.XLOOKUP($U94,GCA!$H$3:$H$593,GCA!G$3:G$593,"",0,1)) -> 3895.44
F95: Hosur | G95: Hosur | H95: =V95 -> 24338.936 | I95: =W95 -> 17166.02 | J95: =X95 -> 17369.35 | K95: =IFERROR(AVERAGE(H95:J95),"") -> 19624.769 | M95: =L95*$L$643/$L$642 -> 0 | N95: =IF(M95>=2, ROUND(M95,0), IF(M95>1.1,2,"")) | O95: =N95 | P95: =O95 | R95: =R94 -> Krishnagiri | S95: =F95 -> Hosur | T95: =G95 -> Hosur | U95: =CONCATENATE(R95,"_",S95,"_",T95) -> Krishnagiri_Hosur_Hosur | V95: =IF(_xlfn.XLOOKUP($U95,GCA!$H$3:$H$593,GCA!E$3:E$593,"",0,1)="","",_xlfn.XLOOKUP($U95,GCA!$H$3:$H$593,GCA!E$3:E$593,"",0,1)) -> 24338.936 | W95: =IF(_xlfn.XLOOKUP($U95,GCA!$H$3:$H$593,GCA!F$3:F$593,"",0,1)="","",_xlfn.XLOOKUP($U95,GCA!$H$3:$H$593,GCA!F$3:F$593,"",0,1)) -> 17166.02 | X95: =IF(_xlfn.XLOOKUP($U95,GCA!$H$3:$H$593,GCA!G$3:G$593,"",0,1)="","",_xlfn.XLOOKUP($U95,GCA!$H$3:$H$593,GCA!G$3:G$593,"",0,1)) -> 17369.35
F96: Hosur | G96: Shoolagiri | H96: =V96 -> 268.6 | I96: =W96 -> 290.825 | J96: =X96 -> 657.329 | K96: =IFERROR(AVERAGE(H96:J96),"") -> 405.58467 | M96: =L96*$L$643/$L$642 -> 0 | N96: =IF(M96>=2, ROUND(M96,0), IF(M96>1.1,2,"")) | O96: =N96 | P96: =O96 | R96: =R95 -> Krishnagiri | S96: =F96 -> Hosur | T96: =G96 -> Shoolagiri | U96: =CONCATENATE(R96,"_",S96,"_",T96) -> Krishnagiri_Hosur_Shoolagiri | V96: =IF(_xlfn.XLOOKUP($U96,GCA!$H$3:$H$593,GCA!E$3:E$593,"",0,1)="","",_xlfn.XLOOKUP($U96,GCA!$H$3:$H$593,GCA!E$3:E$593,"",0,1)) -> 268.6 | W96: =IF(_xlfn.XLOOKUP($U96,GCA!$H$3:$H$593,GCA!F$3:F$593,"",0,1)="","",_xlfn.XLOOKUP($U96,GCA!$H$3:$H$593,GCA!F$3:F$593,"",0,1)) -> 290.825 | X96: =IF(_xlfn.XLOOKUP($U96,GCA!$H$3:$H$593,GCA!G$3:G$593,"",0,1)="","",_xlfn.XLOOKUP($U96,GCA!$H$3:$H$593,GCA!G$3:G$593,"",0,1)) -> 657.329
E97: 3 | F97: Krishnagiri | G97: Kaveripattinam | H97: =V97 -> 15995.665 | I97: =W97 -> 16103.234 | J97: =X97 -> 19386.294 | K97: =IFERROR(AVERAGE(H97:J97),"") -> 17161.731 | L97: =SUM(K97:K99) -> 42283.752 | M97: =L97*$L$643/$L$642 -> 1.7748197 | N97: =IF(M97>=2, ROUND(M97,0), IF(M97>1.1,2,"")) -> 2 | O97: =N97 -> 2 | P97: =O97 -> 2 | R97: =R96 -> Krishnagiri | S97: =F97 -> Krishnagiri | T97: =G97 -> Kaveripattinam | U97: =CONCATENATE(R97,"_",S97,"_",T97) -> Krishnagiri_Krishnagiri_Kaveripattinam | V97: =IF(_xlfn.XLOOKUP($U97,GCA!$H$3:$H$593,GCA!E$3:E$593,"",0,1)="","",_xlfn.XLOOKUP($U97,GCA!$H$3:$H$593,GCA!E$3:E$593,"",0,1)) -> 15995.665 | W97: =IF(_xlfn.XLOOKUP($U97,GCA!$H$3:$H$593,GCA!F$3:F$593,"",0,1)="","",_xlfn.XLOOKUP($U97,GCA!$H$3:$H$593,GCA!F$3:F$593,"",0,1)) -> 16103.234 | X97: =IF(_xlfn.XLOOKUP($U97,GCA!$H$3:$H$593,GCA!G$3:G$593,"",0,1)="","",_xlfn.XLOOKUP($U97,GCA!$H$3:$H$593,GCA!G$3:G$593,"",0,1)) -> 19386.294
F98: Krishnagiri | G98: Krishnagiri | H98: =V98 -> 14503.639 | I98: =W98 -> 14115.801 | J98: =X98 -> 14261.161 | K98: =IFERROR(AVERAGE(H98:J98),"") -> 14293.534 | M98: =L98*$L$643/$L$642 -> 0 | N98: =IF(M98>=2, ROUND(M98,0), IF(M98>1.1,2,"")) | O98: =N98 | P98: =O98 | R98: =R97 -> Krishnagiri | S98: =F98 -> Krishnagiri | T98: =G98 -> Krishnagiri | U98: =CONCATENATE(R98,"_",S98,"_",T98) -> Krishnagiri_Krishnagiri_Krishnagiri | V98: =IF(_xlfn.XLOOKUP($U98,GCA!$H$3:$H$593,GCA!E$3:E$593,"",0,1)="","",_xlfn.XLOOKUP($U98,GCA!$H$3:$H$593,GCA!E$3:E$593,"",0,1)) -> 14503.639 | W98: =IF(_xlfn.XLOOKUP($U98,GCA!$H$3:$H$593,GCA!F$3:F$593,"",0,1)="","",_xlfn.XLOOKUP($U98,GCA!$H$3:$H$593,GCA!F$3:F$593,"",0,1)) -> 14115.801 | X98: =IF(_xlfn.XLOOKUP($U98,GCA!$H$3:$H$593,GCA!G$3:G$593,"",0,1)="","",_xlfn.XLOOKUP($U98,GCA!$H$3:$H$593,GCA!G$3:G$593,"",0,1)) -> 14261.161
F99: Krishnagiri | G99: Veppanapalli | H99: =V99 -> 11004.11 | I99: =W99 -> 10954.931 | J99: =X99 -> 10526.422 | K99: =IFERROR(AVERAGE(H99:J99),"") -> 10828.488 | M99: =L99*$L$643/$L$642 -> 0 | N99: =IF(M99>=2, ROUND(M99,0), IF(M99>1.1,2,"")) | O99: =N99 | P99: =O99 | R99: =R98 -> Krishnagiri | S99: =F99 -> Krishnagiri | T99: =G99 -> Veppanapalli | U99: =CONCATENATE(R99,"_",S99,"_",T99) -> Krishnagiri_Krishnagiri_Veppanapalli | V99: =IF(_xlfn.XLOOKUP($U99,GCA!$H$3:$H$593,GCA!E$3:E$593,"",0,1)="","",_xlfn.XLOOKUP($U99,GCA!$H$3:$H$593,GCA!E$3:E$593,"",0,1)) -> 11004.11 | W99: =IF(_xlfn.XLOOKUP($U99,GCA!$H$3:$H$593,GCA!F$3:F$593,"",0,1)="","",_xlfn.XLOOKUP($U99,GCA!$H$3:$H$593,GCA!F$3:F$593,"",0,1)) -> 10954.931 | X99: =IF(_xlfn.XLOOKUP($U99,GCA!$H$3:$H$593,GCA!G$3:G$593,"",0,1)="","",_xlfn.XLOOKUP($U99,GCA!$H$3:$H$593,GCA!G$3:G$593,"",0,1)) -> 10526.422
E100: 4 | F100: Pochampalli | G100: Bargur | H100: =V100 -> 10042.095 | I100: =W100 -> 10064.67 | J100: =X100 -> 10302.305 | K100: =IFERROR(AVERAGE(H100:J100),"") -> 10136.357 | L100: =SUM(K100:K103) -> 49773.162 | M100: =L100*$L$643/$L$642 -> 2.0891805 | N100: =IF(M100>=2, ROUND(M100,0), IF(M100>1.1,2,"")) -> 2 | O100: =N100 -> 2 | P100: =O100 -> 2 | R100: =R99 -> Krishnagiri | S100: =F100 -> Pochampalli | T100: =G100 -> Bargur | U100: =CONCATENATE(R100,"_",S100,"_",T100) -> Krishnagiri_Pochampalli_Bargur | V100: =IF(_xlfn.XLOOKUP($U100,GCA!$H$3:$H$593,GCA!E$3:E$593,"",0,1)="","",_xlfn.XLOOKUP($U100,GCA!$H$3:$H$593,GCA!E$3:E$593,"",0,1)) -> 10042.095 | W100: =IF(_xlfn.XLOOKUP($U100,GCA!$H$3:$H$593,GCA!F$3:F$593,"",0,1)="","",_xlfn.XLOOKUP($U100,GCA!$H$3:$H$593,GCA!F$3:F$593,"",0,1)) -> 10064.67 | X100: =IF(_xlfn.XLOOKUP($U100,GCA!$H$3:$H$593,GCA!G$3:G$593,"",0,1)="","",_xlfn.XLOOKUP($U100,GCA!$H$3:$H$593,GCA!G$3:G$593,"",0,1)) -> 10302.305
...

Sheet 1.0WP
A1: PLAN OF WORK FOR UNDERTAKING SAMPLE CHECK ON AREA ENUMERATION BY CENTRAL AND STATE AGENCIES & SAMPLE CHECK ON AGGREGATION OF AREA BY STATE AGENCY UNDER ICS
A2: STATE: TAMIL NADU
A3: SEASON: PH-I (Early Kharif), PH-II (Late Kharif) and PH-III (Rabi) | P3: YEAR: 2026-27
A4: RO | B4: SRO | C4: Distt. | D4: Distt. Code | E4: Stratum | F4: Taluka | G4: Block | H4: AREA | L4: TOTAL | M4: PLAN | N4: ADJ | O4: #Vill. Planned | V4: Area
H5: 2024-25 | I5: 2023-24 | J5: 2022-23 | K5: Average | O5: Central | P5: State | R5: Distt | S5: Taluk | T5: Block | U5: concatenation | V5: yr1 | W5: yr2 | X5: yr3
A6: Coimbatore | B6: Coimbatore | C6: Erode | D6: 10 | E6: 1 | F6: Anthiyur | G6: Ammapettai | H6: =V6 -> 9926.9 | I6: =W6 -> 9168.079 | J6: =X6 -> 9852.788 | K6: =IFERROR(AVERAGE(H6:J6),"") -> 9649.2557 | L6: =SUM(K6:K11) -> 48464.442 | M6: =L6*$L$643/$L$642 -> 2.0342482 | N6: =IF(M6>=2, ROUND(M6,0), IF(M6>1.1,2,"")) -> 2 | O6: =N6 -> 2 | P6: =O6 -> 2 | R6: =C6 -> Erode | S6: =F6 -> Anthiyur | T6: =G6 -> Ammapettai | U6: =CONCATENATE(R6,"_",S6,"_",T6) -> Erode_Anthiyur_Ammapettai | V6: =IF(_xlfn.XLOOKUP($U6,GCA!$H$3:$H$593,GCA!E$3:E$593,"",0,1)="","",_xlfn.XLOOKUP($U6,GCA!$H$3:$H$593,GCA!E$3:E$593,"",0,1)) -> 9926.9 | W6: =IF(_xlfn.XLOOKUP($U6,GCA!$H$3:$H$593,GCA!F$3:F$593,"",0,1)="","",_xlfn.XLOOKUP($U6,GCA!$H$3:$H$593,GCA!F$3:F$593,"",0,1)) -> 9168.079 | X6: =IF(_xlfn.XLOOKUP($U6,GCA!$H$3:$H$593,GCA!G$3:G$593,"",0,1)="","",_xlfn.XLOOKUP($U6,GCA!$H$3:$H$593,GCA!G$3:G$593,"",0,1)) -> 9852.788
F7: Anthiyur | G7: Anthiyur | H7: =V7 -> 15268.971 | I7: =W7 -> 13246.645 | J7: =X7 -> 14112.506 | K7: =IFERROR(AVERAGE(H7:J7),"") -> 14209.374 | M7: =L7*$L$643/$L$642 -> 0 | N7: =IF(M7>=2, ROUND(M7,0), IF(M7>1.1,2,"")) | O7: =N7 | P7: =O7 | R7: =R6 -> Erode | S7: =F7 -> Anthiyur | T7: =G7 -> Anthiyur | U7: =CONCATENATE(R7,"_",S7,"_",T7) -> Erode_Anthiyur_Anthiyur | V7: =IF(_xlfn.XLOOKUP($U7,GCA!$H$3:$H$593,GCA!E$3:E$593,"",0,1)="","",_xlfn.XLOOKUP($U7,GCA!$H$3:$H$593,GCA!E$3:E$593,"",0,1)) -> 15268.971 | W7: =IF(_xlfn.XLOOKUP($U7,GCA!$H$3:$H$593,GCA!F$3:F$593,"",0,1)="","",_xlfn.XLOOKUP($U7,GCA!$H$3:$H$593,GCA!F$3:F$593,"",0,1)) -> 13246.645 | X7: =IF(_xlfn.XLOOKUP($U7,GCA!$H$3:$H$593,GCA!G$3:G$593,"",0,1)="","",_xlfn.XLOOKUP($U7,GCA!$H$3:$H$593,GCA!G$3:G$593,"",0,1)) -> 14112.506
F8: Bhavani | G8: Ammapettai | H8: =V8 -> 5219.21 | I8: =W8 -> 3644.061 | J8: =X8 -> 5000.14 | K8: =IFERROR(AVERAGE(H8:J8),"") -> 4621.137 | M8: =L8*$L$643/$L$642 -> 0 | N8: =IF(M8>=2, ROUND(M8,0), IF(M8>1.1,2,"")) | O8: =N8 | P8: =O8 | R8: =R7 -> Erode | S8: =F8 -> Bhavani | T8: =G8 -> Ammapettai | U8: =CONCATENATE(R8,"_",S8,"_",T8) -> Erode_Bhavani_Ammapettai | V8: =IF(_xlfn.XLOOKUP($U8,GCA!$H$3:$H$593,GCA!E$3:E$593,"",0,1)="","",_xlfn.XLOOKUP($U8,GCA!$H$3:$H$593,GCA!E$3:E$593,"",0,1)) -> 5219.21 | W8: =IF(_xlfn.XLOOKUP($U8,GCA!$H$3:$H$593,GCA!F$3:F$593,"",0,1)="","",_xlfn.XLOOKUP($U8,GCA!$H$3:$H$593,GCA!F$3:F$593,"",0,1)) -> 3644.061 | X8: =IF(_xlfn.XLOOKUP($U8,GCA!$H$3:$H$593,GCA!G$3:G$593,"",0,1)="","",_xlfn.XLOOKUP($U8,GCA!$H$3:$H$593,GCA!G$3:G$593,"",0,1)) -> 5000.14
F9: Bhavani | G9: Bhavani | H9: =V9 -> 14129.05 | I9: =W9 -> 13052.005 | J9: =X9 -> 13810.765 | K9: =IFERROR(AVERAGE(H9:J9),"") -> 13663.94 | M9: =L9*$L$643/$L$642 -> 0 | N9: =IF(M9>=2, ROUND(M9,0), IF(M9>1.1,2,"")) | O9: =N9 | P9: =O9 | R9: =R8 -> Erode | S9: =F9 -> Bhavani | T9: =G9 -> Bhavani | U9: =CONCATENATE(R9,"_",S9,"_",T9) -> Erode_Bhavani_Bhavani | V9: =IF(_xlfn.XLOOKUP($U9,GCA!$H$3:$H$593,GCA!E$3:E$593,"",0,1)="","",_xlfn.XLOOKUP($U9,GCA!$H$3:$H$593,GCA!E$3:E$593,"",0,1)) -> 14129.05 | W9: =IF(_xlfn.XLOOKUP($U9,GCA!$H$3:$H$593,GCA!F$3:F$593,"",0,1)="","",_xlfn.XLOOKUP($U9,GCA!$H$3:$H$593,GCA!F$3:F$593,"",0,1)) -> 13052.005 | X9: =IF(_xlfn.XLOOKUP($U9,GCA!$H$3:$H$593,GCA!G$3:G$593,"",0,1)="","",_xlfn.XLOOKUP($U9,GCA!$H$3:$H$593,GCA!G$3:G$593,"",0,1)) -> 13810.765
F10: Bhavani | G10: Gobichettipalayam | H10: =V10 -> 1396.995 | I10: =W10 -> 1303.32 | J10: =X10 -> 1440.765 | K10: =IFERROR(AVERAGE(H10:J10),"") -> 1380.36 | M10: =L10*$L$643/$L$642 -> 0 | N10: =IF(M10>=2, ROUND(M10,0), IF(M10>1.1,2,"")) | O10: =N10 | P10: =O10 | R10: =R9 -> Erode | S10: =F10 -> Bhavani | T10: =G10 -> Gobichettipalayam | U10: =CONCATENATE(R10,"_",S10,"_",T10) -> Erode_Bhavani_Gobichettipalayam | V10: =IF(_xlfn.XLOOKUP($U10,GCA!$H$3:$H$593,GCA!E$3:E$593,"",0,1)="","",_xlfn.XLOOKUP($U10,GCA!$H$3:$H$593,GCA!E$3:E$593,"",0,1)) -> 1396.995 | W10: =IF(_xlfn.XLOOKUP($U10,GCA!$H$3:$H$593,GCA!F$3:F$593,"",0,1)="","",_xlfn.XLOOKUP($U10,GCA!$H$3:$H$593,GCA!F$3:F$593,"",0,1)) -> 1303.32 | X10: =IF(_xlfn.XLOOKUP($U10,GCA!$H$3:$H$593,GCA!G$3:G$593,"",0,1)="","",_xlfn.XLOOKUP($U10,GCA!$H$3:$H$593,GCA!G$3:G$593,"",0,1)) -> 1440.765
F11: Erode | G11: Erode | H11: =V11 -> 5092.544 | I11: =W11 -> 4744.562 | J11: =X11 -> 4984.02 | K11: =IFERROR(AVERAGE(H11:J11),"") -> 4940.3753 | M11: =L11*$L$643/$L$642 -> 0 | N11: =IF(M11>=2, ROUND(M11,0), IF(M11>1.1,2,"")) | O11: =N11 | P11: =O11 | R11: =R10 -> Erode | S11: =F11 -> Erode | T11: =G11 -> Erode | U11: =CONCATENATE(R11,"_",S11,"_",T11) -> Erode_Erode_Erode | V11: =IF(_xlfn.XLOOKUP($U11,GCA!$H$3:$H$593,GCA!E$3:E$593,"",0,1)="","",_xlfn.XLOOKUP($U11,GCA!$H$3:$H$593,GCA!E$3:E$593,"",0,1)) -> 5092.544 | W11: =IF(_xlfn.XLOOKUP($U11,GCA!$H$3:$H$593,GCA!F$3:F$593,"",0,1)="","",_xlfn.XLOOKUP($U11,GCA!$H$3:$H$593,GCA!F$3:F$593,"",0,1)) -> 4744.562 | X11: =IF(_xlfn.XLOOKUP($U11,GCA!$H$3:$H$593,GCA!G$3:G$593,"",0,1)="","",_xlfn.XLOOKUP($U11,GCA!$H$3:$H$593,GCA!G$3:G$593,"",0,1)) -> 4984.02
E12: 2 | F12: Gobichettipalayam | G12: Gobichettipalayam | H12: =V12 -> 19961.81 | I12: =W12 -> 19407.275 | J12: =X12 -> 20098.05 | K12: =IFERROR(AVERAGE(H12:J12),"") -> 19822.378 | L12: =SUM(K12:K14) -> 44761.684 | M12: =L12*$L$643/$L$642 -> 1.8788285 | N12: =IF(M12>=2, ROUND(M12,0), IF(M12>1.1,2,"")) -> 2 | O12: =N12 -> 2 | P12: =O12 -> 2 | R12: =R11 -> Erode | S12: =F12 -> Gobichettipalayam | T12: =G12 -> Gobichettipalayam | U12: =CONCATENATE(R12,"_",S12,"_",T12) -> Erode_Gobichettipalayam_Gobichettipalayam | V12: =IF(_xlfn.XLOOKUP($U12,GCA!$H$3:$H$593,GCA!E$3:E$593,"",0,1)="","",_xlfn.XLOOKUP($U12,GCA!$H$3:$H$593,GCA!E$3:E$593,"",0,1)) -> 19961.81 | W12: =IF(_xlfn.XLOOKUP($U12,GCA!$H$3:$H$593,GCA!F$3:F$593,"",0,1)="","",_xlfn.XLOOKUP($U12,GCA!$H$3:$H$593,GCA!F$3:F$593,"",0,1)) -> 19407.275 | X12: =IF(_xlfn.XLOOKUP($U12,GCA!$H$3:$H$593,GCA!G$3:G$593,"",0,1)="","",_xlfn.XLOOKUP($U12,GCA!$H$3:$H$593,GCA!G$3:G$593,"",0,1)) -> 20098.05
F13: Gobichettipalayam | G13: Thukkanaickenpalayam | H13: =V13 -> 11393.772 | I13: =W13 -> 11321.419 | J13: =X13 -> 11428.695 | K13: =IFERROR(AVERAGE(H13:J13),"") -> 11381.295 | M13: =L13*$L$643/$L$642 -> 0 | N13: =IF(M13>=2, ROUND(M13,0), IF(M13>1.1,2,"")) | O13: =N13 | P13: =O13 | R13: =R12 -> Erode | S13: =F13 -> Gobichettipalayam | T13: =G13 -> Thukkanaickenpalayam | U13: =CONCATENATE(R13,"_",S13,"_",T13) -> Erode_Gobichettipalayam_Thukkanaickenpalayam | V13: =IF(_xlfn.XLOOKUP($U13,GCA!$H$3:$H$593,GCA!E$3:E$593,"",0,1)="","",_xlfn.XLOOKUP($U13,GCA!$H$3:$H$593,GCA!E$3:E$593,"",0,1)) -> 11393.772 | W13: =IF(_xlfn.XLOOKUP($U13,GCA!$H$3:$H$593,GCA!F$3:F$593,"",0,1)="","",_xlfn.XLOOKUP($U13,GCA!$H$3:$H$593,GCA!F$3:F$593,"",0,1)) -> 11321.419 | X13: =IF(_xlfn.XLOOKUP($U13,GCA!$H$3:$H$593,GCA!G$3:G$593,"",0,1)="","",_xlfn.XLOOKUP($U13,GCA!$H$3:$H$593,GCA!G$3:G$593,"",0,1)) -> 11428.695
F14: Kodumudi | G14: Kodumudi | H14: =V14 -> 14443.277 | I14: =W14 -> 12955.858 | J14: =X14 -> 13274.897 | K14: =IFERROR(AVERAGE(H14:J14),"") -> 13558.011 | M14: =L14*$L$643/$L$642 -> 0 | N14: =IF(M14>=2, ROUND(M14,0), IF(M14>1.1,2,"")) | O14: =N14 | P14: =O14 | R14: =R13 -> Erode | S14: =F14 -> Kodumudi | T14: =G14 -> Kodumudi | U14: =CONCATENATE(R14,"_",S14,"_",T14) -> Erode_Kodumudi_Kodumudi | V14: =IF(_xlfn.XLOOKUP($U14,GCA!$H$3:$H$593,GCA!E$3:E$593,"",0,1)="","",_xlfn.XLOOKUP($U14,GCA!$H$3:$H$593,GCA!E$3:E$593,"",0,1)) -> 14443.277 | W14: =IF(_xlfn.XLOOKUP($U14,GCA!$H$3:$H$593,GCA!F$3:F$593,"",0,1)="","",_xlfn.XLOOKUP($U14,GCA!$H$3:$H$593,GCA!F$3:F$593,"",0,1)) -> 12955.858 | X14: =IF(_xlfn.XLOOKUP($U14,GCA!$H$3:$H$593,GCA!G$3:G$593,"",0,1)="","",_xlfn.XLOOKUP($U14,GCA!$H$3:$H$593,GCA!G$3:G$593,"",0,1)) -> 13274.897
E15: 3 | F15: Modakurichi | G15: Modakurichi | H15: =V15 -> 17293.745 | I15: =W15 -> 16618.923 | J15: =X15 -> 16632.766 | K15: =IFERROR(AVERAGE(H15:J15),"") -> 16848.478 | L15: =SUM(K15:K19) -> 49208.115 | M15: =L15*$L$643/$L$642 -> 2.0654632 | N15: =IF(M15>=2, ROUND(M15,0), IF(M15>1.1,2,"")) -> 2 | O15: =N15 -> 2 | P15: =O15 -> 2 | R15: =R14 -> Erode | S15: =F15 -> Modakurichi | T15: =G15 -> Modakurichi | U15: =CONCATENATE(R15,"_",S15,"_",T15) -> Erode_Modakurichi_Modakurichi | V15: =IF(_xlfn.XLOOKUP($U15,GCA!$H$3:$H$593,GCA!E$3:E$593,"",0,1)="","",_xlfn.XLOOKUP($U15,GCA!$H$3:$H$593,GCA!E$3:E$593,"",0,1)) -> 17293.745 | W15: =IF(_xlfn.XLOOKUP($U15,GCA!$H$3:$H$593,GCA!F$3:F$593,"",0,1)="","",_xlfn.XLOOKUP($U15,GCA!$H$3:$H$593,GCA!F$3:F$593,"",0,1)) -> 16618.923 | X15: =IF(_xlfn.XLOOKUP($U15,GCA!$H$3:$H$593,GCA!G$3:G$593,"",0,1)="","",_xlfn.XLOOKUP($U15,GCA!$H$3:$H$593,GCA!G$3:G$593,"",0,1)) -> 16632.766
F16: Nambiyur | G16: Bhavanisagar | H16: =V16 -> 2472.978 | I16: =W16 -> 2356.34 | J16: =X16 -> 2403.445 | K16: =IFERROR(AVERAGE(H16:J16),"") -> 2410.921 | R16: =R15 -> Erode | S16: =F16 -> Nambiyur | T16: =G16 -> Bhavanisagar | U16: =CONCATENATE(R16,"_",S16,"_",T16) -> Erode_Nambiyur_Bhavanisagar | V16: =IF(_xlfn.XLOOKUP($U16,GCA!$H$3:$H$593,GCA!E$3:E$593,"",0,1)="","",_xlfn.XLOOKUP($U16,GCA!$H$3:$H$593,GCA!E$3:E$593,"",0,1)) -> 2472.978 | W16: =IF(_xlfn.XLOOKUP($U16,GCA!$H$3:$H$593,GCA!F$3:F$593,"",0,1)="","",_xlfn.XLOOKUP($U16,GCA!$H$3:$H$593,GCA!F$3:F$593,"",0,1)) -> 2356.34 | X16: =IF(_xlfn.XLOOKUP($U16,GCA!$H$3:$H$593,GCA!G$3:G$593,"",0,1)="","",_xlfn.XLOOKUP($U16,GCA!$H$3:$H$593,GCA!G$3:G$593,"",0,1)) -> 2403.445
F17: Nambiyur | G17: Nambiyur | H17: =V17 -> 13986.107 | I17: =W17 -> 13614.9 | J17: =X17 -> 14146.38 | K17: =IFERROR(AVERAGE(H17:J17),"") -> 13915.796 | R17: =R16 -> Erode | S17: =F17 -> Nambiyur | T17: =G17 -> Nambiyur | U17: =CONCATENATE(R17,"_",S17,"_",T17) -> Erode_Nambiyur_Nambiyur | V17: =IF(_xlfn.XLOOKUP($U17,GCA!$H$3:$H$593,GCA!E$3:E$593,"",0,1)="","",_xlfn.XLOOKUP($U17,GCA!$H$3:$H$593,GCA!E$3:E$593,"",0,1)) -> 13986.107 | W17: =IF(_xlfn.XLOOKUP($U17,GCA!$H$3:$H$593,GCA!F$3:F$593,"",0,1)="","",_xlfn.XLOOKUP($U17,GCA!$H$3:$H$593,GCA!F$3:F$593,"",0,1)) -> 13614.9 | X17: =IF(_xlfn.XLOOKUP($U17,GCA!$H$3:$H$593,GCA!G$3:G$593,"",0,1)="","",_xlfn.XLOOKUP($U17,GCA!$H$3:$H$593,GCA!G$3:G$593,"",0,1)) -> 14146.38
F18: Perundurai | G18: Chennimalai | H18: =V18 -> 4963.58 | I18: =W18 -> 5029.225 | J18: =X18 -> 5029.815 | K18: =IFERROR(AVERAGE(H18:J18),"") -> 5007.54 | R18: =R17 -> Erode | S18: =F18 -> Perundurai | T18: =G18 -> Chennimalai | U18: =CONCATENATE(R18,"_",S18,"_",T18) -> Erode_Perundurai_Chennimalai | V18: =IF(_xlfn.XLOOKUP($U18,GCA!$H$3:$H$593,GCA!E$3:E$593,"",0,1)="","",_xlfn.XLOOKUP($U18,GCA!$H$3:$H$593,GCA!E$3:E$593,"",0,1)) -> 4963.58 | W18: =IF(_xlfn.XLOOKUP($U18,GCA!$H$3:$H$593,GCA!F$3:F$593,"",0,1)="","",_xlfn.XLOOKUP($U18,GCA!$H$3:$H$593,GCA!F$3:F$593,"",0,1)) -> 5029.225 | X18: =IF(_xlfn.XLOOKUP($U18,GCA!$H$3:$H$593,GCA!G$3:G$593,"",0,1)="","",_xlfn.XLOOKUP($U18,GCA!$H$3:$H$593,GCA!G$3:G$593,"",0,1)) -> 5029.815
F19: Perundurai | G19: Perundurai | H19: =V19 -> 10625.64 | I19: =W19 -> 9535.545 | J19: =X19 -> 12914.955 | K19: =IFERROR(AVERAGE(H19:J19),"") -> 11025.38 | R19: =R18 -> Erode | S19: =F19 -> Perundurai | T19: =G19 -> Perundurai | U19: =CONCATENATE(R19,"_",S19,"_",T19) -> Erode_Perundurai_Perundurai | V19: =IF(_xlfn.XLOOKUP($U19,GCA!$H$3:$H$593,GCA!E$3:E$593,"",0,1)="","",_xlfn.XLOOKUP($U19,GCA!$H$3:$H$593,GCA!E$3:E$593,"",0,1)) -> 10625.64 | W19: =IF(_xlfn.XLOOKUP($U19,GCA!$H$3:$H$593,GCA!F$3:F$593,"",0,1)="","",_xlfn.XLOOKUP($U19,GCA!$H$3:$H$593,GCA!F$3:F$593,"",0,1)) -> 9535.545 | X19: =IF(_xlfn.XLOOKUP($U19,GCA!$H$3:$H$593,GCA!G$3:G$593,"",0,1)="","",_xlfn.XLOOKUP($U19,GCA!$H$3:$H$593,GCA!G$3:G$593,"",0,1)) -> 12914.955
E20: 4 | F20: Sathyamangalam | G20: Bhavanisagar | H20: =V20 -> 6126.35 | I20: =W20 -> 5978.09 | J20: =X20 -> 5548.351 | K20: =IFERROR(AVERAGE(H20:J20),"") -> 5884.2637 | L20: =SUM(K20:K23) -> 30541.373 | M20: =L20*$L$643/$L$642 -> 1.2819447 | N20: =IF(M20>=2, ROUND(M20,0), IF(M20>1.1,2,"")) -> 2 | O20: =N20 -> 2 | P20: =O20 -> 2 | R20: =R19 -> Erode | S20: =F20 -> Sathyamangalam | T20: =G20 -> Bhavanisagar | U20: =CONCATENATE(R20,"_",S20,"_",T20) -> Erode_Sathyamangalam_Bhavanisagar | V20: =IF(_xlfn.XLOOKUP($U20,GCA!$H$3:$H$593,GCA!E$3:E$593,"",0,1)="","",_xlfn.XLOOKUP($U20,GCA!$H$3:$H$593,GCA!E$3:E$593,"",0,1)) -> 6126.35 | W20: =IF(_xlfn.XLOOKUP($U20,GCA!$H$3:$H$593,GCA!F$3:F$593,"",0,1)="","",_xlfn.XLOOKUP($U20,GCA!$H$3:$H$593,GCA!F$3:F$593,"",0,1)) -> 5978.09 | X20: =IF(_xlfn.XLOOKUP($U20,GCA!$H$3:$H$593,GCA!G$3:G$593,"",0,1)="","",_xlfn.XLOOKUP($U20,GCA!$H$3:$H$593,GCA!G$3:G$593,"",0,1)) -> 5548.351
F21: Sathyamangalam | G21: Sathyamangalam | H21: =V21 -> 12454.92 | I21: =W21 -> 12419.095 | J21: =X21 -> 12578.43 | K21: =IFERROR(AVERAGE(H21:J21),"") -> 12484.148 | R21: =R20 -> Erode | S21: =F21 -> Sathyamangalam | T21: =G21 -> Sathyamangalam | U21: =CONCATENATE(R21,"_",S21,"_",T21) -> Erode_Sathyamangalam_Sathyamangalam | V21: =IF(_xlfn.XLOOKUP($U21,GCA!$H$3:$H$593,GCA!E$3:E$593,"",0,1)="","",_xlfn.XLOOKUP($U21,GCA!$H$3:$H$593,GCA!E$3:E$593,"",0,1)) -> 12454.92 | W21: =IF(_xlfn.XLOOKUP($U21,GCA!$H$3:$H$593,GCA!F$3:F$593,"",0,1)="","",_xlfn.XLOOKUP($U21,GCA!$H$3:$H$593,GCA!F$3:F$593,"",0,1)) -> 12419.095 | X21: =IF(_xlfn.XLOOKUP($U21,GCA!$H$3:$H$593,GCA!G$3:G$593,"",0,1)="","",_xlfn.XLOOKUP($U21,GCA!$H$3:$H$593,GCA!G$3:G$593,"",0,1)) -> 12578.43
F22: Sathyamangalam | G22: Talavadi | H22: =V22 -> 1491.555 | I22: =W22 -> 1458.508 | J22: =X22 -> 1465.77 | K22: =IFERROR(AVERAGE(H22:J22),"") -> 1471.9443 | R22: =R21 -> Erode | S22: =F22 -> Sathyamangalam | T22: =G22 -> Talavadi | U22: =CONCATENATE(R22,"_",S22,"_",T22) -> Erode_Sathyamangalam_Talavadi | V22: =IF(_xlfn.XLOOKUP($U22,GCA!$H$3:$H$593,GCA!E$3:E$593,"",0,1)="","",_xlfn.XLOOKUP($U22,GCA!$H$3:$H$593,GCA!E$3:E$593,"",0,1)) -> 1491.555 | W22: =IF(_xlfn.XLOOKUP($U22,GCA!$H$3:$H$593,GCA!F$3:F$593,"",0,1)="","",_xlfn.XLOOKUP($U22,GCA!$H$3:$H$593,GCA!F$3:F$593,"",0,1)) -> 1458.508 | X22: =IF(_xlfn.XLOOKUP($U22,GCA!$H$3:$H$593,GCA!G$3:G$593,"",0,1)="","",_xlfn.XLOOKUP($U22,GCA!$H$3:$H$593,GCA!G$3:G$593,"",0,1)) -> 1465.77
F23: Talavadi | G23: Talavadi | H23: =V23 -> 10232.625 | I23: =W23 -> 9890.685 | J23: =X23 -> 11979.74 | K23: =IFERROR(AVERAGE(H23:J23),"") -> 10701.017 | R23: =R22 -> Erode | S23: =F23 -> Talavadi | T23: =G23 -> Talavadi | U23: =CONCATENATE(R23,"_",S23,"_",T23) -> Erode_Talavadi_Talavadi | V23: =IF(_xlfn.XLOOKUP($U23,GCA!$H$3:$H$593,GCA!E$3:E$593,"",0,1)="","",_xlfn.XLOOKUP($U23,GCA!$H$3:$H$593,GCA!E$3:E$593,"",0,1)) -> 10232.625 | W23: =IF(_xlfn.XLOOKUP($U23,GCA!$H$3:$H$593,GCA!F$3:F$593,"",0,1)="","",_xlfn.XLOOKUP($U23,GCA!$H$3:$H$593,GCA!F$3:F$593,"",0,1)) -> 9890.685 | X23: =IF(_xlfn.XLOOKUP($U23,GCA!$H$3:$H$593,GCA!G$3:G$593,"",0,1)="","",_xlfn.XLOOKUP($U23,GCA!$H$3:$H$593,GCA!G$3:G$593,"",0,1)) -> 11979.74
E24: DISTT. TOTAL | H24: =SUM(H6:H23) -> 176480.03 | I24: =SUM(I6:I23) -> 165744.53 | J24: =SUM(J6:J23) -> 176702.28 | K24: =SUM(K6:K23) -> 172975.61 | L24: =SUM(L6:L23) -> 172975.61 | M24: =SUM(M6:M23) -> 7.2604846 | N24: =SUM(N6:N23) -> 8 | O24: =SUM(O6:O23) -> 8 | P24: =SUM(P6:P23) -> 8 | R24: =R23 -> Erode | S24: =F24 -> 0 | T24: =G24 -> 0 | U24: =CONCATENATE(R24,"_",S24,"_",T24) -> Erode_0_0 | V24: =IF(_xlfn.XLOOKUP($U24,GCA!$H$3:$H$593,GCA!E$3:E$593,"",0,1)="","",_xlfn.XLOOKUP($U24,GCA!$H$3:$H$593,GCA!E$3:E$593,"",0,1)) | W24: =IF(_xlfn.XLOOKUP($U24,GCA!$H$3:$H$593,GCA!F$3:F$593,"",0,1)="","",_xlfn.XLOOKUP($U24,GCA!$H$3:$H$593,GCA!F$3:F$593,"",0,1)) | X24: =IF(_xlfn.XLOOKUP($U24,GCA!$H$3:$H$593,GCA!G$3:G$593,"",0,1)="","",_xlfn.XLOOKUP($U24,GCA!$H$3:$H$593,GCA!G$3:G$593,"",0,1))
C25: The Nilgiris | D25: 11 | E25: 1 | F25: Coonoor | G25: Coonoor | H25: =V25 -> 13031.92 | I25: =W25 -> 12779.968 | J25: =X25 -> 12566.936 | K25: =IFERROR(AVERAGE(H25:J25),"") -> 12792.941 | L25: =SUM(K25:K32) -> 75701.639 | M25: =L25*$L$643/$L$642 -> 3.1775033 | N25: =IF(M25>=2, ROUND(M25,0), IF(M25>1.1,2,"")) -> 3 | O25: =N25 -> 3 | P25: =O25 -> 3 | R25: =C25 -> The Nilgiris | S25: =F25 -> Coonoor | T25: =G25 -> Coonoor | U25: =CONCATENATE(R25,"_",S25,"_",T25) -> The Nilgiris_Coonoor_Coonoor | V25: =IF(_xlfn.XLOOKUP($U25,GCA!$H$3:$H$593,GCA!E$3:E$593,"",0,1)="","",_xlfn.XLOOKUP($U25,GCA!$H$3:$H$593,GCA!E$3:E$593,"",0,1)) -> 13031.92 | W25: =IF(_xlfn.XLOOKUP($U25,GCA!$H$3:$H$593,GCA!F$3:F$593,"",0,1)="","",_xlfn.XLOOKUP($U25,GCA!$H$3:$H$593,GCA!F$3:F$593,"",0,1)) -> 12779.968 | X25: =IF(_xlfn.XLOOKUP($U25,GCA!$H$3:$H$593,GCA!G$3:G$593,"",0,1)="","",_xlfn.XLOOKUP($U25,GCA!$H$3:$H$593,GCA!G$3:G$593,"",0,1)) -> 12566.936
F26: Gudalur | G26: Gudalur | H26: =V26 -> 14061.047 | I26: =W26 -> 14069.272 | J26: =X26 -> 14280.78 | K26: =IFERROR(AVERAGE(H26:J26),"") -> 14137.033 | M26: =L26*$L$643/$L$642 -> 0 | N26: =IF(M26>=2, ROUND(M26,0), IF(M26>1.1,2,"")) | O26: =N26 | P26: =O26 | R26: =R25 -> The Nilgiris | S26: =F26 -> Gudalur | T26: =G26 -> Gudalur | U26: =CONCATENATE(R26,"_",S26,"_",T26) -> The Nilgiris_Gudalur_Gudalur | V26: =IF(_xlfn.XLOOKUP($U26,GCA!$H$3:$H$593,GCA!E$3:E$593,"",0,1)="","",_xlfn.XLOOKUP($U26,GCA!$H$3:$H$593,GCA!E$3:E$593,"",0,1)) -> 14061.047 | W26: =IF(_xlfn.XLOOKUP($U26,GCA!$H$3:$H$593,GCA!F$3:F$593,"",0,1)="","",_xlfn.XLOOKUP($U26,GCA!$H$3:$H$593,GCA!F$3:F$593,"",0,1)) -> 14069.272 | X26: =IF(_xlfn.XLOOKUP($U26,GCA!$H$3:$H$593,GCA!G$3:G$593,"",0,1)="","",_xlfn.XLOOKUP($U26,GCA!$H$3:$H$593,GCA!G$3:G$593,"",0,1)) -> 14280.78
F27: Kotagiri | G27: Coonoor | H27: =V27 -> 754.145 | I27: =W27 -> 747.762 | J27: =X27 -> 770.239 | K27: =IFERROR(AVERAGE(H27:J27),"") -> 757.382 | M27: =L27*$L$643/$L$642 -> 0 | N27: =IF(M27>=2, ROUND(M27,0), IF(M27>1.1,2,"")) | O27: =N27 | P27: =O27 | R27: =R26 -> The Nilgiris | S27: =F27 -> Kotagiri | T27: =G27 -> Coonoor | U27: =CONCATENATE(R27,"_",S27,"_",T27) -> The Nilgiris_Kotagiri_Coonoor | V27: =IF(_xlfn.XLOOKUP($U27,GCA!$H$3:$H$593,GCA!E$3:E$593,"",0,1)="","",_xlfn.XLOOKUP($U27,GCA!$H$3:$H$593,GCA!E$3:E$593,"",0,1)) -> 754.145 | W27: =IF(_xlfn.XLOOKUP($U27,GCA!$H$3:$H$593,GCA!F$3:F$593,"",0,1)="","",_xlfn.XLOOKUP($U27,GCA!$H$3:$H$593,GCA!F$3:F$593,"",0,1)) -> 747.762 | X27: =IF(_xlfn.XLOOKUP($U27,GCA!$H$3:$H$593,GCA!G$3:G$593,"",0,1)="","",_xlfn.XLOOKUP($U27,GCA!$H$3:$H$593,GCA!G$3:G$593,"",0,1)) -> 770.239
F28: Kotagiri | G28: Kotagiri | H28: =V28 -> 12144.999 | I28: =W28 -> 12148.339 | J28: =X28 -> 12362.475 | K28: =IFERROR(AVERAGE(H28:J28),"") -> 12218.604 | M28: =L28*$L$643/$L$642 -> 0 | N28: =IF(M28>=2, ROUND(M28,0), IF(M28>1.1,2,"")) | O28: =N28 | P28: =O28 | R28: =R27 -> The Nilgiris | S28: =F28 -> Kotagiri | T28: =G28 -> Kotagiri | U28: =CONCATENATE(R28,"_",S28,"_",T28) -> The Nilgiris_Kotagiri_Kotagiri | V28: =IF(_xlfn.XLOOKUP($U28,GCA!$H$3:$H$593,GCA!E$3:E$593,"",0,1)="","",_xlfn.XLOOKUP($U28,GCA!$H$3:$H$593,GCA!E$3:E$593,"",0,1)) -> 12144.999 | W28: =IF(_xlfn.XLOOKUP($U28,GCA!$H$3:$H$593,GCA!F$3:F$593,"",0,1)="","",_xlfn.XLOOKUP($U28,GCA!$H$3:$H$593,GCA!F$3:F$593,"",0,1)) -> 12148.339 | X28: =IF(_xlfn.XLOOKUP($U28,GCA!$H$3:$H$593,GCA!G$3:G$593,"",0,1)="","",_xlfn.XLOOKUP($U28,GCA!$H$3:$H$593,GCA!G$3:G$593,"",0,1)) -> 12362.475
F29: Kundah | G29: Udhagamandalam | H29: =V29 -> 7799.298 | I29: =W29 -> 7805.928 | J29: =X29 -> 7634.629 | K29: =IFERROR(AVERAGE(H29:J29),"") -> 7746.6183 | M29: =L29*$L$643/$L$642 -> 0 | N29: =IF(M29>=2, ROUND(M29,0), IF(M29>1.1,2,"")) | O29: =N29 | P29: =O29 | R29: =R28 -> The Nilgiris | S29: =F29 -> Kundah | T29: =G29 -> Udhagamandalam | U29: =CONCATENATE(R29,"_",S29,"_",T29) -> The Nilgiris_Kundah_Udhagamandalam | V29: =IF(_xlfn.XLOOKUP($U29,GCA!$H$3:$H$593,GCA!E$3:E$593,"",0,1)="","",_xlfn.XLOOKUP($U29,GCA!$H$3:$H$593,GCA!E$3:E$593,"",0,1)) -> 7799.298 | W29: =IF(_xlfn.XLOOKUP($U29,GCA!$H$3:$H$593,GCA!F$3:F$593,"",0,1)="","",_xlfn.XLOOKUP($U29,GCA!$H$3:$H$593,GCA!F$3:F$593,"",0,1)) -> 7805.928 | X29: =IF(_xlfn.XLOOKUP($U29,GCA!$H$3:$H$593,GCA!G$3:G$593,"",0,1)="","",_xlfn.XLOOKUP($U29,GCA!$H$3:$H$593,GCA!G$3:G$593,"",0,1)) -> 7634.629
F30: Pandalur | G30: Gudalur | H30: =V30 -> 12207.626 | I30: =W30 -> 12233.435 | J30: =X30 -> 12338.904 | K30: =IFERROR(AVERAGE(H30:J30),"") -> 12259.988 | M30: =L30*$L$643/$L$642 -> 0 | N30: =IF(M30>=2, ROUND(M30,0), IF(M30>1.1,2,"")) | O30: =N30 | P30: =O30 | R30: =R29 -> The Nilgiris | S30: =F30 -> Pandalur | T30: =G30 -> Gudalur | U30: =CONCATENATE(R30,"_",S30,"_",T30) -> The Nilgiris_Pandalur_Gudalur | V30: =IF(_xlfn.XLOOKUP($U30,GCA!$H$3:$H$593,GCA!E$3:E$593,"",0,1)="","",_xlfn.XLOOKUP($U30,GCA!$H$3:$H$593,GCA!E$3:E$593,"",0,1)) -> 12207.626 | W30: =IF(_xlfn.XLOOKUP($U30,GCA!$H$3:$H$593,GCA!F$3:F$593,"",0,1)="","",_xlfn.XLOOKUP($U30,GCA!$H$3:$H$593,GCA!F$3:F$593,"",0,1)) -> 12233.435 | X30: =IF(_xlfn.XLOOKUP($U30,GCA!$H$3:$H$593,GCA!G$3:G$593,"",0,1)="","",_xlfn.XLOOKUP($U30,GCA!$H$3:$H$593,GCA!G$3:G$593,"",0,1)) -> 12338.904
F31: Udhagamandalam | G31: Gudalur | H31: =V31 -> 740.505 | I31: =W31 -> 751.725 | J31: =X31 -> 751.22 | K31: =IFERROR(AVERAGE(H31:J31),"") -> 747.81667 | M31: =L31*$L$643/$L$642 -> 0 | N31: =IF(M31>=2, ROUND(M31,0), IF(M31>1.1,2,"")) | O31: =N31 | P31: =O31 | R31: =R30 -> The Nilgiris | S31: =F31 -> Udhagamandalam | T31: =G31 -> Gudalur | U31: =CONCATENATE(R31,"_",S31,"_",T31) -> The Nilgiris_Udhagamandalam_Gudalur | V31: =IF(_xlfn.XLOOKUP($U31,GCA!$H$3:$H$593,GCA!E$3:E$593,"",0,1)="","",_xlfn.XLOOKUP($U31,GCA!$H$3:$H$593,GCA!E$3:E$593,"",0,1)) -> 740.505 | W31: =IF(_xlfn.XLOOKUP($U31,GCA!$H$3:$H$593,GCA!F$3:F$593,"",0,1)="","",_xlfn.XLOOKUP($U31,GCA!$H$3:$H$593,GCA!F$3:F$593,"",0,1)) -> 751.725 | X31: =IF(_xlfn.XLOOKUP($U31,GCA!$H$3:$H$593,GCA!G$3:G$593,"",0,1)="","",_xlfn.XLOOKUP($U31,GCA!$H$3:$H$593,GCA!G$3:G$593,"",0,1)) -> 751.22
F32: Udhagamandalam | G32: Udhagamandalam | H32: =V32 -> 14980.885 | I32: =W32 -> 14912.145 | J32: =X32 -> 15230.735 | K32: =IFERROR(AVERAGE(H32:J32),"") -> 15041.255 | M32: =L32*$L$643/$L$642 -> 0 | N32: =IF(M32>=2, ROUND(M32,0), IF(M32>1.1,2,"")) | O32: =N32 | P32: =O32 | R32: =R31 -> The Nilgiris | S32: =F32 -> Udhagamandalam | T32: =G32 -> Udhagamandalam | U32: =CONCATENATE(R32,"_",S32,"_",T32) -> The Nilgiris_Udhagamandalam_Udhagamandalam | V32: =IF(_xlfn.XLOOKUP($U32,GCA!$H$3:$H$593,GCA!E$3:E$593,"",0,1)="","",_xlfn.XLOOKUP($U32,GCA!$H$3:$H$593,GCA!E$3:E$593,"",0,1)) -> 14980.885 | W32: =IF(_xlfn.XLOOKUP($U32,GCA!$H$3:$H$593,GCA!F$3:F$593,"",0,1)="","",_xlfn.XLOOKUP($U32,GCA!$H$3:$H$593,GCA!F$3:F$593,"",0,1)) -> 14912.145 | X32: =IF(_xlfn.XLOOKUP($U32,GCA!$H$3:$H$593,GCA!G$3:G$593,"",0,1)="","",_xlfn.XLOOKUP($U32,GCA!$H$3:$H$593,GCA!G$3:G$593,"",0,1)) -> 15230.735
E33: DISTT. TOTAL | H33: =SUM(H25:H32) -> 75720.425 | I33: =SUM(I25:I32) -> 75448.574 | J33: =SUM(J25:J32) -> 75935.918 | K33: =SUM(K25:K32) -> 75701.639 | L33: =SUM(L25:L32) -> 75701.639 | M33: =SUM(M25:M32) -> 3.1775033 | N33: =SUM(N25:N32) -> 3 | O33: =SUM(O25:O32) -> 3 | P33: =SUM(P25:P32) -> 3 | R33: =R32 -> The Nilgiris | S33: =F33 -> 0 | T33: =G33 -> 0 | U33: =CONCATENATE(R33,"_",S33,"_",T33) -> The Nilgiris_0_0 | V33: =IF(_xlfn.XLOOKUP($U33,GCA!$H$3:$H$593,GCA!E$3:E$593,"",0,1)="","",_xlfn.XLOOKUP($U33,GCA!$H$3:$H$593,GCA!E$3:E$593,"",0,1)) | W33: =IF(_xlfn.XLOOKUP($U33,GCA!$H$3:$H$593,GCA!F$3:F$593,"",0,1)="","",_xlfn.XLOOKUP($U33,GCA!$H$3:$H$593,GCA!F$3:F$593,"",0,1)) | X33: =IF(_xlfn.XLOOKUP($U33,GCA!$H$3:$H$593,GCA!G$3:G$593,"",0,1)="","",_xlfn.XLOOKUP($U33,GCA!$H$3:$H$593,GCA!G$3:G$593,"",0,1))
C34: Coimbatore | D34: 12 | E34: 1 | F34: Anaimalai | G34: Anaimalai | H34: =V34 -> 27447.15 | I34: =W34 -> 26537.542 | J34: =X34 -> 28259.78 | K34: =IFERROR(AVERAGE(H34:J34),"") -> 27414.824 | L34: =SUM(K34:K37) -> 46287.932 | M34: =L34*$L$643/$L$642 -> 1.9428913 | N34: =IF(M34>=2, ROUND(M34,0), IF(M34>1.1,2,"")) -> 2 | O34: =N34 -> 2 | P34: =O34 -> 2 | R34: =C34 -> Coimbatore | S34: =F34 -> Anaimalai | T34: =G34 -> Anaimalai | U34: =CONCATENATE(R34,"_",S34,"_",T34) -> Coimbatore_Anaimalai_Anaimalai | V34: =IF(_xlfn.XLOOKUP($U34,GCA!$H$3:$H$593,GCA!E$3:E$593,"",0,1)="","",_xlfn.XLOOKUP($U34,GCA!$H$3:$H$593,GCA!E$3:E$593,"",0,1)) -> 27447.15 | W34: =IF(_xlfn.XLOOKUP($U34,GCA!$H$3:$H$593,GCA!F$3:F$593,"",0,1)="","",_xlfn.XLOOKUP($U34,GCA!$H$3:$H$593,GCA!F$3:F$593,"",0,1)) -> 26537.542 | X34: =IF(_xlfn.XLOOKUP($U34,GCA!$H$3:$H$593,GCA!G$3:G$593,"",0,1)="","",_xlfn.XLOOKUP($U34,GCA!$H$3:$H$593,GCA!G$3:G$593,"",0,1)) -> 28259.78
F35: Anaimalai | G35: Pollachi South | H35: =V35 -> 5369.63 | I35: =W35 -> 5022.18 | J35: =X35 -> 5565.899 | K35: =IFERROR(AVERAGE(H35:J35),"") -> 5319.2363 | M35: =L35*$L$643/$L$642 -> 0 | N35: =IF(M35>=2, ROUND(M35,0), IF(M35>1.1,2,"")) | O35: =N35 | P35: =O35 | R35: =R34 -> Coimbatore | S35: =F35 -> Anaimalai | T35: =G35 -> Pollachi South | U35: =CONCATENATE(R35,"_",S35,"_",T35) -> Coimbatore_Anaimalai_Pollachi South | V35: =IF(_xlfn.XLOOKUP($U35,GCA!$H$3:$H$593,GCA!E$3:E$593,"",0,1)="","",_xlfn.XLOOKUP($U35,GCA!$H$3:$H$593,GCA!E$3:E$593,"",0,1)) -> 5369.63 | W35: =IF(_xlfn.XLOOKUP($U35,GCA!$H$3:$H$593,GCA!F$3:F$593,"",0,1)="","",_xlfn.XLOOKUP($U35,GCA!$H$3:$H$593,GCA!F$3:F$593,"",0,1)) -> 5022.18 | X35: =IF(_xlfn.XLOOKUP($U35,GCA!$H$3:$H$593,GCA!G$3:G$593,"",0,1)="","",_xlfn.XLOOKUP($U35,GCA!$H$3:$H$593,GCA!G$3:G$593,"",0,1)) -> 5565.899
F36: Annur | G36: Annur | H36: =V36 -> 9396.175 | I36: =W36 -> 10243.545 | J36: =X36 -> 11140.985 | K36: =IFERROR(AVERAGE(H36:J36),"") -> 10260.235 | M36: =L36*$L$643/$L$642 -> 0 | N36: =IF(M36>=2, ROUND(M36,0), IF(M36>1.1,2,"")) | O36: =N36 | P36: =O36 | R36: =R35 -> Coimbatore | S36: =F36 -> Annur | T36: =G36 -> Annur | U36: =CONCATENATE(R36,"_",S36,"_",T36) -> Coimbatore_Annur_Annur | V36: =IF(_xlfn.XLOOKUP($U36,GCA!$H$3:$H$593,GCA!E$3:E$593,"",0,1)="","",_xlfn.XLOOKUP($U36,GCA!$H$3:$H$593,GCA!E$3:E$593,"",0,1)) -> 9396.175 | W36: =IF(_xlfn.XLOOKUP($U36,GCA!$H$3:$H$593,GCA!F$3:F$593,"",0,1)="","",_xlfn.XLOOKUP($U36,GCA!$H$3:$H$593,GCA!F$3:F$593,"",0,1)) -> 10243.545 | X36: =IF(_xlfn.XLOOKUP($U36,GCA!$H$3:$H$593,GCA!G$3:G$593,"",0,1)="","",_xlfn.XLOOKUP($U36,GCA!$H$3:$H$593,GCA!G$3:G$593,"",0,1)) -> 11140.985
F37: Annur | G37: Sarkar Samakulam | H37: =V37 -> 3094.04 | I37: =W37 -> 3252.455 | J37: =X37 -> 3534.415 | K37: =IFERROR(AVERAGE(H37:J37),"") -> 3293.6367 | M37: =L37*$L$643/$L$642 -> 0 | N37: =IF(M37>=2, ROUND(M37,0), IF(M37>1.1,2,"")) | O37: =N37 | P37: =O37 | R37: =R36 -> Coimbatore | S37: =F37 -> Annur | T37: =G37 -> Sarkar Samakulam | U37: =CONCATENATE(R37,"_",S37,"_",T37) -> Coimbatore_Annur_Sarkar Samakulam | V37: =IF(_xlfn.XLOOKUP($U37,GCA!$H$3:$H$593,GCA!E$3:E$593,"",0,1)="","",_xlfn.XLOOKUP($U37,GCA!$H$3:$H$593,GCA!E$3:E$593,"",0,1)) -> 3094.04 | W37: =IF(_xlfn.XLOOKUP($U37,GCA!$H$3:$H$593,GCA!F$3:F$593,"",0,1)="","",_xlfn.XLOOKUP($U37,GCA!$H$3:$H$593,GCA!F$3:F$593,"",0,1)) -> 3252.455 | X37: =IF(_xlfn.XLOOKUP($U37,GCA!$H$3:$H$593,GCA!G$3:G$593,"",0,1)="","",_xlfn.XLOOKUP($U37,GCA!$H$3:$H$593,GCA!G$3:G$593,"",0,1)) -> 3534.415
E38: 2 | F38: Coimbatore North | G38: Periyanaickenpalayam | H38: =V38 -> 4536.28 | I38: =W38 -> 4405.214 | J38: =X38 -> 4581.572 | K38: =IFERROR(AVERAGE(H38:J38),"") -> 4507.6887 | L38: =SUM(K38:K44) -> 48020.175 | M38: =L38*$L$643/$L$642 -> 2.0156005 | N38: =IF(M38>=2, ROUND(M38,0), IF(M38>1.1,2,"")) -> 2 | O38: =N38 -> 2 | P38: =O38 -> 2 | R38: =R37 -> Coimbatore | S38: =F38 -> Coimbatore North | T38: =G38 -> Periyanaickenpalayam | U38: =CONCATENATE(R38,"_",S38,"_",T38) -> Coimbatore_Coimbatore North_Periyanaickenpalayam | V38: =IF(_xlfn.XLOOKUP($U38,GCA!$H$3:$H$593,GCA!E$3:E$593,"",0,1)="","",_xlfn.XLOOKUP($U38,GCA!$H$3:$H$593,GCA!E$3:E$593,"",0,1)) -> 4536.28 | W38: =IF(_xlfn.XLOOKUP($U38,GCA!$H$3:$H$593,GCA!F$3:F$593,"",0,1)="","",_xlfn.XLOOKUP($U38,GCA!$H$3:$H$593,GCA!F$3:F$593,"",0,1)) -> 4405.214 | X38: =IF(_xlfn.XLOOKUP($U38,GCA!$H$3:$H$593,GCA!G$3:G$593,"",0,1)="","",_xlfn.XLOOKUP($U38,GCA!$H$3:$H$593,GCA!G$3:G$593,"",0,1)) -> 4581.572
F39: Coimbatore North | G39: Sarkar Samakulam | H39: =V39 -> 960.944 | I39: =W39 -> 967.035 | J39: =X39 -> 996.81 | K39: =IFERROR(AVERAGE(H39:J39),"") -> 974.92967 | M39: =L39*$L$643/$L$642 -> 0 | N39: =IF(M39>=2, ROUND(M39,0), IF(M39>1.1,2,"")) | O39: =N39 | P39: =O39 | R39: =R38 -> Coimbatore | S39: =F39 -> Coimbatore North | T39: =G39 -> Sarkar Samakulam | U39: =CONCATENATE(R39,"_",S39,"_",T39) -> Coimbatore_Coimbatore North_Sarkar Samakulam | V39: =IF(_xlfn.XLOOKUP($U39,GCA!$H$3:$H$593,GCA!E$3:E$593,"",0,1)="","",_xlfn.XLOOKUP($U39,GCA!$H$3:$H$593,GCA!E$3:E$593,"",0,1)) -> 960.944 | W39: =IF(_xlfn.XLOOKUP($U39,GCA!$H$3:$H$593,GCA!F$3:F$593,"",0,1)="","",_xlfn.XLOOKUP($U39,GCA!$H$3:$H$593,GCA!F$3:F$593,"",0,1)) -> 967.035 | X39: =IF(_xlfn.XLOOKUP($U39,GCA!$H$3:$H$593,GCA!G$3:G$593,"",0,1)="","",_xlfn.XLOOKUP($U39,GCA!$H$3:$H$593,GCA!G$3:G$593,"",0,1)) -> 996.81
F40: Coimbatore South | G40: Madukkarai | H40: =V40 -> 296.027 | I40: =W40 -> 280.876 | J40: =X40 -> 282.687 | K40: =IFERROR(AVERAGE(H40:J40),"") -> 286.53 | M40: =L40*$L$643/$L$642 -> 0 | N40: =IF(M40>=2, ROUND(M40,0), IF(M40>1.1,2,"")) | O40: =N40 | P40: =O40 | R40: =R39 -> Coimbatore | S40: =F40 -> Coimbatore South | T40: =G40 -> Madukkarai | U40: =CONCATENATE(R40,"_",S40,"_",T40) -> Coimbatore_Coimbatore South_Madukkarai | V40: =IF(_xlfn.XLOOKUP($U40,GCA!$H$3:$H$593,GCA!E$3:E$593,"",0,1)="","",_xlfn.XLOOKUP($U40,GCA!$H$3:$H$593,GCA!E$3:E$593,"",0,1)) -> 296.027 | W40: =IF(_xlfn.XLOOKUP($U40,GCA!$H$3:$H$593,GCA!F$3:F$593,"",0,1)="","",_xlfn.XLOOKUP($U40,GCA!$H$3:$H$593,GCA!F$3:F$593,"",0,1)) -> 280.876 | X40: =IF(_xlfn.XLOOKUP($U40,GCA!$H$3:$H$593,GCA!G$3:G$593,"",0,1)="","",_xlfn.XLOOKUP($U40,GCA!$H$3:$H$593,GCA!G$3:G$593,"",0,1)) -> 282.687
F41: Coimbatore South | G41: Thondamuthur | H41: =V41 -> 163.88 | I41: =W41 -> 173.36 | J41: =X41 -> 180.812 | K41: =IFERROR(AVERAGE(H41:J41),"") -> 172.684 | M41: =L41*$L$643/$L$642 -> 0 | N41: =IF(M41>=2, ROUND(M41,0), IF(M41>1.1,2,"")) | O41: =N41 | P41: =O41 | R41: =R40 -> Coimbatore | S41: =F41 -> Coimbatore South | T41: =G41 -> Thondamuthur | U41: =CONCATENATE(R41,"_",S41,"_",T41) -> Coimbatore_Coimbatore South_Thondamuthur | V41: =IF(_xlfn.XLOOKUP($U41,GCA!$H$3:$H$593,GCA!E$3:E$593,"",0,1)="","",_xlfn.XLOOKUP($U41,GCA!$H$3:$H$593,GCA!E$3:E$593,"",0,1)) -> 163.88 | W41: =IF(_xlfn.XLOOKUP($U41,GCA!$H$3:$H$593,GCA!F$3:F$593,"",0,1)="","",_xlfn.XLOOKUP($U41,GCA!$H$3:$H$593,GCA!F$3:F$593,"",0,1)) -> 173.36 | X41: =IF(_xlfn.XLOOKUP($U41,GCA!$H$3:$H$593,GCA!G$3:G$593,"",0,1)="","",_xlfn.XLOOKUP($U41,GCA!$H$3:$H$593,GCA!G$3:G$593,"",0,1)) -> 180.812
F42: Kinathukadavu | G42: Kinathukadavu | H42: =V42 -> 18765.13 | I42: =W42 -> 18144.622 | J42: =X42 -> 19524.294 | K42: =IFERROR(AVERAGE(H42:J42),"") -> 18811.349 | M42: =L42*$L$643/$L$642 -> 0 | N42: =IF(M42>=2, ROUND(M42,0), IF(M42>1.1,2,"")) | O42: =N42 | P42: =O42 | R42: =R41 -> Coimbatore | S42: =F42 -> Kinathukadavu | T42: =G42 -> Kinathukadavu | U42: =CONCATENATE(R42,"_",S42,"_",T42) -> Coimbatore_Kinathukadavu_Kinathukadavu | V42: =IF(_xlfn.XLOOKUP($U42,GCA!$H$3:$H$593,GCA!E$3:E$593,"",0,1)="","",_xlfn.XLOOKUP($U42,GCA!$H$3:$H$593,GCA!E$3:E$593,"",0,1)) -> 18765.13 | W42: =IF(_xlfn.XLOOKUP($U42,GCA!$H$3:$H$593,GCA!F$3:F$593,"",0,1)="","",_xlfn.XLOOKUP($U42,GCA!$H$3:$H$593,GCA!F$3:F$593,"",0,1)) -> 18144.622 | X42: =IF(_xlfn.XLOOKUP($U42,GCA!$H$3:$H$593,GCA!G$3:G$593,"",0,1)="","",_xlfn.XLOOKUP($U42,GCA!$H$3:$H$593,GCA!G$3:G$593,"",0,1)) -> 19524.294
F43: Madukkarai | G43: Madukkarai | H43: =V43 -> 10457.96 | I43: =W43 -> 10230.295 | J43: =X43 -> 10362.79 | K43: =IFERROR(AVERAGE(H43:J43),"") -> 10350.348 | M43: =L43*$L$643/$L$642 -> 0 | N43: =IF(M43>=2, ROUND(M43,0), IF(M43>1.1,2,"")) | O43: =N43 | P43: =O43 | R43: =R42 -> Coimbatore | S43: =F43 -> Madukkarai | T43: =G43 -> Madukkarai | U43: =CONCATENATE(R43,"_",S43,"_",T43) -> Coimbatore_Madukkarai_Madukkarai | V43: =IF(_xlfn.XLOOKUP($U43,GCA!$H$3:$H$593,GCA!E$3:E$593,"",0,1)="","",_xlfn.XLOOKUP($U43,GCA!$H$3:$H$593,GCA!E$3:E$593,"",0,1)) -> 10457.96 | W43: =IF(_xlfn.XLOOKUP($U43,GCA!$H$3:$H$593,GCA!F$3:F$593,"",0,1)="","",_xlfn.XLOOKUP($U43,GCA!$H$3:$H$593,GCA!F$3:F$593,"",0,1)) -> 10230.295 | X43: =IF(_xlfn.XLOOKUP($U43,GCA!$H$3:$H$593,GCA!G$3:G$593,"",0,1)="","",_xlfn.XLOOKUP($U43,GCA!$H$3:$H$593,GCA!G$3:G$593,"",0,1)) -> 10362.79
F44: Mettupalayam | G44: Karamadai | H44: =V44 -> 12560.31 | I44: =W44 -> 13043.186 | J44: =X44 -> 13146.442 | K44: =IFERROR(AVERAGE(H44:J44),"") -> 12916.646 | M44: =L44*$L$643/$L$642 -> 0 | N44: =IF(M44>=2, ROUND(M44,0), IF(M44>1.1,2,"")) | O44: =N44 | P44: =O44 | R44: =R43 -> Coimbatore | S44: =F44 -> Mettupalayam | T44: =G44 -> Karamadai | U44: =CONCATENATE(R44,"_",S44,"_",T44) -> Coimbatore_Mettupalayam_Karamadai | V44: =IF(_xlfn.XLOOKUP($U44,GCA!$H$3:$H$593,GCA!E$3:E$593,"",0,1)="","",_xlfn.XLOOKUP($U44,GCA!$H$3:$H$593,GCA!E$3:E$593,"",0,1)) -> 12560.31 | W44: =IF(_xlfn.XLOOKUP($U44,GCA!$H$3:$H$593,GCA!F$3:F$593,"",0,1)="","",_xlfn.XLOOKUP($U44,GCA!$H$3:$H$593,GCA!F$3:F$593,"",0,1)) -> 13043.186 | X44: =IF(_xlfn.XLOOKUP($U44,GCA!$H$3:$H$593,GCA!G$3:G$593,"",0,1)="","",_xlfn.XLOOKUP($U44,GCA!$H$3:$H$593,GCA!G$3:G$593,"",0,1)) -> 13146.442
E45: 3 | F45: Perur | G45: Madukkarai | H45: =V45 -> 362.4 | I45: =W45 -> 367.71 | J45: =X45 -> 446.39 | K45: =IFERROR(AVERAGE(H45:J45),"") -> 392.16667 | L45: =SUM(K45:K49) -> 41108.676 | M45: =L45*$L$643/$L$642 -> 1.725497 | N45: =IF(M45>=2, ROUND(M45,0), IF(M45>1.1,2,"")) -> 2 | O45: =N45 -> 2 | P45: =O45 -> 2 | R45: =R44 -> Coimbatore | S45: =F45 -> Perur | T45: =G45 -> Madukkarai | U45: =CONCATENATE(R45,"_",S45,"_",T45) -> Coimbatore_Perur_Madukkarai | V45: =IF(_xlfn.XLOOKUP($U45,GCA!$H$3:$H$593,GCA!E$3:E$593,"",0,1)="","",_xlfn.XLOOKUP($U45,GCA!$H$3:$H$593,GCA!E$3:E$593,"",0,1)) -> 362.4 | W45: =IF(_xlfn.XLOOKUP($U45,GCA!$H$3:$H$593,GCA!F$3:F$593,"",0,1)="","",_xlfn.XLOOKUP($U45,GCA!$H$3:$H$593,GCA!F$3:F$593,"",0,1)) -> 367.71 | X45: =IF(_xlfn.XLOOKUP($U45,GCA!$H$3:$H$593,GCA!G$3:G$593,"",0,1)="","",_xlfn.XLOOKUP($U45,GCA!$H$3:$H$593,GCA!G$3:G$593,"",0,1)) -> 446.39
F46: Perur | G46: Periyanaickenpalayam | H46: =V46 -> 177.5 | I46: =W46 -> 182.09 | J46: =X46 -> 185.2 | K46: =IFERROR(AVERAGE(H46:J46),"") -> 181.59667 | M46: =L46*$L$643/$L$642 -> 0 | N46: =IF(M46>=2, ROUND(M46,0), IF(M46>1.1,2,"")) | O46: =N46 | P46: =O46 | R46: =R45 -> Coimbatore | S46: =F46 -> Perur | T46: =G46 -> Periyanaickenpalayam | U46: =CONCATENATE(R46,"_",S46,"_",T46) -> Coimbatore_Perur_Periyanaickenpalayam | V46: =IF(_xlfn.XLOOKUP($U46,GCA!$H$3:$H$593,GCA!E$3:E$593,"",0,1)="","",_xlfn.XLOOKUP($U46,GCA!$H$3:$H$593,GCA!E$3:E$593,"",0,1)) -> 177.5 | W46: =IF(_xlfn.XLOOKUP($U46,GCA!$H$3:$H$593,GCA!F$3:F$593,"",0,1)="","",_xlfn.XLOOKUP($U46,GCA!$H$3:$H$593,GCA!F$3:F$593,"",0,1)) -> 182.09 | X46: =IF(_xlfn.XLOOKUP($U46,GCA!$H$3:$H$593,GCA!G$3:G$593,"",0,1)="","",_xlfn.XLOOKUP($U46,GCA!$H$3:$H$593,GCA!G$3:G$593,"",0,1)) -> 185.2
F47: Perur | G47: Thondamuthur | H47: =V47 -> 11569.581 | I47: =W47 -> 12032.775 | J47: =X47 -> 12448.233 | K47: =IFERROR(AVERAGE(H47:J47),"") -> 12016.863 | M47: =L47*$L$643/$L$642 -> 0 | N47: =IF(M47>=2, ROUND(M47,0), IF(M47>1.1,2,"")) | O47: =N47 | P47: =O47 | R47: =R46 -> Coimbatore | S47: =F47 -> Perur | T47: =G47 -> Thondamuthur | U47: =CONCATENATE(R47,"_",S47,"_",T47) -> Coimbatore_Perur_Thondamuthur | V47: =IF(_xlfn.XLOOKUP($U47,GCA!$H$3:$H$593,GCA!E$3:E$593,"",0,1)="","",_xlfn.XLOOKUP($U47,GCA!$H$3:$H$593,GCA!E$3:E$593,"",0,1)) -> 11569.581 | W47: =IF(_xlfn.XLOOKUP($U47,GCA!$H$3:$H$593,GCA!F$3:F$593,"",0,1)="","",_xlfn.XLOOKUP($U47,GCA!$H$3:$H$593,GCA!F$3:F$593,"",0,1)) -> 12032.775 | X47: =IF(_xlfn.XLOOKUP($U47,GCA!$H$3:$H$593,GCA!G$3:G$593,"",0,1)="","",_xlfn.XLOOKUP($U47,GCA!$H$3:$H$593,GCA!G$3:G$593,"",0,1)) -> 12448.233
F48: Pollachi | G48: Pollachi North | H48: =V48 -> 19554.06 | I48: =W48 -> 19760.62 | J48: =X48 -> 20524.685 | K48: =IFERROR(AVERAGE(H48:J48),"") -> 19946.455 | M48: =L48*$L$643/$L$642 -> 0 | N48: =IF(M48>=2, ROUND(M48,0), IF(M48>1.1,2,"")) | O48: =N48 | P48: =O48 | R48: =R47 -> Coimbatore | S48: =F48 -> Pollachi | T48: =G48 -> Pollachi North | U48: =CONCATENATE(R48,"_",S48,"_",T48) -> Coimbatore_Pollachi_Pollachi North | V48: =IF(_xlfn.XLOOKUP($U48,GCA!$H$3:$H$593,GCA!E$3:E$593,"",0,1)="","",_xlfn.XLOOKUP($U48,GCA!$H$3:$H$593,GCA!E$3:E$593,"",0,1)) -> 19554.06 | W48: =IF(_xlfn.XLOOKUP($U48,GCA!$H$3:$H$593,GCA!F$3:F$593,"",0,1)="","",_xlfn.XLOOKUP($U48,GCA!$H$3:$H$593,GCA!F$3:F$593,"",0,1)) -> 19760.62 | X48: =IF(_xlfn.XLOOKUP($U48,GCA!$H$3:$H$593,GCA!G$3:G$593,"",0,1)="","",_xlfn.XLOOKUP($U48,GCA!$H$3:$H$593,GCA!G$3:G$593,"",0,1)) -> 20524.685
F49: Pollachi | G49: Pollachi South | H49: =V49 -> 8666.945 | I49: =W49 -> 8353.419 | J49: =X49 -> 8694.42 | K49: =IFERROR(AVERAGE(H49:J49),"") -> 8571.5947 | M49: =L49*$L$643/$L$642 -> 0 | N49: =IF(M49>=2, ROUND(M49,0), IF(M49>1.1,2,"")) | O49: =N49 | P49: =O49 | R49: =R48 -> Coimbatore | S49: =F49 -> Pollachi | T49: =G49 -> Pollachi South | U49: =CONCATENATE(R49,"_",S49,"_",T49) -> Coimbatore_Pollachi_Pollachi South | V49: =IF(_xlfn.XLOOKUP($U49,GCA!$H$3:$H$593,GCA!E$3:E$593,"",0,1)="","",_xlfn.XLOOKUP($U49,GCA!$H$3:$H$593,GCA!E$3:E$593,"",0,1)) -> 8666.945 | W49: =IF(_xlfn.XLOOKUP($U49,GCA!$H$3:$H$593,GCA!F$3:F$593,"",0,1)="","",_xlfn.XLOOKUP($U49,GCA!$H$3:$H$593,GCA!F$3:F$593,"",0,1)) -> 8353.419 | X49: =IF(_xlfn.XLOOKUP($U49,GCA!$H$3:$H$593,GCA!G$3:G$593,"",0,1)="","",_xlfn.XLOOKUP($U49,GCA!$H$3:$H$593,GCA!G$3:G$593,"",0,1)) -> 8694.42
E50: 4 | F50: Sulur | G50: Sultanpet | H50: =V50 -> 13505.353 | I50: =W50 -> 13585.921 | J50: =X50 -> 14024.445 | K50: =IFERROR(AVERAGE(H50:J50),"") -> 13705.24 | L50: =SUM(K50:K52) -> 34728.385 | M50: =L50*$L$643/$L$642 -> 1.4576905 | N50: =IF(M50>=2, ROUND(M50,0), IF(M50>1.1,2,"")) -> 2 | O50: =N50 -> 2 | P50: =O50 -> 2 | R50: =R49 -> Coimbatore | S50: =F50 -> Sulur | T50: =G50 -> Sultanpet | U50: =CONCATENATE(R50,"_",S50,"_",T50) -> Coimbatore_Sulur_Sultanpet | V50: =IF(_xlfn.XLOOKUP($U50,GCA!$H$3:$H$593,GCA!E$3:E$593,"",0,1)="","",_xlfn.XLOOKUP($U50,GCA!$H$3:$H$593,GCA!E$3:E$593,"",0,1)) -> 13505.353 | W50: =IF(_xlfn.XLOOKUP($U50,GCA!$H$3:$H$593,GCA!F$3:F$593,"",0,1)="","",_xlfn.XLOOKUP($U50,GCA!$H$3:$H$593,GCA!F$3:F$593,"",0,1)) -> 13585.921 | X50: =IF(_xlfn.XLOOKUP($U50,GCA!$H$3:$H$593,GCA!G$3:G$593,"",0,1)="","",_xlfn.XLOOKUP($U50,GCA!$H$3:$H$593,GCA!G$3:G$593,"",0,1)) -> 14024.445
F51: Sulur | G51: Sulur | H51: =V51 -> 6555.288 | I51: =W51 -> 6482.456 | J51: =X51 -> 6749.249 | K51: =IFERROR(AVERAGE(H51:J51),"") -> 6595.6643 | M51: =L51*$L$643/$L$642 -> 0 | N51: =IF(M51>=2, ROUND(M51,0), IF(M51>1.1,2,"")) | O51: =N51 | P51: =O51 | R51: =R50 -> Coimbatore | S51: =F51 -> Sulur | T51: =G51 -> Sulur | U51: =CONCATENATE(R51,"_",S51,"_",T51) -> Coimbatore_Sulur_Sulur | V51: =IF(_xlfn.XLOOKUP($U51,GCA!$H$3:$H$593,GCA!E$3:E$593,"",0,1)="","",_xlfn.XLOOKUP($U51,GCA!$H$3:$H$593,GCA!E$3:E$593,"",0,1)) -> 6555.288 | W51: =IF(_xlfn.XLOOKUP($U51,GCA!$H$3:$H$593,GCA!F$3:F$593,"",0,1)="","",_xlfn.XLOOKUP($U51,GCA!$H$3:$H$593,GCA!F$3:F$593,"",0,1)) -> 6482.456 | X51: =IF(_xlfn.XLOOKUP($U51,GCA!$H$3:$H$593,GCA!G$3:G$593,"",0,1)="","",_xlfn.XLOOKUP($U51,GCA!$H$3:$H$593,GCA!G$3:G$593,"",0,1)) -> 6749.249
F52: Valparai | G52: Anaimalai | H52: =V52 -> 14427.24 | I52: =W52 -> 14427.24 | J52: =X52 -> 14427.963 | K52: =IFERROR(AVERAGE(H52:J52),"") -> 14427.481 | M52: =L52*$L$643/$L$642 -> 0 | N52: =IF(M52>=2, ROUND(M52,0), IF(M52>1.1,2,"")) | O52: =N52 | P52: =O52 | R52: =R51 -> Coimbatore | S52: =F52 -> Valparai | T52: =G52 -> Anaimalai | U52: =CONCATENATE(R52,"_",S52,"_",T52) -> Coimbatore_Valparai_Anaimalai | V52: =IF(_xlfn.XLOOKUP($U52,GCA!$H$3:$H$593,GCA!E$3:E$593,"",0,1)="","",_xlfn.XLOOKUP($U52,GCA!$H$3:$H$593,GCA!E$3:E$593,"",0,1)) -> 14427.24 | W52: =IF(_xlfn.XLOOKUP($U52,GCA!$H$3:$H$593,GCA!F$3:F$593,"",0,1)="","",_xlfn.XLOOKUP($U52,GCA!$H$3:$H$593,GCA!F$3:F$593,"",0,1)) -> 14427.24 | X52: =IF(_xlfn.XLOOKUP($U52,GCA!$H$3:$H$593,GCA!G$3:G$593,"",0,1)="","",_xlfn.XLOOKUP($U52,GCA!$H$3:$H$593,GCA!G$3:G$593,"",0,1)) -> 14427.963
E53: DISTT. TOTAL | H53: =SUM(H34:H52) -> 167865.89 | I53: =SUM(I34:I52) -> 167492.54 | J53: =SUM(J34:J52) -> 175077.07 | K53: =SUM(K34:K52) -> 170145.17 | L53: =SUM(L34:L52) -> 170145.17 | M53: =SUM(M34:M52) -> 7.1416793 | N53: =SUM(N34:N52) -> 8 | O53: =SUM(O34:O52) -> 8 | P53: =SUM(P34:P52) -> 8 | R53: =R52 -> Coimbatore | S53: =F53 -> 0 | T53: =G53 -> 0 | U53: =CONCATENATE(R53,"_",S53,"_",T53) -> Coimbatore_0_0 | V53: =IF(_xlfn.XLOOKUP($U53,GCA!$H$3:$H$593,GCA!E$3:E$593,"",0,1)="","",_xlfn.XLOOKUP($U53,GCA!$H$3:$H$593,GCA!E$3:E$593,"",0,1)) | W53: =IF(_xlfn.XLOOKUP($U53,GCA!$H$3:$H$593,GCA!F$3:F$593,"",0,1)="","",_xlfn.XLOOKUP($U53,GCA!$H$3:$H$593,GCA!F$3:F$593,"",0,1)) | X53: =IF(_xlfn.XLOOKUP($U53,GCA!$H$3:$H$593,GCA!G$3:G$593,"",0,1)="","",_xlfn.XLOOKUP($U53,GCA!$H$3:$H$593,GCA!G$3:G$593,"",0,1))
C54: Thiruppur | D54: 32 | E54: 1 | F54: Avinashi | G54: Avinashi | H54: =V54 -> 15500.835 | I54: =W54 -> 15963.215 | J54: =X54 -> 15941.84 | K54: =IFERROR(AVERAGE(H54:J54),"") -> 15801.963 | L54: =SUM(K54:K59) -> 72668.192 | M54: =L54*$L$643/$L$642 -> 3.0501773 | N54: =IF(M54>=2, ROUND(M54,0), IF(M54>1.1,2,"")) -> 3 | O54: =N54 -> 3 | P54: =O54 -> 3 | R54: =C54 -> Thiruppur | S54: =F54 -> Avinashi | T54: =G54 -> Avinashi | U54: =CONCATENATE(R54,"_",S54,"_",T54) -> Thiruppur_Avinashi_Avinashi | V54: =IF(_xlfn.XLOOKUP($U54,GCA!$H$3:$H$593,GCA!E$3:E$593,"",0,1)="","",_xlfn.XLOOKUP($U54,GCA!$H$3:$H$593,GCA!E$3:E$593,"",0,1)) -> 15500.835 | W54: =IF(_xlfn.XLOOKUP($U54,GCA!$H$3:$H$593,GCA!F$3:F$593,"",0,1)="","",_xlfn.XLOOKUP($U54,GCA!$H$3:$H$593,GCA!F$3:F$593,"",0,1)) -> 15963.215 | X54: =IF(_xlfn.XLOOKUP($U54,GCA!$H$3:$H$593,GCA!G$3:G$593,"",0,1)="","",_xlfn.XLOOKUP($U54,GCA!$H$3:$H$593,GCA!G$3:G$593,"",0,1)) -> 15941.84
F55: Avinashi | G55: Thiruppur | H55: =V55 -> 2957.84 | I55: =W55 -> 2945.945 | J55: =X55 -> 3211.79 | K55: =IFERROR(AVERAGE(H55:J55),"") -> 3038.525 | M55: =L55*$L$643/$L$642 -> 0 | N55: =IF(M55>=2, ROUND(M55,0), IF(M55>1.1,2,"")) | O55: =N55 | P55: =O55 | R55: =R54 -> Thiruppur | S55: =F55 -> Avinashi | T55: =G55 -> Thiruppur | U55: =CONCATENATE(R55,"_",S55,"_",T55) -> Thiruppur_Avinashi_Thiruppur | V55: =IF(_xlfn.XLOOKUP($U55,GCA!$H$3:$H$593,GCA!E$3:E$593,"",0,1)="","",_xlfn.XLOOKUP($U55,GCA!$H$3:$H$593,GCA!E$3:E$593,"",0,1)) -> 2957.84 | W55: =IF(_xlfn.XLOOKUP($U55,GCA!$H$3:$H$593,GCA!F$3:F$593,"",0,1)="","",_xlfn.XLOOKUP($U55,GCA!$H$3:$H$593,GCA!F$3:F$593,"",0,1)) -> 2945.945 | X55: =IF(_xlfn.XLOOKUP($U55,GCA!$H$3:$H$593,GCA!G$3:G$593,"",0,1)="","",_xlfn.XLOOKUP($U55,GCA!$H$3:$H$593,GCA!G$3:G$593,"",0,1)) -> 3211.79
F56: Dharapuram | G56: Dharapuram | H56: =V56 -> 20431.805 | I56: =W56 -> 19617.548 | J56: =X56 -> 20677.283 | K56: =IFERROR(AVERAGE(H56:J56),"") -> 20242.212 | M56: =L56*$L$643/$L$642 -> 0 | N56: =IF(M56>=2, ROUND(M56,0), IF(M56>1.1,2,"")) | O56: =N56 | P56: =O56 | R56: =R55 -> Thiruppur | S56: =F56 -> Dharapuram | T56: =G56 -> Dharapuram | U56: =CONCATENATE(R56,"_",S56,"_",T56) -> Thiruppur_Dharapuram_Dharapuram | V56: =IF(_xlfn.XLOOKUP($U56,GCA!$H$3:$H$593,GCA!E$3:E$593,"",0,1)="","",_xlfn.XLOOKUP($U56,GCA!$H$3:$H$593,GCA!E$3:E$593,"",0,1)) -> 20431.805 | W56: =IF(_xlfn.XLOOKUP($U56,GCA!$H$3:$H$593,GCA!F$3:F$593,"",0,1)="","",_xlfn.XLOOKUP($U56,GCA!$H$3:$H$593,GCA!F$3:F$593,"",0,1)) -> 19617.548 | X56: =IF(_xlfn.XLOOKUP($U56,GCA!$H$3:$H$593,GCA!G$3:G$593,"",0,1)="","",_xlfn.XLOOKUP($U56,GCA!$H$3:$H$593,GCA!G$3:G$593,"",0,1)) -> 20677.283
F57: Dharapuram | G57: Kundadam | H57: =V57 -> 17837.4 | I57: =W57 -> 18063.975 | J57: =X57 -> 17031.02 | K57: =IFERROR(AVERAGE(H57:J57),"") -> 17644.132 | M57: =L57*$L$643/$L$642 -> 0 | N57: =IF(M57>=2, ROUND(M57,0), IF(M57>1.1,2,"")) | O57: =N57 | P57: =O57 | R57: =R56 -> Thiruppur | S57: =F57 -> Dharapuram | T57: =G57 -> Kundadam | U57: =CONCATENATE(R57,"_",S57,"_",T57) -> Thiruppur_Dharapuram_Kundadam | V57: =IF(_xlfn.XLOOKUP($U57,GCA!$H$3:$H$593,GCA!E$3:E$593,"",0,1)="","",_xlfn.XLOOKUP($U57,GCA!$H$3:$H$593,GCA!E$3:E$593,"",0,1)) -> 17837.4 | W57: =IF(_xlfn.XLOOKUP($U57,GCA!$H$3:$H$593,GCA!F$3:F$593,"",0,1)="","",_xlfn.XLOOKUP($U57,GCA!$H$3:$H$593,GCA!F$3:F$593,"",0,1)) -> 18063.975 | X57: =IF(_xlfn.XLOOKUP($U57,GCA!$H$3:$H$593,GCA!G$3:G$593,"",0,1)="","",_xlfn.XLOOKUP($U57,GCA!$H$3:$H$593,GCA!G$3:G$593,"",0,1)) -> 17031.02
F58: Dharapuram | G58: Mulanur | H58: =V58 -> 15770.22 | I58: =W58 -> 15358.53 | J58: =X58 -> 15312.92 | K58: =IFERROR(AVERAGE(H58:J58),"") -> 15480.557 | M58: =L58*$L$643/$L$642 -> 0 | N58: =IF(M58>=2, ROUND(M58,0), IF(M58>1.1,2,"")) | O58: =N58 | P58: =O58 | R58: =R57 -> Thiruppur | S58: =F58 -> Dharapuram | T58: =G58 -> Mulanur | U58: =CONCATENATE(R58,"_",S58,"_",T58) -> Thiruppur_Dharapuram_Mulanur | V58: =IF(_xlfn.XLOOKUP($U58,GCA!$H$3:$H$593,GCA!E$3:E$593,"",0,1)="","",_xlfn.XLOOKUP($U58,GCA!$H$3:$H$593,GCA!E$3:E$593,"",0,1)) -> 15770.22 | W58: =IF(_xlfn.XLOOKUP($U58,GCA!$H$3:$H$593,GCA!F$3:F$593,"",0,1)="","",_xlfn.XLOOKUP($U58,GCA!$H$3:$H$593,GCA!F$3:F$593,"",0,1)) -> 15358.53 | X58: =IF(_xlfn.XLOOKUP($U58,GCA!$H$3:$H$593,GCA!G$3:G$593,"",0,1)="","",_xlfn.XLOOKUP($U58,GCA!$H$3:$H$593,GCA!G$3:G$593,"",0,1)) -> 15312.92
F59: Dharapuram | G59: Vellakoil | H59: =V59 -> 451.4 | I59: =W59 -> 442.76 | J59: =X59 -> 488.25 | K59: =IFERROR(AVERAGE(H59:J59),"") -> 460.80333 | M59: =L59*$L$643/$L$642 -> 0 | N59: =IF(M59>=2, ROUND(M59,0), IF(M59>1.1,2,"")) | O59: =N59 | P59: =O59 | R59: =R58 -> Thiruppur | S59: =F59 -> Dharapuram | T59: =G59 -> Vellakoil | U59: =CONCATENATE(R59,"_",S59,"_",T59) -> Thiruppur_Dharapuram_Vellakoil | V59: =IF(_xlfn.XLOOKUP($U59,GCA!$H$3:$H$593,GCA!E$3:E$593,"",0,1)="","",_xlfn.XLOOKUP($U59,GCA!$H$3:$H$593,GCA!E$3:E$593,"",0,1)) -> 451.4 | W59: =IF(_xlfn.XLOOKUP($U59,GCA!$H$3:$H$593,GCA!F$3:F$593,"",0,1)="","",_xlfn.XLOOKUP($U59,GCA!$H$3:$H$593,GCA!F$3:F$593,"",0,1)) -> 442.76 | X59: =IF(_xlfn.XLOOKUP($U59,GCA!$H$3:$H$593,GCA!G$3:G$593,"",0,1)="","",_xlfn.XLOOKUP($U59,GCA!$H$3:$H$593,GCA!G$3:G$593,"",0,1)) -> 488.25
E60: 2 | F60: Kangayam | G60: Kangeyam | H60: =V60 -> 9086.786 | I60: =W60 -> 9192.67 | J60: =X60 -> 8977.315 | K60: =IFERROR(AVERAGE(H60:J60),"") -> 9085.5903 | L60: =SUM(K60:K65) -> 52592.395 | M60: =L60*$L$643/$L$642 -> 2.2075151 | N60: =IF(M60>=2, ROUND(M60,0), IF(M60>1.1,2,"")) -> 2 | O60: =N60 -> 2 | P60: =O60 -> 2 | R60: =R59 -> Thiruppur | S60: =F60 -> Kangayam | T60: =G60 -> Kangeyam | U60: =CONCATENATE(R60,"_",S60,"_",T60) -> Thiruppur_Kangayam_Kangeyam | V60: =IF(_xlfn.XLOOKUP($U60,GCA!$H$3:$H$593,GCA!E$3:E$593,"",0,1)="","",_xlfn.XLOOKUP($U60,GCA!$H$3:$H$593,GCA!E$3:E$593,"",0,1)) -> 9086.786 | W60: =IF(_xlfn.XLOOKUP($U60,GCA!$H$3:$H$593,GCA!F$3:F$593,"",0,1)="","",_xlfn.XLOOKUP($U60,GCA!$H$3:$H$593,GCA!F$3:F$593,"",0,1)) -> 9192.67 | X60: =IF(_xlfn.XLOOKUP($U60,GCA!$H$3:$H$593,GCA!G$3:G$593,"",0,1)="","",_xlfn.XLOOKUP($U60,GCA!$H$3:$H$593,GCA!G$3:G$593,"",0,1)) -> 8977.315
F61: Kangayam | G61: Kundadam | H61: =V61 -> 3946.61 | I61: =W61 -> 4001.835 | J61: =X61 -> 3872.36 | K61: =IFERROR(AVERAGE(H61:J61),"") -> 3940.2683 | M61: =L61*$L$643/$L$642 -> 0 | N61: =IF(M61>=2, ROUND(M61,0), IF(M61>1.1,2,"")) | O61: =N61 | P61: =O61 | R61: =R60 -> Thiruppur | S61: =F61 -> Kangayam | T61: =G61 -> Kundadam | U61: =CONCATENATE(R61,"_",S61,"_",T61) -> Thiruppur_Kangayam_Kundadam | V61: =IF(_xlfn.XLOOKUP($U61,GCA!$H$3:$H$593,GCA!E$3:E$593,"",0,1)="","",_xlfn.XLOOKUP($U61,GCA!$H$3:$H$593,GCA!E$3:E$593,"",0,1)) -> 3946.61 | W61: =IF(_xlfn.XLOOKUP($U61,GCA!$H$3:$H$593,GCA!F$3:F$593,"",0,1)="","",_xlfn.XLOOKUP($U61,GCA!$H$3:$H$593,GCA!F$3:F$593,"",0,1)) -> 4001.835 | X61: =IF(_xlfn.XLOOKUP($U61,GCA!$H$3:$H$593,GCA!G$3:G$593,"",0,1)="","",_xlfn.XLOOKUP($U61,GCA!$H$3:$H$593,GCA!G$3:G$593,"",0,1)) -> 3872.36
F62: Kangayam | G62: Vellakoil | H62: =V62 -> 9618.31 | I62: =W62 -> 9360.105 | J62: =X62 -> 8438.085 | K62: =IFERROR(AVERAGE(H62:J62),"") -> 9138.8333 | M62: =L62*$L$643/$L$642 -> 0 | N62: =IF(M62>=2, ROUND(M62,0), IF(M62>1.1,2,"")) | O62: =N62 | P62: =O62 | R62: =R61 -> Thiruppur | S62: =F62 -> Kangayam | T62: =G62 -> Vellakoil | U62: =CONCATENATE(R62,"_",S62,"_",T62) -> Thiruppur_Kangayam_Vellakoil | V62: =IF(_xlfn.XLOOKUP($U62,GCA!$H$3:$H$593,GCA!E$3:E$593,"",0,1)="","",_xlfn.XLOOKUP($U62,GCA!$H$3:$H$593,GCA!E$3:E$593,"",0,1)) -> 9618.31 | W62: =IF(_xlfn.XLOOKUP($U62,GCA!$H$3:$H$593,GCA!F$3:F$593,"",0,1)="","",_xlfn.XLOOKUP($U62,GCA!$H$3:$H$593,GCA!F$3:F$593,"",0,1)) -> 9360.105 | X62: =IF(_xlfn.XLOOKUP($U62,GCA!$H$3:$H$593,GCA!G$3:G$593,"",0,1)="","",_xlfn.XLOOKUP($U62,GCA!$H$3:$H$593,GCA!G$3:G$593,"",0,1)) -> 8438.085
F63: Madathukulam | G63: Madathukulam | H63: =V63 -> 14813.525 | I63: =W63 -> 14374.36 | J63: =X63 -> 14691.315 | K63: =IFERROR(AVERAGE(H63:J63),"") -> 14626.4 | M63: =L63*$L$643/$L$642 -> 0 | N63: =IF(M63>=2, ROUND(M63,0), IF(M63>1.1,2,"")) | O63: =N63 | P63: =O63 | R63: =R62 -> Thiruppur | S63: =F63 -> Madathukulam | T63: =G63 -> Madathukulam | U63: =CONCATENATE(R63,"_",S63,"_",T63) -> Thiruppur_Madathukulam_Madathukulam | V63: =IF(_xlfn.XLOOKUP($U63,GCA!$H$3:$H$593,GCA!E$3:E$593,"",0,1)="","",_xlfn.XLOOKUP($U63,GCA!$H$3:$H$593,GCA!E$3:E$593,"",0,1)) -> 14813.525 | W63: =IF(_xlfn.XLOOKUP($U63,GCA!$H$3:$H$593,GCA!F$3:F$593,"",0,1)="","",_xlfn.XLOOKUP($U63,GCA!$H$3:$H$593,GCA!F$3:F$593,"",0,1)) -> 14374.36 | X63: =IF(_xlfn.XLOOKUP($U63,GCA!$H$3:$H$593,GCA!G$3:G$593,"",0,1)="","",_xlfn.XLOOKUP($U63,GCA!$H$3:$H$593,GCA!G$3:G$593,"",0,1)) -> 14691.315
F64: Palladam | G64: Palladam | H64: =V64 -> 8234.4 | I64: =W64 -> 8070.79 | J64: =X64 -> 8197.07 | K64: =IFERROR(AVERAGE(H64:J64),"") -> 8167.42 | M64: =L64*$L$643/$L$642 -> 0 | N64: =IF(M64>=2, ROUND(M64,0), IF(M64>1.1,2,"")) | O64: =N64 | P64: =O64 | R64: =R63 -> Thiruppur | S64: =F64 -> Palladam | T64: =G64 -> Palladam | U64: =CONCATENATE(R64,"_",S64,"_",T64) -> Thiruppur_Palladam_Palladam | V64: =IF(_xlfn.XLOOKUP($U64,GCA!$H$3:$H$593,GCA!E$3:E$593,"",0,1)="","",_xlfn.XLOOKUP($U64,GCA!$H$3:$H$593,GCA!E$3:E$593,"",0,1)) -> 8234.4 | W64: =IF(_xlfn.XLOOKUP($U64,GCA!$H$3:$H$593,GCA!F$3:F$593,"",0,1)="","",_xlfn.XLOOKUP($U64,GCA!$H$3:$H$593,GCA!F$3:F$593,"",0,1)) -> 8070.79 | X64: =IF(_xlfn.XLOOKUP($U64,GCA!$H$3:$H$593,GCA!G$3:G$593,"",0,1)="","",_xlfn.XLOOKUP($U64,GCA!$H$3:$H$593,GCA!G$3:G$593,"",0,1)) -> 8197.07
F65: Palladam | G65: Pongalur | H65: =V65 -> 8104.18 | I65: =W65 -> 7607.645 | J65: =X65 -> 7189.825 | K65: =IFERROR(AVERAGE(H65:J65),"") -> 7633.8833 | M65: =L65*$L$643/$L$642 -> 0 | N65: =IF(M65>=2, ROUND(M65,0), IF(M65>1.1,2,"")) | O65: =N65 | P65: =O65 | R65: =R64 -> Thiruppur | S65: =F65 -> Palladam | T65: =G65 -> Pongalur | U65: =CONCATENATE(R65,"_",S65,"_",T65) -> Thiruppur_Palladam_Pongalur | V65: =IF(_xlfn.XLOOKUP($U65,GCA!$H$3:$H$593,GCA!E$3:E$593,"",0,1)="","",_xlfn.XLOOKUP($U65,GCA!$H$3:$H$593,GCA!E$3:E$593,"",0,1)) -> 8104.18 | W65: =IF(_xlfn.XLOOKUP($U65,GCA!$H$3:$H$593,GCA!F$3:F$593,"",0,1)="","",_xlfn.XLOOKUP($U65,GCA!$H$3:$H$593,GCA!F$3:F$593,"",0,1)) -> 7607.645 | X65: =IF(_xlfn.XLOOKUP($U65,GCA!$H$3:$H$593,GCA!G$3:G$593,"",0,1)="","",_xlfn.XLOOKUP($U65,GCA!$H$3:$H$593,GCA!G$3:G$593,"",0,1)) -> 7189.825
E66: 3 | F66: Thiruppur North | G66: Thiruppur | H66: =V66 -> 1077.045 | I66: =W66 -> 1095.855 | J66: =X66 -> 1092.78 | K66: =IFERROR(AVERAGE(H66:J66),"") -> 1088.56 | L66: =SUM(K66:K71) -> 67791.973 | M66: =L66*$L$643/$L$642 -> 2.8455027 | N66: =IF(M66>=2, ROUND(M66,0), IF(M66>1.1,2,"")) -> 3 | O66: =N66 -> 3 | P66: =O66 -> 3 | R66: =R65 -> Thiruppur | S66: =F66 -> Thiruppur North | T66: =G66 -> Thiruppur | U66: =CONCATENATE(R66,"_",S66,"_",T66) -> Thiruppur_Thiruppur North_Thiruppur | V66: =IF(_xlfn.XLOOKUP($U66,GCA!$H$3:$H$593,GCA!E$3:E$593,"",0,1)="","",_xlfn.XLOOKUP($U66,GCA!$H$3:$H$593,GCA!E$3:E$593,"",0,1)) -> 1077.045 | W66: =IF(_xlfn.XLOOKUP($U66,GCA!$H$3:$H$593,GCA!F$3:F$593,"",0,1)="","",_xlfn.XLOOKUP($U66,GCA!$H$3:$H$593,GCA!F$3:F$593,"",0,1)) -> 1095.855 | X66: =IF(_xlfn.XLOOKUP($U66,GCA!$H$3:$H$593,GCA!G$3:G$593,"",0,1)="","",_xlfn.XLOOKUP($U66,GCA!$H$3:$H$593,GCA!G$3:G$593,"",0,1)) -> 1092.78
F67: Thiruppur South | G67: Pongalur | H67: =V67 -> 5806.88 | I67: =W67 -> 5769.01 | J67: =X67 -> 5766.675 | K67: =IFERROR(AVERAGE(H67:J67),"") -> 5780.855 | M67: =L67*$L$643/$L$642 -> 0 | N67: =IF(M67>=2, ROUND(M67,0), IF(M67>1.1,2,"")) | O67: =N67 | P67: =O67 | R67: =R66 -> Thiruppur | S67: =F67 -> Thiruppur South | T67: =G67 -> Pongalur | U67: =CONCATENATE(R67,"_",S67,"_",T67) -> Thiruppur_Thiruppur South_Pongalur | V67: =IF(_xlfn.XLOOKUP($U67,GCA!$H$3:$H$593,GCA!E$3:E$593,"",0,1)="","",_xlfn.XLOOKUP($U67,GCA!$H$3:$H$593,GCA!E$3:E$593,"",0,1)) -> 5806.88 | W67: =IF(_xlfn.XLOOKUP($U67,GCA!$H$3:$H$593,GCA!F$3:F$593,"",0,1)="","",_xlfn.XLOOKUP($U67,GCA!$H$3:$H$593,GCA!F$3:F$593,"",0,1)) -> 5769.01 | X67: =IF(_xlfn.XLOOKUP($U67,GCA!$H$3:$H$593,GCA!G$3:G$593,"",0,1)="","",_xlfn.XLOOKUP($U67,GCA!$H$3:$H$593,GCA!G$3:G$593,"",0,1)) -> 5766.675
F68: Thiruppur South | G68: Thiruppur | H68: =V68 -> 1878.11 | I68: =W68 -> 1824.985 | J68: =X68 -> 1875.725 | K68: =IFERROR(AVERAGE(H68:J68),"") -> 1859.6067 | M68: =L68*$L$643/$L$642 -> 0 | N68: =IF(M68>=2, ROUND(M68,0), IF(M68>1.1,2,"")) | O68: =N68 | P68: =O68 | R68: =R67 -> Thiruppur | S68: =F68 -> Thiruppur South | T68: =G68 -> Thiruppur | U68: =CONCATENATE(R68,"_",S68,"_",T68) -> Thiruppur_Thiruppur South_Thiruppur | V68: =IF(_xlfn.XLOOKUP($U68,GCA!$H$3:$H$593,GCA!E$3:E$593,"",0,1)="","",_xlfn.XLOOKUP($U68,GCA!$H$3:$H$593,GCA!E$3:E$593,"",0,1)) -> 1878.11 | W68: =IF(_xlfn.XLOOKUP($U68,GCA!$H$3:$H$593,GCA!F$3:F$593,"",0,1)="","",_xlfn.XLOOKUP($U68,GCA!$H$3:$H$593,GCA!F$3:F$593,"",0,1)) -> 1824.985 | X68: =IF(_xlfn.XLOOKUP($U68,GCA!$H$3:$H$593,GCA!G$3:G$593,"",0,1)="","",_xlfn.XLOOKUP($U68,GCA!$H$3:$H$593,GCA!G$3:G$593,"",0,1)) -> 1875.725
F69: Udumalpettai | G69: Gudimangalam | H69: =V69 -> 20445.187 | I69: =W69 -> 20028.046 | J69: =X69 -> 20324.891 | K69: =IFERROR(AVERAGE(H69:J69),"") -> 20266.041 | M69: =L69*$L$643/$L$642 -> 0 | N69: =IF(M69>=2, ROUND(M69,0), IF(M69>1.1,2,"")) | O69: =N69 | P69: =O69 | R69: =R68 -> Thiruppur | S69: =F69 -> Udumalpettai | T69: =G69 -> Gudimangalam | U69: =CONCATENATE(R69,"_",S69,"_",T69) -> Thiruppur_Udumalpettai_Gudimangalam | V69: =IF(_xlfn.XLOOKUP($U69,GCA!$H$3:$H$593,GCA!E$3:E$593,"",0,1)="","",_xlfn.XLOOKUP($U69,GCA!$H$3:$H$593,GCA!E$3:E$593,"",0,1)) -> 20445.187 | W69: =IF(_xlfn.XLOOKUP($U69,GCA!$H$3:$H$593,GCA!F$3:F$593,"",0,1)="","",_xlfn.XLOOKUP($U69,GCA!$H$3:$H$593,GCA!F$3:F$593,"",0,1)) -> 20028.046 | X69: =IF(_xlfn.XLOOKUP($U69,GCA!$H$3:$H$593,GCA!G$3:G$593,"",0,1)="","",_xlfn.XLOOKUP($U69,GCA!$H$3:$H$593,GCA!G$3:G$593,"",0,1)) -> 20324.891
F70: Udumalpettai | G70: Udumalpettai | H70: =V70 -> 28521.532 | I70: =W70 -> 28300.472 | J70: =X70 -> 27646.87 | K70: =IFERROR(AVERAGE(H70:J70),"") -> 28156.291 | M70: =L70*$L$643/$L$642 -> 0 | N70: =IF(M70>=2, ROUND(M70,0), IF(M70>1.1,2,"")) | O70: =N70 | P70: =O70 | R70: =R69 -> Thiruppur | S70: =F70 -> Udumalpettai | T70: =G70 -> Udumalpettai | U70: =CONCATENATE(R70,"_",S70,"_",T70) -> Thiruppur_Udumalpettai_Udumalpettai | V70: =IF(_xlfn.XLOOKUP($U70,GCA!$H$3:$H$593,GCA!E$3:E$593,"",0,1)="","",_xlfn.XLOOKUP($U70,GCA!$H$3:$H$593,GCA!E$3:E$593,"",0,1)) -> 28521.532 | W70: =IF(_xlfn.XLOOKUP($U70,GCA!$H$3:$H$593,GCA!F$3:F$593,"",0,1)="","",_xlfn.XLOOKUP($U70,GCA!$H$3:$H$593,GCA!F$3:F$593,"",0,1)) -> 28300.472 | X70: =IF(_xlfn.XLOOKUP($U70,GCA!$H$3:$H$593,GCA!G$3:G$593,"",0,1)="","",_xlfn.XLOOKUP($U70,GCA!$H$3:$H$593,GCA!G$3:G$593,"",0,1)) -> 27646.87
F71: Uthukuli | G71: Uthukuli | H71: =V71 -> 10490.02 | I71: =W71 -> 10921.515 | J71: =X71 -> 10510.32 | K71: =IFERROR(AVERAGE(H71:J71),"") -> 10640.618 | M71: =L71*$L$643/$L$642 -> 0 | N71: =IF(M71>=2, ROUND(M71,0), IF(M71>1.1,2,"")) | O71: =N71 | P71: =O71 | R71: =R70 -> Thiruppur | S71: =F71 -> Uthukuli | T71: =G71 -> Uthukuli | U71: =CONCATENATE(R71,"_",S71,"_",T71) -> Thiruppur_Uthukuli_Uthukuli | V71: =IF(_xlfn.XLOOKUP($U71,GCA!$H$3:$H$593,GCA!E$3:E$593,"",0,1)="","",_xlfn.XLOOKUP($U71,GCA!$H$3:$H$593,GCA!E$3:E$593,"",0,1)) -> 10490.02 | W71: =IF(_xlfn.XLOOKUP($U71,GCA!$H$3:$H$593,GCA!F$3:F$593,"",0,1)="","",_xlfn.XLOOKUP($U71,GCA!$H$3:$H$593,GCA!F$3:F$593,"",0,1)) -> 10921.515 | X71: =IF(_xlfn.XLOOKUP($U71,GCA!$H$3:$H$593,GCA!G$3:G$593,"",0,1)="","",_xlfn.XLOOKUP($U71,GCA!$H$3:$H$593,GCA!G$3:G$593,"",0,1)) -> 10510.32
E72: DISTT. TOTAL | H72: =SUM(H54:H71) -> 194972.08 | I72: =SUM(I54:I71) -> 192939.26 | J72: =SUM(J54:J71) -> 191246.33 | K72: =SUM(K54:K71) -> 193052.56 | L72: =SUM(L54:L71) -> 193052.56 | M72: =SUM(M54:M71) -> 8.103195 | N72: =SUM(N54:N71) -> 8 | O72: =SUM(O54:O71) -> 8 | P72: =SUM(P54:P71) -> 8 | R72: =R71 -> Thiruppur | S72: =F72 -> 0 | T72: =G72 -> 0 | U72: =CONCATENATE(R72,"_",S72,"_",T72) -> Thiruppur_0_0 | V72: =IF(_xlfn.XLOOKUP($U72,GCA!$H$3:$H$593,GCA!E$3:E$593,"",0,1)="","",_xlfn.XLOOKUP($U72,GCA!$H$3:$H$593,GCA!E$3:E$593,"",0,1)) | W72: =IF(_xlfn.XLOOKUP($U72,GCA!$H$3:$H$593,GCA!F$3:F$593,"",0,1)="","",_xlfn.XLOOKUP($U72,GCA!$H$3:$H$593,GCA!F$3:F$593,"",0,1)) | X72: =IF(_xlfn.XLOOKUP($U72,GCA!$H$3:$H$593,GCA!G$3:G$593,"",0,1)="","",_xlfn.XLOOKUP($U72,GCA!$H$3:$H$593,GCA!G$3:G$593,"",0,1))
C73: SRO TOTAL | H73: =SUM(H72,H53,H33,H24) -> 615038.43 | I73: =SUM(I72,I53,I33,I24) -> 601624.91 | J73: =SUM(J72,J53,J33,J24) -> 618961.6 | K73: =SUM(K72,K53,K33,K24) -> 611874.98 | L73: =SUM(L72,L53,L33,L24) -> 611874.98 | M73: =SUM(M72,M53,M33,M24) -> 25.682862 | N73: =SUM(N72,N53,N33,N24) -> 27 | O73: =SUM(O72,O53,O33,O24) -> 27 | P73: =SUM(P72,P53,P33,P24) -> 27 | R73: =C73 -> SRO TOTAL | S73: =F73 -> 0 | T73: =G73 -> 0 | U73: =CONCATENATE(R73,"_",S73,"_",T73) -> SRO TOTAL_0_0 | V73: =IF(_xlfn.XLOOKUP($U73,GCA!$H$3:$H$593,GCA!E$3:E$593,"",0,1)="","",_xlfn.XLOOKUP($U73,GCA!$H$3:$H$593,GCA!E$3:E$593,"",0,1)) | W73: =IF(_xlfn.XLOOKUP($U73,GCA!$H$3:$H$593,GCA!F$3:F$593,"",0,1)="","",_xlfn.XLOOKUP($U73,GCA!$H$3:$H$593,GCA!F$3:F$593,"",0,1)) | X73: =IF(_xlfn.XLOOKUP($U73,GCA!$H$3:$H$593,GCA!G$3:G$593,"",0,1)="","",_xlfn.XLOOKUP($U73,GCA!$H$3:$H$593,GCA!G$3:G$593,"",0,1))
B74: Dharmapuri | C74: Dharmapuri | D74: 05 | E74: 1 | F74: Dharmapuri | G74: Dharmapuri | H74: =V74 -> 23861 | I74: =W74 -> 22863.3 | J74: =X74 -> 21136.2 | K74: =IFERROR(AVERAGE(H74:J74),"") -> 22620.167 | L74: =SUM(K74:K77) -> 69760.847 | M74: =L74*$L$643/$L$642 -> 2.9281443 | N74: =IF(M74>=2, ROUND(M74,0), IF(M74>1.1,2,"")) -> 3 | O74: =N74 -> 3 | P74: =O74 -> 3 | R74: =C74 -> Dharmapuri | S74: =F74 -> Dharmapuri | T74: =G74 -> Dharmapuri | U74: =CONCATENATE(R74,"_",S74,"_",T74) -> Dharmapuri_Dharmapuri_Dharmapuri | V74: =IF(_xlfn.XLOOKUP($U74,GCA!$H$3:$H$593,GCA!E$3:E$593,"",0,1)="","",_xlfn.XLOOKUP($U74,GCA!$H$3:$H$593,GCA!E$3:E$593,"",0,1)) -> 23861 | W74: =IF(_xlfn.XLOOKUP($U74,GCA!$H$3:$H$593,GCA!F$3:F$593,"",0,1)="","",_xlfn.XLOOKUP($U74,GCA!$H$3:$H$593,GCA!F$3:F$593,"",0,1)) -> 22863.3 | X74: =IF(_xlfn.XLOOKUP($U74,GCA!$H$3:$H$593,GCA!G$3:G$593,"",0,1)="","",_xlfn.XLOOKUP($U74,GCA!$H$3:$H$593,GCA!G$3:G$593,"",0,1)) -> 21136.2
F75: Harur | G75: Harur | H75: =V75 -> 36126 | I75: =W75 -> 35476.5 | J75: =X75 -> 33374.02 | K75: =IFERROR(AVERAGE(H75:J75),"") -> 34992.173 | M75: =L75*$L$643/$L$642 -> 0 | N75: =IF(M75>=2, ROUND(M75,0), IF(M75>1.1,2,"")) | O75: =N75 | P75: =O75 | R75: =R74 -> Dharmapuri | S75: =F75 -> Harur | T75: =G75 -> Harur | U75: =CONCATENATE(R75,"_",S75,"_",T75) -> Dharmapuri_Harur_Harur | V75: =IF(_xlfn.XLOOKUP($U75,GCA!$H$3:$H$593,GCA!E$3:E$593,"",0,1)="","",_xlfn.XLOOKUP($U75,GCA!$H$3:$H$593,GCA!E$3:E$593,"",0,1)) -> 36126 | W75: =IF(_xlfn.XLOOKUP($U75,GCA!$H$3:$H$593,GCA!F$3:F$593,"",0,1)="","",_xlfn.XLOOKUP($U75,GCA!$H$3:$H$593,GCA!F$3:F$593,"",0,1)) -> 35476.5 | X75: =IF(_xlfn.XLOOKUP($U75,GCA!$H$3:$H$593,GCA!G$3:G$593,"",0,1)="","",_xlfn.XLOOKUP($U75,GCA!$H$3:$H$593,GCA!G$3:G$593,"",0,1)) -> 33374.02
F76: Harur | G76: Kadathur | H76: =V76 -> 1734.4 | I76: =W76 -> 1902.5 | J76: =X76 -> 1680 | K76: =IFERROR(AVERAGE(H76:J76),"") -> 1772.3 | M76: =L76*$L$643/$L$642 -> 0 | N76: =IF(M76>=2, ROUND(M76,0), IF(M76>1.1,2,"")) | O76: =N76 | P76: =O76 | R76: =R75 -> Dharmapuri | S76: =F76 -> Harur | T76: =G76 -> Kadathur | U76: =CONCATENATE(R76,"_",S76,"_",T76) -> Dharmapuri_Harur_Kadathur | V76: =IF(_xlfn.XLOOKUP($U76,GCA!$H$3:$H$593,GCA!E$3:E$593,"",0,1)="","",_xlfn.XLOOKUP($U76,GCA!$H$3:$H$593,GCA!E$3:E$593,"",0,1)) -> 1734.4 | W76: =IF(_xlfn.XLOOKUP($U76,GCA!$H$3:$H$593,GCA!F$3:F$593,"",0,1)="","",_xlfn.XLOOKUP($U76,GCA!$H$3:$H$593,GCA!F$3:F$593,"",0,1)) -> 1902.5 | X76: =IF(_xlfn.XLOOKUP($U76,GCA!$H$3:$H$593,GCA!G$3:G$593,"",0,1)="","",_xlfn.XLOOKUP($U76,GCA!$H$3:$H$593,GCA!G$3:G$593,"",0,1)) -> 1680
F77: Harur | G77: Morappur | H77: =V77 -> 10910.2 | I77: =W77 -> 9896 | J77: =X77 -> 10322.42 | K77: =IFERROR(AVERAGE(H77:J77),"") -> 10376.207 | M77: =L77*$L$643/$L$642 -> 0 | N77: =IF(M77>=2, ROUND(M77,0), IF(M77>1.1,2,"")) | O77: =N77 | P77: =O77 | R77: =R76 -> Dharmapuri | S77: =F77 -> Harur | T77: =G77 -> Morappur | U77: =CONCATENATE(R77,"_",S77,"_",T77) -> Dharmapuri_Harur_Morappur | V77: =IF(_xlfn.XLOOKUP($U77,GCA!$H$3:$H$593,GCA!E$3:E$593,"",0,1)="","",_xlfn.XLOOKUP($U77,GCA!$H$3:$H$593,GCA!E$3:E$593,"",0,1)) -> 10910.2 | W77: =IF(_xlfn.XLOOKUP($U77,GCA!$H$3:$H$593,GCA!F$3:F$593,"",0,1)="","",_xlfn.XLOOKUP($U77,GCA!$H$3:$H$593,GCA!F$3:F$593,"",0,1)) -> 9896 | X77: =IF(_xlfn.XLOOKUP($U77,GCA!$H$3:$H$593,GCA!G$3:G$593,"",0,1)="","",_xlfn.XLOOKUP($U77,GCA!$H$3:$H$593,GCA!G$3:G$593,"",0,1)) -> 10322.42
E78: 2 | F78: Karimangalam | G78: Morappur | H78: =V78 -> 10549 | I78: =W78 -> 9354 | J78: =X78 -> 9127 | K78: =IFERROR(AVERAGE(H78:J78),"") -> 9676.6667 | L78: =SUM(K78:K80) -> 58380.485 | M78: =L78*$L$643/$L$642 -> 2.4504645 | N78: =IF(M78>=2, ROUND(M78,0), IF(M78>1.1,2,"")) -> 2 | O78: =N78 -> 2 | P78: =O78 -> 2 | R78: =R77 -> Dharmapuri | S78: =F78 -> Karimangalam | T78: =G78 -> Morappur | U78: =CONCATENATE(R78,"_",S78,"_",T78) -> Dharmapuri_Karimangalam_Morappur | V78: =IF(_xlfn.XLOOKUP($U78,GCA!$H$3:$H$593,GCA!E$3:E$593,"",0,1)="","",_xlfn.XLOOKUP($U78,GCA!$H$3:$H$593,GCA!E$3:E$593,"",0,1)) -> 10549 | W78: =IF(_xlfn.XLOOKUP($U78,GCA!$H$3:$H$593,GCA!F$3:F$593,"",0,1)="","",_xlfn.XLOOKUP($U78,GCA!$H$3:$H$593,GCA!F$3:F$593,"",0,1)) -> 9354 | X78: =IF(_xlfn.XLOOKUP($U78,GCA!$H$3:$H$593,GCA!G$3:G$593,"",0,1)="","",_xlfn.XLOOKUP($U78,GCA!$H$3:$H$593,GCA!G$3:G$593,"",0,1)) -> 9127
F79: Karimangalam | G79: Karimangalam | H79: =V79 -> 22656.5 | I79: =W79 -> 22249 | J79: =X79 -> 25022 | K79: =IFERROR(AVERAGE(H79:J79),"") -> 23309.167 | M79: =L79*$L$643/$L$642 -> 0 | N79: =IF(M79>=2, ROUND(M79,0), IF(M79>1.1,2,"")) | O79: =N79 | P79: =O79 | R79: =R78 -> Dharmapuri | S79: =F79 -> Karimangalam | T79: =G79 -> Karimangalam | U79: =CONCATENATE(R79,"_",S79,"_",T79) -> Dharmapuri_Karimangalam_Karimangalam | V79: =IF(_xlfn.XLOOKUP($U79,GCA!$H$3:$H$593,GCA!E$3:E$593,"",0,1)="","",_xlfn.XLOOKUP($U79,GCA!$H$3:$H$593,GCA!E$3:E$593,"",0,1)) -> 22656.5 | W79: =IF(_xlfn.XLOOKUP($U79,GCA!$H$3:$H$593,GCA!F$3:F$593,"",0,1)="","",_xlfn.XLOOKUP($U79,GCA!$H$3:$H$593,GCA!F$3:F$593,"",0,1)) -> 22249 | X79: =IF(_xlfn.XLOOKUP($U79,GCA!$H$3:$H$593,GCA!G$3:G$593,"",0,1)="","",_xlfn.XLOOKUP($U79,GCA!$H$3:$H$593,GCA!G$3:G$593,"",0,1)) -> 25022
F80: Nallampalli | G80: Nallampalli | H80: =V80 -> 26100.255 | I80: =W80 -> 24538.7 | J80: =X80 -> 25545 | K80: =IFERROR(AVERAGE(H80:J80),"") -> 25394.652 | M80: =L80*$L$643/$L$642 -> 0 | N80: =IF(M80>=2, ROUND(M80,0), IF(M80>1.1,2,"")) | O80: =N80 | P80: =O80 | R80: =R79 -> Dharmapuri | S80: =F80 -> Nallampalli | T80: =G80 -> Nallampalli | U80: =CONCATENATE(R80,"_",S80,"_",T80) -> Dharmapuri_Nallampalli_Nallampalli | V80: =IF(_xlfn.XLOOKUP($U80,GCA!$H$3:$H$593,GCA!E$3:E$593,"",0,1)="","",_xlfn.XLOOKUP($U80,GCA!$H$3:$H$593,GCA!E$3:E$593,"",0,1)) -> 26100.255 | W80: =IF(_xlfn.XLOOKUP($U80,GCA!$H$3:$H$593,GCA!F$3:F$593,"",0,1)="","",_xlfn.XLOOKUP($U80,GCA!$H$3:$H$593,GCA!F$3:F$593,"",0,1)) -> 24538.7 | X80: =IF(_xlfn.XLOOKUP($U80,GCA!$H$3:$H$593,GCA!G$3:G$593,"",0,1)="","",_xlfn.XLOOKUP($U80,GCA!$H$3:$H$593,GCA!G$3:G$593,"",0,1)) -> 25545
E81: 3 | F81: Palacode | G81: Karimangalam | H81: =V81 -> 9854 | I81: =W81 -> 9481.8 | J81: =X81 -> 8505 | K81: =IFERROR(AVERAGE(H81:J81),"") -> 9280.2667 | L81: =SUM(K81:K82) -> 43399 | M81: =L81*$L$643/$L$642 -> 1.8216312 | N81: =IF(M81>=2, ROUND(M81,0), IF(M81>1.1,2,"")) -> 2 | O81: =N81 -> 2 | P81: =O81 -> 2 | R81: =R80 -> Dharmapuri | S81: =F81 -> Palacode | T81: =G81 -> Karimangalam | U81: =CONCATENATE(R81,"_",S81,"_",T81) -> Dharmapuri_Palacode_Karimangalam | V81: =IF(_xlfn.XLOOKUP($U81,GCA!$H$3:$H$593,GCA!E$3:E$593,"",0,1)="","",_xlfn.XLOOKUP($U81,GCA!$H$3:$H$593,GCA!E$3:E$593,"",0,1)) -> 9854 | W81: =IF(_xlfn.XLOOKUP($U81,GCA!$H$3:$H$593,GCA!F$3:F$593,"",0,1)="","",_xlfn.XLOOKUP($U81,GCA!$H$3:$H$593,GCA!F$3:F$593,"",0,1)) -> 9481.8 | X81: =IF(_xlfn.XLOOKUP($U81,GCA!$H$3:$H$593,GCA!G$3:G$593,"",0,1)="","",_xlfn.XLOOKUP($U81,GCA!$H$3:$H$593,GCA!G$3:G$593,"",0,1)) -> 8505
F82: Palacode | G82: Palacode | H82: =V82 -> 34830 | I82: =W82 -> 33624.2 | J82: =X82 -> 33902 | K82: =IFERROR(AVERAGE(H82:J82),"") -> 34118.733 | M82: =L82*$L$643/$L$642 -> 0 | N82: =IF(M82>=2, ROUND(M82,0), IF(M82>1.1,2,"")) | O82: =N82 | P82: =O82 | R82: =R81 -> Dharmapuri | S82: =F82 -> Palacode | T82: =G82 -> Palacode | U82: =CONCATENATE(R82,"_",S82,"_",T82) -> Dharmapuri_Palacode_Palacode | V82: =IF(_xlfn.XLOOKUP($U82,GCA!$H$3:$H$593,GCA!E$3:E$593,"",0,1)="","",_xlfn.XLOOKUP($U82,GCA!$H$3:$H$593,GCA!E$3:E$593,"",0,1)) -> 34830 | W82: =IF(_xlfn.XLOOKUP($U82,GCA!$H$3:$H$593,GCA!F$3:F$593,"",0,1)="","",_xlfn.XLOOKUP($U82,GCA!$H$3:$H$593,GCA!F$3:F$593,"",0,1)) -> 33624.2 | X82: =IF(_xlfn.XLOOKUP($U82,GCA!$H$3:$H$593,GCA!G$3:G$593,"",0,1)="","",_xlfn.XLOOKUP($U82,GCA!$H$3:$H$593,GCA!G$3:G$593,"",0,1)) -> 33902
E83: 4 | F83: Pappireddipatty | G83: Harur | H83: =V83 -> 5281.1 | I83: =W83 -> 5647.4 | J83: =X83 -> 6412.1 | K83: =IFERROR(AVERAGE(H83:J83),"") -> 5780.2 | L83: =SUM(K83:K88) -> 83175.173 | M83: =L83*$L$643/$L$642 -> 3.4911977 | N83: =IF(M83>=2, ROUND(M83,0), IF(M83>1.1,2,"")) -> 3 | O83: =N83 -> 3 | P83: =O83 -> 3 | R83: =R82 -> Dharmapuri | S83: =F83 -> Pappireddipatty | T83: =G83 -> Harur | U83: =CONCATENATE(R83,"_",S83,"_",T83) -> Dharmapuri_Pappireddipatty_Harur | V83: =IF(_xlfn.XLOOKUP($U83,GCA!$H$3:$H$593,GCA!E$3:E$593,"",0,1)="","",_xlfn.XLOOKUP($U83,GCA!$H$3:$H$593,GCA!E$3:E$593,"",0,1)) -> 5281.1 | W83: =IF(_xlfn.XLOOKUP($U83,GCA!$H$3:$H$593,GCA!F$3:F$593,"",0,1)="","",_xlfn.XLOOKUP($U83,GCA!$H$3:$H$593,GCA!F$3:F$593,"",0,1)) -> 5647.4 | X83: =IF(_xlfn.XLOOKUP($U83,GCA!$H$3:$H$593,GCA!G$3:G$593,"",0,1)="","",_xlfn.XLOOKUP($U83,GCA!$H$3:$H$593,GCA!G$3:G$593,"",0,1)) -> 6412.1
F84: Pappireddipatty | G84: Kadathur | H84: =V84 -> 17433.1 | I84: =W84 -> 17528 | J84: =X84 -> 19823 | K84: =IFERROR(AVERAGE(H84:J84),"") -> 18261.367 | M84: =L84*$L$643/$L$642 -> 0 | N84: =IF(M84>=2, ROUND(M84,0), IF(M84>1.1,2,"")) | O84: =N84 | P84: =O84 | R84: =R83 -> Dharmapuri | S84: =F84 -> Pappireddipatty | T84: =G84 -> Kadathur | U84: =CONCATENATE(R84,"_",S84,"_",T84) -> Dharmapuri_Pappireddipatty_Kadathur | V84: =IF(_xlfn.XLOOKUP($U84,GCA!$H$3:$H$593,GCA!E$3:E$593,"",0,1)="","",_xlfn.XLOOKUP($U84,GCA!$H$3:$H$593,GCA!E$3:E$593,"",0,1)) -> 17433.1 | W84: =IF(_xlfn.XLOOKUP($U84,GCA!$H$3:$H$593,GCA!F$3:F$593,"",0,1)="","",_xlfn.XLOOKUP($U84,GCA!$H$3:$H$593,GCA!F$3:F$593,"",0,1)) -> 17528 | X84: =IF(_xlfn.XLOOKUP($U84,GCA!$H$3:$H$593,GCA!G$3:G$593,"",0,1)="","",_xlfn.XLOOKUP($U84,GCA!$H$3:$H$593,GCA!G$3:G$593,"",0,1)) -> 19823
F85: Pappireddipatty | G85: Morappur | H85: =V85 -> 1141.5 | I85: =W85 -> 1005 | J85: =X85 -> 693 | K85: =IFERROR(AVERAGE(H85:J85),"") -> 946.5 | M85: =L85*$L$643/$L$642 -> 0 | N85: =IF(M85>=2, ROUND(M85,0), IF(M85>1.1,2,"")) | O85: =N85 | P85: =O85 | R85: =R84 -> Dharmapuri | S85: =F85 -> Pappireddipatty | T85: =G85 -> Morappur | U85: =CONCATENATE(R85,"_",S85,"_",T85) -> Dharmapuri_Pappireddipatty_Morappur | V85: =IF(_xlfn.XLOOKUP($U85,GCA!$H$3:$H$593,GCA!E$3:E$593,"",0,1)="","",_xlfn.XLOOKUP($U85,GCA!$H$3:$H$593,GCA!E$3:E$593,"",0,1)) -> 1141.5 | W85: =IF(_xlfn.XLOOKUP($U85,GCA!$H$3:$H$593,GCA!F$3:F$593,"",0,1)="","",_xlfn.XLOOKUP($U85,GCA!$H$3:$H$593,GCA!F$3:F$593,"",0,1)) -> 1005 | X85: =IF(_xlfn.XLOOKUP($U85,GCA!$H$3:$H$593,GCA!G$3:G$593,"",0,1)="","",_xlfn.XLOOKUP($U85,GCA!$H$3:$H$593,GCA!G$3:G$593,"",0,1)) -> 693
F86: Pappireddipatty | G86: Pappireddipatty | H86: =V86 -> 31622.6 | I86: =W86 -> 26836 | J86: =X86 -> 26231.72 | K86: =IFERROR(AVERAGE(H86:J86),"") -> 28230.107 | M86: =L86*$L$643/$L$642 -> 0 | N86: =IF(M86>=2, ROUND(M86,0), IF(M86>1.1,2,"")) | O86: =N86 | P86: =O86 | R86: =R85 -> Dharmapuri | S86: =F86 -> Pappireddipatty | T86: =G86 -> Pappireddipatty | U86: =CONCATENATE(R86,"_",S86,"_",T86) -> Dharmapuri_Pappireddipatty_Pappireddipatty | V86: =IF(_xlfn.XLOOKUP($U86,GCA!$H$3:$H$593,GCA!E$3:E$593,"",0,1)="","",_xlfn.XLOOKUP($U86,GCA!$H$3:$H$593,GCA!E$3:E$593,"",0,1)) -> 31622.6 | W86: =IF(_xlfn.XLOOKUP($U86,GCA!$H$3:$H$593,GCA!F$3:F$593,"",0,1)="","",_xlfn.XLOOKUP($U86,GCA!$H$3:$H$593,GCA!F$3:F$593,"",0,1)) -> 26836 | X86: =IF(_xlfn.XLOOKUP($U86,GCA!$H$3:$H$593,GCA!G$3:G$593,"",0,1)="","",_xlfn.XLOOKUP($U86,GCA!$H$3:$H$593,GCA!G$3:G$593,"",0,1)) -> 26231.72
F87: Pennagaram | G87: Eriyur | H87: =V87 -> 9552 | I87: =W87 -> 10197.5 | J87: =X87 -> 8946.37 | K87: =IFERROR(AVERAGE(H87:J87),"") -> 9565.29 | M87: =L87*$L$643/$L$642 -> 0 | N87: =IF(M87>=2, ROUND(M87,0), IF(M87>1.1,2,"")) | O87: =N87 | P87: =O87 | R87: =R86 -> Dharmapuri | S87: =F87 -> Pennagaram | T87: =G87 -> Eriyur | U87: =CONCATENATE(R87,"_",S87,"_",T87) -> Dharmapuri_Pennagaram_Eriyur | V87: =IF(_xlfn.XLOOKUP($U87,GCA!$H$3:$H$593,GCA!E$3:E$593,"",0,1)="","",_xlfn.XLOOKUP($U87,GCA!$H$3:$H$593,GCA!E$3:E$593,"",0,1)) -> 9552 | W87: =IF(_xlfn.XLOOKUP($U87,GCA!$H$3:$H$593,GCA!F$3:F$593,"",0,1)="","",_xlfn.XLOOKUP($U87,GCA!$H$3:$H$593,GCA!F$3:F$593,"",0,1)) -> 10197.5 | X87: =IF(_xlfn.XLOOKUP($U87,GCA!$H$3:$H$593,GCA!G$3:G$593,"",0,1)="","",_xlfn.XLOOKUP($U87,GCA!$H$3:$H$593,GCA!G$3:G$593,"",0,1)) -> 8946.37
F88: Pennagaram | G88: Pennagaram | H88: =V88 -> 20899 | I88: =W88 -> 20635.5 | J88: =X88 -> 19640.63 | K88: =IFERROR(AVERAGE(H88:J88),"") -> 20391.71 | M88: =L88*$L$643/$L$642 -> 0 | N88: =IF(M88>=2, ROUND(M88,0), IF(M88>1.1,2,"")) | O88: =N88 | P88: =O88 | R88: =R87 -> Dharmapuri | S88: =F88 -> Pennagaram | T88: =G88 -> Pennagaram | U88: =CONCATENATE(R88,"_",S88,"_",T88) -> Dharmapuri_Pennagaram_Pennagaram | V88: =IF(_xlfn.XLOOKUP($U88,GCA!$H$3:$H$593,GCA!E$3:E$593,"",0,1)="","",_xlfn.XLOOKUP($U88,GCA!$H$3:$H$593,GCA!E$3:E$593,"",0,1)) -> 20899 | W88: =IF(_xlfn.XLOOKUP($U88,GCA!$H$3:$H$593,GCA!F$3:F$593,"",0,1)="","",_xlfn.XLOOKUP($U88,GCA!$H$3:$H$593,GCA!F$3:F$593,"",0,1)) -> 20635.5 | X88: =IF(_xlfn.XLOOKUP($U88,GCA!$H$3:$H$593,GCA!G$3:G$593,"",0,1)="","",_xlfn.XLOOKUP($U88,GCA!$H$3:$H$593,GCA!G$3:G$593,"",0,1)) -> 19640.63
E89: DISTT. TOTAL | H89: =SUM(H74:H88) -> 262550.66 | I89: =SUM(I74:I88) -> 251235.4 | J89: =SUM(J74:J88) -> 250360.46 | K89: =SUM(K74:K88) -> 254715.51 | L89: =SUM(L74:L88) -> 254715.51 | M89: =SUM(M74:M88) -> 10.691438 | N89: =SUM(N74:N88) -> 10 | O89: =SUM(O74:O88) -> 10 | P89: =SUM(P74:P88) -> 10 | R89: =R88 -> Dharmapuri | S89: =F89 -> 0 | T89: =G89 -> 0 | U89: =CONCATENATE(R89,"_",S89,"_",T89) -> Dharmapuri_0_0 | V89: =IF(_xlfn.XLOOKUP($U89,GCA!$H$3:$H$593,GCA!E$3:E$593,"",0,1)="","",_xlfn.XLOOKUP($U89,GCA!$H$3:$H$593,GCA!E$3:E$593,"",0,1)) | W89: =IF(_xlfn.XLOOKUP($U89,GCA!$H$3:$H$593,GCA!F$3:F$593,"",0,1)="","",_xlfn.XLOOKUP($U89,GCA!$H$3:$H$593,GCA!F$3:F$593,"",0,1)) | X89: =IF(_xlfn.XLOOKUP($U89,GCA!$H$3:$H$593,GCA!G$3:G$593,"",0,1)="","",_xlfn.XLOOKUP($U89,GCA!$H$3:$H$593,GCA!G$3:G$593,"",0,1))
C90: Krishnagiri | D90: 31 | E90: 1 | F90: Denkanikotta | G90: Kelamangalam | H90: =V90 -> 25690.35 | I90: =W90 -> 26935.59 | J90: =X90 -> 26881.66 | K90: =IFERROR(AVERAGE(H90:J90),"") -> 26502.533 | L90: =SUM(K90:K91) -> 61992.668 | M90: =L90*$L$643/$L$642 -> 2.6020825 | N90: 2 | O90: =N90 -> 2 | P90: =O90 -> 2 | R90: =C90 -> Krishnagiri | S90: =F90 -> Denkanikotta | T90: =G90 -> Kelamangalam | U90: =CONCATENATE(R90,"_",S90,"_",T90) -> Krishnagiri_Denkanikotta_Kelamangalam | V90: =IF(_xlfn.XLOOKUP($U90,GCA!$H$3:$H$593,GCA!E$3:E$593,"",0,1)="","",_xlfn.XLOOKUP($U90,GCA!$H$3:$H$593,GCA!E$3:E$593,"",0,1)) -> 25690.35 | W90: =IF(_xlfn.XLOOKUP($U90,GCA!$H$3:$H$593,GCA!F$3:F$593,"",0,1)="","",_xlfn.XLOOKUP($U90,GCA!$H$3:$H$593,GCA!F$3:F$593,"",0,1)) -> 26935.59 | X90: =IF(_xlfn.XLOOKUP($U90,GCA!$H$3:$H$593,GCA!G$3:G$593,"",0,1)="","",_xlfn.XLOOKUP($U90,GCA!$H$3:$H$593,GCA!G$3:G$593,"",0,1)) -> 26881.66
F91: Denkanikotta | G91: Thally | H91: =V91 -> 37020 | I91: =W91 -> 35579.145 | J91: =X91 -> 33871.26 | K91: =IFERROR(AVERAGE(H91:J91),"") -> 35490.135 | M91: =L91*$L$643/$L$642 -> 0 | N91: =IF(M91>=2, ROUND(M91,0), IF(M91>1.1,2,"")) | O91: =N91 | P91: =O91 | R91: =R90 -> Krishnagiri | S91: =F91 -> Denkanikotta | T91: =G91 -> Thally | U91: =CONCATENATE(R91,"_",S91,"_",T91) -> Krishnagiri_Denkanikotta_Thally | V91: =IF(_xlfn.XLOOKUP($U91,GCA!$H$3:$H$593,GCA!E$3:E$593,"",0,1)="","",_xlfn.XLOOKUP($U91,GCA!$H$3:$H$593,GCA!E$3:E$593,"",0,1)) -> 37020 | W91: =IF(_xlfn.XLOOKUP($U91,GCA!$H$3:$H$593,GCA!F$3:F$593,"",0,1)="","",_xlfn.XLOOKUP($U91,GCA!$H$3:$H$593,GCA!F$3:F$593,"",0,1)) -> 35579.145 | X91: =IF(_xlfn.XLOOKUP($U91,GCA!$H$3:$H$593,GCA!G$3:G$593,"",0,1)="","",_xlfn.XLOOKUP($U91,GCA!$H$3:$H$593,GCA!G$3:G$593,"",0,1)) -> 33871.26
E92: 2 | F92: Anchetti | G92: Thally | H92: =V92 -> 11893 | I92: =W92 -> 10510.2 | J92: =X92 -> 12344.7 | K92: =IFERROR(AVERAGE(H92:J92),"") -> 11582.633 | L92: =SUM(K92:K96) -> 55040.965 | M92: =L92*$L$643/$L$642 -> 2.3102914 | N92: =IF(M92>=2, ROUND(M92,0), IF(M92>1.1,2,"")) -> 2 | O92: =N92 -> 2 | P92: =O92 -> 2 | R92: =R91 -> Krishnagiri | S92: =F92 -> Anchetti | T92: =G92 -> Thally | U92: =CONCATENATE(R92,"_",S92,"_",T92) -> Krishnagiri_Anchetti_Thally | V92: =IF(_xlfn.XLOOKUP($U92,GCA!$H$3:$H$593,GCA!E$3:E$593,"",0,1)="","",_xlfn.XLOOKUP($U92,GCA!$H$3:$H$593,GCA!E$3:E$593,"",0,1)) -> 11893 | W92: =IF(_xlfn.XLOOKUP($U92,GCA!$H$3:$H$593,GCA!F$3:F$593,"",0,1)="","",_xlfn.XLOOKUP($U92,GCA!$H$3:$H$593,GCA!F$3:F$593,"",0,1)) -> 10510.2 | X92: =IF(_xlfn.XLOOKUP($U92,GCA!$H$3:$H$593,GCA!G$3:G$593,"",0,1)="","",_xlfn.XLOOKUP($U92,GCA!$H$3:$H$593,GCA!G$3:G$593,"",0,1)) -> 12344.7
F93: Bargur | G93: Bargur | H93: =V93 -> 18883.305 | I93: =W93 -> 19343.11 | J93: =X93 -> 19621.925 | K93: =IFERROR(AVERAGE(H93:J93),"") -> 19282.78 | M93: =L93*$L$643/$L$642 -> 0 | N93: =IF(M93>=2, ROUND(M93,0), IF(M93>1.1,2,"")) | O93: =N93 | P93: =O93 | R93: =R92 -> Krishnagiri | S93: =F93 -> Bargur | T93: =G93 -> Bargur | U93: =CONCATENATE(R93,"_",S93,"_",T93) -> Krishnagiri_Bargur_Bargur | V93: =IF(_xlfn.XLOOKUP($U93,GCA!$H$3:$H$593,GCA!E$3:E$593,"",0,1)="","",_xlfn.XLOOKUP($U93,GCA!$H$3:$H$593,GCA!E$3:E$593,"",0,1)) -> 18883.305 | W93: =IF(_xlfn.XLOOKUP($U93,GCA!$H$3:$H$593,GCA!F$3:F$593,"",0,1)="","",_xlfn.XLOOKUP($U93,GCA!$H$3:$H$593,GCA!F$3:F$593,"",0,1)) -> 19343.11 | X93: =IF(_xlfn.XLOOKUP($U93,GCA!$H$3:$H$593,GCA!G$3:G$593,"",0,1)="","",_xlfn.XLOOKUP($U93,GCA!$H$3:$H$593,GCA!G$3:G$593,"",0,1)) -> 19621.925
F94: Bargur | G94: Mathur | H94: =V94 -> 4180.03 | I94: =W94 -> 4360.125 | J94: =X94 -> 3895.44 | K94: =IFERROR(AVERAGE(H94:J94),"") -> 4145.1983 | M94: =L94*$L$643/$L$642 -> 0 | N94: =IF(M94>=2, ROUND(M94,0), IF(M94>1.1,2,"")) | O94: =N94 | P94: =O94 | R94: =R93 -> Krishnagiri | S94: =F94 -> Bargur | T94: =G94 -> Mathur | U94: =CONCATENATE(R94,"_",S94,"_",T94) -> Krishnagiri_Bargur_Mathur | V94: =IF(_xlfn.XLOOKUP($U94,GCA!$H$3:$H$593,GCA!E$3:E$593,"",0,1)="","",_xlfn.XLOOKUP($U94,GCA!$H$3:$H$593,GCA!E$3:E$593,"",0,1)) -> 4180.03 | W94: =IF(_xlfn.XLOOKUP($U94,GCA!$H$3:$H$593,GCA!F$3:F$593,"",0,1)="","",_xlfn.XLOOKUP($U94,GCA!$H$3:$H$593,GCA!F$3:F$593,"",0,1)) -> 4360.125 | X94: =IF(_xlfn.XLOOKUP($U94,GCA!$H$3:$H$593,GCA!G$3:G$593,"",0,1)="","",_xlfn.XLOOKUP($U94,GCA!$H$3:$H$593,GCA!G$3:G$593,"",0,1)) -> 3895.44
F95: Hosur | G95: Hosur | H95: =V95 -> 24338.936 | I95: =W95 -> 17166.02 | J95: =X95 -> 17369.35 | K95: =IFERROR(AVERAGE(H95:J95),"") -> 19624.769 | M95: =L95*$L$643/$L$642 -> 0 | N95: =IF(M95>=2, ROUND(M95,0), IF(M95>1.1,2,"")) | O95: =N95 | P95: =O95 | R95: =R94 -> Krishnagiri | S95: =F95 -> Hosur | T95: =G95 -> Hosur | U95: =CONCATENATE(R95,"_",S95,"_",T95) -> Krishnagiri_Hosur_Hosur | V95: =IF(_xlfn.XLOOKUP($U95,GCA!$H$3:$H$593,GCA!E$3:E$593,"",0,1)="","",_xlfn.XLOOKUP($U95,GCA!$H$3:$H$593,GCA!E$3:E$593,"",0,1)) -> 24338.936 | W95: =IF(_xlfn.XLOOKUP($U95,GCA!$H$3:$H$593,GCA!F$3:F$593,"",0,1)="","",_xlfn.XLOOKUP($U95,GCA!$H$3:$H$593,GCA!F$3:F$593,"",0,1)) -> 17166.02 | X95: =IF(_xlfn.XLOOKUP($U95,GCA!$H$3:$H$593,GCA!G$3:G$593,"",0,1)="","",_xlfn.XLOOKUP($U95,GCA!$H$3:$H$593,GCA!G$3:G$593,"",0,1)) -> 17369.35
F96: Hosur | G96: Shoolagiri | H96: =V96 -> 268.6 | I96: =W96 -> 290.825 | J96: =X96 -> 657.329 | K96: =IFERROR(AVERAGE(H96:J96),"") -> 405.58467 | M96: =L96*$L$643/$L$642 -> 0 | N96: =IF(M96>=2, ROUND(M96,0), IF(M96>1.1,2,"")) | O96: =N96 | P96: =O96 | R96: =R95 -> Krishnagiri | S96: =F96 -> Hosur | T96: =G96 -> Shoolagiri | U96: =CONCATENATE(R96,"_",S96,"_",T96) -> Krishnagiri_Hosur_Shoolagiri | V96: =IF(_xlfn.XLOOKUP($U96,GCA!$H$3:$H$593,GCA!E$3:E$593,"",0,1)="","",_xlfn.XLOOKUP($U96,GCA!$H$3:$H$593,GCA!E$3:E$593,"",0,1)) -> 268.6 | W96: =IF(_xlfn.XLOOKUP($U96,GCA!$H$3:$H$593,GCA!F$3:F$593,"",0,1)="","",_xlfn.XLOOKUP($U96,GCA!$H$3:$H$593,GCA!F$3:F$593,"",0,1)) -> 290.825 | X96: =IF(_xlfn.XLOOKUP($U96,GCA!$H$3:$H$593,GCA!G$3:G$593,"",0,1)="","",_xlfn.XLOOKUP($U96,GCA!$H$3:$H$593,GCA!G$3:G$593,"",0,1)) -> 657.329
E97: 3 | F97: Krishnagiri | G97: Kaveripattinam | H97: =V97 -> 15995.665 | I97: =W97 -> 16103.234 | J97: =X97 -> 19386.294 | K97: =IFERROR(AVERAGE(H97:J97),"") -> 17161.731 | L97: =SUM(K97:K99) -> 42283.752 | M97: =L97*$L$643/$L$642 -> 1.7748197 | N97: =IF(M97>=2, ROUND(M97,0), IF(M97>1.1,2,"")) -> 2 | O97: =N97 -> 2 | P97: =O97 -> 2 | R97: =R96 -> Krishnagiri | S97: =F97 -> Krishnagiri | T97: =G97 -> Kaveripattinam | U97: =CONCATENATE(R97,"_",S97,"_",T97) -> Krishnagiri_Krishnagiri_Kaveripattinam | V97: =IF(_xlfn.XLOOKUP($U97,GCA!$H$3:$H$593,GCA!E$3:E$593,"",0,1)="","",_xlfn.XLOOKUP($U97,GCA!$H$3:$H$593,GCA!E$3:E$593,"",0,1)) -> 15995.665 | W97: =IF(_xlfn.XLOOKUP($U97,GCA!$H$3:$H$593,GCA!F$3:F$593,"",0,1)="","",_xlfn.XLOOKUP($U97,GCA!$H$3:$H$593,GCA!F$3:F$593,"",0,1)) -> 16103.234 | X97: =IF(_xlfn.XLOOKUP($U97,GCA!$H$3:$H$593,GCA!G$3:G$593,"",0,1)="","",_xlfn.XLOOKUP($U97,GCA!$H$3:$H$593,GCA!G$3:G$593,"",0,1)) -> 19386.294
F98: Krishnagiri | G98: Krishnagiri | H98: =V98 -> 14503.639 | I98: =W98 -> 14115.801 | J98: =X98 -> 14261.161 | K98: =IFERROR(AVERAGE(H98:J98),"") -> 14293.534 | M98: =L98*$L$643/$L$642 -> 0 | N98: =IF(M98>=2, ROUND(M98,0), IF(M98>1.1,2,"")) | O98: =N98 | P98: =O98 | R98: =R97 -> Krishnagiri | S98: =F98 -> Krishnagiri | T98: =G98 -> Krishnagiri | U98: =CONCATENATE(R98,"_",S98,"_",T98) -> Krishnagiri_Krishnagiri_Krishnagiri | V98: =IF(_xlfn.XLOOKUP($U98,GCA!$H$3:$H$593,GCA!E$3:E$593,"",0,1)="","",_xlfn.XLOOKUP($U98,GCA!$H$3:$H$593,GCA!E$3:E$593,"",0,1)) -> 14503.639 | W98: =IF(_xlfn.XLOOKUP($U98,GCA!$H$3:$H$593,GCA!F$3:F$593,"",0,1)="","",_xlfn.XLOOKUP($U98,GCA!$H$3:$H$593,GCA!F$3:F$593,"",0,1)) -> 14115.801 | X98: =IF(_xlfn.XLOOKUP($U98,GCA!$H$3:$H$593,GCA!G$3:G$593,"",0,1)="","",_xlfn.XLOOKUP($U98,GCA!$H$3:$H$593,GCA!G$3:G$593,"",0,1)) -> 14261.161
F99: Krishnagiri | G99: Veppanapalli | H99: =V99 -> 11004.11 | I99: =W99 -> 10954.931 | J99: =X99 -> 10526.422 | K99: =IFERROR(AVERAGE(H99:J99),"") -> 10828.488 | M99: =L99*$L$643/$L$642 -> 0 | N99: =IF(M99>=2, ROUND(M99,0), IF(M99>1.1,2,"")) | O99: =N99 | P99: =O99 | R99: =R98 -> Krishnagiri | S99: =F99 -> Krishnagiri | T99: =G99 -> Veppanapalli | U99: =CONCATENATE(R99,"_",S99,"_",T99) -> Krishnagiri_Krishnagiri_Veppanapalli | V99: =IF(_xlfn.XLOOKUP($U99,GCA!$H$3:$H$593,GCA!E$3:E$593,"",0,1)="","",_xlfn.XLOOKUP($U99,GCA!$H$3:$H$593,GCA!E$3:E$593,"",0,1)) -> 11004.11 | W99: =IF(_xlfn.XLOOKUP($U99,GCA!$H$3:$H$593,GCA!F$3:F$593,"",0,1)="","",_xlfn.XLOOKUP($U99,GCA!$H$3:$H$593,GCA!F$3:F$593,"",0,1)) -> 10954.931 | X99: =IF(_xlfn.XLOOKUP($U99,GCA!$H$3:$H$593,GCA!G$3:G$593,"",0,1)="","",_xlfn.XLOOKUP($U99,GCA!$H$3:$H$593,GCA!G$3:G$593,"",0,1)) -> 10526.422
E100: 4 | F100: Pochampalli | G100: Bargur | H100: =V100 -> 10042.095 | I100: =W100 -> 10064.67 | J100: =X100 -> 10302.305 | K100: =IFERROR(AVERAGE(H100:J100),"") -> 10136.357 | L100: =SUM(K100:K103) -> 49773.162 | M100: =L100*$L$643/$L$642 -> 2.0891805 | N100: =IF(M100>=2, ROUND(M100,0), IF(M100>1.1,2,"")) -> 2 | O100: =N100 -> 2 | P100: =O100 -> 2 | R100: =R99 -> Krishnagiri | S100: =F100 -> Pochampalli | T100: =G100 -> Bargur | U100: =CONCATENATE(R100,"_",S100,"_",T100) -> Krishnagiri_Pochampalli_Bargur | V100: =IF(_xlfn.XLOOKUP($U100,GCA!$H$3:$H$593,GCA!E$3:E$593,"",0,1)="","",_xlfn.XLOOKUP($U100,GCA!$H$3:$H$593,GCA!E$3:E$593,"",0,1)) -> 10042.095 | W100: =IF(_xlfn.XLOOKUP($U100,GCA!$H$3:$H$593,GCA!F$3:F$593,"",0,1)="","",_xlfn.XLOOKUP($U100,GCA!$H$3:$H$593,GCA!F$3:F$593,"",0,1)) -> 10064.67 | X100: =IF(_xlfn.XLOOKUP($U100,GCA!$H$3:$H$593,GCA!G$3:G$593,"",0,1)="","",_xlfn.XLOOKUP($U100,GCA!$H$3:$H$593,GCA!G$3:G$593,"",0,1)) -> 10302.305
...
