Workbook

Sheet RC1-A1
F1: T-1
A2: TABLE A-1: DISTRICT-WISE DISTRIBUTION OF SELECTED VILLAGES FOR CHECK ON ENUMERATION OF AREA AND RESPONSE ACHIEVED.
A3: ='RC1-A3'!A3 -> STATE:PUDUCHERRY(34) | E3: YEAR: | F3: ='[1]Table-1'!E3 -> 2023-24 | G3: SEASON: | H3: ='[1]Table-1'!G3 -> RABI I(4)
A4: DISTRICT | B4: DISTRICT NAME | C4: NO.OF VILLAGES FOR WHICH SCHEDULE AS 1.0 RECEIVED | D4: NO. OF VILLAGES FOR WHICH SCHEDULE AS 1.0 IS ANALYSED | H4: PERCENTAGE RESPONSE TO COL.(2)
D5: WITH 'a' AND 'b' ENTRIES TOGETHER | E5: WITH 'a' AND 'b' ENTRIES SEPARATELY | F5: WITH 'a' ENTRIES ONLY | G5: TOTAL | H5: WITH 'a' AND 'b' ENTRIES TOGETHER | I5: WITH 'a' AND 'b' ENTRIES SEPARATELY | J5: WITH 'a' ENTRIES ONLY | K5: TOTAL
A10: 1 | B10: 2 | C10: 3 | D10: 4 | E10: 5 | F10: 7 | G10: 8 | H10: 9 | I10: 10 | J10: 11 | K10: 12
A11: ='[1]Table-1'!A11 | C11: ='[1]Table-1'!B11 | D11: ='[1]Table-1'!C11 | E11: ='[1]Table-1'!D11 | F11: ='[1]Table-1'!E11 | G11: ='[1]Table-1'!F11 | H11: ='[1]Table-1'!G11 | I11: ='[1]Table-1'!H11 | J11: ="SAMPLE: "&'[1]Table-1'!I3 -> SAMPLE: CENTRAL(1)
A12: ='[1]Table-1'!A12 -> 2 | B12: Puducherry | C12: ='[1]Table-1'!B12 -> 6 | D12: ='[1]Table-1'!C12 -> 6 | E12: ='[1]Table-1'!D12 -> 0 | F12: ='[1]Table-1'!E12 -> 0 | G12: ='[1]Table-1'!F12 -> 6 | H12: ='[1]Table-1'!G12 -> 100 | I12: ='[1]Table-1'!H12 -> 0 | J12: ='[1]Table-1'!I12 -> 0 | K12: ='[1]Table-1'!J12 -> 100
A13: ='[1]Table-1'!A13 | C13: ='[1]Table-1'!B13 | D13: ='[1]Table-1'!C13 | E13: ='[1]Table-1'!D13 | F13: ='[1]Table-1'!E13 | G13: ='[1]Table-1'!F13 | H13: ='[1]Table-1'!G13 | I13: ='[1]Table-1'!H13 | J13: ='[1]Table-1'!I13 | K13: ='[1]Table-1'!J13
A14: ='[1]Table-1'!A14 -> 4 | B14: Karaikal | C14: ='[1]Table-1'!B14 -> 3 | D14: ='[1]Table-1'!C14 -> 3 | E14: ='[1]Table-1'!D14 -> 0 | F14: ='[1]Table-1'!E14 -> 0 | G14: ='[1]Table-1'!F14 -> 3 | H14: ='[1]Table-1'!G14 -> 100 | I14: ='[1]Table-1'!H14 -> 0 | J14: ='[1]Table-1'!I14 -> 0 | K14: ='[1]Table-1'!J14 -> 100
A15: ='[1]Table-1'!A15 | C15: ='[1]Table-1'!B15 | D15: ='[1]Table-1'!C15 | E15: ='[1]Table-1'!D15 | F15: ='[1]Table-1'!E15 | G15: ='[1]Table-1'!F15 | H15: ='[1]Table-1'!G15 | I15: ='[1]Table-1'!H15 | J15: ='[1]Table-1'!I15 | K15: ='[1]Table-1'!J15
A16: ='[1]Table-1'!A16 | C16: ='[1]Table-1'!B16 | D16: ='[1]Table-1'!C16 | E16: ='[1]Table-1'!D16 | F16: ='[1]Table-1'!E16 | G16: ='[1]Table-1'!F16 | H16: ='[1]Table-1'!G16 | I16: ='[1]Table-1'!H16 | J16: ='[1]Table-1'!I16 | K16: ='[1]Table-1'!J16
A17: ='[1]Table-1'!A17 | C17: ='[1]Table-1'!B17 | D17: ='[1]Table-1'!C17 | E17: ='[1]Table-1'!D17 | F17: ='[1]Table-1'!E17 | G17: ='[1]Table-1'!F17 | H17: ='[1]Table-1'!G17 | I17: ='[1]Table-1'!H17 | J17: ='[1]Table-1'!I17 | K17: ='[1]Table-1'!J17
A18: ='[1]Table-1'!A18 | C18: ='[1]Table-1'!B18 | D18: ='[1]Table-1'!C18 | E18: ='[1]Table-1'!D18 | F18: ='[1]Table-1'!E18 | G18: ='[1]Table-1'!F18 | H18: ='[1]Table-1'!G18 | I18: ='[1]Table-1'!H18 | J18: ='[1]Table-1'!I18 | K18: ='[1]Table-1'!J18
A19: ='[1]Table-1'!A19 | C19: ='[1]Table-1'!B19 | D19: ='[1]Table-1'!C19 | E19: ='[1]Table-1'!D19 | F19: ='[1]Table-1'!E19 | G19: ='[1]Table-1'!F19 | H19: ='[1]Table-1'!G19 | I19: ='[1]Table-1'!H19 | J19: ='[1]Table-1'!I19 | K19: ='[1]Table-1'!J19
A20: ='[1]Table-1'!A20 | C20: ='[1]Table-1'!B20 | D20: ='[1]Table-1'!C20 | E20: ='[1]Table-1'!D20 | F20: ='[1]Table-1'!E20 | G20: ='[1]Table-1'!F20 | H20: ='[1]Table-1'!G20 | I20: ='[1]Table-1'!H20 | J20: ='[1]Table-1'!I20 | K20: ='[1]Table-1'!J20
A21: ='[1]Table-1'!A21 | C21: ='[1]Table-1'!B21 | D21: ='[1]Table-1'!C21 | E21: ='[1]Table-1'!D21 | F21: ='[1]Table-1'!E21 | G21: ='[1]Table-1'!F21 | H21: ='[1]Table-1'!G21 | I21: ='[1]Table-1'!H21 | J21: ='[1]Table-1'!I21 | K21: ='[1]Table-1'!J21
A22: ='[1]Table-1'!A22 | C22: ='[1]Table-1'!B22 | D22: ='[1]Table-1'!C22 | E22: ='[1]Table-1'!D22 | F22: ='[1]Table-1'!E22 | G22: ='[1]Table-1'!F22 | H22: ='[1]Table-1'!G22 | I22: ='[1]Table-1'!H22 | J22: ='[1]Table-1'!I22 | K22: ='[1]Table-1'!J22
A23: ='[1]Table-1'!A23 | C23: ='[1]Table-1'!B23 | D23: ='[1]Table-1'!C23 | E23: ='[1]Table-1'!D23 | F23: ='[1]Table-1'!E23 | G23: ='[1]Table-1'!F23 | H23: ='[1]Table-1'!G23 | I23: ='[1]Table-1'!H23 | J23: ='[1]Table-1'!I23 | K23: ='[1]Table-1'!J23
A24: ='[1]Table-1'!A24 | C24: ='[1]Table-1'!B24 | D24: ='[1]Table-1'!C24 | E24: ='[1]Table-1'!D24 | F24: ='[1]Table-1'!E24 | G24: ='[1]Table-1'!F24 | H24: ='[1]Table-1'!G24 | I24: ='[1]Table-1'!H24 | J24: ='[1]Table-1'!I24 | K24: ='[1]Table-1'!J24
A25: ='[1]Table-1'!A25 | C25: ='[1]Table-1'!B25 | D25: ='[1]Table-1'!C25 | E25: ='[1]Table-1'!D25 | F25: ='[1]Table-1'!E25 | G25: ='[1]Table-1'!F25 | H25: ='[1]Table-1'!G25 | I25: ='[1]Table-1'!H25 | J25: ='[1]Table-1'!I25 | K25: ='[1]Table-1'!J25
A26: ='[1]Table-1'!A26 | C26: ='[1]Table-1'!B26 | D26: ='[1]Table-1'!C26 | E26: ='[1]Table-1'!D26 | F26: ='[1]Table-1'!E26 | G26: ='[1]Table-1'!F26 | H26: ='[1]Table-1'!G26 | I26: ='[1]Table-1'!H26 | J26: ='[1]Table-1'!I26 | K26: ='[1]Table-1'!J26
... A98: ='[1]Table-1'!A98 -> STATE: | C98: ='[1]Table-1'!B98 -> 9 | D98: ='[1]Table-1'!C98 -> 9 | E98: ='[1]Table-1'!D98 -> 0 | F98: ='[1]Table-1'!E98 -> 0 | G98: ='[1]Table-1'!F98 -> 9 | H98: ='[1]Table-1'!G98 -> 100 | I98: ='[1]Table-1'!H98 -> 0 | J98: ='[1]Table-1'!I98 -> 0 | K98: ='[1]Table-1'!J98 -> 100
A99: NOTE: "a" ENTRIES= AS PER SUPERVISOR, "b" ENTRIES= AS PER PATWARI.
A100: Developed by: Deepak Kumar Agrawal, Senior Statistical Officer, NSSO (FOD), Faridabad, Haryana
A102: TABLE :A-1 : DISTRICT-WISE DISTRIBUTION OF SELECTED VILLAGES FOR CHECK ON ENUMERATION OF AREA AND RESPONSE ACHIEVED.
A103: =A3 -> STATE:PUDUCHERRY(34) | E103: YEAR: | F103: ='[1]Table-1'!P3 -> 2023-24 | G103: SEASON: | H103: ='[1]Table-1'!R3 -> RABI I(4)
A104: DISTRICT | B104: DISTRICT NAME | C104: NO.OF VILLAGES FOR WHICH SCHEDULE AS 1.0 RECEIVED | D104: NO. OF VILLAGES FOR WHICH SCHEDULE AS 1.0 IS ANALYSED | H104: PERCENTAGE RESPONSE TO COL.(2)
D105: WITH 'a' AND 'b' ENTRIES TOGETHER | E105: WITH 'a' AND 'b' ENTRIES SEPARATELY | F105: WITH 'a' ENTRIES ONLY | G105: TOTAL | H105: WITH 'a' AND 'b' ENTRIES TOGETHER | I105: WITH 'a' AND 'b' ENTRIES SEPARATELY | J105: WITH 'a' ENTRIES ONLY | K105: TOTAL
A110: 1 | B110: 2 | C110: 3 | D110: 4 | E110: 5 | F110: 7 | G110: 8 | H110: 9 | I110: 10 | J110: 11 | K110: 12
A111: ='[1]Table-1'!L11 | C111: ='[1]Table-1'!M11 | D111: ='[1]Table-1'!N11 | E111: ='[1]Table-1'!O11 | F111: ='[1]Table-1'!P11 | G111: ='[1]Table-1'!Q11 | H111: ='[1]Table-1'!R11 | I111: ='[1]Table-1'!S11 | J111: ="SAMPLE: "&'[1]Table-1'!T3 -> SAMPLE: STATE(2)
A112: ='[1]Table-1'!L12 -> 2 | B112: Puducherry | C112: ='[1]Table-1'!M12 -> 6 | D112: ='[1]Table-1'!N12 -> 6 | E112: ='[1]Table-1'!O12 -> 0 | F112: ='[1]Table-1'!P12 -> 0 | G112: ='[1]Table-1'!Q12 -> 6 | H112: ='[1]Table-1'!R12 -> 100 | I112: ='[1]Table-1'!S12 -> 0 | J112: ='[1]Table-1'!T12 -> 0 | K112: ='[1]Table-1'!U12 -> 100
A113: ='[1]Table-1'!L13 | C113: ='[1]Table-1'!M13 | D113: ='[1]Table-1'!N13 | E113: ='[1]Table-1'!O13 | F113: ='[1]Table-1'!P13 | G113: ='[1]Table-1'!Q13 | H113: ='[1]Table-1'!R13 | I113: ='[1]Table-1'!S13 | J113: ='[1]Table-1'!T13 | K113: ='[1]Table-1'!U13
A114: ='[1]Table-1'!L14 -> 4 | B114: Karaikal | C114: ='[1]Table-1'!M14 -> 3 | D114: ='[1]Table-1'!N14 -> 3 | E114: ='[1]Table-1'!O14 -> 0 | F114: ='[1]Table-1'!P14 -> 0 | G114: ='[1]Table-1'!Q14 -> 3 | H114: ='[1]Table-1'!R14 -> 100 | I114: ='[1]Table-1'!S14 -> 0 | J114: ='[1]Table-1'!T14 -> 0 | K114: ='[1]Table-1'!U14 -> 100
A115: ='[1]Table-1'!L15 | C115: ='[1]Table-1'!M15 | D115: ='[1]Table-1'!N15 | E115: ='[1]Table-1'!O15 | F115: ='[1]Table-1'!P15 | G115: ='[1]Table-1'!Q15 | H115: ='[1]Table-1'!R15 | I115: ='[1]Table-1'!S15 | J115: ='[1]Table-1'!T15 | K115: ='[1]Table-1'!U15
A116: ='[1]Table-1'!L16 | C116: ='[1]Table-1'!M16 | D116: ='[1]Table-1'!N16 | E116: ='[1]Table-1'!O16 | F116: ='[1]Table-1'!P16 | G116: ='[1]Table-1'!Q16 | H116: ='[1]Table-1'!R16 | I116: ='[1]Table-1'!S16 | J116: ='[1]Table-1'!T16 | K116: ='[1]Table-1'!U16
A117: ='[1]Table-1'!L17 | C117: ='[1]Table-1'!M17 | D117: ='[1]Table-1'!N17 | E117: ='[1]Table-1'!O17 | F117: ='[1]Table-1'!P17 | G117: ='[1]Table-1'!Q17 | H117: ='[1]Table-1'!R17 | I117: ='[1]Table-1'!S17 | J117: ='[1]Table-1'!T17 | K117: ='[1]Table-1'!U17
A118: ='[1]Table-1'!L18 | C118: ='[1]Table-1'!M18 | D118: ='[1]Table-1'!N18 | E118: ='[1]Table-1'!O18 | F118: ='[1]Table-1'!P18 | G118: ='[1]Table-1'!Q18 | H118: ='[1]Table-1'!R18 | I118: ='[1]Table-1'!S18 | J118: ='[1]Table-1'!T18 | K118: ='[1]Table-1'!U18
A119: ='[1]Table-1'!L19 | C119: ='[1]Table-1'!M19 | D119: ='[1]Table-1'!N19 | E119: ='[1]Table-1'!O19 | F119: ='[1]Table-1'!P19 | G119: ='[1]Table-1'!Q19 | H119: ='[1]Table-1'!R19 | I119: ='[1]Table-1'!S19 | J119: ='[1]Table-1'!T19 | K119: ='[1]Table-1'!U19
A120: ='[1]Table-1'!L20 | C120: ='[1]Table-1'!M20 | D120: ='[1]Table-1'!N20 | E120: ='[1]Table-1'!O20 | F120: ='[1]Table-1'!P20 | G120: ='[1]Table-1'!Q20 | H120: ='[1]Table-1'!R20 | I120: ='[1]Table-1'!S20 | J120: ='[1]Table-1'!T20 | K120: ='[1]Table-1'!U20
A121: ='[1]Table-1'!L21 | C121: ='[1]Table-1'!M21 | D121: ='[1]Table-1'!N21 | E121: ='[1]Table-1'!O21 | F121: ='[1]Table-1'!P21 | G121: ='[1]Table-1'!Q21 | H121: ='[1]Table-1'!R21 | I121: ='[1]Table-1'!S21 | J121: ='[1]Table-1'!T21 | K121: ='[1]Table-1'!U21
A122: ='[1]Table-1'!L22 | C122: ='[1]Table-1'!M22 | D122: ='[1]Table-1'!N22 | E122: ='[1]Table-1'!O22 | F122: ='[1]Table-1'!P22 | G122: ='[1]Table-1'!Q22 | H122: ='[1]Table-1'!R22 | I122: ='[1]Table-1'!S22 | J122: ='[1]Table-1'!T22 | K122: ='[1]Table-1'!U22
A123: ='[1]Table-1'!L23 | C123: ='[1]Table-1'!M23 | D123: ='[1]Table-1'!N23 | E123: ='[1]Table-1'!O23 | F123: ='[1]Table-1'!P23 | G123: ='[1]Table-1'!Q23 | H123: ='[1]Table-1'!R23 | I123: ='[1]Table-1'!S23 | J123: ='[1]Table-1'!T23 | K123: ='[1]Table-1'!U23
A124: ='[1]Table-1'!L24 | C124: ='[1]Table-1'!M24 | D124: ='[1]Table-1'!N24 | E124: ='[1]Table-1'!O24 | F124: ='[1]Table-1'!P24 | G124: ='[1]Table-1'!Q24 | H124: ='[1]Table-1'!R24 | I124: ='[1]Table-1'!S24 | J124: ='[1]Table-1'!T24 | K124: ='[1]Table-1'!U24
A125: ='[1]Table-1'!L25 | C125: ='[1]Table-1'!M25 | D125: ='[1]Table-1'!N25 | E125: ='[1]Table-1'!O25 | F125: ='[1]Table-1'!P25 | G125: ='[1]Table-1'!Q25 | H125: ='[1]Table-1'!R25 | I125: ='[1]Table-1'!S25 | J125: ='[1]Table-1'!T25 | K125: ='[1]Table-1'!U25
A126: ='[1]Table-1'!L26 | C126: ='[1]Table-1'!M26 | D126: ='[1]Table-1'!N26 | E126: ='[1]Table-1'!O26 | F126: ='[1]Table-1'!P26 | G126: ='[1]Table-1'!Q26 | H126: ='[1]Table-1'!R26 | I126: ='[1]Table-1'!S26 | J126: ='[1]Table-1'!T26 | K126: ='[1]Table-1'!U26
... A198: ='[1]Table-1'!L98 -> STATE: | C198: ='[1]Table-1'!M98 -> 9 | D198: ='[1]Table-1'!N98 -> 9 | E198: ='[1]Table-1'!O98 -> 0 | F198: ='[1]Table-1'!P98 -> 0 | G198: ='[1]Table-1'!Q98 -> 9 | H198: ='[1]Table-1'!R98 -> 100 | I198: ='[1]Table-1'!S98 -> 0 | J198: ='[1]Table-1'!T98 -> 0 | K198: ='[1]Table-1'!U98 -> 100
A199: NOTE: "a" ENTRIES= AS PER SUPERVISOR, "b" ENTRIES= AS PER PATWARI.
A200: Developed by: Deepak Kumar Agrawal, Senior Statistical Officer, NSSO (FOD), Faridabad, Haryana

Sheet RC1-A2
A2: Table A-2 : DISTRICTWISE DISTRIBUTION OF SELECTED VILLAGES ACCORDING TO TIME LAG BETWEEN THE YEAR OF SURVEY AND UPDATING OF MAPS.
A3: ='RC1-A3'!A3 -> STATE:PUDUCHERRY(34) | F3: YEAR: | G3: ='[1]Table-2'!F3 -> 2023-24 | I3: SEASON: | J3: ='[1]Table-2'!I3 -> RABI I(4)
A4: DISTRICT | B4: DISTRICT NAME | C4: NO. OF VILLAGES ANALYSED | D4: NO. OF VILLAGES ACCORDING TO TIME LAG (YEARS) BETWEEN SURVEY AND UPDATING OF MAP. | I4: NO OF VILLAGES | K4: NO OF VILLAGES FOR WHICH
I5: UNSURVEYED AND INFORMATION NOT APPLICABLE | J5: FOR INFORMATION NOT AVAILABLE | K5: MAPS ARE AVAILABLE WITH PATWARI | N5: MAPS NOT AVAILABLE
D6: 1 | E6: 2 TO 5 | F6: 6 TO 10 | G6: 11 TO 20 | H6: ABOVE 20 | K6: USEABLE | L6: UN-USEABLE | M6: TOTAL
A7: 1 | B7: 2 | C7: 3 | D7: 4 | E7: 5 | F7: 6 | G7: 7 | H7: 8 | I7: 9 | J7: 10 | K7: 11 | L7: 12 | M7: 13 | N7: 14
A8: ='[1]Table-2'!A8 | C8: ='[1]Table-2'!B8 | D8: ='[1]Table-2'!C8 | E8: ='[1]Table-2'!D8 | F8: ='[1]Table-2'!E8 | G8: ='[1]Table-2'!F8 | H8: ='[1]Table-2'!G8 | I8: ='[1]Table-2'!H8 | J8: ='[1]Table-2'!I8 | ... L8: ='[1]Table-2'!K8 | M8: ='RC1-A1'!J11 -> SAMPLE: CENTRAL(1)
A9: ='[1]Table-2'!A9 -> 2 | B9: Puducherry | C9: ='[1]Table-2'!B9 -> 6 | D9: ='[1]Table-2'!C9 -> 0 | E9: ='[1]Table-2'!D9 -> 0 | F9: ='[1]Table-2'!E9 -> 0 | G9: ='[1]Table-2'!F9 -> 0 | H9: ='[1]Table-2'!G9 -> 6 | I9: ='[1]Table-2'!H9 -> 0 | J9: ='[1]Table-2'!I9 -> 0 | ... N9: ='[1]Table-2'!M9 -> 0
A10: ='[1]Table-2'!A10 | C10: ='[1]Table-2'!B10 | D10: ='[1]Table-2'!C10 | E10: ='[1]Table-2'!D10 | F10: ='[1]Table-2'!E10 | G10: ='[1]Table-2'!F10 | H10: ='[1]Table-2'!G10 | I10: ='[1]Table-2'!H10 | J10: ='[1]Table-2'!I10 | ... N10: ='[1]Table-2'!M10
A11: ='[1]Table-2'!A11 -> 4 | B11: Karaikal | C11: ='[1]Table-2'!B11 -> 3 | D11: ='[1]Table-2'!C11 -> 0 | E11: ='[1]Table-2'!D11 -> 0 | F11: ='[1]Table-2'!E11 -> 0 | G11: ='[1]Table-2'!F11 -> 0 | H11: ='[1]Table-2'!G11 -> 2 | I11: ='[1]Table-2'!H11 -> 0 | J11: ='[1]Table-2'!I11 -> 1 | ... N11: ='[1]Table-2'!M11 -> 0
A12: ='[1]Table-2'!A12 | C12: ='[1]Table-2'!B12 | D12: ='[1]Table-2'!C12 | E12: ='[1]Table-2'!D12 | F12: ='[1]Table-2'!E12 | G12: ='[1]Table-2'!F12 | H12: ='[1]Table-2'!G12 | I12: ='[1]Table-2'!H12 | J12: ='[1]Table-2'!I12 | ... N12: ='[1]Table-2'!M12
A13: ='[1]Table-2'!A13 | C13: ='[1]Table-2'!B13 | D13: ='[1]Table-2'!C13 | E13: ='[1]Table-2'!D13 | F13: ='[1]Table-2'!E13 | G13: ='[1]Table-2'!F13 | H13: ='[1]Table-2'!G13 | I13: ='[1]Table-2'!H13 | J13: ='[1]Table-2'!I13 | ... N13: ='[1]Table-2'!M13
A14: ='[1]Table-2'!A14 | C14: ='[1]Table-2'!B14 | D14: ='[1]Table-2'!C14 | E14: ='[1]Table-2'!D14 | F14: ='[1]Table-2'!E14 | G14: ='[1]Table-2'!F14 | H14: ='[1]Table-2'!G14 | I14: ='[1]Table-2'!H14 | J14: ='[1]Table-2'!I14 | ... N14: ='[1]Table-2'!M14
A15: ='[1]Table-2'!A15 | C15: ='[1]Table-2'!B15 | D15: ='[1]Table-2'!C15 | E15: ='[1]Table-2'!D15 | F15: ='[1]Table-2'!E15 | G15: ='[1]Table-2'!F15 | H15: ='[1]Table-2'!G15 | I15: ='[1]Table-2'!H15 | J15: ='[1]Table-2'!I15 | ... N15: ='[1]Table-2'!M15
A16: ='[1]Table-2'!A16 | C16: ='[1]Table-2'!B16 | D16: ='[1]Table-2'!C16 | E16: ='[1]Table-2'!D16 | F16: ='[1]Table-2'!E16 | G16: ='[1]Table-2'!F16 | H16: ='[1]Table-2'!G16 | I16: ='[1]Table-2'!H16 | J16: ='[1]Table-2'!I16 | ... N16: ='[1]Table-2'!M16
A17: ='[1]Table-2'!A17 | C17: ='[1]Table-2'!B17 | D17: ='[1]Table-2'!C17 | E17: ='[1]Table-2'!D17 | F17: ='[1]Table-2'!E17 | G17: ='[1]Table-2'!F17 | H17: ='[1]Table-2'!G17 | I17: ='[1]Table-2'!H17 | J17: ='[1]Table-2'!I17 | ... N17: ='[1]Table-2'!M17
A18: ='[1]Table-2'!A18 | C18: ='[1]Table-2'!B18 | D18: ='[1]Table-2'!C18 | E18: ='[1]Table-2'!D18 | F18: ='[1]Table-2'!E18 | G18: ='[1]Table-2'!F18 | H18: ='[1]Table-2'!G18 | I18: ='[1]Table-2'!H18 | J18: ='[1]Table-2'!I18 | ... N18: ='[1]Table-2'!M18
A19: ='[1]Table-2'!A19 | C19: ='[1]Table-2'!B19 | D19: ='[1]Table-2'!C19 | E19: ='[1]Table-2'!D19 | F19: ='[1]Table-2'!E19 | G19: ='[1]Table-2'!F19 | H19: ='[1]Table-2'!G19 | I19: ='[1]Table-2'!H19 | J19: ='[1]Table-2'!I19 | ... N19: ='[1]Table-2'!M19
A20: ='[1]Table-2'!A20 | C20: ='[1]Table-2'!B20 | D20: ='[1]Table-2'!C20 | E20: ='[1]Table-2'!D20 | F20: ='[1]Table-2'!E20 | G20: ='[1]Table-2'!F20 | H20: ='[1]Table-2'!G20 | I20: ='[1]Table-2'!H20 | J20: ='[1]Table-2'!I20 | ... N20: ='[1]Table-2'!M20
A21: ='[1]Table-2'!A21 | C21: ='[1]Table-2'!B21 | D21: ='[1]Table-2'!C21 | E21: ='[1]Table-2'!D21 | F21: ='[1]Table-2'!E21 | G21: ='[1]Table-2'!F21 | H21: ='[1]Table-2'!G21 | I21: ='[1]Table-2'!H21 | J21: ='[1]Table-2'!I21 | ... N21: ='[1]Table-2'!M21
A22: ='[1]Table-2'!A22 | C22: ='[1]Table-2'!B22 | D22: ='[1]Table-2'!C22 | E22: ='[1]Table-2'!D22 | F22: ='[1]Table-2'!E22 | G22: ='[1]Table-2'!F22 | H22: ='[1]Table-2'!G22 | I22: ='[1]Table-2'!H22 | J22: ='[1]Table-2'!I22 | ... N22: ='[1]Table-2'!M22
A23: ='[1]Table-2'!A23 | C23: ='[1]Table-2'!B23 | D23: ='[1]Table-2'!C23 | E23: ='[1]Table-2'!D23 | F23: ='[1]Table-2'!E23 | G23: ='[1]Table-2'!F23 | H23: ='[1]Table-2'!G23 | I23: ='[1]Table-2'!H23 | J23: ='[1]Table-2'!I23 | ... N23: ='[1]Table-2'!M23
... A101: ='[1]Table-2'!A101 -> STATE: | C101: ='[1]Table-2'!B101 -> 9 | D101: ='[1]Table-2'!C101 -> 0 | E101: ='[1]Table-2'!D101 -> 0 | F101: ='[1]Table-2'!E101 -> 0 | G101: ='[1]Table-2'!F101 -> 0 | H101: ='[1]Table-2'!G101 -> 8 | I101: ='[1]Table-2'!H101 -> 0 | J101: ='[1]Table-2'!I101 -> 1 | ... N101: ='[1]Table-2'!M101 -> 0
A102: %AGE TO COL (2) | D102: ='[1]Table-2'!C102 -> 0 | E102: ='[1]Table-2'!D102 -> 0 | F102: ='[1]Table-2'!E102 -> 0 | G102: ='[1]Table-2'!F102 -> 0 | H102: ='[1]Table-2'!G102 -> 88.89 | I102: ='[1]Table-2'!H102 -> 0 | J102: ='[1]Table-2'!I102 -> 11.11 | K102: ='[1]Table-2'!J102 -> 100 | ... N102: ='[1]Table-2'!M102 -> 0
A103: NOTE: THIS TABLE WILL BE PREPARED ONLY FOR THE FIRST SEASON OF THE YEAR
A104: COL.2=(COL. 3 TO COL. 9)=COL.12+COL.13
A105: Developed by: Deepak Kumar Agrawal, Senior Statistical Officer, NSSO (FOD), Faridabad, Haryana
A107: Table A-2 : DISTRICTWISE DISTRIBUTION OF SELECTED VILLAGES ACCORDING TO TIME LAG BETWEEN THE YEAR OF SURVEY AND UPDATING OF MAPS.
A108: =A3 -> STATE:PUDUCHERRY(34) | F108: YEAR: | G108: ='[1]Table-2'!T3 -> 2023-24 | I108: SEASON: | J108: ='[1]Table-2'!W3 -> RABI I(4)
A109: DISTRICT | B109: DISTRICT NAME | C109: NO. OF VILLAGES ANALYSED | D109: NO. OF VILLAGES ACCORDING TO TIME LAG (YEARS) BETWEEN SURVEY AND UPDATING OF MAP. | I109: NO OF VILLAGES | K109: NO OF VILLAGES FOR WHICH
I110: UNSURVEYED AND INFORMATION NOT APPLICABLE | J110: FOR INFORMATION NOT AVAILABLE | K110: MAPS ARE AVAILABLE WITH PATWARI | N110: MAPS NOT AVAILABLE
D111: 1 | E111: 2 TO 5 | F111: 6 TO 10 | G111: 11 TO 20 | H111: ABOVE 20 | K111: USEABLE | L111: UN-USEABLE | M111: TOTAL
A112: 1 | B112: 2 | C112: 3 | D112: 4 | E112: 5 | F112: 6 | G112: 7 | H112: 8 | I112: 9 | J112: 10 | K112: 11 | L112: 12 | M112: 13 | N112: 14
A113: ='[1]Table-2'!O8 | C113: ='[1]Table-2'!P8 | D113: ='[1]Table-2'!Q8 | E113: ='[1]Table-2'!R8 | F113: ='[1]Table-2'!S8 | G113: ='[1]Table-2'!T8 | H113: ='[1]Table-2'!U8 | I113: ='[1]Table-2'!V8 | J113: ='[1]Table-2'!W8 | ... L113: ='[1]Table-2'!Y8 | M113: ='RC1-A1'!J111 -> SAMPLE: STATE(2)
A114: ='[1]Table-2'!O9 -> 2 | B114: Puducherry | C114: ='[1]Table-2'!P9 -> 6 | D114: ='[1]Table-2'!Q9 -> 0 | E114: ='[1]Table-2'!R9 -> 0 | F114: ='[1]Table-2'!S9 -> 0 | G114: ='[1]Table-2'!T9 -> 0 | H114: ='[1]Table-2'!U9 -> 6 | I114: ='[1]Table-2'!V9 -> 0 | J114: ='[1]Table-2'!W9 -> 0 | ... N114: ='[1]Table-2'!AA9 -> 0
A115: ='[1]Table-2'!O10 | C115: ='[1]Table-2'!P10 | D115: ='[1]Table-2'!Q10 | E115: ='[1]Table-2'!R10 | F115: ='[1]Table-2'!S10 | G115: ='[1]Table-2'!T10 | H115: ='[1]Table-2'!U10 | I115: ='[1]Table-2'!V10 | J115: ='[1]Table-2'!W10 | ... N115: ='[1]Table-2'!AA10
A116: ='[1]Table-2'!O11 -> 4 | B116: Karaikal | C116: ='[1]Table-2'!P11 -> 3 | D116: ='[1]Table-2'!Q11 -> 0 | E116: ='[1]Table-2'!R11 -> 0 | F116: ='[1]Table-2'!S11 -> 0 | G116: ='[1]Table-2'!T11 -> 0 | H116: ='[1]Table-2'!U11 -> 3 | I116: ='[1]Table-2'!V11 -> 0 | J116: ='[1]Table-2'!W11 -> 0 | ... N116: ='[1]Table-2'!AA11 -> 0
A117: ='[1]Table-2'!O12 | C117: ='[1]Table-2'!P12 | D117: ='[1]Table-2'!Q12 | E117: ='[1]Table-2'!R12 | F117: ='[1]Table-2'!S12 | G117: ='[1]Table-2'!T12 | H117: ='[1]Table-2'!U12 | I117: ='[1]Table-2'!V12 | J117: ='[1]Table-2'!W12 | ... N117: ='[1]Table-2'!AA12
A118: ='[1]Table-2'!O13 | C118: ='[1]Table-2'!P13 | D118: ='[1]Table-2'!Q13 | E118: ='[1]Table-2'!R13 | F118: ='[1]Table-2'!S13 | G118: ='[1]Table-2'!T13 | H118: ='[1]Table-2'!U13 | I118: ='[1]Table-2'!V13 | J118: ='[1]Table-2'!W13 | ... N118: ='[1]Table-2'!AA13
A119: ='[1]Table-2'!O14 | C119: ='[1]Table-2'!P14 | D119: ='[1]Table-2'!Q14 | E119: ='[1]Table-2'!R14 | F119: ='[1]Table-2'!S14 | G119: ='[1]Table-2'!T14 | H119: ='[1]Table-2'!U14 | I119: ='[1]Table-2'!V14 | J119: ='[1]Table-2'!W14 | ... N119: ='[1]Table-2'!AA14
A120: ='[1]Table-2'!O15 | C120: ='[1]Table-2'!P15 | D120: ='[1]Table-2'!Q15 | E120: ='[1]Table-2'!R15 | F120: ='[1]Table-2'!S15 | G120: ='[1]Table-2'!T15 | H120: ='[1]Table-2'!U15 | I120: ='[1]Table-2'!V15 | J120: ='[1]Table-2'!W15 | ... N120: ='[1]Table-2'!AA15
A121: ='[1]Table-2'!O16 | C121: ='[1]Table-2'!P16 | D121: ='[1]Table-2'!Q16 | E121: ='[1]Table-2'!R16 | F121: ='[1]Table-2'!S16 | G121: ='[1]Table-2'!T16 | H121: ='[1]Table-2'!U16 | I121: ='[1]Table-2'!V16 | J121: ='[1]Table-2'!W16 | ... N121: ='[1]Table-2'!AA16
A122: ='[1]Table-2'!O17 | C122: ='[1]Table-2'!P17 | D122: ='[1]Table-2'!Q17 | E122: ='[1]Table-2'!R17 | F122: ='[1]Table-2'!S17 | G122: ='[1]Table-2'!T17 | H122: ='[1]Table-2'!U17 | I122: ='[1]Table-2'!V17 | J122: ='[1]Table-2'!W17 | ... N122: ='[1]Table-2'!AA17
A123: ='[1]Table-2'!O18 | C123: ='[1]Table-2'!P18 | D123: ='[1]Table-2'!Q18 | E123: ='[1]Table-2'!R18 | F123: ='[1]Table-2'!S18 | G123: ='[1]Table-2'!T18 | H123: ='[1]Table-2'!U18 | I123: ='[1]Table-2'!V18 | J123: ='[1]Table-2'!W18 | ... N123: ='[1]Table-2'!AA18
A124: ='[1]Table-2'!O19 | C124: ='[1]Table-2'!P19 | D124: ='[1]Table-2'!Q19 | E124: ='[1]Table-2'!R19 | F124: ='[1]Table-2'!S19 | G124: ='[1]Table-2'!T19 | H124: ='[1]Table-2'!U19 | I124: ='[1]Table-2'!V19 | J124: ='[1]Table-2'!W19 | ... N124: ='[1]Table-2'!AA19
A125: ='[1]Table-2'!O20 | C125: ='[1]Table-2'!P20 | D125: ='[1]Table-2'!Q20 | E125: ='[1]Table-2'!R20 | F125: ='[1]Table-2'!S20 | G125: ='[1]Table-2'!T20 | H125: ='[1]Table-2'!U20 | I125: ='[1]Table-2'!V20 | J125: ='[1]Table-2'!W20 | ... N125: ='[1]Table-2'!AA20
A126: ='[1]Table-2'!O21 | C126: ='[1]Table-2'!P21 | D126: ='[1]Table-2'!Q21 | E126: ='[1]Table-2'!R21 | F126: ='[1]Table-2'!S21 | G126: ='[1]Table-2'!T21 | H126: ='[1]Table-2'!U21 | I126: ='[1]Table-2'!V21 | J126: ='[1]Table-2'!W21 | ... N126: ='[1]Table-2'!AA21
A127: ='[1]Table-2'!O22 | C127: ='[1]Table-2'!P22 | D127: ='[1]Table-2'!Q22 | E127: ='[1]Table-2'!R22 | F127: ='[1]Table-2'!S22 | G127: ='[1]Table-2'!T22 | H127: ='[1]Table-2'!U22 | I127: ='[1]Table-2'!V22 | J127: ='[1]Table-2'!W22 | ... N127: ='[1]Table-2'!AA22
A128: ='[1]Table-2'!O23 | C128: ='[1]Table-2'!P23 | D128: ='[1]Table-2'!Q23 | E128: ='[1]Table-2'!R23 | F128: ='[1]Table-2'!S23 | G128: ='[1]Table-2'!T23 | H128: ='[1]Table-2'!U23 | I128: ='[1]Table-2'!V23 | J128: ='[1]Table-2'!W23 | ... N128: ='[1]Table-2'!AA23
... A206: ='[1]Table-2'!O101 -> STATE: | C206: ='[1]Table-2'!P101 -> 9 | D206: ='[1]Table-2'!Q101 -> 0 | E206: ='[1]Table-2'!R101 -> 0 | F206: ='[1]Table-2'!S101 -> 0 | G206: ='[1]Table-2'!T101 -> 0 | H206: ='[1]Table-2'!U101 -> 9 | I206: ='[1]Table-2'!V101 -> 0 | J206: ='[1]Table-2'!W101 -> 0 | ... N206: ='[1]Table-2'!AA101 -> 0
A207: %AGE TO COL (2) | D207: ='[1]Table-2'!Q102 -> 0 | E207: ='[1]Table-2'!R102 -> 0 | F207: ='[1]Table-2'!S102 -> 0 | G207: ='[1]Table-2'!T102 -> 0 | H207: ='[1]Table-2'!U102 -> 100 | I207: ='[1]Table-2'!V102 -> 0 | J207: ='[1]Table-2'!W102 -> 0 | K207: ='[1]Table-2'!X102 -> 100 | ... N207: ='[1]Table-2'!AA102 -> 0
A208: NOTE: THIS TABLE WILL BE PREPARED ONLY FOR THE FIRST SEASON OF THE YEAR
A209: COL.2=(COL. 3 TO COL. 9)=COL.12+COL.13
A210: Developed by: Deepak Kumar Agrawal, Senior Statistical Officer, NSSO (FOD), Faridabad, Haryana

Sheet RC1-A3
A2: TABLE A-3: DISTRICTWISE AVERAGE WORKLOAD PER PATWARI IN THE SELECTED VILLAGES
A3: ='[1]Table-3'!A3 -> STATE:PUDUCHERRY(34) | D3: ='[1]Table-3'!C3 -> YEAR:2023-24 | E3: ='[1]Table-3'!D3 -> SEASON:RABI I(4)
A4: DISTRICT | B4: DISTRICT NAME | C4: AVERAGE NUMBER OF VILLAGES ALLOTED PER PATWARI(0.0) | E4: AVERAGE WORKLOAD PER VILLAGE IN TERM OF
C5: TOTAL | D5: TRS | E5: SURVEY NUMBER | F5: GEOGRAPHICAL AREA (HA)
A7: 1 | B7: 2 | C7: 3 | D7: 4 | E7: 5 | F7: 6
A8: ='[1]Table-3'!A8 | C8: ='[1]Table-3'!B8 | D8: ='[1]Table-3'!C8 | E8: ='[1]Table-3'!D8 | F8: ='[1]Table-3'!E3 -> SAMPLE:CENTRAL(1)
A9: ='[1]Table-3'!A9 -> 2 | B9: Puducherry | C9: ='[1]Table-3'!B9 -> 9 | D9: ='[1]Table-3'!C9 -> 2 | E9: ='[1]Table-3'!D9 -> 1178.6667 | F9: ='[1]Table-3'!E9 -> 411.66333
A10: ='[1]Table-3'!A10 | C10: ='[1]Table-3'!B10 | D10: ='[1]Table-3'!C10 | E10: ='[1]Table-3'!D10 | F10: ='[1]Table-3'!E10
A11: ='[1]Table-3'!A11 -> 4 | B11: Karaikal | C11: ='[1]Table-3'!B11 -> 12.666667 | D11: ='[1]Table-3'!C11 -> 2 | E11: ='[1]Table-3'!D11 -> 1446.3333 | F11: ='[1]Table-3'!E11 -> 368.51333
A12: ='[1]Table-3'!A12 | C12: ='[1]Table-3'!B12 | D12: ='[1]Table-3'!C12 | E12: ='[1]Table-3'!D12 | F12: ='[1]Table-3'!E12
A13: ='[1]Table-3'!A13 | C13: ='[1]Table-3'!B13 | D13: ='[1]Table-3'!C13 | E13: ='[1]Table-3'!D13 | F13: ='[1]Table-3'!E13
A14: ='[1]Table-3'!A14 | C14: ='[1]Table-3'!B14 | D14: ='[1]Table-3'!C14 | E14: ='[1]Table-3'!D14 | F14: ='[1]Table-3'!E14
A15: ='[1]Table-3'!A15 | C15: ='[1]Table-3'!B15 | D15: ='[1]Table-3'!C15 | E15: ='[1]Table-3'!D15 | F15: ='[1]Table-3'!E15
A16: ='[1]Table-3'!A16 | C16: ='[1]Table-3'!B16 | D16: ='[1]Table-3'!C16 | E16: ='[1]Table-3'!D16 | F16: ='[1]Table-3'!E16
A17: ='[1]Table-3'!A17 | C17: ='[1]Table-3'!B17 | D17: ='[1]Table-3'!C17 | E17: ='[1]Table-3'!D17 | F17: ='[1]Table-3'!E17
A18: ='[1]Table-3'!A18 | C18: ='[1]Table-3'!B18 | D18: ='[1]Table-3'!C18 | E18: ='[1]Table-3'!D18 | F18: ='[1]Table-3'!E18
A19: ='[1]Table-3'!A19 | C19: ='[1]Table-3'!B19 | D19: ='[1]Table-3'!C19 | E19: ='[1]Table-3'!D19 | F19: ='[1]Table-3'!E19
A20: ='[1]Table-3'!A20 | C20: ='[1]Table-3'!B20 | D20: ='[1]Table-3'!C20 | E20: ='[1]Table-3'!D20 | F20: ='[1]Table-3'!E20
A21: ='[1]Table-3'!A21 | C21: ='[1]Table-3'!B21 | D21: ='[1]Table-3'!C21 | E21: ='[1]Table-3'!D21 | F21: ='[1]Table-3'!E21
A22: ='[1]Table-3'!A22 | C22: ='[1]Table-3'!B22 | D22: ='[1]Table-3'!C22 | E22: ='[1]Table-3'!D22 | F22: ='[1]Table-3'!E22
A23: ='[1]Table-3'!A23 | C23: ='[1]Table-3'!B23 | D23: ='[1]Table-3'!C23 | E23: ='[1]Table-3'!D23 | F23: ='[1]Table-3'!E23
... A101: ='[1]Table-3'!A101 -> STATE: | C101: ='[1]Table-3'!B101 -> 10.222222 | D101: ='[1]Table-3'!C101 -> 2 | E101: ='[1]Table-3'!D101 -> 1267.8889 | F101: ='[1]Table-3'!E101 -> 397.28
A102: NOTE: (i) THIS TABLE WILL BE PREPARED ONLY FOR THE FIRST SEASON OF THE YEAR
A103: (II) COL.3 IS NOT APPLICABLE FOR EARAS STATE
A104: Developed by: Deepak Kumar Agrawal, Senior Statistical Officer, NSSO (FOD), Faridabad, Haryana
A106: TABLE A-3: DISTRICTWISE AVERAGE WORKLOAD PER PATWARI IN THE SELECTED VILLAGES
A107: ='[1]Table-3'!G3 -> STATE:PUDUCHERRY(34) | D107: ='[1]Table-3'!I3 -> YEAR:2023-24 | E107: ='[1]Table-3'!J3 -> SEASON:RABI I(4)
A108: DISTRICT | B108: DISTRICT NAME | C108: AVERAGE NUMBER OF VILLAGES ALLOTED PER PATWARI(0.0) | E108: AVERAGE WORKLOAD PER VILLAGE IN TERM OF
C109: TOTAL | D109: TRS | E109: SURVEY NUMBER | F109: GEOGRAPHICAL AREA (HA)
A111: 1 | B111: 2 | C111: 3 | D111: 4 | E111: 5 | F111: 6
A112: ='[1]Table-3'!G8 | C112: ='[1]Table-3'!H8 | D112: ='[1]Table-3'!I8 | E112: ='[1]Table-3'!J8 | F112: ='[1]Table-3'!K3 -> SAMPLE:STATE(2)
A113: ='[1]Table-3'!G9 -> 2 | B113: Puducherry | C113: ='[1]Table-3'!H9 -> 9 | D113: ='[1]Table-3'!I9 -> 1.3333333 | E113: ='[1]Table-3'!J9 -> 1349.3333 | F113: ='[1]Table-3'!K9 -> 397.41833
A114: ='[1]Table-3'!G10 | C114: ='[1]Table-3'!H10 | D114: ='[1]Table-3'!I10 | E114: ='[1]Table-3'!J10 | F114: ='[1]Table-3'!K10
A115: ='[1]Table-3'!G11 -> 4 | B115: Karaikal | C115: ='[1]Table-3'!H11 -> 12.333333 | D115: ='[1]Table-3'!I11 -> 2 | E115: ='[1]Table-3'!J11 -> 881.66667 | F115: ='[1]Table-3'!K11 -> 369.21333
A116: ='[1]Table-3'!G12 | C116: ='[1]Table-3'!H12 | D116: ='[1]Table-3'!I12 | E116: ='[1]Table-3'!J12 | F116: ='[1]Table-3'!K12
A117: ='[1]Table-3'!G13 | C117: ='[1]Table-3'!H13 | D117: ='[1]Table-3'!I13 | E117: ='[1]Table-3'!J13 | F117: ='[1]Table-3'!K13
A118: ='[1]Table-3'!G14 | C118: ='[1]Table-3'!H14 | D118: ='[1]Table-3'!I14 | E118: ='[1]Table-3'!J14 | F118: ='[1]Table-3'!K14
A119: ='[1]Table-3'!G15 | C119: ='[1]Table-3'!H15 | D119: ='[1]Table-3'!I15 | E119: ='[1]Table-3'!J15 | F119: ='[1]Table-3'!K15
A120: ='[1]Table-3'!G16 | C120: ='[1]Table-3'!H16 | D120: ='[1]Table-3'!I16 | E120: ='[1]Table-3'!J16 | F120: ='[1]Table-3'!K16
A121: ='[1]Table-3'!G17 | C121: ='[1]Table-3'!H17 | D121: ='[1]Table-3'!I17 | E121: ='[1]Table-3'!J17 | F121: ='[1]Table-3'!K17
A122: ='[1]Table-3'!G18 | C122: ='[1]Table-3'!H18 | D122: ='[1]Table-3'!I18 | E122: ='[1]Table-3'!J18 | F122: ='[1]Table-3'!K18
A123: ='[1]Table-3'!G19 | C123: ='[1]Table-3'!H19 | D123: ='[1]Table-3'!I19 | E123: ='[1]Table-3'!J19 | F123: ='[1]Table-3'!K19
A124: ='[1]Table-3'!G20 | C124: ='[1]Table-3'!H20 | D124: ='[1]Table-3'!I20 | E124: ='[1]Table-3'!J20 | F124: ='[1]Table-3'!K20
A125: ='[1]Table-3'!G21 | C125: ='[1]Table-3'!H21 | D125: ='[1]Table-3'!I21 | E125: ='[1]Table-3'!J21 | F125: ='[1]Table-3'!K21
A126: ='[1]Table-3'!G22 | C126: ='[1]Table-3'!H22 | D126: ='[1]Table-3'!I22 | E126: ='[1]Table-3'!J22 | F126: ='[1]Table-3'!K22
A127: ='[1]Table-3'!G23 | C127: ='[1]Table-3'!H23 | D127: ='[1]Table-3'!I23 | E127: ='[1]Table-3'!J23 | F127: ='[1]Table-3'!K23
... A205: ='[1]Table-3'!G101 -> STATE: | C205: ='[1]Table-3'!H101 -> 10.111111 | D205: ='[1]Table-3'!I101 -> 1.5555556 | E205: ='[1]Table-3'!J101 -> 1193.4444 | F205: ='[1]Table-3'!K101 -> 388.01667
A206: NOTE: (i) THIS TABLE WILL BE PREPARED ONLY FOR THE FIRST SEASON OF THE YEAR
A207: (II) COL.3 IS NOT APPLICABLE FOR EARAS STATE
A208: Developed by: Deepak Kumar Agrawal, Senior Statistical Officer, NSSO (FOD), Faridabad, Haryana

Sheet RC1-A4
A2: TABLE A-4:BIVARIATE FREQUENCY DISTRIBUTION OF SELECTED VILLAGE ACCORDING TO TOTAL NUMBER OR SERIAL/SURVEY NUMBERS AND GEOGRAPHICAL AREA
A4: ='RC1-A3'!A3:C3 -> STATE:PUDUCHERRY(34) | E4: YEAR: | F4: ='[1]Table-4'!F5 -> 2023-24 | H4: SEASON: | I4: ='[1]Table-4'!I5 -> RABI I(4) | L4: ='RC1-A3'!F8 -> SAMPLE:CENTRAL(1)
A5: CLASS INTERVAL OF SERIAL/ SURVEY (CODE) | B5: CLASS INTERVAL OF GEOGRAPHICAL AREA(HA)
B6: UP TO 50 | C6: 51 TO 100 | D6: 101 TO 200 | E6: 201 TO 400 | F6: 401 TO 600 | G6: 601 TO 800 | H6: 801 TO 1000 | I6: 1001 TO 3000 | J6: 3001 and ABOVE | K6: NOT REPORTED | L6: TOTAL | M6: %AGE
A7: UPTO 50 | B7: ='[1]Table-4'!B8 -> 0 | C7: ='[1]Table-4'!C8 -> 0 | D7: ='[1]Table-4'!D8 -> 0 | E7: ='[1]Table-4'!E8 -> 0 | F7: ='[1]Table-4'!F8 -> 0 | G7: ='[1]Table-4'!G8 -> 0 | H7: ='[1]Table-4'!H8 -> 0 | I7: ='[1]Table-4'!I8 -> 0 | ... M7: ='[1]Table-4'!M8 -> 0
A8: 51 to 100 | B8: ='[1]Table-4'!B9 -> 0 | C8: ='[1]Table-4'!C9 -> 0 | D8: ='[1]Table-4'!D9 -> 0 | E8: ='[1]Table-4'!E9 -> 0 | F8: ='[1]Table-4'!F9 -> 0 | G8: ='[1]Table-4'!G9 -> 0 | H8: ='[1]Table-4'!H9 -> 0 | I8: ='[1]Table-4'!I9 -> 0 | ... M8: ='[1]Table-4'!M9 -> 0
A9: 101 to 200 | B9: ='[1]Table-4'!B10 -> 0 | C9: ='[1]Table-4'!C10 -> 0 | D9: ='[1]Table-4'!D10 -> 0 | E9: ='[1]Table-4'!E10 -> 0 | F9: ='[1]Table-4'!F10 -> 0 | G9: ='[1]Table-4'!G10 -> 0 | H9: ='[1]Table-4'!H10 -> 0 | I9: ='[1]Table-4'!I10 -> 0 | ... M9: ='[1]Table-4'!M10 -> 0
A10: 201 to 400 | B10: ='[1]Table-4'!B11 -> 0 | C10: ='[1]Table-4'!C11 -> 0 | D10: ='[1]Table-4'!D11 -> 0 | E10: ='[1]Table-4'!E11 -> 0 | F10: ='[1]Table-4'!F11 -> 0 | G10: ='[1]Table-4'!G11 -> 0 | H10: ='[1]Table-4'!H11 -> 0 | I10: ='[1]Table-4'!I11 -> 0 | ... M10: ='[1]Table-4'!M11 -> 0
A11: 401 to 600 | B11: ='[1]Table-4'!B12 -> 0 | C11: ='[1]Table-4'!C12 -> 0 | D11: ='[1]Table-4'!D12 -> 1 | E11: ='[1]Table-4'!E12 -> 0 | F11: ='[1]Table-4'!F12 -> 0 | G11: ='[1]Table-4'!G12 -> 0 | H11: ='[1]Table-4'!H12 -> 0 | I11: ='[1]Table-4'!I12 -> 0 | ... M11: ='[1]Table-4'!M12 -> 11.11
A12: 601 to 800 | B12: ='[1]Table-4'!B13 -> 0 | C12: ='[1]Table-4'!C13 -> 0 | D12: ='[1]Table-4'!D13 -> 0 | E12: ='[1]Table-4'!E13 -> 0 | F12: ='[1]Table-4'!F13 -> 0 | G12: ='[1]Table-4'!G13 -> 0 | H12: ='[1]Table-4'!H13 -> 0 | I12: ='[1]Table-4'!I13 -> 0 | ... M12: ='[1]Table-4'!M13 -> 0
A13: 801 to 1000 | B13: ='[1]Table-4'!B14 -> 0 | C13: ='[1]Table-4'!C14 -> 0 | D13: ='[1]Table-4'!D14 -> 0 | E13: ='[1]Table-4'!E14 -> 1 | F13: ='[1]Table-4'!F14 -> 0 | G13: ='[1]Table-4'!G14 -> 1 | H13: ='[1]Table-4'!H14 -> 0 | I13: ='[1]Table-4'!I14 -> 0 | ... M13: ='[1]Table-4'!M14 -> 22.22
A14: 1001 to 5000 | B14: ='[1]Table-4'!B15 -> 0 | C14: ='[1]Table-4'!C15 -> 0 | D14: ='[1]Table-4'!D15 -> 0 | E14: ='[1]Table-4'!E15 -> 2 | F14: ='[1]Table-4'!F15 -> 4 | G14: ='[1]Table-4'!G15 -> 0 | H14: ='[1]Table-4'!H15 -> 0 | I14: ='[1]Table-4'!I15 -> 0 | ... M14: ='[1]Table-4'!M15 -> 66.67
A15: ABOVE 5000 | B15: ='[1]Table-4'!B16 -> 0 | C15: ='[1]Table-4'!C16 -> 0 | D15: ='[1]Table-4'!D16 -> 0 | E15: ='[1]Table-4'!E16 -> 0 | F15: ='[1]Table-4'!F16 -> 0 | G15: ='[1]Table-4'!G16 -> 0 | H15: ='[1]Table-4'!H16 -> 0 | I15: ='[1]Table-4'!I16 -> 0 | ... M15: ='[1]Table-4'!M16 -> 0
A16: INFORMATION NOT REPORTED | B16: ='[1]Table-4'!B17 -> 0 | C16: ='[1]Table-4'!C17 -> 0 | D16: ='[1]Table-4'!D17 -> 0 | E16: ='[1]Table-4'!E17 -> 0 | F16: ='[1]Table-4'!F17 -> 0 | G16: ='[1]Table-4'!G17 -> 0 | H16: ='[1]Table-4'!H17 -> 0 | I16: ='[1]Table-4'!I17 -> 0 | ... M16: ='[1]Table-4'!M17 -> 0
A17: TOTAL | B17: ='[1]Table-4'!B18 -> 0 | C17: ='[1]Table-4'!C18 -> 0 | D17: ='[1]Table-4'!D18 -> 1 | E17: ='[1]Table-4'!E18 -> 3 | F17: ='[1]Table-4'!F18 -> 4 | G17: ='[1]Table-4'!G18 -> 1 | H17: ='[1]Table-4'!H18 -> 0 | I17: ='[1]Table-4'!I18 -> 0 | ... M17: ='[1]Table-4'!M18 -> 100
A18: %AGE | B18: ='[1]Table-4'!B19 -> 0 | C18: ='[1]Table-4'!C19 -> 0 | D18: ='[1]Table-4'!D19 -> 11.11 | E18: ='[1]Table-4'!E19 -> 33.34 | F18: ='[1]Table-4'!F19 -> 44.44 | G18: ='[1]Table-4'!G19 -> 11.11 | H18: ='[1]Table-4'!H19 -> 0 | I18: ='[1]Table-4'!I19 -> 0 | ... L18: ='[1]Table-4'!L19 -> 100
A19: NOTE: (i) THIS TABLE WILL BE PREPARED ONLY FOR THE FIRST SEASON OF THE YEAR
A20: (ii) THE PERCENTAGE OF COL.2 TO COL.12 IN THE LAST ROW AND THE PERCENTAGE OF ALL ROWS IN COL.13 WILL BE CALCULATED AS PER THE TOTAL OF COL.12
A22: Developed by: Deepak Kumar Agrawal, Senior Statistical Officer, NSSO (FOD), Faridabad, Haryana
A24: TABLE A-4:BIVARIATE FREQUENCY DISTRIBUTION OF SELECTED VILLAGE ACCORDING TO TOTAL NUMBER OR SERIAL/SURVEY NUMBERS AND GEOGRAPHICAL AREA
A26: =A4 -> STATE:PUDUCHERRY(34) | E26: YEAR: | F26: ='[1]Table-4'!T5 -> 2023-24 | H26: SEASON: | I26: ='[1]Table-4'!W5 -> RABI I(4) | L26: ='RC1-A3'!F112 -> SAMPLE:STATE(2)
A27: CLASS INTERVAL OF SERIAL/ SURVEY (CODE) | B27: CLASS INTERVAL OF GEOGRAPHICAL AREA(HA)
B28: UP TO 50 | C28: 51 TO 100 | D28: 101 TO 200 | E28: 201 TO 400 | F28: 401 TO 600 | G28: 601 TO 800 | H28: 801 TO 1000 | I28: 1001 TO 3000 | J28: ABOVE TO 3001 | K28: NOT REPORTED | L28: TOTAL | M28: %AGE
A29: UPTO 50 | B29: ='[1]Table-4'!P8 -> 0 | C29: ='[1]Table-4'!Q8 -> 0 | D29: ='[1]Table-4'!R8 -> 0 | E29: ='[1]Table-4'!S8 -> 0 | F29: ='[1]Table-4'!T8 -> 0 | G29: ='[1]Table-4'!U8 -> 0 | H29: ='[1]Table-4'!V8 -> 0 | I29: ='[1]Table-4'!W8 -> 0 | ... M29: ='[1]Table-4'!AA8 -> 0
A30: 51 to 100 | B30: ='[1]Table-4'!P9 -> 0 | C30: ='[1]Table-4'!Q9 -> 0 | D30: ='[1]Table-4'!R9 -> 0 | E30: ='[1]Table-4'!S9 -> 0 | F30: ='[1]Table-4'!T9 -> 0 | G30: ='[1]Table-4'!U9 -> 0 | H30: ='[1]Table-4'!V9 -> 0 | I30: ='[1]Table-4'!W9 -> 0 | ... M30: ='[1]Table-4'!AA9 -> 0
A31: 101 to 200 | B31: ='[1]Table-4'!P10 -> 0 | C31: ='[1]Table-4'!Q10 -> 0 | D31: ='[1]Table-4'!R10 -> 0 | E31: ='[1]Table-4'!S10 -> 0 | F31: ='[1]Table-4'!T10 -> 0 | G31: ='[1]Table-4'!U10 -> 0 | H31: ='[1]Table-4'!V10 -> 0 | I31: ='[1]Table-4'!W10 -> 0 | ... M31: ='[1]Table-4'!AA10 -> 0
A32: 201 to 400 | B32: ='[1]Table-4'!P11 -> 0 | C32: ='[1]Table-4'!Q11 -> 0 | D32: ='[1]Table-4'!R11 -> 0 | E32: ='[1]Table-4'!S11 -> 0 | F32: ='[1]Table-4'!T11 -> 0 | G32: ='[1]Table-4'!U11 -> 0 | H32: ='[1]Table-4'!V11 -> 0 | I32: ='[1]Table-4'!W11 -> 0 | ... M32: ='[1]Table-4'!AA11 -> 0
A33: 401 to 600 | B33: ='[1]Table-4'!P12 -> 0 | C33: ='[1]Table-4'!Q12 -> 0 | D33: ='[1]Table-4'!R12 -> 0 | E33: ='[1]Table-4'!S12 -> 1 | F33: ='[1]Table-4'!T12 -> 0 | G33: ='[1]Table-4'!U12 -> 0 | H33: ='[1]Table-4'!V12 -> 0 | I33: ='[1]Table-4'!W12 -> 0 | ... M33: ='[1]Table-4'!AA12 -> 11.11
A34: 601 to 800 | B34: ='[1]Table-4'!P13 -> 0 | C34: ='[1]Table-4'!Q13 -> 0 | D34: ='[1]Table-4'!R13 -> 0 | E34: ='[1]Table-4'!S13 -> 0 | F34: ='[1]Table-4'!T13 -> 0 | G34: ='[1]Table-4'!U13 -> 0 | H34: ='[1]Table-4'!V13 -> 0 | I34: ='[1]Table-4'!W13 -> 0 | ... M34: ='[1]Table-4'!AA13 -> 0
A35: 801 to 1000 | B35: ='[1]Table-4'!P14 -> 0 | C35: ='[1]Table-4'!Q14 -> 0 | D35: ='[1]Table-4'!R14 -> 0 | E35: ='[1]Table-4'!S14 -> 2 | F35: ='[1]Table-4'!T14 -> 0 | G35: ='[1]Table-4'!U14 -> 0 | H35: ='[1]Table-4'!V14 -> 0 | I35: ='[1]Table-4'!W14 -> 0 | ... M35: ='[1]Table-4'!AA14 -> 22.22
A36: 1001 to 5000 | B36: ='[1]Table-4'!P15 -> 0 | C36: ='[1]Table-4'!Q15 -> 0 | D36: ='[1]Table-4'!R15 -> 1 | E36: ='[1]Table-4'!S15 -> 2 | F36: ='[1]Table-4'!T15 -> 2 | G36: ='[1]Table-4'!U15 -> 0 | H36: ='[1]Table-4'!V15 -> 1 | I36: ='[1]Table-4'!W15 -> 0 | ... M36: ='[1]Table-4'!AA15 -> 66.67
A37: ABOVE 5000 | B37: ='[1]Table-4'!P16 -> 0 | C37: ='[1]Table-4'!Q16 -> 0 | D37: ='[1]Table-4'!R16 -> 0 | E37: ='[1]Table-4'!S16 -> 0 | F37: ='[1]Table-4'!T16 -> 0 | G37: ='[1]Table-4'!U16 -> 0 | H37: ='[1]Table-4'!V16 -> 0 | I37: ='[1]Table-4'!W16 -> 0 | ... M37: ='[1]Table-4'!AA16 -> 0
A38: INFORMATION NOT REPORTED | B38: ='[1]Table-4'!P17 -> 0 | C38: ='[1]Table-4'!Q17 -> 0 | D38: ='[1]Table-4'!R17 -> 0 | E38: ='[1]Table-4'!S17 -> 0 | F38: ='[1]Table-4'!T17 -> 0 | G38: ='[1]Table-4'!U17 -> 0 | H38: ='[1]Table-4'!V17 -> 0 | I38: ='[1]Table-4'!W17 -> 0 | ... M38: ='[1]Table-4'!AA17 -> 0
A39: TOTAL | B39: ='[1]Table-4'!P18 -> 0 | C39: ='[1]Table-4'!Q18 -> 0 | D39: ='[1]Table-4'!R18 -> 1 | E39: ='[1]Table-4'!S18 -> 5 | F39: ='[1]Table-4'!T18 -> 2 | G39: ='[1]Table-4'!U18 -> 0 | H39: ='[1]Table-4'!V18 -> 1 | I39: ='[1]Table-4'!W18 -> 0 | ... M39: ='[1]Table-4'!AA18 -> 100
A40: %AGE | B40: ='[1]Table-4'!P19 -> 0 | C40: ='[1]Table-4'!Q19 -> 0 | D40: ='[1]Table-4'!R19 -> 11.11 | E40: ='[1]Table-4'!S19 -> 55.56 | F40: ='[1]Table-4'!T19 -> 22.22 | G40: ='[1]Table-4'!U19 -> 0 | H40: ='[1]Table-4'!V19 -> 11.11 | I40: ='[1]Table-4'!W19 -> 0 | ... L40: ='[1]Table-4'!Z19 -> 100
A41: NOTE: (i) THIS TABLE WILL BE PREPARED ONLY FOR THE FIRST SEASON OF THE YEAR
A42: (ii) THE PERCENTAGE OF COL.2 TO COL.12 IN THE LAST ROW AND THE PERCENTAGE OF ALL ROWS IN COL.13 WILL BE CALCULATED AS PER THE TOTAL OF COL.12
A44: Developed by: Deepak Kumar Agrawal, Senior Statistical Officer, NSSO (FOD), Faridabad, Haryana

Sheet RC1-A5
L1: T-3
A2: TABLE A-5: DISTRICT-WISE DISTRIBUTION OF SELECTED VILLAGES ACCORDING TO COMPLETION OR OTHERWISE OF GIRDAWARI BY PATWARI AS PER THE PRESCRIBED TIME SCHEDULE.
A3: ='RC1-A3'!A3 -> STATE:PUDUCHERRY(34) | H3: YEAR: | I3: ='[1]Table-5'!H3 -> 2023-24 | M3: SEASON: | O3: ='[1]Table-5'!N3 -> RABI I(4)
A4: DISTRICT | B4: DISTRICT NAME | C4: NO. OF VILLAGE ANALYSED | D4: NUMBER OF VILLAGES WHERE GIRDAWARI HAS BEEN | M4: NO. OF VILLAGES IN WHICH | O4: NO. OF VILLAGES IN WHICH GIRDAWARI NOT YET STARTED DUE TO REASON (CODE)* | T4: TOTAL (COL. 6 +11+ 18) | U4: NO. OF VILLAGES FOR WHICH
D5: COMPLETED | H5: PARTIALLY COMPLETED DUE TO REASON (CODE)@ | U5: SYSTEM OF GIRDAWARI DOES NOT EXIST | V5: INFORMATION ABOUT COMPLETION OF GIRDAWARI NOT AVAILABLE
D6: IN TIME | E6: LATE | F6: BUT DATE OF COMPLETION IS NOT KNOWN | G6: SUB TOTAL (COL. 3+4+5) | H6: 1 | I6: 2 | J6: 3 | K6: 4 | L6: SUB TOTAL (COL. 7 + 8+9+ 10) | M6: LATEST FORM FOR GIRDAWARI USED | N6: RECORD OF GIRDAWARI KEPT IN REGULAR FORM | O6: 1 | P6: 2 | Q6: 3 | R6: 4 | S6: SUB TOTAL (COL. 14 + 15+ 16+ 17)
A7: 1 | B7: 2 | C7: 3 | D7: 4 | E7: 5 | F7: 6 | G7: 7 | H7: 8 | I7: 9 | J7: 10 | K7: 11 | L7: 12 | M7: 13 | N7: 14 | O7: 15 | P7: 16 | Q7: 17 | R7: 18 | S7: 19 | T7: 20 | U7: 21 | V7: 22
A8: ='[1]Table-5'!A8 | C8: ='[1]Table-5'!B8 | D8: ='[1]Table-5'!C8 | E8: ='[1]Table-5'!D8 | F8: ='[1]Table-5'!E8 | G8: ='[1]Table-5'!F8 | H8: ='[1]Table-5'!G8 | I8: ='[1]Table-5'!H8 | J8: ='[1]Table-5'!I8 | ... T8: ='[1]Table-5'!S8 | U8: ='RC1-A3'!F8 -> SAMPLE:CENTRAL(1)
A9: ='[1]Table-5'!A9 -> 2 | B9: Puducherry | C9: ='[1]Table-5'!B9 -> 6 | D9: ='[1]Table-5'!C9 -> 6 | E9: ='[1]Table-5'!D9 -> 0 | F9: ='[1]Table-5'!E9 -> 0 | G9: ='[1]Table-5'!F9 -> 6 | H9: ='[1]Table-5'!G9 -> 0 | I9: ='[1]Table-5'!H9 -> 0 | J9: ='[1]Table-5'!I9 -> 0 | ... V9: ='[1]Table-5'!U9 -> 0
A10: ='[1]Table-5'!A10 | C10: ='[1]Table-5'!B10 | D10: ='[1]Table-5'!C10 | E10: ='[1]Table-5'!D10 | F10: ='[1]Table-5'!E10 | G10: ='[1]Table-5'!F10 | H10: ='[1]Table-5'!G10 | I10: ='[1]Table-5'!H10 | J10: ='[1]Table-5'!I10 | ... V10: ='[1]Table-5'!U10
A11: ='[1]Table-5'!A11 -> 4 | B11: Karaikal | C11: ='[1]Table-5'!B11 -> 3 | D11: ='[1]Table-5'!C11 -> 3 | E11: ='[1]Table-5'!D11 -> 0 | F11: ='[1]Table-5'!E11 -> 0 | G11: ='[1]Table-5'!F11 -> 3 | H11: ='[1]Table-5'!G11 -> 0 | I11: ='[1]Table-5'!H11 -> 0 | J11: ='[1]Table-5'!I11 -> 0 | ... V11: ='[1]Table-5'!U11 -> 0
A12: ='[1]Table-5'!A12 | C12: ='[1]Table-5'!B12 | D12: ='[1]Table-5'!C12 | E12: ='[1]Table-5'!D12 | F12: ='[1]Table-5'!E12 | G12: ='[1]Table-5'!F12 | H12: ='[1]Table-5'!G12 | I12: ='[1]Table-5'!H12 | J12: ='[1]Table-5'!I12 | ... V12: ='[1]Table-5'!U12
A13: ='[1]Table-5'!A13 | C13: ='[1]Table-5'!B13 | D13: ='[1]Table-5'!C13 | E13: ='[1]Table-5'!D13 | F13: ='[1]Table-5'!E13 | G13: ='[1]Table-5'!F13 | H13: ='[1]Table-5'!G13 | I13: ='[1]Table-5'!H13 | J13: ='[1]Table-5'!I13 | ... V13: ='[1]Table-5'!U13
A14: ='[1]Table-5'!A14 | C14: ='[1]Table-5'!B14 | D14: ='[1]Table-5'!C14 | E14: ='[1]Table-5'!D14 | F14: ='[1]Table-5'!E14 | G14: ='[1]Table-5'!F14 | H14: ='[1]Table-5'!G14 | I14: ='[1]Table-5'!H14 | J14: ='[1]Table-5'!I14 | ... V14: ='[1]Table-5'!U14
A15: ='[1]Table-5'!A15 | C15: ='[1]Table-5'!B15 | D15: ='[1]Table-5'!C15 | E15: ='[1]Table-5'!D15 | F15: ='[1]Table-5'!E15 | G15: ='[1]Table-5'!F15 | H15: ='[1]Table-5'!G15 | I15: ='[1]Table-5'!H15 | J15: ='[1]Table-5'!I15 | ... V15: ='[1]Table-5'!U15
A16: ='[1]Table-5'!A16 | C16: ='[1]Table-5'!B16 | D16: ='[1]Table-5'!C16 | E16: ='[1]Table-5'!D16 | F16: ='[1]Table-5'!E16 | G16: ='[1]Table-5'!F16 | H16: ='[1]Table-5'!G16 | I16: ='[1]Table-5'!H16 | J16: ='[1]Table-5'!I16 | ... V16: ='[1]Table-5'!U16
A17: ='[1]Table-5'!A17 | C17: ='[1]Table-5'!B17 | D17: ='[1]Table-5'!C17 | E17: ='[1]Table-5'!D17 | F17: ='[1]Table-5'!E17 | G17: ='[1]Table-5'!F17 | H17: ='[1]Table-5'!G17 | I17: ='[1]Table-5'!H17 | J17: ='[1]Table-5'!I17 | ... V17: ='[1]Table-5'!U17
A18: ='[1]Table-5'!A18 | C18: ='[1]Table-5'!B18 | D18: ='[1]Table-5'!C18 | E18: ='[1]Table-5'!D18 | F18: ='[1]Table-5'!E18 | G18: ='[1]Table-5'!F18 | H18: ='[1]Table-5'!G18 | I18: ='[1]Table-5'!H18 | J18: ='[1]Table-5'!I18 | ... V18: ='[1]Table-5'!U18
A19: ='[1]Table-5'!A19 | C19: ='[1]Table-5'!B19 | D19: ='[1]Table-5'!C19 | E19: ='[1]Table-5'!D19 | F19: ='[1]Table-5'!E19 | G19: ='[1]Table-5'!F19 | H19: ='[1]Table-5'!G19 | I19: ='[1]Table-5'!H19 | J19: ='[1]Table-5'!I19 | ... V19: ='[1]Table-5'!U19
A20: ='[1]Table-5'!A20 | C20: ='[1]Table-5'!B20 | D20: ='[1]Table-5'!C20 | E20: ='[1]Table-5'!D20 | F20: ='[1]Table-5'!E20 | G20: ='[1]Table-5'!F20 | H20: ='[1]Table-5'!G20 | I20: ='[1]Table-5'!H20 | J20: ='[1]Table-5'!I20 | ... V20: ='[1]Table-5'!U20
A21: ='[1]Table-5'!A21 | C21: ='[1]Table-5'!B21 | D21: ='[1]Table-5'!C21 | E21: ='[1]Table-5'!D21 | F21: ='[1]Table-5'!E21 | G21: ='[1]Table-5'!F21 | H21: ='[1]Table-5'!G21 | I21: ='[1]Table-5'!H21 | J21: ='[1]Table-5'!I21 | ... V21: ='[1]Table-5'!U21
A22: ='[1]Table-5'!A22 | C22: ='[1]Table-5'!B22 | D22: ='[1]Table-5'!C22 | E22: ='[1]Table-5'!D22 | F22: ='[1]Table-5'!E22 | G22: ='[1]Table-5'!F22 | H22: ='[1]Table-5'!G22 | I22: ='[1]Table-5'!H22 | J22: ='[1]Table-5'!I22 | ... V22: ='[1]Table-5'!U22
A23: ='[1]Table-5'!A23 | C23: ='[1]Table-5'!B23 | D23: ='[1]Table-5'!C23 | E23: ='[1]Table-5'!D23 | F23: ='[1]Table-5'!E23 | G23: ='[1]Table-5'!F23 | H23: ='[1]Table-5'!G23 | I23: ='[1]Table-5'!H23 | J23: ='[1]Table-5'!I23 | ... V23: ='[1]Table-5'!U23
... A100: ='[1]Table-5'!A100 -> TOTAL: | C100: ='[1]Table-5'!B100 -> 9 | D100: ='[1]Table-5'!C100 -> 9 | E100: ='[1]Table-5'!D100 -> 0 | F100: ='[1]Table-5'!E100 -> 0 | G100: ='[1]Table-5'!F100 -> 9 | H100: ='[1]Table-5'!G100 -> 0 | I100: ='[1]Table-5'!H100 -> 0 | J100: ='[1]Table-5'!I100 -> 0 | ... V100: ='[1]Table-5'!U100 -> 0
A101: %AGE TO COL.(19) | D101: ='[1]Table-5'!C101 -> 100 | E101: ='[1]Table-5'!D101 -> 0 | F101: ='[1]Table-5'!E101 -> 0 | G101: ='[1]Table-5'!F101 -> 100 | H101: ='[1]Table-5'!G101 -> 0 | I101: ='[1]Table-5'!H101 -> 0 | J101: ='[1]Table-5'!I101 -> 0 | K101: ='[1]Table-5'!J101 -> 0 | ... V101: ='[1]Table-5'!U101 -> 0
A102: % TO COL. 12 AND COL. 13 OR WITH RESPECT TO (COL. 6 + COL. 11) | M102: ='[1]Table-5'!L102 -> 100 | N102: ='[1]Table-5'!M102 -> 100
A103: NOTE: (I) COL.2= COL.19+COL.20+COL.21 (II) COL.2 OF TABLE A-2 SHOULD TALLY WITH COL.2 OF TABLE A-5
A104: REASON CODE: OCCUPIED WITH OTHER WORK = 1, TRS PROGRAMME WAS NOT INITIATED IN TIME= 2, OTHER REASON =3, REASON NOT AVAILABLE=4
A105: (THESE CODES CORRESPONDS TO PRE-TABULATION CODING I.E. 4,5,6, AND 7 FOR THE ITEM 10(D) OF SCH. AS 1.0)
A106: Developed by: Deepak Kumar Agrawal, Senior Statistical Officer, NSSO (FOD), Faridabad, Haryana
A108: TABLE A-5: DISTRICT-WISE DISTRIBUTION OF SELECTED VILLAGES ACCORDING TO COMPLETION OR OTHERWISE OF GIRDAWARI BY PATWARI AS PER THE PRESCRIBED TIME SCHEDULE.
A109: =A3 -> STATE:PUDUCHERRY(34) | H109: YEAR: | I109: ='[1]Table-5'!AD3 -> 2023-24 | M109: SEASON: | O109: ='[1]Table-5'!AJ3 -> RABI I(4)
A110: DISTRICT | B110: DISTRICT NAME | C110: NO. OF VILLAGE ANALYSED | D110: NUMBER OF VILLAGES WHERE GIRDAWARI HAS BEEN | M110: NO. OF VILLAGES IN WHICH | O110: NO. OF VILLAGES IN WHICH GIRDAWARI NOT YET STARTED DUE TO REASON (CODE)* | T110: TOTAL (COL. 6 +11+ 18) | U110: NO. OF VILLAGES FOR WHICH
D111: COMPLETED | H111: PARTIALLY COMPLETED DUE TO REASON (CODE)@ | U111: SYSTEM OF GIRDAWARI DOES NOT EXIST | V111: INFORMATION ABOUT COMPLETION OF GIRDAWARI NOT AVAILABLE
D112: IN TIME | E112: LATE | F112: BUT DATE OF COMPLETION IS NOT KNOWN | G112: SUB TOTAL (COL. 3+4+5) | H112: 1 | I112: 2 | J112: 3 | K112: 4 | L112: SUB TOTAL (COL. 7 + 8+9+ 10) | M112: LATEST FORM FOR GIRDAWARI USED | N112: RECORD OF GIRDAWARI KEPT IN REGULAR FORM | O112: 1 | P112: 2 | Q112: 3 | R112: 4 | S112: SUB TOTAL (COL. 14 + 15+ 16+ 17)
A113: 1 | B113: 2 | C113: 3 | D113: 4 | E113: 5 | F113: 6 | G113: 7 | H113: 8 | I113: 9 | J113: 10 | K113: 11 | L113: 12 | M113: 13 | N113: 14 | O113: 15 | P113: 16 | Q113: 17 | R113: 18 | S113: 19 | T113: 20 | U113: 21 | V113: 22
A114: ='[1]Table-5'!W8 | C114: ='[1]Table-5'!X8 | D114: ='[1]Table-5'!Y8 | E114: ='[1]Table-5'!Z8 | F114: ='[1]Table-5'!AA8 | G114: ='[1]Table-5'!AB8 | H114: ='[1]Table-5'!AC8 | I114: ='[1]Table-5'!AD8 | J114: ='[1]Table-5'!AE8 | ... T114: ='[1]Table-5'!AO8 | U114: ='RC1-A3'!F112 -> SAMPLE:STATE(2)
A115: ='[1]Table-5'!W9 -> 2 | B115: Puducherry | C115: ='[1]Table-5'!X9 -> 6 | D115: ='[1]Table-5'!Y9 -> 6 | E115: ='[1]Table-5'!Z9 -> 0 | F115: ='[1]Table-5'!AA9 -> 0 | G115: ='[1]Table-5'!AB9 -> 6 | H115: ='[1]Table-5'!AC9 -> 0 | I115: ='[1]Table-5'!AD9 -> 0 | J115: ='[1]Table-5'!AE9 -> 0 | ... V115: ='[1]Table-5'!AQ9 -> 0
A116: ='[1]Table-5'!W10 | C116: ='[1]Table-5'!X10 | D116: ='[1]Table-5'!Y10 | E116: ='[1]Table-5'!Z10 | F116: ='[1]Table-5'!AA10 | G116: ='[1]Table-5'!AB10 | H116: ='[1]Table-5'!AC10 | I116: ='[1]Table-5'!AD10 | J116: ='[1]Table-5'!AE10 | ... V116: ='[1]Table-5'!AQ10
A117: ='[1]Table-5'!W11 -> 4 | B117: Karaikal | C117: ='[1]Table-5'!X11 -> 3 | D117: ='[1]Table-5'!Y11 -> 3 | E117: ='[1]Table-5'!Z11 -> 0 | F117: ='[1]Table-5'!AA11 -> 0 | G117: ='[1]Table-5'!AB11 -> 3 | H117: ='[1]Table-5'!AC11 -> 0 | I117: ='[1]Table-5'!AD11 -> 0 | J117: ='[1]Table-5'!AE11 -> 0 | ... V117: ='[1]Table-5'!AQ11 -> 0
A118: ='[1]Table-5'!W12 | C118: ='[1]Table-5'!X12 | D118: ='[1]Table-5'!Y12 | E118: ='[1]Table-5'!Z12 | F118: ='[1]Table-5'!AA12 | G118: ='[1]Table-5'!AB12 | H118: ='[1]Table-5'!AC12 | I118: ='[1]Table-5'!AD12 | J118: ='[1]Table-5'!AE12 | ... V118: ='[1]Table-5'!AQ12
A119: ='[1]Table-5'!W13 | C119: ='[1]Table-5'!X13 | D119: ='[1]Table-5'!Y13 | E119: ='[1]Table-5'!Z13 | F119: ='[1]Table-5'!AA13 | G119: ='[1]Table-5'!AB13 | H119: ='[1]Table-5'!AC13 | I119: ='[1]Table-5'!AD13 | J119: ='[1]Table-5'!AE13 | ... V119: ='[1]Table-5'!AQ13
A120: ='[1]Table-5'!W14 | C120: ='[1]Table-5'!X14 | D120: ='[1]Table-5'!Y14 | E120: ='[1]Table-5'!Z14 | F120: ='[1]Table-5'!AA14 | G120: ='[1]Table-5'!AB14 | H120: ='[1]Table-5'!AC14 | I120: ='[1]Table-5'!AD14 | J120: ='[1]Table-5'!AE14 | ... V120: ='[1]Table-5'!AQ14
A121: ='[1]Table-5'!W15 | C121: ='[1]Table-5'!X15 | D121: ='[1]Table-5'!Y15 | E121: ='[1]Table-5'!Z15 | F121: ='[1]Table-5'!AA15 | G121: ='[1]Table-5'!AB15 | H121: ='[1]Table-5'!AC15 | I121: ='[1]Table-5'!AD15 | J121: ='[1]Table-5'!AE15 | ... V121: ='[1]Table-5'!AQ15
A122: ='[1]Table-5'!W16 | C122: ='[1]Table-5'!X16 | D122: ='[1]Table-5'!Y16 | E122: ='[1]Table-5'!Z16 | F122: ='[1]Table-5'!AA16 | G122: ='[1]Table-5'!AB16 | H122: ='[1]Table-5'!AC16 | I122: ='[1]Table-5'!AD16 | J122: ='[1]Table-5'!AE16 | ... V122: ='[1]Table-5'!AQ16
A123: ='[1]Table-5'!W17 | C123: ='[1]Table-5'!X17 | D123: ='[1]Table-5'!Y17 | E123: ='[1]Table-5'!Z17 | F123: ='[1]Table-5'!AA17 | G123: ='[1]Table-5'!AB17 | H123: ='[1]Table-5'!AC17 | I123: ='[1]Table-5'!AD17 | J123: ='[1]Table-5'!AE17 | ... V123: ='[1]Table-5'!AQ17
A124: ='[1]Table-5'!W18 | C124: ='[1]Table-5'!X18 | D124: ='[1]Table-5'!Y18 | E124: ='[1]Table-5'!Z18 | F124: ='[1]Table-5'!AA18 | G124: ='[1]Table-5'!AB18 | H124: ='[1]Table-5'!AC18 | I124: ='[1]Table-5'!AD18 | J124: ='[1]Table-5'!AE18 | ... V124: ='[1]Table-5'!AQ18
A125: ='[1]Table-5'!W19 | C125: ='[1]Table-5'!X19 | D125: ='[1]Table-5'!Y19 | E125: ='[1]Table-5'!Z19 | F125: ='[1]Table-5'!AA19 | G125: ='[1]Table-5'!AB19 | H125: ='[1]Table-5'!AC19 | I125: ='[1]Table-5'!AD19 | J125: ='[1]Table-5'!AE19 | ... V125: ='[1]Table-5'!AQ19
A126: ='[1]Table-5'!W20 | C126: ='[1]Table-5'!X20 | D126: ='[1]Table-5'!Y20 | E126: ='[1]Table-5'!Z20 | F126: ='[1]Table-5'!AA20 | G126: ='[1]Table-5'!AB20 | H126: ='[1]Table-5'!AC20 | I126: ='[1]Table-5'!AD20 | J126: ='[1]Table-5'!AE20 | ... V126: ='[1]Table-5'!AQ20
A127: ='[1]Table-5'!W21 | C127: ='[1]Table-5'!X21 | D127: ='[1]Table-5'!Y21 | E127: ='[1]Table-5'!Z21 | F127: ='[1]Table-5'!AA21 | G127: ='[1]Table-5'!AB21 | H127: ='[1]Table-5'!AC21 | I127: ='[1]Table-5'!AD21 | J127: ='[1]Table-5'!AE21 | ... V127: ='[1]Table-5'!AQ21
A128: ='[1]Table-5'!W22 | C128: ='[1]Table-5'!X22 | D128: ='[1]Table-5'!Y22 | E128: ='[1]Table-5'!Z22 | F128: ='[1]Table-5'!AA22 | G128: ='[1]Table-5'!AB22 | H128: ='[1]Table-5'!AC22 | I128: ='[1]Table-5'!AD22 | J128: ='[1]Table-5'!AE22 | ... V128: ='[1]Table-5'!AQ22
A129: ='[1]Table-5'!W23 | C129: ='[1]Table-5'!X23 | D129: ='[1]Table-5'!Y23 | E129: ='[1]Table-5'!Z23 | F129: ='[1]Table-5'!AA23 | G129: ='[1]Table-5'!AB23 | H129: ='[1]Table-5'!AC23 | I129: ='[1]Table-5'!AD23 | J129: ='[1]Table-5'!AE23 | ... V129: ='[1]Table-5'!AQ23
... A206: ='[1]Table-5'!W100 -> TOTAL: | C206: ='[1]Table-5'!X100 -> 9 | D206: ='[1]Table-5'!Y100 -> 9 | E206: ='[1]Table-5'!Z100 -> 0 | F206: ='[1]Table-5'!AA100 -> 0 | G206: ='[1]Table-5'!AB100 -> 9 | H206: ='[1]Table-5'!AC100 -> 0 | I206: ='[1]Table-5'!AD100 -> 0 | J206: ='[1]Table-5'!AE100 -> 0 | ... V206: ='[1]Table-5'!AQ100 -> 0
A207: %AGE TO COL.(19) | D207: ='[1]Table-5'!Y101 -> 100 | E207: ='[1]Table-5'!Z101 -> 0 | F207: ='[1]Table-5'!AA101 -> 0 | G207: ='[1]Table-5'!AB101 -> 100 | H207: ='[1]Table-5'!AC101 -> 0 | I207: ='[1]Table-5'!AD101 -> 0 | J207: ='[1]Table-5'!AE101 -> 0 | K207: ='[1]Table-5'!AF101 -> 0 | ... V207: ='[1]Table-5'!AQ101 -> 0
A208: % TO COL. 12 AND COL. 13 OR WITH RESPECT TO (COL. 6 + COL. 11) | M208: ='[1]Table-5'!AH102 -> 100 | N208: ='[1]Table-5'!AI102 -> 100
A209: NOTE: (I) COL.2= COL.19+COL.20+COL.21 (II) COL.2 OF TABLE A-2 SHOULD TALLY WITH COL.2 OF TABLE A-5
A210: REASON CODE: OCCUPIED WITH OTHER WORK = 1, TRS PROGRAMME WAS NOT INITIATED IN TIME= 2, OTHER REASON =3, REASON NOT AVAILABLE=4
A211: (THESE CODES CORRESPONDS TO PRE-TABULATION CODING I.E. 4,5,6, AND 7 FOR THE ITEM 10(D) OF SCH. AS 1.0)
A212: Developed by: Deepak Kumar Agrawal, Senior Statistical Officer, NSSO (FOD), Faridabad, Haryana

Sheet RC1-A6
A2: TABLE-A6: FREQUENCY DISTRIBUTION OF PATWARI OF THE SELECTED VILLAGE ACCORDING TO THE TOTAL NUMBER OF VILLAGES ALLOTED
A4: ='[1]Table-6'!A4 -> STATE: PUDUCHERRY(34) | C4: ='[1]Table-6'!C4 -> YEAR: 2023-24 | D4: ='[1]Table-6'!D4 -> SEASON: RABI I(4) | E4: ='RC1-A5'!U8 -> SAMPLE:CENTRAL(1)
A5: TOTAL | D5: TRS
A6: TOTAL NO OF VILLAGES ALLOTED FOR PATWARI | B6: FREQUENCY | C6: PERCENTAGE (0.0) | D6: TOTAL NO OF VILLAGES ALLOTED FOR PATWARI | E6: FREQUENCY | F6: PERCENTAGE (0.0)
A7: 1 | B7: 2 | C7: 3 | D7: 4 | E7: 5 | F7: 6
A8: 1 TO 5 | B8: ='[1]Table-6'!B8 -> 0 | C8: ='[1]Table-6'!C8 -> 0 | D8: 1 | E8: ='[1]Table-6'!E8 -> 0 | F8: ='[1]Table-6'!F8 -> 0
A9: 6 TO 10 | B9: ='[1]Table-6'!B9 -> 6 | C9: ='[1]Table-6'!C9 -> 66.67 | D9: 2 | E9: ='[1]Table-6'!E9 -> 9 | F9: ='[1]Table-6'!F9 -> 100
A10: 11 TO 15 | B10: ='[1]Table-6'!B10 -> 3 | C10: ='[1]Table-6'!C10 -> 33.33 | D10: 3 | E10: ='[1]Table-6'!E10 -> 0 | F10: ='[1]Table-6'!F10 -> 0
A11: ABOVE 15 | B11: ='[1]Table-6'!B11 -> 0 | C11: ='[1]Table-6'!C11 -> 0 | D11: GREATER THAN 3 | E11: ='[1]Table-6'!E11 -> 0 | F11: ='[1]Table-6'!F11 -> 0
A12: NOT REPORTED | B12: ='[1]Table-6'!B12 -> 0 | C12: ='[1]Table-6'!C12 -> 0 | D12: NO TRS / NOT IMPLEMENTED | E12: ='[1]Table-6'!E12 -> 0 | F12: ='[1]Table-6'!F12 -> 0
D13: NOT AVAILABLE | E13: ='[1]Table-6'!E13 -> 0 | F13: ='[1]Table-6'!F13 -> 0
A14: TOTAL | B14: ='[1]Table-6'!B14 -> 9 | C14: ='[1]Table-6'!C14 -> 100 | D14: TOTAL | E14: ='[1]Table-6'!E14 -> 9 | F14: ='[1]Table-6'!F14 -> 100
A21: TABLE-A6: FREQUENCY DISTRIBUTION OF PATWARI OF THE SELECTED VILLAGE ACCORDING TO THE TOTAL NUMBER OF VILLAGES ALLOTED
A23: ='[1]Table-6'!A23 -> STATE: PUDUCHERRY(34) | C23: ='[1]Table-6'!C23 -> YEAR: 2023-24 | D23: ='[1]Table-6'!D23 -> SEASON: RABI I(4) | E23: ='RC1-A5'!U114 -> SAMPLE:STATE(2)
A24: TOTAL | D24: TRS
A25: TOTAL NO OF VILLAGES ALLOTED FOR PATWARI | B25: FREQUENCY | C25: PERCENTAGE (0.0) | D25: TOTAL NO OF VILLAGES ALLOTED FOR PATWARI | E25: FREQUENCY | F25: PERCENTAGE (0.0)
A26: 1 | B26: 2 | C26: 3 | D26: 4 | E26: 5 | F26: 6
A27: 1 TO 5 | B27: ='[1]Table-6'!B27 -> 0 | C27: ='[1]Table-6'!C27 -> 0 | D27: 1 | E27: ='[1]Table-6'!E27 -> 4 | F27: ='[1]Table-6'!F27 -> 44.44
A28: 6 TO 10 | B28: ='[1]Table-6'!B28 -> 6 | C28: ='[1]Table-6'!C28 -> 66.67 | D28: 2 | E28: ='[1]Table-6'!E28 -> 5 | F28: ='[1]Table-6'!F28 -> 55.56
A29: 11 TO 15 | B29: ='[1]Table-6'!B29 -> 3 | C29: ='[1]Table-6'!C29 -> 33.33 | D29: 3 | E29: ='[1]Table-6'!E29 -> 0 | F29: ='[1]Table-6'!F29 -> 0
A30: ABOVE 15 | B30: ='[1]Table-6'!B30 -> 0 | C30: ='[1]Table-6'!C30 -> 0 | D30: GREATER THEN 3 | E30: ='[1]Table-6'!E30 -> 0 | F30: ='[1]Table-6'!F30 -> 0
A31: NOT REPORTED | B31: ='[1]Table-6'!B31 -> 0 | C31: ='[1]Table-6'!C31 -> 0 | D31: NO TRS / NOT IMPLEMENTED | E31: ='[1]Table-6'!E31 -> 0 | F31: ='[1]Table-6'!F31 -> 0
D32: NOT AVAILABLE | E32: ='[1]Table-6'!E32 -> 0 | F32: ='[1]Table-6'!F32 -> 0
A33: TOTAL | B33: ='[1]Table-6'!B33 -> 9 | C33: ='[1]Table-6'!C33 -> 100 | D33: TOTAL | E33: ='[1]Table-6'!E33 -> 9 | F33: ='[1]Table-6'!F33 -> 100
A34: NOTE: (I) THIS TABLE IS TO BE PREPARED ONLY FOR THE FIRST SEASON OF THE YEAR
A35: (II) COL. 4,5,6 ARE NOT APPLICABLE FOR EARAS STATE (I.E ORRISA, WEST BENGAL AND KERALA STATE)
A36: Developed by: Deepak Kumar Agrawal, Senior Statistical Officer, NSSO (FOD), Faridabad, Haryana

Sheet RC1-A7
K1: T-5
A2: TABLE A-7: DISTRICT-WISE DISTRIBUTION OF SELECTED VILLAGES ACCORDING TO THE SUBMISSION OF TRS STATEMENT.
A3: ='RC1-A6'!A4 -> STATE: PUDUCHERRY(34) | H3: YEAR: | I3: ='[1]Table-7'!H2 -> 2023-24 | M3: SEASON: | O3: ='[1]Table-7'!N2 -> RABI I(4)
A4: DISTRICT | B4: DISTRICT NAME | C4: NO. OF VILLAGES ANALYSED | D4: NUMBER OF VILLAGES FOR WHICH
D5: TRS STATEMENT SUBMITTED | N5: OUT OF COL. 12 | P5: TRS STATEMENT NOT SUBMITTED | T5: INFORMATION ABOUT SUBMISSION OR TRS STATEMENT NOT AVAILABLE | U5: TRS STATEMENT NOT TO BE SUBMITTED (A) BEING NON TRS VILLGES (B) AS PER STATE INSTRUCTION
D6: IN TIME | H6: LATE | L6: BUT DATE OF SUBMISSION NOT RECORDED | M6: TOTAL (COL. 6+ 10+ 11) | N6: TRS STATEMENT SUBMITTED IN STANDARD FORM | O6: DUPLICATE COPY OF STATEMENT KEPT | P6: THOUGH GIRDAWARI COMPLETED | R6: AS GIRDAWARI NOT COMPLETED | S6: SUB TOTAL (COL. 15+ 16 + 17)
D7: BEFORE GIRDAWARI | E7: AFTER GIRDAWARI | F7: BUT COULD NOT COMPARED WITH GIRDAWARI COMPLETION | G7: SUB TOTAL (COL. 3+ 4 +5) | H7: BEFORE GIRDAWARI | I7: AFTER GIRDAWARI | J7: BUT COULD NOT COMPARED WITH GIRDAWARI COMPLETION | K7: SUB TOTAL (COL.7 +8+9) | P7: AS DUE DATE NOT OVER | Q7: OTHER REASONS
A8: 1 | B8: 2 | C8: 3 | D8: 4 | E8: 5 | F8: 6 | G8: 7 | H8: 8 | I8: 9 | J8: 10 | K8: 11 | L8: 12 | M8: 13 | N8: 14 | O8: 15 | P8: 16 | Q8: 17 | R8: 18 | S8: 19 | T8: 20 | U8: 21
A9: ='[1]Table-7'!A8 | C9: ='[1]Table-7'!B8 | D9: ='[1]Table-7'!C8 | E9: ='[1]Table-7'!D8 | F9: ='[1]Table-7'!E8 | G9: ='[1]Table-7'!F8 | H9: ='[1]Table-7'!G8 | I9: ='[1]Table-7'!H8 | J9: ='[1]Table-7'!I8 | ... Q9: ='[1]Table-7'!P8 | R9: ='RC1-A6'!E4 -> SAMPLE:CENTRAL(1)
A10: ='[1]Table-7'!A9 -> 2 | B10: Puducherry | C10: ='[1]Table-7'!B9 -> 6 | D10: ='[1]Table-7'!C9 -> 0 | E10: ='[1]Table-7'!D9 -> 6 | F10: ='[1]Table-7'!E9 -> 0 | G10: ='[1]Table-7'!F9 -> 6 | H10: ='[1]Table-7'!G9 -> 0 | I10: ='[1]Table-7'!H9 -> 0 | J10: ='[1]Table-7'!I9 -> 0 | ... U10: ='[1]Table-7'!T9 -> 0
A11: ='[1]Table-7'!A10 | C11: ='[1]Table-7'!B10 | D11: ='[1]Table-7'!C10 | E11: ='[1]Table-7'!D10 | F11: ='[1]Table-7'!E10 | G11: ='[1]Table-7'!F10 | H11: ='[1]Table-7'!G10 | I11: ='[1]Table-7'!H10 | J11: ='[1]Table-7'!I10 | ... U11: ='[1]Table-7'!T10
A12: ='[1]Table-7'!A11 -> 4 | B12: Karaikal | C12: ='[1]Table-7'!B11 -> 3 | D12: ='[1]Table-7'!C11 -> 0 | E12: ='[1]Table-7'!D11 -> 3 | F12: ='[1]Table-7'!E11 -> 0 | G12: ='[1]Table-7'!F11 -> 3 | H12: ='[1]Table-7'!G11 -> 0 | I12: ='[1]Table-7'!H11 -> 0 | J12: ='[1]Table-7'!I11 -> 0 | ... U12: ='[1]Table-7'!T11 -> 0
A13: ='[1]Table-7'!A12 | C13: ='[1]Table-7'!B12 | D13: ='[1]Table-7'!C12 | E13: ='[1]Table-7'!D12 | F13: ='[1]Table-7'!E12 | G13: ='[1]Table-7'!F12 | H13: ='[1]Table-7'!G12 | I13: ='[1]Table-7'!H12 | J13: ='[1]Table-7'!I12 | ... U13: ='[1]Table-7'!T12
A14: ='[1]Table-7'!A13 | C14: ='[1]Table-7'!B13 | D14: ='[1]Table-7'!C13 | E14: ='[1]Table-7'!D13 | F14: ='[1]Table-7'!E13 | G14: ='[1]Table-7'!F13 | H14: ='[1]Table-7'!G13 | I14: ='[1]Table-7'!H13 | J14: ='[1]Table-7'!I13 | ... U14: ='[1]Table-7'!T13
A15: ='[1]Table-7'!A14 | C15: ='[1]Table-7'!B14 | D15: ='[1]Table-7'!C14 | E15: ='[1]Table-7'!D14 | F15: ='[1]Table-7'!E14 | G15: ='[1]Table-7'!F14 | H15: ='[1]Table-7'!G14 | I15: ='[1]Table-7'!H14 | J15: ='[1]Table-7'!I14 | ... U15: ='[1]Table-7'!T14
A16: ='[1]Table-7'!A15 | C16: ='[1]Table-7'!B15 | D16: ='[1]Table-7'!C15 | E16: ='[1]Table-7'!D15 | F16: ='[1]Table-7'!E15 | G16: ='[1]Table-7'!F15 | H16: ='[1]Table-7'!G15 | I16: ='[1]Table-7'!H15 | J16: ='[1]Table-7'!I15 | ... U16: ='[1]Table-7'!T15
A17: ='[1]Table-7'!A16 | C17: ='[1]Table-7'!B16 | D17: ='[1]Table-7'!C16 | E17: ='[1]Table-7'!D16 | F17: ='[1]Table-7'!E16 | G17: ='[1]Table-7'!F16 | H17: ='[1]Table-7'!G16 | I17: ='[1]Table-7'!H16 | J17: ='[1]Table-7'!I16 | ... U17: ='[1]Table-7'!T16
A18: ='[1]Table-7'!A17 | C18: ='[1]Table-7'!B17 | D18: ='[1]Table-7'!C17 | E18: ='[1]Table-7'!D17 | F18: ='[1]Table-7'!E17 | G18: ='[1]Table-7'!F17 | H18: ='[1]Table-7'!G17 | I18: ='[1]Table-7'!H17 | J18: ='[1]Table-7'!I17 | ... U18: ='[1]Table-7'!T17
A19: ='[1]Table-7'!A18 | C19: ='[1]Table-7'!B18 | D19: ='[1]Table-7'!C18 | E19: ='[1]Table-7'!D18 | F19: ='[1]Table-7'!E18 | G19: ='[1]Table-7'!F18 | H19: ='[1]Table-7'!G18 | I19: ='[1]Table-7'!H18 | J19: ='[1]Table-7'!I18 | ... U19: ='[1]Table-7'!T18
A20: ='[1]Table-7'!A19 | C20: ='[1]Table-7'!B19 | D20: ='[1]Table-7'!C19 | E20: ='[1]Table-7'!D19 | F20: ='[1]Table-7'!E19 | G20: ='[1]Table-7'!F19 | H20: ='[1]Table-7'!G19 | I20: ='[1]Table-7'!H19 | J20: ='[1]Table-7'!I19 | ... U20: ='[1]Table-7'!T19
A21: ='[1]Table-7'!A20 | C21: ='[1]Table-7'!B20 | D21: ='[1]Table-7'!C20 | E21: ='[1]Table-7'!D20 | F21: ='[1]Table-7'!E20 | G21: ='[1]Table-7'!F20 | H21: ='[1]Table-7'!G20 | I21: ='[1]Table-7'!H20 | J21: ='[1]Table-7'!I20 | ... U21: ='[1]Table-7'!T20
A22: ='[1]Table-7'!A21 | C22: ='[1]Table-7'!B21 | D22: ='[1]Table-7'!C21 | E22: ='[1]Table-7'!D21 | F22: ='[1]Table-7'!E21 | G22: ='[1]Table-7'!F21 | H22: ='[1]Table-7'!G21 | I22: ='[1]Table-7'!H21 | J22: ='[1]Table-7'!I21 | ... U22: ='[1]Table-7'!T21
A23: ='[1]Table-7'!A22 | C23: ='[1]Table-7'!B22 | D23: ='[1]Table-7'!C22 | E23: ='[1]Table-7'!D22 | F23: ='[1]Table-7'!E22 | G23: ='[1]Table-7'!F22 | H23: ='[1]Table-7'!G22 | I23: ='[1]Table-7'!H22 | J23: ='[1]Table-7'!I22 | ... U23: ='[1]Table-7'!T22
A24: ='[1]Table-7'!A23 | C24: ='[1]Table-7'!B23 | D24: ='[1]Table-7'!C23 | E24: ='[1]Table-7'!D23 | F24: ='[1]Table-7'!E23 | G24: ='[1]Table-7'!F23 | H24: ='[1]Table-7'!G23 | I24: ='[1]Table-7'!H23 | J24: ='[1]Table-7'!I23 | ... U24: ='[1]Table-7'!T23
... A100: ='[1]Table-7'!A99 -> TOTAL: | C100: ='[1]Table-7'!B99 -> 9 | D100: ='[1]Table-7'!C99 -> 0 | E100: ='[1]Table-7'!D99 -> 9 | F100: ='[1]Table-7'!E99 -> 0 | G100: ='[1]Table-7'!F99 -> 9 | H100: ='[1]Table-7'!G99 -> 0 | I100: ='[1]Table-7'!H99 -> 0 | J100: ='[1]Table-7'!I99 -> 0 | ... U100: ='[1]Table-7'!T99 -> 0
A101: %AGE TO COL.(2) | D101: ='[1]Table-7'!C100 -> 0 | E101: ='[1]Table-7'!D100 -> 100 | F101: ='[1]Table-7'!E100 -> 0 | G101: ='[1]Table-7'!F100 -> 100 | H101: ='[1]Table-7'!G100 -> 0 | I101: ='[1]Table-7'!H100 -> 0 | J101: ='[1]Table-7'!I100 -> 0 | K101: ='[1]Table-7'!J100 -> 0 | ... U101: ='[1]Table-7'!T100 -> 0
A102: NOTE- (I) PERCENTAGE OF ALL COLUMNS EXCEPT COL.13 AND COL.14 ARE WITH THE REFERENCE TO COL.2
A103: (II) PERCENTAGE OF COL.13 AND COL.14 ARE WITH REFERENCE TO COL.12
A104: Developed by: Deepak Kumar Agrawal, Senior Statistical Officer, NSSO (FOD), Faridabad, Haryana
A105: TABLE A-7: DISTRICT-WISE DISTRIBUTION OF SELECTED VILLAGES ACCORDING TO THE SUBMISSION OF TRS STATEMENT.
A106: =A3 -> STATE: PUDUCHERRY(34) | H106: YEAR: | I106: ='[1]Table-7'!AC2 -> 2023-24 | M106: SEASON: | O106: ='[1]Table-7'!AI2 -> RABI I(4)
A107: DISTRICT | B107: DISTRICT NAME | C107: NO. OF VILLAGES ANALYSED | D107: NUMBER OF VILLAGES FOR WHICH
D108: TRS STATEMENT SUBMITTED | N108: OUT OF COL. 12 | P108: TRS STATEMENT NOT SUBMITTED | T108: INFORMATION ABOUT SUBMISSION OR TRS STATEMENT NOT AVAILABLE | U108: TRS STATEMENT NOT TO BE SUBMITTED (A) BEING NON TRS VILLGES (B) AS PER STATE INSTRUCTION
D109: IN TIME | H109: LATE | L109: BUT DATE OF SUBMISSION NOT RECORDED | M109: TOTAL (COL. 6+ 10+ 11) | N109: TRS STATEMENT SUBMITTED IN STANDARD FORM | O109: DUPLICATE COPY OF STATEMENT KEPT | P109: THOUGH GIRDAWARI COMPLETED | R109: AS GIRDAWARI NOT COMPLETED | S109: SUB TOTAL (COL. 15+ 16 + 17)
D110: BEFORE GIRDAWARI | E110: AFTER GIRDAWARI | F110: BUT COULD NOT COMPARED WITH GIRDAWARI COMPLETION | G110: SUB TOTAL (COL. 3+ 4 +5) | H110: BEFORE GIRDAWARI | I110: AFTER GIRDAWARI | J110: BUT COULD NOT COMPARED WITH GIRDAWARI COMPLETION | K110: SUB TOTAL (COL.7 +8+9) | P110: AS DUE DATE NOT OVER | Q110: OTHER REASONS
A111: 1 | B111: 2 | C111: 3 | D111: 4 | E111: 5 | F111: 6 | G111: 7 | H111: 8 | I111: 9 | J111: 10 | K111: 11 | L111: 12 | M111: 13 | N111: 14 | O111: 15 | P111: 16 | Q111: 17 | R111: 18 | S111: 19 | T111: 20 | U111: 21
A112: ='[1]Table-7'!V8 | C112: ='[1]Table-7'!W8 | D112: ='[1]Table-7'!X8 | E112: ='[1]Table-7'!Y8 | F112: ='[1]Table-7'!Z8 | G112: ='[1]Table-7'!AA8 | H112: ='[1]Table-7'!AB8 | I112: ='[1]Table-7'!AC8 | J112: ='[1]Table-7'!AD8 | ... Q112: ='[1]Table-7'!AK8 | R112: ='RC1-A6'!E23 -> SAMPLE:STATE(2)
A113: ='[1]Table-7'!V9 -> 2 | B113: Puducherry | C113: ='[1]Table-7'!W9 -> 6 | D113: ='[1]Table-7'!X9 -> 0 | E113: ='[1]Table-7'!Y9 -> 6 | F113: ='[1]Table-7'!Z9 -> 0 | G113: ='[1]Table-7'!AA9 -> 6 | H113: ='[1]Table-7'!AB9 -> 0 | I113: ='[1]Table-7'!AC9 -> 0 | J113: ='[1]Table-7'!AD9 -> 0 | ... U113: ='[1]Table-7'!AO9 -> 0
A114: ='[1]Table-7'!V10 | C114: ='[1]Table-7'!W10 | D114: ='[1]Table-7'!X10 | E114: ='[1]Table-7'!Y10 | F114: ='[1]Table-7'!Z10 | G114: ='[1]Table-7'!AA10 | H114: ='[1]Table-7'!AB10 | I114: ='[1]Table-7'!AC10 | J114: ='[1]Table-7'!AD10 | ... U114: ='[1]Table-7'!AO10
A115: ='[1]Table-7'!V11 -> 4 | B115: Karaikal | C115: ='[1]Table-7'!W11 -> 3 | D115: ='[1]Table-7'!X11 -> 0 | E115: ='[1]Table-7'!Y11 -> 3 | F115: ='[1]Table-7'!Z11 -> 0 | G115: ='[1]Table-7'!AA11 -> 3 | H115: ='[1]Table-7'!AB11 -> 0 | I115: ='[1]Table-7'!AC11 -> 0 | J115: ='[1]Table-7'!AD11 -> 0 | ... U115: ='[1]Table-7'!AO11 -> 0
A116: ='[1]Table-7'!V12 | C116: ='[1]Table-7'!W12 | D116: ='[1]Table-7'!X12 | E116: ='[1]Table-7'!Y12 | F116: ='[1]Table-7'!Z12 | G116: ='[1]Table-7'!AA12 | H116: ='[1]Table-7'!AB12 | I116: ='[1]Table-7'!AC12 | J116: ='[1]Table-7'!AD12 | ... U116: ='[1]Table-7'!AO12
A117: ='[1]Table-7'!V13 | C117: ='[1]Table-7'!W13 | D117: ='[1]Table-7'!X13 | E117: ='[1]Table-7'!Y13 | F117: ='[1]Table-7'!Z13 | G117: ='[1]Table-7'!AA13 | H117: ='[1]Table-7'!AB13 | I117: ='[1]Table-7'!AC13 | J117: ='[1]Table-7'!AD13 | ... U117: ='[1]Table-7'!AO13
A118: ='[1]Table-7'!V14 | C118: ='[1]Table-7'!W14 | D118: ='[1]Table-7'!X14 | E118: ='[1]Table-7'!Y14 | F118: ='[1]Table-7'!Z14 | G118: ='[1]Table-7'!AA14 | H118: ='[1]Table-7'!AB14 | I118: ='[1]Table-7'!AC14 | J118: ='[1]Table-7'!AD14 | ... U118: ='[1]Table-7'!AO14
A119: ='[1]Table-7'!V15 | C119: ='[1]Table-7'!W15 | D119: ='[1]Table-7'!X15 | E119: ='[1]Table-7'!Y15 | F119: ='[1]Table-7'!Z15 | G119: ='[1]Table-7'!AA15 | H119: ='[1]Table-7'!AB15 | I119: ='[1]Table-7'!AC15 | J119: ='[1]Table-7'!AD15 | ... U119: ='[1]Table-7'!AO15
A120: ='[1]Table-7'!V16 | C120: ='[1]Table-7'!W16 | D120: ='[1]Table-7'!X16 | E120: ='[1]Table-7'!Y16 | F120: ='[1]Table-7'!Z16 | G120: ='[1]Table-7'!AA16 | H120: ='[1]Table-7'!AB16 | I120: ='[1]Table-7'!AC16 | J120: ='[1]Table-7'!AD16 | ... U120: ='[1]Table-7'!AO16
A121: ='[1]Table-7'!V17 | C121: ='[1]Table-7'!W17 | D121: ='[1]Table-7'!X17 | E121: ='[1]Table-7'!Y17 | F121: ='[1]Table-7'!Z17 | G121: ='[1]Table-7'!AA17 | H121: ='[1]Table-7'!AB17 | I121: ='[1]Table-7'!AC17 | J121: ='[1]Table-7'!AD17 | ... U121: ='[1]Table-7'!AO17
A122: ='[1]Table-7'!V18 | C122: ='[1]Table-7'!W18 | D122: ='[1]Table-7'!X18 | E122: ='[1]Table-7'!Y18 | F122: ='[1]Table-7'!Z18 | G122: ='[1]Table-7'!AA18 | H122: ='[1]Table-7'!AB18 | I122: ='[1]Table-7'!AC18 | J122: ='[1]Table-7'!AD18 | ... U122: ='[1]Table-7'!AO18
A123: ='[1]Table-7'!V19 | C123: ='[1]Table-7'!W19 | D123: ='[1]Table-7'!X19 | E123: ='[1]Table-7'!Y19 | F123: ='[1]Table-7'!Z19 | G123: ='[1]Table-7'!AA19 | H123: ='[1]Table-7'!AB19 | I123: ='[1]Table-7'!AC19 | J123: ='[1]Table-7'!AD19 | ... U123: ='[1]Table-7'!AO19
A124: ='[1]Table-7'!V20 | C124: ='[1]Table-7'!W20 | D124: ='[1]Table-7'!X20 | E124: ='[1]Table-7'!Y20 | F124: ='[1]Table-7'!Z20 | G124: ='[1]Table-7'!AA20 | H124: ='[1]Table-7'!AB20 | I124: ='[1]Table-7'!AC20 | J124: ='[1]Table-7'!AD20 | ... U124: ='[1]Table-7'!AO20
A125: ='[1]Table-7'!V21 | C125: ='[1]Table-7'!W21 | D125: ='[1]Table-7'!X21 | E125: ='[1]Table-7'!Y21 | F125: ='[1]Table-7'!Z21 | G125: ='[1]Table-7'!AA21 | H125: ='[1]Table-7'!AB21 | I125: ='[1]Table-7'!AC21 | J125: ='[1]Table-7'!AD21 | ... U125: ='[1]Table-7'!AO21
A126: ='[1]Table-7'!V22 | C126: ='[1]Table-7'!W22 | D126: ='[1]Table-7'!X22 | E126: ='[1]Table-7'!Y22 | F126: ='[1]Table-7'!Z22 | G126: ='[1]Table-7'!AA22 | H126: ='[1]Table-7'!AB22 | I126: ='[1]Table-7'!AC22 | J126: ='[1]Table-7'!AD22 | ... U126: ='[1]Table-7'!AO22
A127: ='[1]Table-7'!V23 | C127: ='[1]Table-7'!W23 | D127: ='[1]Table-7'!X23 | E127: ='[1]Table-7'!Y23 | F127: ='[1]Table-7'!Z23 | G127: ='[1]Table-7'!AA23 | H127: ='[1]Table-7'!AB23 | I127: ='[1]Table-7'!AC23 | J127: ='[1]Table-7'!AD23 | ... U127: ='[1]Table-7'!AO23
... A203: ='[1]Table-7'!V99 -> TOTAL: | C203: ='[1]Table-7'!W99 -> 9 | D203: ='[1]Table-7'!X99 -> 0 | E203: ='[1]Table-7'!Y99 -> 9 | F203: ='[1]Table-7'!Z99 -> 0 | G203: ='[1]Table-7'!AA99 -> 9 | H203: ='[1]Table-7'!AB99 -> 0 | I203: ='[1]Table-7'!AC99 -> 0 | J203: ='[1]Table-7'!AD99 -> 0 | ... U203: ='[1]Table-7'!AO99 -> 0
A204: %AGE TO COL.(2) | D204: ='[1]Table-7'!X100 -> 0 | E204: ='[1]Table-7'!Y100 -> 100 | F204: ='[1]Table-7'!Z100 -> 0 | G204: ='[1]Table-7'!AA100 -> 100 | H204: ='[1]Table-7'!AB100 -> 0 | I204: ='[1]Table-7'!AC100 -> 0 | J204: ='[1]Table-7'!AD100 -> 0 | K204: ='[1]Table-7'!AE100 -> 0 | ... U204: ='[1]Table-7'!AO100 -> 0
A205: NOTE- (I) PERCENTAGE OF ALL COLUMNS EXCEPT COL.13 AND COL.14 ARE WITH THE REFERENCE TO COL.2
A206: (II) PERCENTAGE OF COL.13 AND COL.14 ARE WITH REFERENCE TO COL.12
A207: Developed by: Deepak Kumar Agrawal, Senior Statistical Officer, NSSO (FOD), Faridabad, Haryana

Sheet RC1-A14
L1: T-7
A2: TABLE A-14: DISTRICT-WISE DISTRIBUTION OF SAMPLE VILLAGES FOR WHICH THE AREAS UNDER CROPS ARE NOT AVAILABLE FOR PREVIOUS/CURRENT YEAR.
A3: ='RC1-A7'!A3:G3 -> STATE: PUDUCHERRY(34) | I3: YEAR: | K3: ='[1]Table-14'!J3 -> 2023-24 | O3: SEASON: | Q3: ='[1]Table-14'!P3 -> RABI I(4)
A4: DISTRICT | B4: DISTRICT NAME | C4: NO. OF VILLAGE ANALYSED | D4: NO.OF VILLAGES FOR WHICH AREA FIGURES FOR PREVIOUS YEAR ARE NOT AVAILABLE | R4: NO.OF VILLAGES FOR WHICH AREA FIGURES ARE NOT AVAILABLE FOR CURRENT YEAR FOR THE REASONS@
D6: FOR SELECTED CLUSTERS FOR THE REASONS@ | J6: FOR VILLAGES AS A WHOLE FOR THE REASONS@
D8: 0 | E8: 1 | F8: 2 | G8: 4 | H8: 6 | I8: 8 | J8: 0 | K8: 1 | L8: 2 | M8: 3 | N8: 4 | O8: 6 | P8: 7 | Q8: 8 | R8: 0 | S8: 1 | T8: 2 | U8: 3 | V8: 4 | W8: 6 | X8: 7 | Y8: 8
A9: 1 | B9: 2 | C9: 3 | D9: 4 | E9: 5 | F9: 6 | G9: 7 | H9: 8 | I9: 9 | J9: 10 | K9: 11 | L9: 12 | M9: 13 | N9: 14 | O9: 15 | P9: 16 | Q9: 17 | R9: 18 | S9: 19 | T9: 20 | U9: 21 | V9: 22 | W9: 23 | X9: 24 | Y9: 25
A10: ='[1]Table-14'!A10 | C10: ='[1]Table-14'!B10 | D10: ='[1]Table-14'!C10 | E10: ='[1]Table-14'!D10 | F10: ='[1]Table-14'!E10 | G10: ='[1]Table-14'!F10 | H10: ='[1]Table-14'!G10 | I10: ='[1]Table-14'!H10 | J10: ='[1]Table-14'!I10 | ... T10: ='[1]Table-14'!S10 | U10: ='RC1-A7'!R9 -> SAMPLE:CENTRAL(1)
A11: ='[1]Table-14'!A11 -> 2 | B11: Puducherry | C11: ='[1]Table-14'!B11 -> 6 | D11: ='[1]Table-14'!C11 -> 0 | E11: ='[1]Table-14'!D11 -> 0 | F11: ='[1]Table-14'!E11 -> 0 | G11: ='[1]Table-14'!F11 -> 1 | H11: ='[1]Table-14'!G11 -> 0 | I11: ='[1]Table-14'!H11 -> 0 | J11: ='[1]Table-14'!I11 -> 0 | ... Y11: ='[1]Table-14'!X11 -> 0
A12: ='[1]Table-14'!A12 | C12: ='[1]Table-14'!B12 | D12: ='[1]Table-14'!C12 | E12: ='[1]Table-14'!D12 | F12: ='[1]Table-14'!E12 | G12: ='[1]Table-14'!F12 | H12: ='[1]Table-14'!G12 | I12: ='[1]Table-14'!H12 | J12: ='[1]Table-14'!I12 | ... Y12: ='[1]Table-14'!X12
A13: ='[1]Table-14'!A13 -> 4 | B13: Karaikal | C13: ='[1]Table-14'!B13 -> 3 | D13: ='[1]Table-14'!C13 -> 0 | E13: ='[1]Table-14'!D13 -> 0 | F13: ='[1]Table-14'!E13 -> 0 | G13: ='[1]Table-14'!F13 -> 1 | H13: ='[1]Table-14'!G13 -> 0 | I13: ='[1]Table-14'!H13 -> 0 | J13: ='[1]Table-14'!I13 -> 0 | ... Y13: ='[1]Table-14'!X13 -> 0
A14: ='[1]Table-14'!A14 | C14: ='[1]Table-14'!B14 | D14: ='[1]Table-14'!C14 | E14: ='[1]Table-14'!D14 | F14: ='[1]Table-14'!E14 | G14: ='[1]Table-14'!F14 | H14: ='[1]Table-14'!G14 | I14: ='[1]Table-14'!H14 | J14: ='[1]Table-14'!I14 | ... Y14: ='[1]Table-14'!X14
A15: ='[1]Table-14'!A15 | C15: ='[1]Table-14'!B15 | D15: ='[1]Table-14'!C15 | E15: ='[1]Table-14'!D15 | F15: ='[1]Table-14'!E15 | G15: ='[1]Table-14'!F15 | H15: ='[1]Table-14'!G15 | I15: ='[1]Table-14'!H15 | J15: ='[1]Table-14'!I15 | ... Y15: ='[1]Table-14'!X15
A16: ='[1]Table-14'!A16 | C16: ='[1]Table-14'!B16 | D16: ='[1]Table-14'!C16 | E16: ='[1]Table-14'!D16 | F16: ='[1]Table-14'!E16 | G16: ='[1]Table-14'!F16 | H16: ='[1]Table-14'!G16 | I16: ='[1]Table-14'!H16 | J16: ='[1]Table-14'!I16 | ... Y16: ='[1]Table-14'!X16
A17: ='[1]Table-14'!A17 | C17: ='[1]Table-14'!B17 | D17: ='[1]Table-14'!C17 | E17: ='[1]Table-14'!D17 | F17: ='[1]Table-14'!E17 | G17: ='[1]Table-14'!F17 | H17: ='[1]Table-14'!G17 | I17: ='[1]Table-14'!H17 | J17: ='[1]Table-14'!I17 | ... Y17: ='[1]Table-14'!X17
A18: ='[1]Table-14'!A18 | C18: ='[1]Table-14'!B18 | D18: ='[1]Table-14'!C18 | E18: ='[1]Table-14'!D18 | F18: ='[1]Table-14'!E18 | G18: ='[1]Table-14'!F18 | H18: ='[1]Table-14'!G18 | I18: ='[1]Table-14'!H18 | J18: ='[1]Table-14'!I18 | ... Y18: ='[1]Table-14'!X18
A19: ='[1]Table-14'!A19 | C19: ='[1]Table-14'!B19 | D19: ='[1]Table-14'!C19 | E19: ='[1]Table-14'!D19 | F19: ='[1]Table-14'!E19 | G19: ='[1]Table-14'!F19 | H19: ='[1]Table-14'!G19 | I19: ='[1]Table-14'!H19 | J19: ='[1]Table-14'!I19 | ... Y19: ='[1]Table-14'!X19
A20: ='[1]Table-14'!A20 | C20: ='[1]Table-14'!B20 | D20: ='[1]Table-14'!C20 | E20: ='[1]Table-14'!D20 | F20: ='[1]Table-14'!E20 | G20: ='[1]Table-14'!F20 | H20: ='[1]Table-14'!G20 | I20: ='[1]Table-14'!H20 | J20: ='[1]Table-14'!I20 | ... Y20: ='[1]Table-14'!X20
A21: ='[1]Table-14'!A21 | C21: ='[1]Table-14'!B21 | D21: ='[1]Table-14'!C21 | E21: ='[1]Table-14'!D21 | F21: ='[1]Table-14'!E21 | G21: ='[1]Table-14'!F21 | H21: ='[1]Table-14'!G21 | I21: ='[1]Table-14'!H21 | J21: ='[1]Table-14'!I21 | ... Y21: ='[1]Table-14'!X21
A22: ='[1]Table-14'!A22 | C22: ='[1]Table-14'!B22 | D22: ='[1]Table-14'!C22 | E22: ='[1]Table-14'!D22 | F22: ='[1]Table-14'!E22 | G22: ='[1]Table-14'!F22 | H22: ='[1]Table-14'!G22 | I22: ='[1]Table-14'!H22 | J22: ='[1]Table-14'!I22 | ... Y22: ='[1]Table-14'!X22
A23: ='[1]Table-14'!A23 | C23: ='[1]Table-14'!B23 | D23: ='[1]Table-14'!C23 | E23: ='[1]Table-14'!D23 | F23: ='[1]Table-14'!E23 | G23: ='[1]Table-14'!F23 | H23: ='[1]Table-14'!G23 | I23: ='[1]Table-14'!H23 | J23: ='[1]Table-14'!I23 | ... Y23: ='[1]Table-14'!X23
A24: ='[1]Table-14'!A24 | C24: ='[1]Table-14'!B24 | D24: ='[1]Table-14'!C24 | E24: ='[1]Table-14'!D24 | F24: ='[1]Table-14'!E24 | G24: ='[1]Table-14'!F24 | H24: ='[1]Table-14'!G24 | I24: ='[1]Table-14'!H24 | J24: ='[1]Table-14'!I24 | ... Y24: ='[1]Table-14'!X24
A25: ='[1]Table-14'!A25 | C25: ='[1]Table-14'!B25 | D25: ='[1]Table-14'!C25 | E25: ='[1]Table-14'!D25 | F25: ='[1]Table-14'!E25 | G25: ='[1]Table-14'!F25 | H25: ='[1]Table-14'!G25 | I25: ='[1]Table-14'!H25 | J25: ='[1]Table-14'!I25 | ... Y25: ='[1]Table-14'!X25
... A100: ='[1]Table-14'!A100 -> TOTAL | C100: ='[1]Table-14'!B100 -> 9 | D100: ='[1]Table-14'!C100 -> 0 | E100: ='[1]Table-14'!D100 -> 0 | F100: ='[1]Table-14'!E100 -> 0 | G100: ='[1]Table-14'!F100 -> 2 | H100: ='[1]Table-14'!G100 -> 0 | I100: ='[1]Table-14'!H100 -> 0 | J100: ='[1]Table-14'!I100 -> 0 | ... Y100: ='[1]Table-14'!X100 -> 0
A101: %AGE TO COL. (2) | D101: ='[1]Table-14'!C101 -> 0 | E101: ='[1]Table-14'!D101 -> 0 | F101: ='[1]Table-14'!E101 -> 0 | G101: ='[1]Table-14'!F101 -> 22.22 | H101: ='[1]Table-14'!G101 -> 0 | I101: ='[1]Table-14'!H101 -> 0 | J101: ='[1]Table-14'!I101 -> 0 | K101: ='[1]Table-14'!J101 -> 0 | ... Y101: ='[1]Table-14'!X101 -> 0
A102: NOTE: SYSTEM OF GIRDAWARI DOES NOT EXIST | L102: 0 | M102: GIRDAWARI NOT DONE FOR PREVIOUS/CURRENT YEAR | Y102: 1
A103: KHASHRA REGISTER/OTHER RECORDS/STATEMENT(SPECIFY) NOT AVAILABLE | L103: 2 | M103: GIRDAWARI COMPLETED BUT TRS STATEMENT NOT REPORTED | Y103: 3
A104: REASON FOR NON AVAILBILITY OF INFORMATION NOT KNOWN | L104: 4 | M104: NOT APPLICABLE AS FOR KERALA, ORISSA AND HILLY DISTRICT OF UTTAR PRADESH | Y104: 6
A105: AGGREGATION FIGURES NOT AVAILABLE AT VILLAGE LEVEL FOR KERALA AND ORISSA | L105: 7 | M105: ANY OTHER REASON (SPECIFY) | Y105: 8
A106: Developed by: Deepak Kumar Agrawal, Senior Statistical Officer, NSSO (FOD), Faridabad, Haryana
A107: TABLE A-14: DISTRICT-WISE DISTRIBUTION OF SAMPLE VILLAGES FOR WHICH THE AREAS UNDER CROPS ARE NOT AVAILABLE FOR PREVIOUS/CURRENT YEAR.
A108: =A3 -> STATE: PUDUCHERRY(34) | I108: YEAR: | K108: ='[1]Table-14'!AI3 -> 2023-24 | O108: SEASON: | Q108: ='[1]Table-14'!AO3 -> RABI I(4)
A109: DISTRICT | B109: DISTRICT NAME | C109: NO. OF VILLAGE ANALYSED | D109: NO.OF VILLAGES FOR WHICH AREA FIGURES FOR PREVIOUS YEAR ARE NOT AVAILABLE | R109: NO.OF VILLAGES FOR WHICH AREA FIGURES ARE NOT AVAILABLE FOR CURRENT YEAR FOR THE REASONS@
D111: FOR SELECTED CLUSTERS FOR THE REASONS@ | J111: FOR VILLAGES AS A WHOLE FOR THE REASONS@
D113: 0 | E113: 1 | F113: 2 | G113: 4 | H113: 6 | I113: 8 | J113: 0 | K113: 1 | L113: 2 | M113: 3 | N113: 4 | O113: 6 | P113: 7 | Q113: 8 | R113: 0 | S113: 1 | T113: 2 | U113: 3 | V113: 4 | W113: 6 | X113: 7 | Y113: 8
A114: 1 | B114: 2 | C114: 3 | D114: 4 | E114: 5 | F114: 6 | G114: 7 | H114: 8 | I114: 9 | J114: 10 | K114: 11 | L114: 12 | M114: 13 | N114: 14 | O114: 15 | P114: 16 | Q114: 17 | R114: 18 | S114: 19 | T114: 20 | U114: 21 | V114: 22 | W114: 23 | X114: 24 | Y114: 25
A115: ='[1]Table-14'!Z10 | C115: ='[1]Table-14'!AA10 | D115: ='[1]Table-14'!AB10 | E115: ='[1]Table-14'!AC10 | F115: ='[1]Table-14'!AD10 | G115: ='[1]Table-14'!AE10 | H115: ='[1]Table-14'!AF10 | I115: ='[1]Table-14'!AG10 | J115: ='[1]Table-14'!AH10 | ... T115: ='[1]Table-14'!AR10 | U115: ='RC1-A7'!R112 -> SAMPLE:STATE(2)
A116: ='[1]Table-14'!Z11 -> 2 | B116: Puducherry | C116: ='[1]Table-14'!AA11 -> 6 | D116: ='[1]Table-14'!AB11 -> 0 | E116: ='[1]Table-14'!AC11 -> 0 | F116: ='[1]Table-14'!AD11 -> 0 | G116: ='[1]Table-14'!AE11 -> 0 | H116: ='[1]Table-14'!AF11 -> 0 | I116: ='[1]Table-14'!AG11 -> 0 | J116: ='[1]Table-14'!AH11 -> 0 | ... Y116: ='[1]Table-14'!AW11 -> 0
A117: ='[1]Table-14'!Z12 | C117: ='[1]Table-14'!AA12 | D117: ='[1]Table-14'!AB12 | E117: ='[1]Table-14'!AC12 | F117: ='[1]Table-14'!AD12 | G117: ='[1]Table-14'!AE12 | H117: ='[1]Table-14'!AF12 | I117: ='[1]Table-14'!AG12 | J117: ='[1]Table-14'!AH12 | ... Y117: ='[1]Table-14'!AW12
A118: ='[1]Table-14'!Z13 -> 4 | B118: Karaikal | C118: ='[1]Table-14'!AA13 -> 3 | D118: ='[1]Table-14'!AB13 -> 0 | E118: ='[1]Table-14'!AC13 -> 0 | F118: ='[1]Table-14'!AD13 -> 0 | G118: ='[1]Table-14'!AE13 -> 0 | H118: ='[1]Table-14'!AF13 -> 0 | I118: ='[1]Table-14'!AG13 -> 0 | J118: ='[1]Table-14'!AH13 -> 0 | ... Y118: ='[1]Table-14'!AW13 -> 0
A119: ='[1]Table-14'!Z14 | C119: ='[1]Table-14'!AA14 | D119: ='[1]Table-14'!AB14 | E119: ='[1]Table-14'!AC14 | F119: ='[1]Table-14'!AD14 | G119: ='[1]Table-14'!AE14 | H119: ='[1]Table-14'!AF14 | I119: ='[1]Table-14'!AG14 | J119: ='[1]Table-14'!AH14 | ... Y119: ='[1]Table-14'!AW14
A120: ='[1]Table-14'!Z15 | C120: ='[1]Table-14'!AA15 | D120: ='[1]Table-14'!AB15 | E120: ='[1]Table-14'!AC15 | F120: ='[1]Table-14'!AD15 | G120: ='[1]Table-14'!AE15 | H120: ='[1]Table-14'!AF15 | I120: ='[1]Table-14'!AG15 | J120: ='[1]Table-14'!AH15 | ... Y120: ='[1]Table-14'!AW15
A121: ='[1]Table-14'!Z16 | C121: ='[1]Table-14'!AA16 | D121: ='[1]Table-14'!AB16 | E121: ='[1]Table-14'!AC16 | F121: ='[1]Table-14'!AD16 | G121: ='[1]Table-14'!AE16 | H121: ='[1]Table-14'!AF16 | I121: ='[1]Table-14'!AG16 | J121: ='[1]Table-14'!AH16 | ... Y121: ='[1]Table-14'!AW16
A122: ='[1]Table-14'!Z17 | C122: ='[1]Table-14'!AA17 | D122: ='[1]Table-14'!AB17 | E122: ='[1]Table-14'!AC17 | F122: ='[1]Table-14'!AD17 | G122: ='[1]Table-14'!AE17 | H122: ='[1]Table-14'!AF17 | I122: ='[1]Table-14'!AG17 | J122: ='[1]Table-14'!AH17 | ... Y122: ='[1]Table-14'!AW17
A123: ='[1]Table-14'!Z18 | C123: ='[1]Table-14'!AA18 | D123: ='[1]Table-14'!AB18 | E123: ='[1]Table-14'!AC18 | F123: ='[1]Table-14'!AD18 | G123: ='[1]Table-14'!AE18 | H123: ='[1]Table-14'!AF18 | I123: ='[1]Table-14'!AG18 | J123: ='[1]Table-14'!AH18 | ... Y123: ='[1]Table-14'!AW18
A124: ='[1]Table-14'!Z19 | C124: ='[1]Table-14'!AA19 | D124: ='[1]Table-14'!AB19 | E124: ='[1]Table-14'!AC19 | F124: ='[1]Table-14'!AD19 | G124: ='[1]Table-14'!AE19 | H124: ='[1]Table-14'!AF19 | I124: ='[1]Table-14'!AG19 | J124: ='[1]Table-14'!AH19 | ... Y124: ='[1]Table-14'!AW19
A125: ='[1]Table-14'!Z20 | C125: ='[1]Table-14'!AA20 | D125: ='[1]Table-14'!AB20 | E125: ='[1]Table-14'!AC20 | F125: ='[1]Table-14'!AD20 | G125: ='[1]Table-14'!AE20 | H125: ='[1]Table-14'!AF20 | I125: ='[1]Table-14'!AG20 | J125: ='[1]Table-14'!AH20 | ... Y125: ='[1]Table-14'!AW20
A126: ='[1]Table-14'!Z21 | C126: ='[1]Table-14'!AA21 | D126: ='[1]Table-14'!AB21 | E126: ='[1]Table-14'!AC21 | F126: ='[1]Table-14'!AD21 | G126: ='[1]Table-14'!AE21 | H126: ='[1]Table-14'!AF21 | I126: ='[1]Table-14'!AG21 | J126: ='[1]Table-14'!AH21 | ... Y126: ='[1]Table-14'!AW21
A127: ='[1]Table-14'!Z22 | C127: ='[1]Table-14'!AA22 | D127: ='[1]Table-14'!AB22 | E127: ='[1]Table-14'!AC22 | F127: ='[1]Table-14'!AD22 | G127: ='[1]Table-14'!AE22 | H127: ='[1]Table-14'!AF22 | I127: ='[1]Table-14'!AG22 | J127: ='[1]Table-14'!AH22 | ... Y127: ='[1]Table-14'!AW22
A128: ='[1]Table-14'!Z23 | C128: ='[1]Table-14'!AA23 | D128: ='[1]Table-14'!AB23 | E128: ='[1]Table-14'!AC23 | F128: ='[1]Table-14'!AD23 | G128: ='[1]Table-14'!AE23 | H128: ='[1]Table-14'!AF23 | I128: ='[1]Table-14'!AG23 | J128: ='[1]Table-14'!AH23 | ... Y128: ='[1]Table-14'!AW23
A129: ='[1]Table-14'!Z24 | C129: ='[1]Table-14'!AA24 | D129: ='[1]Table-14'!AB24 | E129: ='[1]Table-14'!AC24 | F129: ='[1]Table-14'!AD24 | G129: ='[1]Table-14'!AE24 | H129: ='[1]Table-14'!AF24 | I129: ='[1]Table-14'!AG24 | J129: ='[1]Table-14'!AH24 | ... Y129: ='[1]Table-14'!AW24
A130: ='[1]Table-14'!Z25 | C130: ='[1]Table-14'!AA25 | D130: ='[1]Table-14'!AB25 | E130: ='[1]Table-14'!AC25 | F130: ='[1]Table-14'!AD25 | G130: ='[1]Table-14'!AE25 | H130: ='[1]Table-14'!AF25 | I130: ='[1]Table-14'!AG25 | J130: ='[1]Table-14'!AH25 | ... Y130: ='[1]Table-14'!AW25
... A205: ='[1]Table-14'!Z100 -> TOTAL | C205: ='[1]Table-14'!AA100 -> 9 | D205: ='[1]Table-14'!AB100 -> 0 | E205: ='[1]Table-14'!AC100 -> 0 | F205: ='[1]Table-14'!AD100 -> 0 | G205: ='[1]Table-14'!AE100 -> 0 | H205: ='[1]Table-14'!AF100 -> 0 | I205: ='[1]Table-14'!AG100 -> 0 | J205: ='[1]Table-14'!AH100 -> 0 | ... Y205: ='[1]Table-14'!AW100 -> 0
A206: %AGE TO COL. (2) | D206: ='[1]Table-14'!AB101 -> 0 | E206: ='[1]Table-14'!AC101 -> 0 | F206: ='[1]Table-14'!AD101 -> 0 | G206: ='[1]Table-14'!AE101 -> 0 | H206: ='[1]Table-14'!AF101 -> 0 | I206: ='[1]Table-14'!AG101 -> 0 | J206: ='[1]Table-14'!AH101 -> 0 | K206: ='[1]Table-14'!AI101 -> 0 | ... Y206: ='[1]Table-14'!AW101 -> 0
A207: NOTE: SYSTEM OF GIRDAWARI DOES NOT EXIST | L207: 0 | M207: GIRDAWARI NOT DONE FOR PREVIOUS/CURRENT YEAR | Y207: 1
A208: KHASHRA REGISTER/OTHER RECORDS/STATEMENT(SPECIFY) NOT AVAILABLE | L208: 2 | M208: GIRDAWARI COMPLETED BUT TRS STATEMENT NOT REPORTED | Y208: 3
A209: REASON FOR NON AVAILBILITY OF INFORMATION NOT KNOWN | L209: 4 | M209: NOT APPLICABLE AS FOR KERALA, ORISSA AND HILLY DISTRICT OF UTTAR PRADESH | Y209: 6
A210: AGGREGATION FIGURES NOT AVAILABLE AT VILLAGE LEVEL FOR KERALA AND ORISSA | L210: 7 | M210: ANY OTHER REASON (SPECIFY) | Y210: 8
A211: Developed by: Deepak Kumar Agrawal, Senior Statistical Officer, NSSO (FOD), Faridabad, Haryana

Sheet RC2-A11(a)
A2: TABLE-11(A):CROPWISE COMPARISON OF ENTRIES BY SUPERVISOR AND PATWARI OF CROP AREAS AS PER IRRIGATION AND SEED VARIETY.
A3: ='RC1-A6'!A4:B4 -> STATE: PUDUCHERRY(34) | F3: YEAR: | H3: ='[2]Table-11(a)-O'!H3 -> 2023-24 | L3: SEASON: | M3: ='[2]Table-11(a)-O'!M3 -> RABI I(4) | Q3: ='RC1-A6'!E4 -> SAMPLE:CENTRAL(1)
A4: CROP | B4: NO. OF VILLAGE REPORTING CROP | E4: COMPARISON AS PER IRRIGATION PARTICULARS | K4: COL (8-5)/5 *100 | L4: COL (10-7)/7 *100 | M4: COL (10)/7 (0.0000) | N4: COMPARISON AS PER VARIETY OF SEED | T4: COL. (17-14)/14 *100
E5: AREA UNDER CROP (0.00)HA | N5: AREA UNDER CROP (0.00)HA
E6: AS PER SUPERVISOR | H6: AS PER PATWARIS | N6: AS PER SUPERVISOR | Q6: AS PER PATWARIS
B7: TOTAL | C7: IRR | D7: HY | E7: IRR | F7: UN-IRR | G7: TOTAL | H7: IRR | I7: UN-IRR | J7: TOTAL | N7: HY | O7: LOCAL | P7: TOTAL | Q7: HY | R7: LOCAL | S7: TOTAL
A8: 1 | B8: 2 | C8: 3 | D8: 4 | E8: 5 | F8: 6 | G8: 7 | H8: 8 | I8: 9 | J8: 10 | K8: 11 | L8: 12 | M8: 13 | N8: 14 | O8: 15 | P8: 16 | Q8: 17 | R8: 18 | S8: 19 | T8: 20
A9: ='[2]Table-11(a)-O'!A9 -> PADDY(97) | B9: ='[2]Table-11(a)-O'!B9 -> 7 | C9: ='[2]Table-11(a)-O'!C9 -> 7 | D9: ='[2]Table-11(a)-O'!D9 -> 7 | E9: ='[2]Table-11(a)-O'!E9 -> 26.43 | F9: ='[2]Table-11(a)-O'!F9 -> 0.115 | G9: ='[2]Table-11(a)-O'!G9 -> 26.545 | H9: ='[2]Table-11(a)-O'!H9 -> 26.51 | ... T9: ='[2]Table-11(a)-O'!T9 -> 0.35327887
A10: ='[2]Table-11(a)-O'!A10 -> OTHERS(99) | B10: ='[2]Table-11(a)-O'!B10 -> 3 | C10: ='[2]Table-11(a)-O'!C10 -> 3 | D10: ='[2]Table-11(a)-O'!D10 -> 2 | E10: ='[2]Table-11(a)-O'!E10 -> 3.295 | F10: ='[2]Table-11(a)-O'!F10 -> 0 | G10: ='[2]Table-11(a)-O'!G10 -> 3.295 | H10: ='[2]Table-11(a)-O'!H10 -> 3.025 | ... T10: ='[2]Table-11(a)-O'!T10 -> 0
A11: ='[2]Table-11(a)-O'!A11 | B11: ='[2]Table-11(a)-O'!B11 | C11: ='[2]Table-11(a)-O'!C11 | D11: ='[2]Table-11(a)-O'!D11 | E11: ='[2]Table-11(a)-O'!E11 | F11: ='[2]Table-11(a)-O'!F11 | G11: ='[2]Table-11(a)-O'!G11 | H11: ='[2]Table-11(a)-O'!H11 | ... T11: ='[2]Table-11(a)-O'!T11
A12: ='[2]Table-11(a)-O'!A12 | B12: ='[2]Table-11(a)-O'!B12 | C12: ='[2]Table-11(a)-O'!C12 | D12: ='[2]Table-11(a)-O'!D12 | E12: ='[2]Table-11(a)-O'!E12 | F12: ='[2]Table-11(a)-O'!F12 | G12: ='[2]Table-11(a)-O'!G12 | H12: ='[2]Table-11(a)-O'!H12 | ... T12: ='[2]Table-11(a)-O'!T12
A13: ='[2]Table-11(a)-O'!A13 | B13: ='[2]Table-11(a)-O'!B13 | C13: ='[2]Table-11(a)-O'!C13 | D13: ='[2]Table-11(a)-O'!D13 | E13: ='[2]Table-11(a)-O'!E13 | F13: ='[2]Table-11(a)-O'!F13 | G13: ='[2]Table-11(a)-O'!G13 | H13: ='[2]Table-11(a)-O'!H13 | ... T13: ='[2]Table-11(a)-O'!T13
A14: ='[2]Table-11(a)-O'!A14 | B14: ='[2]Table-11(a)-O'!B14 | C14: ='[2]Table-11(a)-O'!C14 | D14: ='[2]Table-11(a)-O'!D14 | E14: ='[2]Table-11(a)-O'!E14 | F14: ='[2]Table-11(a)-O'!F14 | G14: ='[2]Table-11(a)-O'!G14 | H14: ='[2]Table-11(a)-O'!H14 | ... T14: ='[2]Table-11(a)-O'!T14
A15: ='[2]Table-11(a)-O'!A15 | B15: ='[2]Table-11(a)-O'!B15 | C15: ='[2]Table-11(a)-O'!C15 | D15: ='[2]Table-11(a)-O'!D15 | E15: ='[2]Table-11(a)-O'!E15 | F15: ='[2]Table-11(a)-O'!F15 | G15: ='[2]Table-11(a)-O'!G15 | H15: ='[2]Table-11(a)-O'!H15 | ... T15: ='[2]Table-11(a)-O'!T15
A16: ='[2]Table-11(a)-O'!A16 | B16: ='[2]Table-11(a)-O'!B16 | C16: ='[2]Table-11(a)-O'!C16 | D16: ='[2]Table-11(a)-O'!D16 | E16: ='[2]Table-11(a)-O'!E16 | F16: ='[2]Table-11(a)-O'!F16 | G16: ='[2]Table-11(a)-O'!G16 | H16: ='[2]Table-11(a)-O'!H16 | ... T16: ='[2]Table-11(a)-O'!T16
A17: ='[2]Table-11(a)-O'!A17 | B17: ='[2]Table-11(a)-O'!B17 | C17: ='[2]Table-11(a)-O'!C17 | D17: ='[2]Table-11(a)-O'!D17 | E17: ='[2]Table-11(a)-O'!E17 | F17: ='[2]Table-11(a)-O'!F17 | G17: ='[2]Table-11(a)-O'!G17 | H17: ='[2]Table-11(a)-O'!H17 | ... T17: ='[2]Table-11(a)-O'!T17
A18: ='[2]Table-11(a)-O'!A18 | B18: ='[2]Table-11(a)-O'!B18 | C18: ='[2]Table-11(a)-O'!C18 | D18: ='[2]Table-11(a)-O'!D18 | E18: ='[2]Table-11(a)-O'!E18 | F18: ='[2]Table-11(a)-O'!F18 | G18: ='[2]Table-11(a)-O'!G18 | H18: ='[2]Table-11(a)-O'!H18 | ... T18: ='[2]Table-11(a)-O'!T18
A19: ='[2]Table-11(a)-O'!A19 | B19: ='[2]Table-11(a)-O'!B19 | C19: ='[2]Table-11(a)-O'!C19 | D19: ='[2]Table-11(a)-O'!D19 | E19: ='[2]Table-11(a)-O'!E19 | F19: ='[2]Table-11(a)-O'!F19 | G19: ='[2]Table-11(a)-O'!G19 | H19: ='[2]Table-11(a)-O'!H19 | ... T19: ='[2]Table-11(a)-O'!T19
A20: ='[2]Table-11(a)-O'!A20 | B20: ='[2]Table-11(a)-O'!B20 | C20: ='[2]Table-11(a)-O'!C20 | D20: ='[2]Table-11(a)-O'!D20 | E20: ='[2]Table-11(a)-O'!E20 | F20: ='[2]Table-11(a)-O'!F20 | G20: ='[2]Table-11(a)-O'!G20 | H20: ='[2]Table-11(a)-O'!H20 | ... T20: ='[2]Table-11(a)-O'!T20
... A24: ='[2]Table-11(a)-O'!A24 -> TOTAL: | B24: ='[2]Table-11(a)-O'!B24 -> 10 | C24: ='[2]Table-11(a)-O'!C24 -> 10 | D24: ='[2]Table-11(a)-O'!D24 -> 9 | E24: ='[2]Table-11(a)-O'!E24 -> 29.725 | F24: ='[2]Table-11(a)-O'!F24 -> 0.115 | G24: ='[2]Table-11(a)-O'!G24 -> 29.84 | H24: ='[2]Table-11(a)-O'!H24 -> 29.535 | ... T24: ='[2]Table-11(a)-O'!T24 -> 0.34006376
A26: TABLE-11(A):CROPWISE COMPARISON OF ENTRIES BY SUPERVISOR AND PATWARI OF CROP AREAS AS PER IRRIGATION AND SEED VARIETY.
A27: =A3 -> STATE: PUDUCHERRY(34) | F27: YEAR: | H27: =H3 -> 2023-24 | L27: SEASON: | M27: =M3 -> RABI I(4) | Q27: ='RC1-A6'!E23 -> SAMPLE:STATE(2)
A28: CROP | B28: NO. OF VILLAGE REPORTING CROP | E28: COMPARISON AS PER IRRIGATION PARTICULARS | K28: COL (8-5)/5 *100 | L28: COL (10-7)/7 *100 | M28: COL (10)/7 (0.0000) | N28: COMPARISON AS PER VARIETY OF SEED | T28: COL (17-14)/14 *100
E29: AREA UNDER CROP (0.00)HA | N29: AREA UNDER CROP (0.00)HA
E30: AS PER SUPERVISOR | H30: AS PER PATWARIS | N30: AS PER SUPERVISOR | Q30: AS PER PATWARIS
B31: TOTAL | C31: IRR | D31: HY | E31: IRR | F31: UN-IRR | G31: TOTAL | H31: IRR | I31: UN-IRR | J31: TOTAL | N31: HY | O31: LOCAL | P31: TOTAL | Q31: HY | R31: LOCAL | S31: TOTAL
A32: 1 | B32: 2 | C32: 3 | D32: 4 | E32: 5 | F32: 6 | G32: 7 | H32: 8 | I32: 9 | J32: 10 | K32: 11 | L32: 12 | M32: 13 | N32: 14 | O32: 15 | P32: 16 | Q32: 17 | R32: 18 | S32: 19 | T32: 20
A33: ='[2]Table-11(a)-O'!V9 -> PADDY(97) | B33: ='[2]Table-11(a)-O'!W9 -> 7 | C33: ='[2]Table-11(a)-O'!X9 -> 7 | D33: ='[2]Table-11(a)-O'!Y9 -> 7 | E33: ='[2]Table-11(a)-O'!Z9 -> 7.648 | F33: ='[2]Table-11(a)-O'!AA9 -> 0 | G33: ='[2]Table-11(a)-O'!AB9 -> 7.648 | H33: ='[2]Table-11(a)-O'!AC9 -> 7.543 | ... T33: ='[2]Table-11(a)-O'!AO9 -> 1.3729079
A34: ='[2]Table-11(a)-O'!V10 -> OTHERS(99) | B34: ='[2]Table-11(a)-O'!W10 -> 3 | C34: ='[2]Table-11(a)-O'!X10 -> 3 | D34: ='[2]Table-11(a)-O'!Y10 -> 3 | E34: ='[2]Table-11(a)-O'!Z10 -> 2.6339 | F34: ='[2]Table-11(a)-O'!AA10 -> 0.75 | G34: ='[2]Table-11(a)-O'!AB10 -> 3.3839 | H34: ='[2]Table-11(a)-O'!AC10 -> 2.6339 | ... T34: ='[2]Table-11(a)-O'!AO10 -> 0
A35: ='[2]Table-11(a)-O'!V11 | B35: ='[2]Table-11(a)-O'!W11 | C35: ='[2]Table-11(a)-O'!X11 | D35: ='[2]Table-11(a)-O'!Y11 | E35: ='[2]Table-11(a)-O'!Z11 | F35: ='[2]Table-11(a)-O'!AA11 | G35: ='[2]Table-11(a)-O'!AB11 | H35: ='[2]Table-11(a)-O'!AC11 | ... T35: ='[2]Table-11(a)-O'!AO11
A36: ='[2]Table-11(a)-O'!V12 | B36: ='[2]Table-11(a)-O'!W12 | C36: ='[2]Table-11(a)-O'!X12 | D36: ='[2]Table-11(a)-O'!Y12 | E36: ='[2]Table-11(a)-O'!Z12 | F36: ='[2]Table-11(a)-O'!AA12 | G36: ='[2]Table-11(a)-O'!AB12 | H36: ='[2]Table-11(a)-O'!AC12 | ... T36: ='[2]Table-11(a)-O'!AO12
A37: ='[2]Table-11(a)-O'!V13 | B37: ='[2]Table-11(a)-O'!W13 | C37: ='[2]Table-11(a)-O'!X13 | D37: ='[2]Table-11(a)-O'!Y13 | E37: ='[2]Table-11(a)-O'!Z13 | F37: ='[2]Table-11(a)-O'!AA13 | G37: ='[2]Table-11(a)-O'!AB13 | H37: ='[2]Table-11(a)-O'!AC13 | ... T37: ='[2]Table-11(a)-O'!AO13
A38: ='[2]Table-11(a)-O'!V14 | B38: ='[2]Table-11(a)-O'!W14 | C38: ='[2]Table-11(a)-O'!X14 | D38: ='[2]Table-11(a)-O'!Y14 | E38: ='[2]Table-11(a)-O'!Z14 | F38: ='[2]Table-11(a)-O'!AA14 | G38: ='[2]Table-11(a)-O'!AB14 | H38: ='[2]Table-11(a)-O'!AC14 | ... T38: ='[2]Table-11(a)-O'!AO14
A39: ='[2]Table-11(a)-O'!V15 | B39: ='[2]Table-11(a)-O'!W15 | C39: ='[2]Table-11(a)-O'!X15 | D39: ='[2]Table-11(a)-O'!Y15 | E39: ='[2]Table-11(a)-O'!Z15 | F39: ='[2]Table-11(a)-O'!AA15 | G39: ='[2]Table-11(a)-O'!AB15 | H39: ='[2]Table-11(a)-O'!AC15 | ... T39: ='[2]Table-11(a)-O'!AO15
A40: ='[2]Table-11(a)-O'!V16 | B40: ='[2]Table-11(a)-O'!W16 | C40: ='[2]Table-11(a)-O'!X16 | D40: ='[2]Table-11(a)-O'!Y16 | E40: ='[2]Table-11(a)-O'!Z16 | F40: ='[2]Table-11(a)-O'!AA16 | G40: ='[2]Table-11(a)-O'!AB16 | H40: ='[2]Table-11(a)-O'!AC16 | ... T40: ='[2]Table-11(a)-O'!AO16
A41: ='[2]Table-11(a)-O'!V17 | B41: ='[2]Table-11(a)-O'!W17 | C41: ='[2]Table-11(a)-O'!X17 | D41: ='[2]Table-11(a)-O'!Y17 | E41: ='[2]Table-11(a)-O'!Z17 | F41: ='[2]Table-11(a)-O'!AA17 | G41: ='[2]Table-11(a)-O'!AB17 | H41: ='[2]Table-11(a)-O'!AC17 | ... T41: ='[2]Table-11(a)-O'!AO17
A42: ='[2]Table-11(a)-O'!V18 | B42: ='[2]Table-11(a)-O'!W18 | C42: ='[2]Table-11(a)-O'!X18 | D42: ='[2]Table-11(a)-O'!Y18 | E42: ='[2]Table-11(a)-O'!Z18 | F42: ='[2]Table-11(a)-O'!AA18 | G42: ='[2]Table-11(a)-O'!AB18 | H42: ='[2]Table-11(a)-O'!AC18 | ... T42: ='[2]Table-11(a)-O'!AO18
A43: ='[2]Table-11(a)-O'!V19 | B43: ='[2]Table-11(a)-O'!W19 | C43: ='[2]Table-11(a)-O'!X19 | D43: ='[2]Table-11(a)-O'!Y19 | E43: ='[2]Table-11(a)-O'!Z19 | F43: ='[2]Table-11(a)-O'!AA19 | G43: ='[2]Table-11(a)-O'!AB19 | H43: ='[2]Table-11(a)-O'!AC19 | ... T43: ='[2]Table-11(a)-O'!AO19
A44: ='[2]Table-11(a)-O'!V20 | B44: ='[2]Table-11(a)-O'!W20 | C44: ='[2]Table-11(a)-O'!X20 | D44: ='[2]Table-11(a)-O'!Y20 | E44: ='[2]Table-11(a)-O'!Z20 | F44: ='[2]Table-11(a)-O'!AA20 | G44: ='[2]Table-11(a)-O'!AB20 | H44: ='[2]Table-11(a)-O'!AC20 | ... T44: ='[2]Table-11(a)-O'!AO20
... A47: ='[2]Table-11(a)-O'!V23 | B47: ='[2]Table-11(a)-O'!W23 | C47: ='[2]Table-11(a)-O'!X23 | D47: ='[2]Table-11(a)-O'!Y23 | E47: ='[2]Table-11(a)-O'!Z23 | F47: ='[2]Table-11(a)-O'!AA23 | G47: ='[2]Table-11(a)-O'!AB23 | H47: ='[2]Table-11(a)-O'!AC23 | ... T47: ='[2]Table-11(a)-O'!AO23
A48: TOTAL: | B48: =SUM(B33:B47) -> 10 | C48: =SUM(C33:C47) -> 10 | D48: =SUM(D33:D47) -> 10 | E48: =SUM(E33:E47) -> 10.2819 | F48: =SUM(F33:F47) -> 0.75 | G48: =SUM(G33:G47) -> 11.0319 | H48: =SUM(H33:H47) -> 10.1769 | I48: =SUM(I33:I47) -> 0.75 | J48: =SUM(J33:J47) -> 10.9269 | K48: =IF(J48="","",ABS(H48-E48)*100/E48) -> 1.021212 | L48: =IF(K48="","",ABS(J48-G48)*100/G48) -> 0.95178528 | M48: =IF(L48="","",J48/G48) -> 0.99048215 | N48: =SUM(N33:N47) -> 11.0319 | O48: =SUM(O33:O47) -> 0 | P48: =SUM(P33:P47) -> 11.0319 | Q48: =SUM(Q33:Q47) -> 10.9269 | R48: =SUM(R33:R47) -> 0 | S48: =SUM(S33:S47) -> 10.9269 | T48: =IF(S48="","",ABS(Q48-N48)*100/N48) -> 0.95178528
A49: NOTE:* 100 DENOTES MULTIPLICATION IN NUMERATOR BY 100 | L49: COL.2= TOTAL NO OF VILLAGES REPORTING THE RESPECTIVE CROP
A50: COL.3= TOTAL NO OF VILLAGES REPORTING THE RESPECTIVE CROP (IRRIGATED ONLY) | L50: COL.4= TOTAL NO OF VILLAGES REPORTING THE RESPECTIVE CROP (HY ONLY)
A51: TOT = TOTAL, IRR = IRRIGATED, HY = HIGH YIELDING
A52: Developed by: Deepak Kumar Agrawal, Senior Statistical Officer, NSSO (FOD), Faridabad, Haryana

Sheet RC3-A8(a)
A2: TABLE A-8(a) CROPWISE FREQUENCY DISTRIBUTION OF SERIAL/SURVEY NUMBERS ACCORDING TO VARIOUS RECORDING ERRORS AS OBSERVED IN THE SELECTED VILLAGES.
A3: ='[3]Table-8(a)'!A3 -> STATE:PUDUCHERRY(34) | B3: YEAR: | C3: ='[3]Table-8(a)'!C3 -> 2023-24 | D3: SEASON : | E3: ='[3]Table-8(a)'!E3 -> RABI I(4) | G3: ='[3]Table-8(a)'!G3 -> SAMPLE:CENTRAL(1)
A4: CROPS | B4: NO. OF SERIAL SURVEY WITH
B5: NO. OF VILLAGES REPORTING CROP | C5: NO. OF SERIAL / SURVEY REPORTING CROP | D5: NO ERROR (E0) | E5: ERRORS | H5: TOTAL COL. (5 TO 7)
E6: (E1) | F6: (E2) | G6: (E3)
A7: . 1 | B7: 2 | C7: 3 | D7: 4 | E7: 5 | F7: 6 | G7: 7 | H7: 8
A8: ='[3]Table-8(a)'!A8 -> PADDY(97) | B8: ='[3]Table-8(a)'!B8 -> 7 | C8: ='[3]Table-8(a)'!C8 -> 36 | D8: ='[3]Table-8(a)'!D8 -> 34 | E8: ='[3]Table-8(a)'!E8 -> 0 | F8: ='[3]Table-8(a)'!F8 -> 0 | G8: ='[3]Table-8(a)'!G8 -> 2 | H8: ='[3]Table-8(a)'!H8 -> 2
A9: ='[3]Table-8(a)'!A9 -> OTHERS(99) | B9: ='[3]Table-8(a)'!B9 -> 1 | C9: ='[3]Table-8(a)'!C9 -> 14 | D9: ='[3]Table-8(a)'!D9 -> 8 | E9: ='[3]Table-8(a)'!E9 -> 0 | F9: ='[3]Table-8(a)'!F9 -> 5 | G9: ='[3]Table-8(a)'!G9 -> 1 | H9: ='[3]Table-8(a)'!H9 -> 6
A10: ='[3]Table-8(a)'!A10 | B10: ='[3]Table-8(a)'!B10 | C10: ='[3]Table-8(a)'!C10 | D10: ='[3]Table-8(a)'!D10 | E10: ='[3]Table-8(a)'!E10 | F10: ='[3]Table-8(a)'!F10 | G10: ='[3]Table-8(a)'!G10 | H10: ='[3]Table-8(a)'!H10
A11: ='[3]Table-8(a)'!A11 | B11: ='[3]Table-8(a)'!B11 | C11: ='[3]Table-8(a)'!C11 | D11: ='[3]Table-8(a)'!D11 | E11: ='[3]Table-8(a)'!E11 | F11: ='[3]Table-8(a)'!F11 | G11: ='[3]Table-8(a)'!G11 | H11: ='[3]Table-8(a)'!H11
A12: ='[3]Table-8(a)'!A12 | B12: ='[3]Table-8(a)'!B12 | C12: ='[3]Table-8(a)'!C12 | D12: ='[3]Table-8(a)'!D12 | E12: ='[3]Table-8(a)'!E12 | F12: ='[3]Table-8(a)'!F12 | G12: ='[3]Table-8(a)'!G12 | H12: ='[3]Table-8(a)'!H12
A13: ='[3]Table-8(a)'!A13 | B13: ='[3]Table-8(a)'!B13 | C13: ='[3]Table-8(a)'!C13 | D13: ='[3]Table-8(a)'!D13 | E13: ='[3]Table-8(a)'!E13 | F13: ='[3]Table-8(a)'!F13 | G13: ='[3]Table-8(a)'!G13 | H13: ='[3]Table-8(a)'!H13
A14: ='[3]Table-8(a)'!A14 | B14: ='[3]Table-8(a)'!B14 | C14: ='[3]Table-8(a)'!C14 | D14: ='[3]Table-8(a)'!D14 | E14: ='[3]Table-8(a)'!E14 | F14: ='[3]Table-8(a)'!F14 | G14: ='[3]Table-8(a)'!G14 | H14: ='[3]Table-8(a)'!H14
A15: ='[3]Table-8(a)'!A15 | B15: ='[3]Table-8(a)'!B15 | C15: ='[3]Table-8(a)'!C15 | D15: ='[3]Table-8(a)'!D15 | E15: ='[3]Table-8(a)'!E15 | F15: ='[3]Table-8(a)'!F15 | G15: ='[3]Table-8(a)'!G15 | H15: ='[3]Table-8(a)'!H15
A16: ='[3]Table-8(a)'!A16 | B16: ='[3]Table-8(a)'!B16 | C16: ='[3]Table-8(a)'!C16 | D16: ='[3]Table-8(a)'!D16 | E16: ='[3]Table-8(a)'!E16 | F16: ='[3]Table-8(a)'!F16 | G16: ='[3]Table-8(a)'!G16 | H16: ='[3]Table-8(a)'!H16
A17: ='[3]Table-8(a)'!A17 | B17: ='[3]Table-8(a)'!B17 | C17: ='[3]Table-8(a)'!C17 | D17: ='[3]Table-8(a)'!D17 | E17: ='[3]Table-8(a)'!E17 | F17: ='[3]Table-8(a)'!F17 | G17: ='[3]Table-8(a)'!G17 | H17: ='[3]Table-8(a)'!H17
A18: ='[3]Table-8(a)'!A18 | B18: ='[3]Table-8(a)'!B18 | C18: ='[3]Table-8(a)'!C18 | D18: ='[3]Table-8(a)'!D18 | E18: ='[3]Table-8(a)'!E18 | F18: ='[3]Table-8(a)'!F18 | G18: ='[3]Table-8(a)'!G18 | H18: ='[3]Table-8(a)'!H18
A19: ='[3]Table-8(a)'!A19 | B19: ='[3]Table-8(a)'!B19 | C19: ='[3]Table-8(a)'!C19 | D19: ='[3]Table-8(a)'!D19 | E19: ='[3]Table-8(a)'!E19 | F19: ='[3]Table-8(a)'!F19 | G19: ='[3]Table-8(a)'!G19 | H19: ='[3]Table-8(a)'!H19
... A22: ='[3]Table-8(a)'!A22 | B22: ='[3]Table-8(a)'!B22 | C22: ='[3]Table-8(a)'!C22 | D22: ='[3]Table-8(a)'!D22 | E22: ='[3]Table-8(a)'!E22 | F22: ='[3]Table-8(a)'!F22 | G22: ='[3]Table-8(a)'!G22 | H22: ='[3]Table-8(a)'!H22
A23: ALL CROPS | B23: ='[3]Table-8(a)'!B23 -> 8 | C23: ='[3]Table-8(a)'!C23 -> 50 | D23: ='[3]Table-8(a)'!D23 -> 42 | E23: ='[3]Table-8(a)'!E23 -> 0 | F23: ='[3]Table-8(a)'!F23 -> 5 | G23: ='[3]Table-8(a)'!G23 -> 3 | H23: ='[3]Table-8(a)'!H23 -> 8
A24: %AGES W.R.TO COL.(3) | C24: ='[3]Table-8(a)'!C24 -> 100 | D24: ='[3]Table-8(a)'!D24 -> 84 | E24: ='[3]Table-8(a)'!E24 -> 0 | F24: ='[3]Table-8(a)'!F24 -> 10 | G24: ='[3]Table-8(a)'!G24 -> 6 | H24: ='[3]Table-8(a)'!H24 -> 16
A25: %AGES W.R.TO COL.(8) | E25: ='[3]Table-8(a)'!E25 -> 0 | F25: ='[3]Table-8(a)'!F25 -> 62.5 | G25: ='[3]Table-8(a)'!G25 -> 37.5 | H25: ='[3]Table-8(a)'!H25 -> 100
A26: NOTE: (I) PERCENTAGE OF COL.(4), COL (5), COL(6), COL(7), COL(8) ARE WITH REFERENCE TO COL (3)
A27: (II) PERCENTAGE TO COL (5),6,7 ARE WITH REFERENCE TO COL (8)
A28: (III) COL 2 OF TABLE A-8(A) SHOULD BE EQUAL TO COL 2 OF A-11(A)
A29: (IV) THIS TABLE PREPARED ONLY FOR THOSE SCH FOR WHICH EP CODE 1
A30: E0 WHERE THE SUPERVISOR'S AND PATWARI'S ENTRIES FOR THE CROP ARE IDENTICAL.
A31: E1 WHERE THE SUPERVISOR REPORTED THE CROP BUT THE PATWARI DID NOT REPORT
A32: E2 WHERE THE SUPERVISOR IS NOT REPORTED THE CROP BUT THE PATWARI REPORTED IT.
A33: E3 WHERE THE AREA UNDER THE CROP REPORTED BY SUPERVISOR AND PATWARI DIFFERENT.
A34: Developed by: Deepak Kumar Agrawal, Senior Statistical Officer, NSSO (FOD), Faridabad, Haryana
A36: TABLE A-8(a) CROPWISE FREQUENCY DISTRIBUTION OF SERIAL/SURVEY NUMBERS ACCORDING TO VARIOUS RECORDING ERRORS AS OBSERVED IN THE SELECTED VILLAGES.
A37: ='[3]Table-8(a)'!J3 -> STATE:PUDUCHERRY(34) | B37: YEAR: | C37: ='[3]Table-8(a)'!L3 -> 2023-24 | D37: SEASON : | E37: ='[3]Table-8(a)'!N3 -> RABI I(4) | G37: ='[3]Table-8(a)'!P3 -> SAMPLE:STATE(2)
A38: CROPS | B38: NO. OF SERIAL SURVEY WITH
B39: NO. OF VILLAGES REPORTING CROP | C39: NO. OF SERIAL / SURVEY REPORTING CROP | D39: NO ERROR (E0) | E39: ERRORS | H39: TOTAL COL. (5 TO 7)
E40: (E1) | F40: (E2) | G40: (E3)
A41: . 1 | B41: 2 | C41: 3 | D41: 4 | E41: 5 | F41: 6 | G41: 7 | H41: 8
A42: ='[3]Table-8(a)'!J8 -> PADDY(97) | B42: ='[3]Table-8(a)'!K8 -> 6 | C42: ='[3]Table-8(a)'!L8 -> 19 | D42: ='[3]Table-8(a)'!M8 -> 19 | E42: ='[3]Table-8(a)'!N8 -> 0 | F42: ='[3]Table-8(a)'!O8 -> 0 | G42: ='[3]Table-8(a)'!P8 -> 0 | H42: ='[3]Table-8(a)'!Q8 -> 0
A43: ='[3]Table-8(a)'!J9 -> OTHERS(99) | B43: ='[3]Table-8(a)'!K9 -> 3 | C43: ='[3]Table-8(a)'!L9 -> 18 | D43: ='[3]Table-8(a)'!M9 -> 18 | E43: ='[3]Table-8(a)'!N9 -> 0 | F43: ='[3]Table-8(a)'!O9 -> 0 | G43: ='[3]Table-8(a)'!P9 -> 0 | H43: ='[3]Table-8(a)'!Q9 -> 0
A44: ='[3]Table-8(a)'!J10 | B44: ='[3]Table-8(a)'!K10 | C44: ='[3]Table-8(a)'!L10 | D44: ='[3]Table-8(a)'!M10 | E44: ='[3]Table-8(a)'!N10 | F44: ='[3]Table-8(a)'!O10 | G44: ='[3]Table-8(a)'!P10 | H44: ='[3]Table-8(a)'!Q10
A45: ='[3]Table-8(a)'!J11 | B45: ='[3]Table-8(a)'!K11 | C45: ='[3]Table-8(a)'!L11 | D45: ='[3]Table-8(a)'!M11 | E45: ='[3]Table-8(a)'!N11 | F45: ='[3]Table-8(a)'!O11 | G45: ='[3]Table-8(a)'!P11 | H45: ='[3]Table-8(a)'!Q11
A46: ='[3]Table-8(a)'!J12 | B46: ='[3]Table-8(a)'!K12 | C46: ='[3]Table-8(a)'!L12 | D46: ='[3]Table-8(a)'!M12 | E46: ='[3]Table-8(a)'!N12 | F46: ='[3]Table-8(a)'!O12 | G46: ='[3]Table-8(a)'!P12 | H46: ='[3]Table-8(a)'!Q12
A47: ='[3]Table-8(a)'!J13 | B47: ='[3]Table-8(a)'!K13 | C47: ='[3]Table-8(a)'!L13 | D47: ='[3]Table-8(a)'!M13 | E47: ='[3]Table-8(a)'!N13 | F47: ='[3]Table-8(a)'!O13 | G47: ='[3]Table-8(a)'!P13 | H47: ='[3]Table-8(a)'!Q13
A48: ='[3]Table-8(a)'!J14 | B48: ='[3]Table-8(a)'!K14 | C48: ='[3]Table-8(a)'!L14 | D48: ='[3]Table-8(a)'!M14 | E48: ='[3]Table-8(a)'!N14 | F48: ='[3]Table-8(a)'!O14 | G48: ='[3]Table-8(a)'!P14 | H48: ='[3]Table-8(a)'!Q14
A49: ='[3]Table-8(a)'!J15 | B49: ='[3]Table-8(a)'!K15 | C49: ='[3]Table-8(a)'!L15 | D49: ='[3]Table-8(a)'!M15 | E49: ='[3]Table-8(a)'!N15 | F49: ='[3]Table-8(a)'!O15 | G49: ='[3]Table-8(a)'!P15 | H49: ='[3]Table-8(a)'!Q15
A50: ='[3]Table-8(a)'!J16 | B50: ='[3]Table-8(a)'!K16 | C50: ='[3]Table-8(a)'!L16 | D50: ='[3]Table-8(a)'!M16 | E50: ='[3]Table-8(a)'!N16 | F50: ='[3]Table-8(a)'!O16 | G50: ='[3]Table-8(a)'!P16 | H50: ='[3]Table-8(a)'!Q16
A51: ='[3]Table-8(a)'!J17 | B51: ='[3]Table-8(a)'!K17 | C51: ='[3]Table-8(a)'!L17 | D51: ='[3]Table-8(a)'!M17 | E51: ='[3]Table-8(a)'!N17 | F51: ='[3]Table-8(a)'!O17 | G51: ='[3]Table-8(a)'!P17 | H51: ='[3]Table-8(a)'!Q17
A52: ='[3]Table-8(a)'!J18 | B52: ='[3]Table-8(a)'!K18 | C52: ='[3]Table-8(a)'!L18 | D52: ='[3]Table-8(a)'!M18 | E52: ='[3]Table-8(a)'!N18 | F52: ='[3]Table-8(a)'!O18 | G52: ='[3]Table-8(a)'!P18 | H52: ='[3]Table-8(a)'!Q18
A53: ='[3]Table-8(a)'!J19 | B53: ='[3]Table-8(a)'!K19 | C53: ='[3]Table-8(a)'!L19 | D53: ='[3]Table-8(a)'!M19 | E53: ='[3]Table-8(a)'!N19 | F53: ='[3]Table-8(a)'!O19 | G53: ='[3]Table-8(a)'!P19 | H53: ='[3]Table-8(a)'!Q19
... A56: ='[3]Table-8(a)'!J22 | B56: ='[3]Table-8(a)'!K22 | C56: ='[3]Table-8(a)'!L22 | D56: ='[3]Table-8(a)'!M22 | E56: ='[3]Table-8(a)'!N22 | F56: ='[3]Table-8(a)'!O22 | G56: ='[3]Table-8(a)'!P22 | H56: ='[3]Table-8(a)'!Q22
A57: ALL CROPS | B57: ='[3]Table-8(a)'!K23 -> 9 | C57: ='[3]Table-8(a)'!L23 -> 37 | D57: ='[3]Table-8(a)'!M23 -> 37 | E57: ='[3]Table-8(a)'!N23 -> 0 | F57: ='[3]Table-8(a)'!O23 -> 0 | G57: ='[3]Table-8(a)'!P23 -> 0 | H57: ='[3]Table-8(a)'!Q23 -> 0
A58: %AGES W.R.TO COL.(3) | C58: ='[3]Table-8(a)'!L24 -> 100 | D58: ='[3]Table-8(a)'!M24 -> 100 | E58: ='[3]Table-8(a)'!N24 -> 0 | F58: ='[3]Table-8(a)'!O24 -> 0 | G58: ='[3]Table-8(a)'!P24 -> 0 | H58: ='[3]Table-8(a)'!Q24 -> 0
A59: %AGES W.R.TO COL.(8) | E59: ='[3]Table-8(a)'!N25 -> #DIV/0! | F59: ='[3]Table-8(a)'!O25 -> #DIV/0! | G59: ='[3]Table-8(a)'!P25 -> #DIV/0! | H59: ='[3]Table-8(a)'!Q25 -> 100
A60: NOTE: (I) PERCENTAGE OF COL.(4), COL (5), COL(6), COL(7), COL(8) ARE WITH REFERENCE TO COL (3)
A61: (II) PERCENTAGE TO COL (5),6,7 ARE WITH REFERENCE TO COL (8)
A62: (III) COL 2 OF TABLE A-8(A) SHOULD BE EQUAL TO COL 2 OF A-11(A)
A63: (IV) THIS TABLE PREPARED ONLY FOR THOSE SCH FOR WHICH EP CODE 1
A64: E0 WHERE THE SUPERVISOR'S AND PATWARI'S ENTRIES FOR THE CROP ARE IDENTICAL.
A65: E1 WHERE THE SUPERVISOR REPORTED THE CROP BUT THE PATWARI DID NOT REPORT
A66: E2 WHERE THE SUPERVISOR IS NOT REPORTED THE CROP BUT THE PATWARI REPORTED IT.
A67: E3 WHERE THE AREA UNDER THE CROP REPORTED BY SUPERVISOR AND PATWARI DIFFERENT.
A68: Developed by: Deepak Kumar Agrawal, Senior Statistical Officer, NSSO (FOD), Faridabad, Haryana

Sheet RC3-A9(a)
A2: TABLE A-9(a) CROPWISE FREQUENCY DISTRIBUTION OF ERRORS IN RECORDING IRRIGATION PARTICULARS AS OBSERVED IN THE SELECTED VILLAGES
A3: ='RC3-A8(a)'!A3 -> STATE:PUDUCHERRY(34) | I3: YEAR : | J3: ='[3]Table-9(a)'!J4 -> 2023-24 | P3: SEASON: | R3: ='[3]Table-9(a)'!R4 -> RABI I(4) | U3: ='RC3-A8(a)'!G3 -> SAMPLE:CENTRAL(1)
A4: CROPS | B4: NO. OF VILLAGES REPORTING CROPS | C4: NO. OF SERIAL / SURVEY REPORTING CROP | D4: SUPERVISOR HAS ENTERED IN SURVEY NUMBERS | W4: TOTAL COL. (4+10 +16) | X4: TOTAL COL. (8+13+18+22+23)
D5: I ONLY | I5: UI ONLY | N5: UI & I BOTH | S5: NR THE CROP
D6: PATWARI HAS ENTERED | I6: PATWARI HAS ENTERED | N6: PATWARI HAS ENTERED | S6: PATWARI HAS ENTERED
D7: I ONLY (11) | E7: UI ONLY (12) | F7: UI &I BOTH (13) | G7: NR THE CROP (14) | H7: TOTAL COL. (5,6&7) | I7: I ONLY (21) | J7: UI ONLY (22) | K7: UI &I BOTH (23) | L7: NR THE CROP (24) | M7: TOTAL COL. (9, 11 & 12) | N7: I ONLY (31) | O7: UI ONLY (32) | P7: UI &I BOTH (33) | Q7: NR THE CROP (34) | R7: TOTAL COL. (14,15 &17) | S7: I ONLY (41) | T7: UI ONLY (42) | U7: UI &I BOTH (43) | V7: TOTAL COL (19,20 &21)
A8: 1 | B8: 2 | C8: 3 | D8: 4 | E8: 5 | F8: 6 | G8: 7 | H8: 8 | I8: 9 | J8: 10 | K8: 11 | L8: 12 | M8: 13 | N8: 14 | O8: 15 | P8: 16 | Q8: 17 | R8: 18 | S8: 19 | T8: 20 | U8: 21 | V8: 22 | W8: 23 | X8: 24
A9: ='[3]Table-9(a)'!A10 -> PADDY(97) | B9: ='[3]Table-9(a)'!B10 -> 7 | C9: ='[3]Table-9(a)'!C10 -> 36 | D9: ='[3]Table-9(a)'!D10 -> 35 | E9: ='[3]Table-9(a)'!E10 -> 0 | F9: ='[3]Table-9(a)'!F10 -> 0 | G9: ='[3]Table-9(a)'!G10 -> 0 | H9: ='[3]Table-9(a)'!H10 -> 0 | ... X9: ='[3]Table-9(a)'!X10 -> 36
A10: ='[3]Table-9(a)'!A11 -> OTHERS(99) | B10: ='[3]Table-9(a)'!B11 -> 1 | C10: ='[3]Table-9(a)'!C11 -> 14 | D10: ='[3]Table-9(a)'!D11 -> 12 | E10: ='[3]Table-9(a)'!E11 -> 0 | F10: ='[3]Table-9(a)'!F11 -> 0 | G10: ='[3]Table-9(a)'!G11 -> 0 | H10: ='[3]Table-9(a)'!H11 -> 0 | ... X10: ='[3]Table-9(a)'!X11 -> 14
A11: ='[3]Table-9(a)'!A12 | B11: ='[3]Table-9(a)'!B12 | C11: ='[3]Table-9(a)'!C12 | D11: ='[3]Table-9(a)'!D12 | E11: ='[3]Table-9(a)'!E12 | F11: ='[3]Table-9(a)'!F12 | G11: ='[3]Table-9(a)'!G12 | H11: ='[3]Table-9(a)'!H12 | ... X11: ='[3]Table-9(a)'!X12
A12: ='[3]Table-9(a)'!A13 | B12: ='[3]Table-9(a)'!B13 | C12: ='[3]Table-9(a)'!C13 | D12: ='[3]Table-9(a)'!D13 | E12: ='[3]Table-9(a)'!E13 | F12: ='[3]Table-9(a)'!F13 | G12: ='[3]Table-9(a)'!G13 | H12: ='[3]Table-9(a)'!H13 | ... X12: ='[3]Table-9(a)'!X13
A13: ='[3]Table-9(a)'!A14 | B13: ='[3]Table-9(a)'!B14 | C13: ='[3]Table-9(a)'!C14 | D13: ='[3]Table-9(a)'!D14 | E13: ='[3]Table-9(a)'!E14 | F13: ='[3]Table-9(a)'!F14 | G13: ='[3]Table-9(a)'!G14 | H13: ='[3]Table-9(a)'!H14 | ... X13: ='[3]Table-9(a)'!X14
A14: ='[3]Table-9(a)'!A15 | B14: ='[3]Table-9(a)'!B15 | C14: ='[3]Table-9(a)'!C15 | D14: ='[3]Table-9(a)'!D15 | E14: ='[3]Table-9(a)'!E15 | F14: ='[3]Table-9(a)'!F15 | G14: ='[3]Table-9(a)'!G15 | H14: ='[3]Table-9(a)'!H15 | ... X14: ='[3]Table-9(a)'!X15
A15: ='[3]Table-9(a)'!A16 | B15: ='[3]Table-9(a)'!B16 | C15: ='[3]Table-9(a)'!C16 | D15: ='[3]Table-9(a)'!D16 | E15: ='[3]Table-9(a)'!E16 | F15: ='[3]Table-9(a)'!F16 | G15: ='[3]Table-9(a)'!G16 | H15: ='[3]Table-9(a)'!H16 | ... X15: ='[3]Table-9(a)'!X16
A16: ='[3]Table-9(a)'!A17 | B16: ='[3]Table-9(a)'!B17 | C16: ='[3]Table-9(a)'!C17 | D16: ='[3]Table-9(a)'!D17 | E16: ='[3]Table-9(a)'!E17 | F16: ='[3]Table-9(a)'!F17 | G16: ='[3]Table-9(a)'!G17 | H16: ='[3]Table-9(a)'!H17 | ... X16: ='[3]Table-9(a)'!X17
A17: ='[3]Table-9(a)'!A18 | B17: ='[3]Table-9(a)'!B18 | C17: ='[3]Table-9(a)'!C18 | D17: ='[3]Table-9(a)'!D18 | E17: ='[3]Table-9(a)'!E18 | F17: ='[3]Table-9(a)'!F18 | G17: ='[3]Table-9(a)'!G18 | H17: ='[3]Table-9(a)'!H18 | ... X17: ='[3]Table-9(a)'!X18
A18: ='[3]Table-9(a)'!A19 | B18: ='[3]Table-9(a)'!B19 | C18: ='[3]Table-9(a)'!C19 | D18: ='[3]Table-9(a)'!D19 | E18: ='[3]Table-9(a)'!E19 | F18: ='[3]Table-9(a)'!F19 | G18: ='[3]Table-9(a)'!G19 | H18: ='[3]Table-9(a)'!H19 | ... X18: ='[3]Table-9(a)'!X19
A19: ='[3]Table-9(a)'!A20 | B19: ='[3]Table-9(a)'!B20 | C19: ='[3]Table-9(a)'!C20 | D19: ='[3]Table-9(a)'!D20 | E19: ='[3]Table-9(a)'!E20 | F19: ='[3]Table-9(a)'!F20 | G19: ='[3]Table-9(a)'!G20 | H19: ='[3]Table-9(a)'!H20 | ... X19: ='[3]Table-9(a)'!X20
A20: ='[3]Table-9(a)'!A21 | B20: ='[3]Table-9(a)'!B21 | C20: ='[3]Table-9(a)'!C21 | D20: ='[3]Table-9(a)'!D21 | E20: ='[3]Table-9(a)'!E21 | F20: ='[3]Table-9(a)'!F21 | G20: ='[3]Table-9(a)'!G21 | H20: ='[3]Table-9(a)'!H21 | ... X20: ='[3]Table-9(a)'!X21
... A23: ='[3]Table-9(a)'!A24 | B23: ='[3]Table-9(a)'!B24 | C23: ='[3]Table-9(a)'!C24 | D23: ='[3]Table-9(a)'!D24 | E23: ='[3]Table-9(a)'!E24 | F23: ='[3]Table-9(a)'!F24 | G23: ='[3]Table-9(a)'!G24 | H23: ='[3]Table-9(a)'!H24 | ... X23: ='[3]Table-9(a)'!X24
A24: ALL CROPS | B24: ='[3]Table-9(a)'!B25 -> 8 | C24: ='[3]Table-9(a)'!C25 -> 50 | D24: ='[3]Table-9(a)'!D25 -> 47 | E24: ='[3]Table-9(a)'!E25 -> 0 | F24: ='[3]Table-9(a)'!F25 -> 0 | G24: ='[3]Table-9(a)'!G25 -> 0 | H24: ='[3]Table-9(a)'!H25 -> 0 | I24: ='[3]Table-9(a)'!I25 -> 0 | ... X24: ='[3]Table-9(a)'!X25 -> 50
A25: %AGES W.R.TO COL.(24) | C25: ='[3]Table-9(a)'!C26 -> 100 | D25: ='[3]Table-9(a)'!D26 -> 94 | E25: ='[3]Table-9(a)'!E26 -> 0 | F25: ='[3]Table-9(a)'!F26 -> 0 | G25: ='[3]Table-9(a)'!G26 -> 0 | H25: ='[3]Table-9(a)'!H26 -> 0 | I25: ='[3]Table-9(a)'!I26 -> 0 | J25: ='[3]Table-9(a)'!J26 -> 2 | ... X25: ='[3]Table-9(a)'!X26 -> 100
A26: Developed by: Deepak Kumar Agrawal, Senior Statistical Officer, NSSO (FOD), Faridabad, Haryana
A28: TABLE A-9(a) CROPWISE FREQUENCY DISTRIBUTION OF ERRORS IN RECORDING IRRIGATION PARTICULARS AS OBSERVED IN THE SELECTED VILLAGES
A29: =A3 -> STATE:PUDUCHERRY(34) | I29: YEAR : | J29: ='[3]Table-9(a)'!AI4 -> 2023-24 | P29: SEASON: | R29: ='[3]Table-9(a)'!AQ4 -> RABI I(4) | U29: ='RC3-A8(a)'!G37 -> SAMPLE:STATE(2)
A30: CROPS | B30: NO. OF VILLAGES REPORTING CROPS | C30: NO. OF SERIAL / SURVEY REPORTING CROP | D30: SUPERVISOR HAS ENTERED IN SURVEY NUMBERS | W30: TOTAL COL. (4+10 +16) | X30: TOTAL COL. (8+13+18+22+23)
D31: I ONLY | I31: UI ONLY | N31: UI & I BOTH | S31: NR THE CROP
D32: PATWARI HAS ENTERED | I32: PATWARI HAS ENTERED | N32: PATWARI HAS ENTERED | S32: PATWARI HAS ENTERED
D33: I ONLY (11) | E33: UI ONLY (12) | F33: UI &I BOTH (13) | G33: NR THE CROP (14) | H33: TOTAL COL. (5,6&7) | I33: I ONLY (21) | J33: UI ONLY (22) | K33: UI &I BOTH (23) | L33: NR THE CROP (24) | M33: TOTAL COL. (9, 11 & 12) | N33: I ONLY (31) | O33: UI ONLY (32) | P33: UI &I BOTH (33) | Q33: NR THE CROP (34) | R33: TOTAL COL. (14,15 &17) | S33: I ONLY (41) | T33: UI ONLY (42) | U33: UI &I BOTH (43) | V33: TOTAL COL (19,20 &21)
A34: 1 | B34: 2 | C34: 3 | D34: 4 | E34: 5 | F34: 6 | G34: 7 | H34: 8 | I34: 9 | J34: 10 | K34: 11 | L34: 12 | M34: 13 | N34: 14 | O34: 15 | P34: 16 | Q34: 17 | R34: 18 | S34: 19 | T34: 20 | U34: 21 | V34: 22 | W34: 23 | X34: 24
A35: ='[3]Table-9(a)'!Z10 -> PADDY(97) | B35: ='[3]Table-9(a)'!AA10 -> 6 | C35: ='[3]Table-9(a)'!AB10 -> 19 | D35: ='[3]Table-9(a)'!AC10 -> 19 | E35: ='[3]Table-9(a)'!AD10 -> 0 | F35: ='[3]Table-9(a)'!AE10 -> 0 | G35: ='[3]Table-9(a)'!AF10 -> 0 | H35: ='[3]Table-9(a)'!AG10 -> 0 | ... X35: ='[3]Table-9(a)'!AW10 -> 19
A36: ='[3]Table-9(a)'!Z11 -> OTHERS(99) | B36: ='[3]Table-9(a)'!AA11 -> 3 | C36: ='[3]Table-9(a)'!AB11 -> 18 | D36: ='[3]Table-9(a)'!AC11 -> 16 | E36: ='[3]Table-9(a)'!AD11 -> 0 | F36: ='[3]Table-9(a)'!AE11 -> 0 | G36: ='[3]Table-9(a)'!AF11 -> 0 | H36: ='[3]Table-9(a)'!AG11 -> 0 | ... X36: ='[3]Table-9(a)'!AW11 -> 18
A37: ='[3]Table-9(a)'!Z12 | B37: ='[3]Table-9(a)'!AA12 | C37: ='[3]Table-9(a)'!AB12 | D37: ='[3]Table-9(a)'!AC12 | E37: ='[3]Table-9(a)'!AD12 | F37: ='[3]Table-9(a)'!AE12 | G37: ='[3]Table-9(a)'!AF12 | H37: ='[3]Table-9(a)'!AG12 | ... X37: ='[3]Table-9(a)'!AW12
A38: ='[3]Table-9(a)'!Z13 | B38: ='[3]Table-9(a)'!AA13 | C38: ='[3]Table-9(a)'!AB13 | D38: ='[3]Table-9(a)'!AC13 | E38: ='[3]Table-9(a)'!AD13 | F38: ='[3]Table-9(a)'!AE13 | G38: ='[3]Table-9(a)'!AF13 | H38: ='[3]Table-9(a)'!AG13 | ... X38: ='[3]Table-9(a)'!AW13
A39: ='[3]Table-9(a)'!Z14 | B39: ='[3]Table-9(a)'!AA14 | C39: ='[3]Table-9(a)'!AB14 | D39: ='[3]Table-9(a)'!AC14 | E39: ='[3]Table-9(a)'!AD14 | F39: ='[3]Table-9(a)'!AE14 | G39: ='[3]Table-9(a)'!AF14 | H39: ='[3]Table-9(a)'!AG14 | ... X39: ='[3]Table-9(a)'!AW14
A40: ='[3]Table-9(a)'!Z15 | B40: ='[3]Table-9(a)'!AA15 | C40: ='[3]Table-9(a)'!AB15 | D40: ='[3]Table-9(a)'!AC15 | E40: ='[3]Table-9(a)'!AD15 | F40: ='[3]Table-9(a)'!AE15 | G40: ='[3]Table-9(a)'!AF15 | H40: ='[3]Table-9(a)'!AG15 | ... X40: ='[3]Table-9(a)'!AW15
A41: ='[3]Table-9(a)'!Z16 | B41: ='[3]Table-9(a)'!AA16 | C41: ='[3]Table-9(a)'!AB16 | D41: ='[3]Table-9(a)'!AC16 | E41: ='[3]Table-9(a)'!AD16 | F41: ='[3]Table-9(a)'!AE16 | G41: ='[3]Table-9(a)'!AF16 | H41: ='[3]Table-9(a)'!AG16 | ... X41: ='[3]Table-9(a)'!AW16
A42: ='[3]Table-9(a)'!Z17 | B42: ='[3]Table-9(a)'!AA17 | C42: ='[3]Table-9(a)'!AB17 | D42: ='[3]Table-9(a)'!AC17 | E42: ='[3]Table-9(a)'!AD17 | F42: ='[3]Table-9(a)'!AE17 | G42: ='[3]Table-9(a)'!AF17 | H42: ='[3]Table-9(a)'!AG17 | ... X42: ='[3]Table-9(a)'!AW17
A43: ='[3]Table-9(a)'!Z18 | B43: ='[3]Table-9(a)'!AA18 | C43: ='[3]Table-9(a)'!AB18 | D43: ='[3]Table-9(a)'!AC18 | E43: ='[3]Table-9(a)'!AD18 | F43: ='[3]Table-9(a)'!AE18 | G43: ='[3]Table-9(a)'!AF18 | H43: ='[3]Table-9(a)'!AG18 | ... X43: ='[3]Table-9(a)'!AW18
A44: ='[3]Table-9(a)'!Z19 | B44: ='[3]Table-9(a)'!AA19 | C44: ='[3]Table-9(a)'!AB19 | D44: ='[3]Table-9(a)'!AC19 | E44: ='[3]Table-9(a)'!AD19 | F44: ='[3]Table-9(a)'!AE19 | G44: ='[3]Table-9(a)'!AF19 | H44: ='[3]Table-9(a)'!AG19 | ... X44: ='[3]Table-9(a)'!AW19
A45: ='[3]Table-9(a)'!Z20 | B45: ='[3]Table-9(a)'!AA20 | C45: ='[3]Table-9(a)'!AB20 | D45: ='[3]Table-9(a)'!AC20 | E45: ='[3]Table-9(a)'!AD20 | F45: ='[3]Table-9(a)'!AE20 | G45: ='[3]Table-9(a)'!AF20 | H45: ='[3]Table-9(a)'!AG20 | ... X45: ='[3]Table-9(a)'!AW20
A46: ='[3]Table-9(a)'!Z21 | B46: ='[3]Table-9(a)'!AA21 | C46: ='[3]Table-9(a)'!AB21 | D46: ='[3]Table-9(a)'!AC21 | E46: ='[3]Table-9(a)'!AD21 | F46: ='[3]Table-9(a)'!AE21 | G46: ='[3]Table-9(a)'!AF21 | H46: ='[3]Table-9(a)'!AG21 | ... X46: ='[3]Table-9(a)'!AW21
... A49: ='[3]Table-9(a)'!Z24 | B49: ='[3]Table-9(a)'!AA24 | C49: ='[3]Table-9(a)'!AB24 | D49: ='[3]Table-9(a)'!AC24 | E49: ='[3]Table-9(a)'!AD24 | F49: ='[3]Table-9(a)'!AE24 | G49: ='[3]Table-9(a)'!AF24 | H49: ='[3]Table-9(a)'!AG24 | ... X49: ='[3]Table-9(a)'!AW24
A50: ALL CROPS | B50: ='[3]Table-9(a)'!AA25 -> 9 | C50: ='[3]Table-9(a)'!AB25 -> 37 | D50: ='[3]Table-9(a)'!AC25 -> 35 | E50: ='[3]Table-9(a)'!AD25 -> 0 | F50: ='[3]Table-9(a)'!AE25 -> 0 | G50: ='[3]Table-9(a)'!AF25 -> 0 | H50: ='[3]Table-9(a)'!AG25 -> 0 | I50: ='[3]Table-9(a)'!AH25 -> 0 | ... X50: ='[3]Table-9(a)'!AW25 -> 37
A51: %AGES W.R.TO COL.(24) | C51: ='[3]Table-9(a)'!AB26 -> 100 | D51: ='[3]Table-9(a)'!AC26 -> 94.6 | E51: ='[3]Table-9(a)'!AD26 -> 0 | F51: ='[3]Table-9(a)'!AE26 -> 0 | G51: ='[3]Table-9(a)'!AF26 -> 0 | H51: ='[3]Table-9(a)'!AG26 -> 0 | I51: ='[3]Table-9(a)'!AH26 -> 0 | J51: ='[3]Table-9(a)'!AI26 -> 5.4 | ... X51: ='[3]Table-9(a)'!AW26 -> 100
A52: Developed by: Deepak Kumar Agrawal, Senior Statistical Officer, NSSO (FOD), Faridabad, Haryana

Sheet RC3-A10(a)
A2: TABLE A-10(a) CROPWISE FREQUENCY DISTRIBUTION OF ERRORS IN RECORDING VARIETY PARTICULARS AS OBSERVED IN THE SELECTED VILLAGES
A3: ='RC3-A9(a)'!A3 -> STATE:PUDUCHERRY(34) | I3: YEAR : | J3: ='[3]Table-10(a)'!J4 -> 2023-24 | P3: SEASON: | R3: ='[3]Table-10(a)'!R4 -> RABI I(4) | U3: ='RC3-A9(a)'!U3 -> SAMPLE:CENTRAL(1)
A4: CROPS | B4: NO. OF VILLAGES REPORTING CROPS | C4: NO. OF SERIAL / SURVEY REPORTING CROP | D4: SUPERVISOR HAS ENTERED IN SURVEY NUMBERS | W4: TOTAL OF COL. (4+10 +16) | X4: TOTAL OF COL. (7+12 +17) | Y4: TOTAL OF COL. (8+13+18+22+23)
D5: HY ONLY | I5: L ONLY | N5: HY & L BOTH | S5: NR THE CROP
D6: PATWARI HAS ENTERED | I6: PATWARI HAS ENTERED | N6: PATWARI HAS ENTERED | S6: PATWARI HAS ENTERED
D7: HY ONLY (11) | E7: L ONLY (12) | F7: HY & L BOTH (13) | G7: NR THE CROP (14) | H7: TOTAL COL. (5,6&7) | I7: HY ONLY (21) | J7: L ONLY (22) | K7: HY & L BOTH (23) | L7: NR THE CROP (24) | M7: TOTAL COL. (9,11 &12) | N7: HY ONLY (31) | O7: L ONLY (32) | P7: HY & L BOTH (33) | Q7: NR THE CROP (34) | R7: TOTAL COL. (14,15 &17) | S7: HY ONLY (41) | T7: L ONLY (42) | U7: HY & L BOTH (43) | V7: TOTAL COL (19,20 &21)
A8: 1 | B8: 2 | C8: 3 | D8: 4 | E8: 5 | F8: 6 | G8: 7 | H8: 8 | I8: 9 | J8: 10 | K8: 11 | L8: 12 | M8: 13 | N8: 14 | O8: 15 | P8: 16 | Q8: 17 | R8: 18 | S8: 19 | T8: 20 | U8: 21 | V8: 22 | W8: 23 | X8: 24 | Y8: 25
A9: ='[3]Table-10(a)'!A10 -> PADDY(97) | B9: ='[3]Table-10(a)'!B10 -> 7 | C9: ='[3]Table-10(a)'!C10 -> 36 | D9: ='[3]Table-10(a)'!D10 -> 34 | E9: ='[3]Table-10(a)'!E10 -> 1 | F9: ='[3]Table-10(a)'!F10 -> 0 | G9: ='[3]Table-10(a)'!G10 -> 0 | H9: ='[3]Table-10(a)'!H10 -> 1 | ... Y9: ='[3]Table-10(a)'!Y10 -> 36
A10: ='[3]Table-10(a)'!A11 -> OTHERS(99) | B10: ='[3]Table-10(a)'!B11 -> 1 | C10: ='[3]Table-10(a)'!C11 -> 14 | D10: ='[3]Table-10(a)'!D11 -> 5 | E10: ='[3]Table-10(a)'!E11 -> 0 | F10: ='[3]Table-10(a)'!F11 -> 0 | G10: ='[3]Table-10(a)'!G11 -> 0 | H10: ='[3]Table-10(a)'!H11 -> 0 | ... Y10: ='[3]Table-10(a)'!Y11 -> 14
A11: ='[3]Table-10(a)'!A12 | B11: ='[3]Table-10(a)'!B12 | C11: ='[3]Table-10(a)'!C12 | D11: ='[3]Table-10(a)'!D12 | E11: ='[3]Table-10(a)'!E12 | F11: ='[3]Table-10(a)'!F12 | G11: ='[3]Table-10(a)'!G12 | H11: ='[3]Table-10(a)'!H12 | ... Y11: ='[3]Table-10(a)'!Y12
A12: ='[3]Table-10(a)'!A13 | B12: ='[3]Table-10(a)'!B13 | C12: ='[3]Table-10(a)'!C13 | D12: ='[3]Table-10(a)'!D13 | E12: ='[3]Table-10(a)'!E13 | F12: ='[3]Table-10(a)'!F13 | G12: ='[3]Table-10(a)'!G13 | H12: ='[3]Table-10(a)'!H13 | ... Y12: ='[3]Table-10(a)'!Y13
A13: ='[3]Table-10(a)'!A14 | B13: ='[3]Table-10(a)'!B14 | C13: ='[3]Table-10(a)'!C14 | D13: ='[3]Table-10(a)'!D14 | E13: ='[3]Table-10(a)'!E14 | F13: ='[3]Table-10(a)'!F14 | G13: ='[3]Table-10(a)'!G14 | H13: ='[3]Table-10(a)'!H14 | ... Y13: ='[3]Table-10(a)'!Y14
A14: ='[3]Table-10(a)'!A15 | B14: ='[3]Table-10(a)'!B15 | C14: ='[3]Table-10(a)'!C15 | D14: ='[3]Table-10(a)'!D15 | E14: ='[3]Table-10(a)'!E15 | F14: ='[3]Table-10(a)'!F15 | G14: ='[3]Table-10(a)'!G15 | H14: ='[3]Table-10(a)'!H15 | ... Y14: ='[3]Table-10(a)'!Y15
A15: ='[3]Table-10(a)'!A16 | B15: ='[3]Table-10(a)'!B16 | C15: ='[3]Table-10(a)'!C16 | D15: ='[3]Table-10(a)'!D16 | E15: ='[3]Table-10(a)'!E16 | F15: ='[3]Table-10(a)'!F16 | G15: ='[3]Table-10(a)'!G16 | H15: ='[3]Table-10(a)'!H16 | ... Y15: ='[3]Table-10(a)'!Y16
A16: ='[3]Table-10(a)'!A17 | B16: ='[3]Table-10(a)'!B17 | C16: ='[3]Table-10(a)'!C17 | D16: ='[3]Table-10(a)'!D17 | E16: ='[3]Table-10(a)'!E17 | F16: ='[3]Table-10(a)'!F17 | G16: ='[3]Table-10(a)'!G17 | H16: ='[3]Table-10(a)'!H17 | ... Y16: ='[3]Table-10(a)'!Y17
A17: ='[3]Table-10(a)'!A18 | B17: ='[3]Table-10(a)'!B18 | C17: ='[3]Table-10(a)'!C18 | D17: ='[3]Table-10(a)'!D18 | E17: ='[3]Table-10(a)'!E18 | F17: ='[3]Table-10(a)'!F18 | G17: ='[3]Table-10(a)'!G18 | H17: ='[3]Table-10(a)'!H18 | ... Y17: ='[3]Table-10(a)'!Y18
A18: ='[3]Table-10(a)'!A19 | B18: ='[3]Table-10(a)'!B19 | C18: ='[3]Table-10(a)'!C19 | D18: ='[3]Table-10(a)'!D19 | E18: ='[3]Table-10(a)'!E19 | F18: ='[3]Table-10(a)'!F19 | G18: ='[3]Table-10(a)'!G19 | H18: ='[3]Table-10(a)'!H19 | ... Y18: ='[3]Table-10(a)'!Y19
A19: ='[3]Table-10(a)'!A20 | B19: ='[3]Table-10(a)'!B20 | C19: ='[3]Table-10(a)'!C20 | D19: ='[3]Table-10(a)'!D20 | E19: ='[3]Table-10(a)'!E20 | F19: ='[3]Table-10(a)'!F20 | G19: ='[3]Table-10(a)'!G20 | H19: ='[3]Table-10(a)'!H20 | ... Y19: ='[3]Table-10(a)'!Y20
A20: ='[3]Table-10(a)'!A21 | B20: ='[3]Table-10(a)'!B21 | C20: ='[3]Table-10(a)'!C21 | D20: ='[3]Table-10(a)'!D21 | E20: ='[3]Table-10(a)'!E21 | F20: ='[3]Table-10(a)'!F21 | G20: ='[3]Table-10(a)'!G21 | H20: ='[3]Table-10(a)'!H21 | ... Y20: ='[3]Table-10(a)'!Y21
... A23: ='[3]Table-10(a)'!A24 | B23: ='[3]Table-10(a)'!B24 | C23: ='[3]Table-10(a)'!C24 | D23: ='[3]Table-10(a)'!D24 | E23: ='[3]Table-10(a)'!E24 | F23: ='[3]Table-10(a)'!F24 | G23: ='[3]Table-10(a)'!G24 | H23: ='[3]Table-10(a)'!H24 | ... Y23: ='[3]Table-10(a)'!Y24
A24: ALL CROPS | B24: ='[3]Table-10(a)'!B25 -> 8 | C24: ='[3]Table-10(a)'!C25 -> 50 | D24: ='[3]Table-10(a)'!D25 -> 39 | E24: ='[3]Table-10(a)'!E25 -> 1 | F24: ='[3]Table-10(a)'!F25 -> 0 | G24: ='[3]Table-10(a)'!G25 -> 0 | H24: ='[3]Table-10(a)'!H25 -> 1 | I24: ='[3]Table-10(a)'!I25 -> 0 | ... Y24: ='[3]Table-10(a)'!Y25 -> 50
A25: %AGE W.R.TO COL.(25) | C25: ='[3]Table-10(a)'!C26 -> 100 | D25: ='[3]Table-10(a)'!D26 -> 78 | E25: ='[3]Table-10(a)'!E26 -> 2 | F25: ='[3]Table-10(a)'!F26 -> 0 | G25: ='[3]Table-10(a)'!G26 -> 0 | H25: ='[3]Table-10(a)'!H26 -> 2 | I25: ='[3]Table-10(a)'!I26 -> 0 | J25: ='[3]Table-10(a)'!J26 -> 16 | ... Y25: ='[3]Table-10(a)'!Y26 -> 100
A26: NR= NOT REPORTED | B26: HY=HIGH YIELDING | E26: L=LOCAL
A27: Developed by: Deepak Kumar Agrawal, Senior Statistical Officer, NSSO (FOD), Faridabad, Haryana
A29: TABLE A-10(a) CROPWISE FREQUENCY DISTRIBUTION OF ERRORS IN RECORDING VARIETY PARTICULARS AS OBSERVED IN THE SELECTED VILLAGES
A30: =A3 -> STATE:PUDUCHERRY(34) | I30: YEAR : | J30: ='[3]Table-10(a)'!AJ4 -> 2023-24 | P30: SEASON: | R30: ='[3]Table-10(a)'!AR4 -> RABI I(4) | U30: ='RC3-A9(a)'!U29 -> SAMPLE:STATE(2)
A31: CROPS | B31: NO. OF VILLAGES REPORTING CROPS | C31: NO. OF SERIAL / SURVEY REPORTING CROP | D31: SUPERVISOR HAS ENTERED IN SURVEY NUMBERS | W31: TOTAL OF COL. (4+10 +16) | X31: TOTAL OF COL. (7+12 +17) | Y31: TOTAL OF COL. (8+13+18+22+23)
D32: HY ONLY | I32: L ONLY | N32: HY & L BOTH | S32: NR THE CROP
D33: PATWARI HAS ENTERED | I33: PATWARI HAS ENTERED | N33: PATWARI HAS ENTERED | S33: PATWARI HAS ENTERED
D34: HY ONLY (11) | E34: L ONLY (12) | F34: HY & L BOTH (13) | G34: NR THE CROP (14) | H34: TOTAL COL. (5,6&7) | I34: HY ONLY (21) | J34: L ONLY (22) | K34: HY & L BOTH (23) | L34: NR THE CROP (24) | M34: TOTAL COL. (9,11 &12) | N34: HY ONLY (31) | O34: L ONLY (32) | P34: HY & L BOTH (33) | Q34: NR THE CROP (34) | R34: TOTAL COL. (14,15 &17) | S34: HY ONLY (41) | T34: L ONLY (42) | U34: HY & L BOTH (43) | V34: TOTAL COL (19,20 &21)
A35: 1 | B35: 2 | C35: 3 | D35: 4 | E35: 5 | F35: 6 | G35: 7 | H35: 8 | I35: 9 | J35: 10 | K35: 11 | L35: 12 | M35: 13 | N35: 14 | O35: 15 | P35: 16 | Q35: 17 | R35: 18 | S35: 19 | T35: 20 | U35: 21 | V35: 22 | W35: 23 | X35: 24 | Y35: 25
A36: ='[3]Table-10(a)'!AA10 -> PADDY(97) | B36: ='[3]Table-10(a)'!AB10 -> 6 | C36: ='[3]Table-10(a)'!AC10 -> 19 | D36: ='[3]Table-10(a)'!AD10 -> 19 | E36: ='[3]Table-10(a)'!AE10 -> 0 | F36: ='[3]Table-10(a)'!AF10 -> 0 | G36: ='[3]Table-10(a)'!AG10 -> 0 | H36: ='[3]Table-10(a)'!AH10 -> 0 | ... Y36: ='[3]Table-10(a)'!AY10 -> 19
A37: ='[3]Table-10(a)'!AA11 -> OTHERS(99) | B37: ='[3]Table-10(a)'!AB11 -> 3 | C37: ='[3]Table-10(a)'!AC11 -> 18 | D37: ='[3]Table-10(a)'!AD11 -> 18 | E37: ='[3]Table-10(a)'!AE11 -> 0 | F37: ='[3]Table-10(a)'!AF11 -> 0 | G37: ='[3]Table-10(a)'!AG11 -> 0 | H37: ='[3]Table-10(a)'!AH11 -> 0 | ... Y37: ='[3]Table-10(a)'!AY11 -> 18
A38: ='[3]Table-10(a)'!AA12 | B38: ='[3]Table-10(a)'!AB12 | C38: ='[3]Table-10(a)'!AC12 | D38: ='[3]Table-10(a)'!AD12 | E38: ='[3]Table-10(a)'!AE12 | F38: ='[3]Table-10(a)'!AF12 | G38: ='[3]Table-10(a)'!AG12 | H38: ='[3]Table-10(a)'!AH12 | ... Y38: ='[3]Table-10(a)'!AY12
A39: ='[3]Table-10(a)'!AA13 | B39: ='[3]Table-10(a)'!AB13 | C39: ='[3]Table-10(a)'!AC13 | D39: ='[3]Table-10(a)'!AD13 | E39: ='[3]Table-10(a)'!AE13 | F39: ='[3]Table-10(a)'!AF13 | G39: ='[3]Table-10(a)'!AG13 | H39: ='[3]Table-10(a)'!AH13 | ... Y39: ='[3]Table-10(a)'!AY13
A40: ='[3]Table-10(a)'!AA14 | B40: ='[3]Table-10(a)'!AB14 | C40: ='[3]Table-10(a)'!AC14 | D40: ='[3]Table-10(a)'!AD14 | E40: ='[3]Table-10(a)'!AE14 | F40: ='[3]Table-10(a)'!AF14 | G40: ='[3]Table-10(a)'!AG14 | H40: ='[3]Table-10(a)'!AH14 | ... Y40: ='[3]Table-10(a)'!AY14
A41: ='[3]Table-10(a)'!AA15 | B41: ='[3]Table-10(a)'!AB15 | C41: ='[3]Table-10(a)'!AC15 | D41: ='[3]Table-10(a)'!AD15 | E41: ='[3]Table-10(a)'!AE15 | F41: ='[3]Table-10(a)'!AF15 | G41: ='[3]Table-10(a)'!AG15 | H41: ='[3]Table-10(a)'!AH15 | ... Y41: ='[3]Table-10(a)'!AY15
A42: ='[3]Table-10(a)'!AA16 | B42: ='[3]Table-10(a)'!AB16 | C42: ='[3]Table-10(a)'!AC16 | D42: ='[3]Table-10(a)'!AD16 | E42: ='[3]Table-10(a)'!AE16 | F42: ='[3]Table-10(a)'!AF16 | G42: ='[3]Table-10(a)'!AG16 | H42: ='[3]Table-10(a)'!AH16 | ... Y42: ='[3]Table-10(a)'!AY16
A43: ='[3]Table-10(a)'!AA17 | B43: ='[3]Table-10(a)'!AB17 | C43: ='[3]Table-10(a)'!AC17 | D43: ='[3]Table-10(a)'!AD17 | E43: ='[3]Table-10(a)'!AE17 | F43: ='[3]Table-10(a)'!AF17 | G43: ='[3]Table-10(a)'!AG17 | H43: ='[3]Table-10(a)'!AH17 | ... Y43: ='[3]Table-10(a)'!AY17
A44: ='[3]Table-10(a)'!AA18 | B44: ='[3]Table-10(a)'!AB18 | C44: ='[3]Table-10(a)'!AC18 | D44: ='[3]Table-10(a)'!AD18 | E44: ='[3]Table-10(a)'!AE18 | F44: ='[3]Table-10(a)'!AF18 | G44: ='[3]Table-10(a)'!AG18 | H44: ='[3]Table-10(a)'!AH18 | ... Y44: ='[3]Table-10(a)'!AY18
A45: ='[3]Table-10(a)'!AA19 | B45: ='[3]Table-10(a)'!AB19 | C45: ='[3]Table-10(a)'!AC19 | D45: ='[3]Table-10(a)'!AD19 | E45: ='[3]Table-10(a)'!AE19 | F45: ='[3]Table-10(a)'!AF19 | G45: ='[3]Table-10(a)'!AG19 | H45: ='[3]Table-10(a)'!AH19 | ... Y45: ='[3]Table-10(a)'!AY19
A46: ='[3]Table-10(a)'!AA20 | B46: ='[3]Table-10(a)'!AB20 | C46: ='[3]Table-10(a)'!AC20 | D46: ='[3]Table-10(a)'!AD20 | E46: ='[3]Table-10(a)'!AE20 | F46: ='[3]Table-10(a)'!AF20 | G46: ='[3]Table-10(a)'!AG20 | H46: ='[3]Table-10(a)'!AH20 | ... Y46: ='[3]Table-10(a)'!AY20
A47: ='[3]Table-10(a)'!AA21 | B47: ='[3]Table-10(a)'!AB21 | C47: ='[3]Table-10(a)'!AC21 | D47: ='[3]Table-10(a)'!AD21 | E47: ='[3]Table-10(a)'!AE21 | F47: ='[3]Table-10(a)'!AF21 | G47: ='[3]Table-10(a)'!AG21 | H47: ='[3]Table-10(a)'!AH21 | ... Y47: ='[3]Table-10(a)'!AY21
... A50: ='[3]Table-10(a)'!AA24 | B50: ='[3]Table-10(a)'!AB24 | C50: ='[3]Table-10(a)'!AC24 | D50: ='[3]Table-10(a)'!AD24 | E50: ='[3]Table-10(a)'!AE24 | F50: ='[3]Table-10(a)'!AF24 | G50: ='[3]Table-10(a)'!AG24 | H50: ='[3]Table-10(a)'!AH24 | ... Y50: ='[3]Table-10(a)'!AY24
A51: ALL CROPS | B51: ='[3]Table-10(a)'!AB25 -> 9 | C51: ='[3]Table-10(a)'!AC25 -> 37 | D51: ='[3]Table-10(a)'!AD25 -> 37 | E51: ='[3]Table-10(a)'!AE25 -> 0 | F51: ='[3]Table-10(a)'!AF25 -> 0 | G51: ='[3]Table-10(a)'!AG25 -> 0 | H51: ='[3]Table-10(a)'!AH25 -> 0 | I51: ='[3]Table-10(a)'!AI25 -> 0 | ... Y51: ='[3]Table-10(a)'!AY25 -> 37
A52: %AGE W.R.TO COL.(25) | C52: ='[3]Table-10(a)'!AC26 -> 100 | D52: ='[3]Table-10(a)'!AD26 -> 100 | E52: ='[3]Table-10(a)'!AE26 -> 0 | F52: ='[3]Table-10(a)'!AF26 -> 0 | G52: ='[3]Table-10(a)'!AG26 -> 0 | H52: ='[3]Table-10(a)'!AH26 -> 0 | I52: ='[3]Table-10(a)'!AI26 -> 0 | J52: ='[3]Table-10(a)'!AJ26 -> 0 | ... Y52: ='[3]Table-10(a)'!AY26 -> 100
A53: NR= NOT REPORTED | B53: HY=HIGH YIELDING | E53: L=LOCAL
A54: Developed by: Deepak Kumar Agrawal, Senior Statistical Officer, NSSO (FOD), Faridabad, Haryana

Sheet RC7-Y1
A2: TABLE Y-1: CROP WISE NUMBER OF EXPERIMENTS PLANNED FOR CHECK AT HARVEST AND RESPONSE ACHIEVED
A3: ='[4]Table-Y2(o)'!A2 -> STATE:PUDUCHERRY(34) | B3: ='[4]Table-Y1(o)'!B2 -> YEAR:2023-24 | D3: ='[4]Table-Y1(o)'!D2 -> SEASON:RABI I(4) | F3: ='[4]Table-Y1(o)'!F2 -> SAMPLE TYPE : CENTRAL (1)
A4: CROP | B4: PLANNED | C4: NUMBER OF EXPERIMENTS
C5: CHECKED | E5: LOST | F5: REJECTED FOR ANALYSIS | G5: FOR WHICH SCHEDULES NOT RECEIVED
C6: AT HARVEST | D6: AT POST HARVEST
A7: 1 | B7: 2 | C7: 3 | D7: 4 | E7: 5 | F7: 6 | G7: 7
A8: ='[4]Table-Y1(o)'!A7 -> PADDY (97) | B8: ='[4]Table-Y1(o)'!B7 -> 10 | C8: ='[4]Table-Y1(o)'!C7 -> 10 | D8: ='[4]Table-Y1(o)'!D7 -> 0 | E8: ='[4]Table-Y1(o)'!E7 -> 0 | F8: ='[4]Table-Y1(o)'!F7 -> 0 | G8: ='[4]Table-Y1(o)'!G7 -> 0
A9: ='[4]Table-Y1(o)'!A8 | B9: ='[4]Table-Y1(o)'!B8 | C9: ='[4]Table-Y1(o)'!C8 | D9: ='[4]Table-Y1(o)'!D8 | E9: ='[4]Table-Y1(o)'!E8 | F9: ='[4]Table-Y1(o)'!F8 | G9: ='[4]Table-Y1(o)'!G8
A10: ='[4]Table-Y1(o)'!A9 | B10: ='[4]Table-Y1(o)'!B9 | C10: ='[4]Table-Y1(o)'!C9 | D10: ='[4]Table-Y1(o)'!D9 | E10: ='[4]Table-Y1(o)'!E9 | F10: ='[4]Table-Y1(o)'!F9 | G10: ='[4]Table-Y1(o)'!G9
A11: ='[4]Table-Y1(o)'!A10 | B11: ='[4]Table-Y1(o)'!B10 | C11: ='[4]Table-Y1(o)'!C10 | D11: ='[4]Table-Y1(o)'!D10 | E11: ='[4]Table-Y1(o)'!E10 | F11: ='[4]Table-Y1(o)'!F10 | G11: ='[4]Table-Y1(o)'!G10
A12: ='[4]Table-Y1(o)'!A11 | B12: ='[4]Table-Y1(o)'!B11 | C12: ='[4]Table-Y1(o)'!C11 | D12: ='[4]Table-Y1(o)'!D11 | E12: ='[4]Table-Y1(o)'!E11 | F12: ='[4]Table-Y1(o)'!F11 | G12: ='[4]Table-Y1(o)'!G11
A13: ='[4]Table-Y1(o)'!A12 | B13: ='[4]Table-Y1(o)'!B12 | C13: ='[4]Table-Y1(o)'!C12 | D13: ='[4]Table-Y1(o)'!D12 | E13: ='[4]Table-Y1(o)'!E12 | F13: ='[4]Table-Y1(o)'!F12 | G13: ='[4]Table-Y1(o)'!G12
A14: ='[4]Table-Y1(o)'!A13 | B14: ='[4]Table-Y1(o)'!B13 | C14: ='[4]Table-Y1(o)'!C13 | D14: ='[4]Table-Y1(o)'!D13 | E14: ='[4]Table-Y1(o)'!E13 | F14: ='[4]Table-Y1(o)'!F13 | G14: ='[4]Table-Y1(o)'!G13
A15: ='[4]Table-Y1(o)'!A14 | B15: ='[4]Table-Y1(o)'!B14 | C15: ='[4]Table-Y1(o)'!C14 | D15: ='[4]Table-Y1(o)'!D14 | E15: ='[4]Table-Y1(o)'!E14 | F15: ='[4]Table-Y1(o)'!F14 | G15: ='[4]Table-Y1(o)'!G14
A16: ='[4]Table-Y1(o)'!A15 | B16: ='[4]Table-Y1(o)'!B15 | C16: ='[4]Table-Y1(o)'!C15 | D16: ='[4]Table-Y1(o)'!D15 | E16: ='[4]Table-Y1(o)'!E15 | F16: ='[4]Table-Y1(o)'!F15 | G16: ='[4]Table-Y1(o)'!G15
A17: ='[4]Table-Y1(o)'!A16 | B17: ='[4]Table-Y1(o)'!B16 | C17: ='[4]Table-Y1(o)'!C16 | D17: ='[4]Table-Y1(o)'!D16 | E17: ='[4]Table-Y1(o)'!E16 | F17: ='[4]Table-Y1(o)'!F16 | G17: ='[4]Table-Y1(o)'!G16
A18: ='[4]Table-Y1(o)'!A17 | B18: ='[4]Table-Y1(o)'!B17 | C18: ='[4]Table-Y1(o)'!C17 | D18: ='[4]Table-Y1(o)'!D17 | E18: ='[4]Table-Y1(o)'!E17 | F18: ='[4]Table-Y1(o)'!F17 | G18: ='[4]Table-Y1(o)'!G17
A19: ='[4]Table-Y1(o)'!A18 | B19: ='[4]Table-Y1(o)'!B18 | C19: ='[4]Table-Y1(o)'!C18 | D19: ='[4]Table-Y1(o)'!D18 | E19: ='[4]Table-Y1(o)'!E18 | F19: ='[4]Table-Y1(o)'!F18 | G19: ='[4]Table-Y1(o)'!G18
... A22: ='[4]Table-Y1(o)'!A21 | B22: ='[4]Table-Y1(o)'!B21 | C22: ='[4]Table-Y1(o)'!C21 | D22: ='[4]Table-Y1(o)'!D21 | E22: ='[4]Table-Y1(o)'!E21 | F22: ='[4]Table-Y1(o)'!F21 | G22: ='[4]Table-Y1(o)'!G21
A23: ALL CROPS | B23: ='[4]Table-Y1(o)'!B22 -> 10 | C23: ='[4]Table-Y1(o)'!C22 -> 10 | D23: ='[4]Table-Y1(o)'!D22 -> 0 | E23: ='[4]Table-Y1(o)'!E22 -> 0 | F23: ='[4]Table-Y1(o)'!F22 -> 0 | G23: ='[4]Table-Y1(o)'!G22 -> 0
A24: %AGE TO COL. (2) | B24: ='[4]Table-Y1(o)'!B23 -> 100 | C24: ='[4]Table-Y1(o)'!C23 -> 100 | D24: ='[4]Table-Y1(o)'!D23 -> 0 | E24: ='[4]Table-Y1(o)'!E23 -> 0 | F24: ='[4]Table-Y1(o)'!F23 -> 0 | G24: ='[4]Table-Y1(o)'!G23 -> 0
A25: Developed by: Deepak Kumar Agrawal, Senior Statistical Officer, NSSO (FOD), Faridabad, Haryana
A26: TABLE Y-1: CROP WISE NUMBER OF EXPERIMENTS PLANNED FOR CHECK AT HARVEST AND RESPONSE ACHIEVED
A27: =A3 -> STATE:PUDUCHERRY(34) | B27: ='[4]Table-Y1(o)'!J2 -> YEAR:2023-24 | D27: ='[4]Table-Y1(o)'!L2 -> SEASON:RABI I(4) | F27: ='[4]Table-Y1(o)'!N2 -> SAMPLE TYPE : STATE(2)
A28: CROP | B28: PLANNED | C28: NUMBER OF EXPERIMENTS
C29: CHECKED | E29: LOST | F29: REJECTED FOR ANALYSIS | G29: FOR WHICH SCHEDULES NOT RECEIVED
C30: AT HARVEST | D30: AT POST HARVEST
A31: 1 | B31: 2 | C31: 3 | D31: 4 | E31: 5 | F31: 6 | G31: 7
A32: ='[4]Table-Y1(o)'!I7 -> PADDY (97) | B32: ='[4]Table-Y1(o)'!J7 -> 10 | C32: ='[4]Table-Y1(o)'!K7 -> 10 | D32: ='[4]Table-Y1(o)'!L7 -> 0 | E32: ='[4]Table-Y1(o)'!M7 -> 0 | F32: ='[4]Table-Y1(o)'!N7 -> 0 | G32: ='[4]Table-Y1(o)'!O7 -> 0
A33: ='[4]Table-Y1(o)'!I8 | B33: ='[4]Table-Y1(o)'!J8 | C33: ='[4]Table-Y1(o)'!K8 | D33: ='[4]Table-Y1(o)'!L8 | E33: ='[4]Table-Y1(o)'!M8 | F33: ='[4]Table-Y1(o)'!N8 | G33: ='[4]Table-Y1(o)'!O8
A34: ='[4]Table-Y1(o)'!I9 | B34: ='[4]Table-Y1(o)'!J9 | C34: ='[4]Table-Y1(o)'!K9 | D34: ='[4]Table-Y1(o)'!L9 | E34: ='[4]Table-Y1(o)'!M9 | F34: ='[4]Table-Y1(o)'!N9 | G34: ='[4]Table-Y1(o)'!O9
A35: ='[4]Table-Y1(o)'!I10 | B35: ='[4]Table-Y1(o)'!J10 | C35: ='[4]Table-Y1(o)'!K10 | D35: ='[4]Table-Y1(o)'!L10 | E35: ='[4]Table-Y1(o)'!M10 | F35: ='[4]Table-Y1(o)'!N10 | G35: ='[4]Table-Y1(o)'!O10
A36: ='[4]Table-Y1(o)'!I11 | B36: ='[4]Table-Y1(o)'!J11 | C36: ='[4]Table-Y1(o)'!K11 | D36: ='[4]Table-Y1(o)'!L11 | E36: ='[4]Table-Y1(o)'!M11 | F36: ='[4]Table-Y1(o)'!N11 | G36: ='[4]Table-Y1(o)'!O11
A37: ='[4]Table-Y1(o)'!I12 | B37: ='[4]Table-Y1(o)'!J12 | C37: ='[4]Table-Y1(o)'!K12 | D37: ='[4]Table-Y1(o)'!L12 | E37: ='[4]Table-Y1(o)'!M12 | F37: ='[4]Table-Y1(o)'!N12 | G37: ='[4]Table-Y1(o)'!O12
A38: ='[4]Table-Y1(o)'!I13 | B38: ='[4]Table-Y1(o)'!J13 | C38: ='[4]Table-Y1(o)'!K13 | D38: ='[4]Table-Y1(o)'!L13 | E38: ='[4]Table-Y1(o)'!M13 | F38: ='[4]Table-Y1(o)'!N13 | G38: ='[4]Table-Y1(o)'!O13
A39: ='[4]Table-Y1(o)'!I14 | B39: ='[4]Table-Y1(o)'!J14 | C39: ='[4]Table-Y1(o)'!K14 | D39: ='[4]Table-Y1(o)'!L14 | E39: ='[4]Table-Y1(o)'!M14 | F39: ='[4]Table-Y1(o)'!N14 | G39: ='[4]Table-Y1(o)'!O14
A40: ='[4]Table-Y1(o)'!I15 | B40: ='[4]Table-Y1(o)'!J15 | C40: ='[4]Table-Y1(o)'!K15 | D40: ='[4]Table-Y1(o)'!L15 | E40: ='[4]Table-Y1(o)'!M15 | F40: ='[4]Table-Y1(o)'!N15 | G40: ='[4]Table-Y1(o)'!O15
A41: ='[4]Table-Y1(o)'!I16 | B41: ='[4]Table-Y1(o)'!J16 | C41: ='[4]Table-Y1(o)'!K16 | D41: ='[4]Table-Y1(o)'!L16 | E41: ='[4]Table-Y1(o)'!M16 | F41: ='[4]Table-Y1(o)'!N16 | G41: ='[4]Table-Y1(o)'!O16
A42: ='[4]Table-Y1(o)'!I17 | B42: ='[4]Table-Y1(o)'!J17 | C42: ='[4]Table-Y1(o)'!K17 | D42: ='[4]Table-Y1(o)'!L17 | E42: ='[4]Table-Y1(o)'!M17 | F42: ='[4]Table-Y1(o)'!N17 | G42: ='[4]Table-Y1(o)'!O17
A43: ='[4]Table-Y1(o)'!I18 | B43: ='[4]Table-Y1(o)'!J18 | C43: ='[4]Table-Y1(o)'!K18 | D43: ='[4]Table-Y1(o)'!L18 | E43: ='[4]Table-Y1(o)'!M18 | F43: ='[4]Table-Y1(o)'!N18 | G43: ='[4]Table-Y1(o)'!O18
... A46: ='[4]Table-Y1(o)'!I21 | B46: ='[4]Table-Y1(o)'!J21 | C46: ='[4]Table-Y1(o)'!K21 | D46: ='[4]Table-Y1(o)'!L21 | E46: ='[4]Table-Y1(o)'!M21 | F46: ='[4]Table-Y1(o)'!N21 | G46: ='[4]Table-Y1(o)'!O21
A47: ALL CROPS | B47: ='[4]Table-Y1(o)'!J22 -> 10 | C47: ='[4]Table-Y1(o)'!K22 -> 10 | D47: ='[4]Table-Y1(o)'!L22 -> 0 | E47: ='[4]Table-Y1(o)'!M22 -> 0 | F47: ='[4]Table-Y1(o)'!N22 -> 0 | G47: ='[4]Table-Y1(o)'!O22 -> 0
A48: %AGE TO COL. (2) | B48: ='[4]Table-Y1(o)'!J23 -> 100 | C48: ='[4]Table-Y1(o)'!K23 -> 100 | D48: ='[4]Table-Y1(o)'!L23 -> 0 | E48: ='[4]Table-Y1(o)'!M23 -> 0 | F48: ='[4]Table-Y1(o)'!N23 -> 0 | G48: ='[4]Table-Y1(o)'!O23 -> 0
A49: Developed by: Deepak Kumar Agrawal, Senior Statistical Officer, NSSO (FOD), Faridabad, Haryana

Sheet RC7-Y2
A2: TABLE Y-2: CROPWISE NUMBER OF EXPERIMENTS MISSED AND LOST DUE TO VARIOUS REASONS
A3: ='[4]Table-Y2(o)'!A2 -> STATE:PUDUCHERRY(34) | E3: ='[4]Table-Y1(o)'!B2 -> YEAR:2023-24 | I3: ='[4]Table-Y1(o)'!D2 -> SEASON:RABI I(4) | M3: ='[4]Table-Y2(o)'!M2 -> SAMPLE: CENTRAL(1)
A4: CROP | B4: NUMBER OF EXPERIMENTS | D4: NUMBER OF EXPERIMENTS MISSED DUE TO REASONS @ | J4: NUMBER OF EXPERIMENTS LOST DUE TO REASONS # | P4: TOTAL MISSED AND LOST COL. (9) + COL. (15)
B5: PLANNED | C5: CHECKED AT HARVEST | D5: 1 | E5: 2 | F5: 3 | G5: 4 | H5: 9 | I5: TOTAL | J5: 1 | K5: 2 | L5: 3 | M5: 4 | N5: 9 | O5: TOTAL
A6: 1 | B6: 2 | C6: 3 | D6: 4 | E6: 5 | F6: 6 | G6: 7 | H6: 8 | I6: 9 | J6: 10 | K6: 11 | L6: 12 | M6: 13 | N6: 14 | O6: 15 | P6: 16
A7: ='[4]Table-Y2(o)'!A6 -> PADDY (97) | B7: ='[4]Table-Y2(o)'!B6 -> 10 | C7: ='[4]Table-Y2(o)'!C6 -> 10 | D7: ='[4]Table-Y2(o)'!D6 -> 0 | E7: ='[4]Table-Y2(o)'!E6 -> 0 | F7: ='[4]Table-Y2(o)'!F6 -> 0 | G7: ='[4]Table-Y2(o)'!G6 -> 0 | H7: ='[4]Table-Y2(o)'!H6 -> 0 | ... P7: ='[4]Table-Y2(o)'!P6 -> 0
A8: ='[4]Table-Y2(o)'!A7 | B8: ='[4]Table-Y2(o)'!B7 | C8: ='[4]Table-Y2(o)'!C7 | D8: ='[4]Table-Y2(o)'!D7 | E8: ='[4]Table-Y2(o)'!E7 | F8: ='[4]Table-Y2(o)'!F7 | G8: ='[4]Table-Y2(o)'!G7 | H8: ='[4]Table-Y2(o)'!H7 | ... P8: ='[4]Table-Y2(o)'!P7
A9: ='[4]Table-Y2(o)'!A8 | B9: ='[4]Table-Y2(o)'!B8 | C9: ='[4]Table-Y2(o)'!C8 | D9: ='[4]Table-Y2(o)'!D8 | E9: ='[4]Table-Y2(o)'!E8 | F9: ='[4]Table-Y2(o)'!F8 | G9: ='[4]Table-Y2(o)'!G8 | H9: ='[4]Table-Y2(o)'!H8 | ... P9: ='[4]Table-Y2(o)'!P8
A10: ='[4]Table-Y2(o)'!A9 | B10: ='[4]Table-Y2(o)'!B9 | C10: ='[4]Table-Y2(o)'!C9 | D10: ='[4]Table-Y2(o)'!D9 | E10: ='[4]Table-Y2(o)'!E9 | F10: ='[4]Table-Y2(o)'!F9 | G10: ='[4]Table-Y2(o)'!G9 | H10: ='[4]Table-Y2(o)'!H9 | ... P10: ='[4]Table-Y2(o)'!P9
A11: ='[4]Table-Y2(o)'!A10 | B11: ='[4]Table-Y2(o)'!B10 | C11: ='[4]Table-Y2(o)'!C10 | D11: ='[4]Table-Y2(o)'!D10 | E11: ='[4]Table-Y2(o)'!E10 | F11: ='[4]Table-Y2(o)'!F10 | G11: ='[4]Table-Y2(o)'!G10 | H11: ='[4]Table-Y2(o)'!H10 | ... P11: ='[4]Table-Y2(o)'!P10
A12: ='[4]Table-Y2(o)'!A11 | B12: ='[4]Table-Y2(o)'!B11 | C12: ='[4]Table-Y2(o)'!C11 | D12: ='[4]Table-Y2(o)'!D11 | E12: ='[4]Table-Y2(o)'!E11 | F12: ='[4]Table-Y2(o)'!F11 | G12: ='[4]Table-Y2(o)'!G11 | H12: ='[4]Table-Y2(o)'!H11 | ... P12: ='[4]Table-Y2(o)'!P11
A13: ='[4]Table-Y2(o)'!A12 | B13: ='[4]Table-Y2(o)'!B12 | C13: ='[4]Table-Y2(o)'!C12 | D13: ='[4]Table-Y2(o)'!D12 | E13: ='[4]Table-Y2(o)'!E12 | F13: ='[4]Table-Y2(o)'!F12 | G13: ='[4]Table-Y2(o)'!G12 | H13: ='[4]Table-Y2(o)'!H12 | ... P13: ='[4]Table-Y2(o)'!P12
A14: ='[4]Table-Y2(o)'!A13 | B14: ='[4]Table-Y2(o)'!B13 | C14: ='[4]Table-Y2(o)'!C13 | D14: ='[4]Table-Y2(o)'!D13 | E14: ='[4]Table-Y2(o)'!E13 | F14: ='[4]Table-Y2(o)'!F13 | G14: ='[4]Table-Y2(o)'!G13 | H14: ='[4]Table-Y2(o)'!H13 | ... P14: ='[4]Table-Y2(o)'!P13
A15: ='[4]Table-Y2(o)'!A14 | B15: ='[4]Table-Y2(o)'!B14 | C15: ='[4]Table-Y2(o)'!C14 | D15: ='[4]Table-Y2(o)'!D14 | E15: ='[4]Table-Y2(o)'!E14 | F15: ='[4]Table-Y2(o)'!F14 | G15: ='[4]Table-Y2(o)'!G14 | H15: ='[4]Table-Y2(o)'!H14 | ... P15: ='[4]Table-Y2(o)'!P14
A16: ='[4]Table-Y2(o)'!A15 | B16: ='[4]Table-Y2(o)'!B15 | C16: ='[4]Table-Y2(o)'!C15 | D16: ='[4]Table-Y2(o)'!D15 | E16: ='[4]Table-Y2(o)'!E15 | F16: ='[4]Table-Y2(o)'!F15 | G16: ='[4]Table-Y2(o)'!G15 | H16: ='[4]Table-Y2(o)'!H15 | ... P16: ='[4]Table-Y2(o)'!P15
A17: ='[4]Table-Y2(o)'!A16 | B17: ='[4]Table-Y2(o)'!B16 | C17: ='[4]Table-Y2(o)'!C16 | D17: ='[4]Table-Y2(o)'!D16 | E17: ='[4]Table-Y2(o)'!E16 | F17: ='[4]Table-Y2(o)'!F16 | G17: ='[4]Table-Y2(o)'!G16 | H17: ='[4]Table-Y2(o)'!H16 | ... P17: ='[4]Table-Y2(o)'!P16
A18: ='[4]Table-Y2(o)'!A17 | B18: ='[4]Table-Y2(o)'!B17 | C18: ='[4]Table-Y2(o)'!C17 | D18: ='[4]Table-Y2(o)'!D17 | E18: ='[4]Table-Y2(o)'!E17 | F18: ='[4]Table-Y2(o)'!F17 | G18: ='[4]Table-Y2(o)'!G17 | H18: ='[4]Table-Y2(o)'!H17 | ... P18: ='[4]Table-Y2(o)'!P17
... A21: ='[4]Table-Y2(o)'!A20 | B21: ='[4]Table-Y2(o)'!B20 | C21: ='[4]Table-Y2(o)'!C20 | D21: ='[4]Table-Y2(o)'!D20 | E21: ='[4]Table-Y2(o)'!E20 | F21: ='[4]Table-Y2(o)'!F20 | G21: ='[4]Table-Y2(o)'!G20 | H21: ='[4]Table-Y2(o)'!H20 | ... P21: ='[4]Table-Y2(o)'!P20
A22: ALL CROPS | B22: ='[4]Table-Y2(o)'!B21 -> 10 | C22: ='[4]Table-Y2(o)'!C21 -> 10 | D22: ='[4]Table-Y2(o)'!D21 -> 0 | E22: ='[4]Table-Y2(o)'!E21 -> 0 | F22: ='[4]Table-Y2(o)'!F21 -> 0 | G22: ='[4]Table-Y2(o)'!G21 -> 0 | H22: ='[4]Table-Y2(o)'!H21 -> 0 | I22: ='[4]Table-Y2(o)'!I21 -> 0 | ... P22: ='[4]Table-Y2(o)'!P21 -> 0
A23: %AGE TO COL. (2) | C23: ='[4]Table-Y2(o)'!C22 -> 100 | D23: ='[4]Table-Y2(o)'!D22 -> 0 | E23: ='[4]Table-Y2(o)'!E22 -> 0 | F23: ='[4]Table-Y2(o)'!F22 -> 0 | G23: ='[4]Table-Y2(o)'!G22 -> 0 | H23: ='[4]Table-Y2(o)'!H22 -> 0 | I23: ='[4]Table-Y2(o)'!I22 -> 0 | J23: ='[4]Table-Y2(o)'!J22 -> 0 | ... P23: ='[4]Table-Y2(o)'!P22 -> 0
A24: REASON CODE FOR MISSING THE CHECK IN CROP CUTTING EXPERIMENTS: @
A25: 1 DATE OF HARVEST/CHANGE IN THE DATE OF HARVEST WAS NOT INTIMATED | H25: 2 DATE OF HARVEST/CHANGE IN THE DATE OF HARVEST WAS INTIMATED LATE.
A26: 3 SUPERVISOR COULD NOT REACH THE VILLAGE IN TIME | H26: 9 OTHER REASON
A27: 4 IN CASE OVER LAPPING OF DATES OF HARVEST IN VILLAGES ALLOTED TO AN SENIOR STATISTICAL OFFICER PROPER ARRANGEMENT/ADJUSTMENT COULD NOT BE MADE
A28: REASON CODE FOR LOSS OF EXPERIMENTS: #
A29: 1 CULTIVATOR HARVESTED THE FIELD PRIOR TO THE DATE FIXED FOR HARVEST | H29: 2 PRIMARY WORKER DID NOT CONDUCT THE EXPERIMENT
A30: 3 DELAY IN SELECTION OF SURVEY NUMBERS/REPLACEMENT OF VILLAGE | H30: 9 OTHER REASON
A31: 4 SELECTION OF SURVEY NUMBERS ON INSPECTION WAS FOUND WRONG AND CORRECTLY SELECTED FIELD FOUND HARVESTED
A32: Developed by: Deepak Kumar Agrawal, Senior Statistical Officer, NSSO (FOD), Faridabad, Haryana
A33: TABLE Y-2: CROPWISE NUMBER OF EXPERIMENTS MISSED AND LOST DUE TO VARIOUS REASONS
A34: =A3 -> STATE:PUDUCHERRY(34) | E34: =E3 -> YEAR:2023-24 | I34: =I3 -> SEASON:RABI I(4) | M34: ='[4]Table-Y2(o)'!AD2 -> SAMPLE: STATE(2)
A35: CROP | B35: NUMBER OF EXPERIMENTS | D35: NUMBER OF EXPERIMENTS MISSED DUE TO REASONS @ | J35: NUMBER OF EXPERIMENTS LOST DUE TO REASONS # | P35: TOTAL MISSED AND LOST COL. (9) + COL. (15)
B36: PLANNED | C36: CHECKED AT HARVEST | D36: 1 | E36: 2 | F36: 3 | G36: 4 | H36: 9 | I36: TOTAL | J36: 1 | K36: 2 | L36: 3 | M36: 4 | N36: 9 | O36: TOTAL
A37: 1 | B37: 2 | C37: 3 | D37: 4 | E37: 5 | F37: 6 | G37: 7 | H37: 8 | I37: 9 | J37: 10 | K37: 11 | L37: 12 | M37: 13 | N37: 14 | O37: 15 | P37: 16
A38: ='[4]Table-Y2(o)'!R6 -> PADDY (97) | B38: ='[4]Table-Y2(o)'!S6 -> 10 | C38: ='[4]Table-Y2(o)'!T6 -> 10 | D38: ='[4]Table-Y2(o)'!U6 -> 0 | E38: ='[4]Table-Y2(o)'!V6 -> 0 | F38: ='[4]Table-Y2(o)'!W6 -> 0 | G38: ='[4]Table-Y2(o)'!X6 -> 0 | H38: ='[4]Table-Y2(o)'!Y6 -> 0 | ... P38: ='[4]Table-Y2(o)'!AG6 -> 0
A39: ='[4]Table-Y2(o)'!R7 | B39: ='[4]Table-Y2(o)'!S7 | C39: ='[4]Table-Y2(o)'!T7 | D39: ='[4]Table-Y2(o)'!U7 | E39: ='[4]Table-Y2(o)'!V7 | F39: ='[4]Table-Y2(o)'!W7 | G39: ='[4]Table-Y2(o)'!X7 | H39: ='[4]Table-Y2(o)'!Y7 | ... P39: ='[4]Table-Y2(o)'!AG7
A40: ='[4]Table-Y2(o)'!R8 | B40: ='[4]Table-Y2(o)'!S8 | C40: ='[4]Table-Y2(o)'!T8 | D40: ='[4]Table-Y2(o)'!U8 | E40: ='[4]Table-Y2(o)'!V8 | F40: ='[4]Table-Y2(o)'!W8 | G40: ='[4]Table-Y2(o)'!X8 | H40: ='[4]Table-Y2(o)'!Y8 | ... P40: ='[4]Table-Y2(o)'!AG8
A41: ='[4]Table-Y2(o)'!R9 | B41: ='[4]Table-Y2(o)'!S9 | C41: ='[4]Table-Y2(o)'!T9 | D41: ='[4]Table-Y2(o)'!U9 | E41: ='[4]Table-Y2(o)'!V9 | F41: ='[4]Table-Y2(o)'!W9 | G41: ='[4]Table-Y2(o)'!X9 | H41: ='[4]Table-Y2(o)'!Y9 | ... P41: ='[4]Table-Y2(o)'!AG9
A42: ='[4]Table-Y2(o)'!R10 | B42: ='[4]Table-Y2(o)'!S10 | C42: ='[4]Table-Y2(o)'!T10 | D42: ='[4]Table-Y2(o)'!U10 | E42: ='[4]Table-Y2(o)'!V10 | F42: ='[4]Table-Y2(o)'!W10 | G42: ='[4]Table-Y2(o)'!X10 | H42: ='[4]Table-Y2(o)'!Y10 | ... P42: ='[4]Table-Y2(o)'!AG10
A43: ='[4]Table-Y2(o)'!R11 | B43: ='[4]Table-Y2(o)'!S11 | C43: ='[4]Table-Y2(o)'!T11 | D43: ='[4]Table-Y2(o)'!U11 | E43: ='[4]Table-Y2(o)'!V11 | F43: ='[4]Table-Y2(o)'!W11 | G43: ='[4]Table-Y2(o)'!X11 | H43: ='[4]Table-Y2(o)'!Y11 | ... P43: ='[4]Table-Y2(o)'!AG11
A44: ='[4]Table-Y2(o)'!R12 | B44: ='[4]Table-Y2(o)'!S12 | C44: ='[4]Table-Y2(o)'!T12 | D44: ='[4]Table-Y2(o)'!U12 | E44: ='[4]Table-Y2(o)'!V12 | F44: ='[4]Table-Y2(o)'!W12 | G44: ='[4]Table-Y2(o)'!X12 | H44: ='[4]Table-Y2(o)'!Y12 | ... P44: ='[4]Table-Y2(o)'!AG12
A45: ='[4]Table-Y2(o)'!R13 | B45: ='[4]Table-Y2(o)'!S13 | C45: ='[4]Table-Y2(o)'!T13 | D45: ='[4]Table-Y2(o)'!U13 | E45: ='[4]Table-Y2(o)'!V13 | F45: ='[4]Table-Y2(o)'!W13 | G45: ='[4]Table-Y2(o)'!X13 | H45: ='[4]Table-Y2(o)'!Y13 | ... P45: ='[4]Table-Y2(o)'!AG13
A46: ='[4]Table-Y2(o)'!R14 | B46: ='[4]Table-Y2(o)'!S14 | C46: ='[4]Table-Y2(o)'!T14 | D46: ='[4]Table-Y2(o)'!U14 | E46: ='[4]Table-Y2(o)'!V14 | F46: ='[4]Table-Y2(o)'!W14 | G46: ='[4]Table-Y2(o)'!X14 | H46: ='[4]Table-Y2(o)'!Y14 | ... P46: ='[4]Table-Y2(o)'!AG14
A47: ='[4]Table-Y2(o)'!R15 | B47: ='[4]Table-Y2(o)'!S15 | C47: ='[4]Table-Y2(o)'!T15 | D47: ='[4]Table-Y2(o)'!U15 | E47: ='[4]Table-Y2(o)'!V15 | F47: ='[4]Table-Y2(o)'!W15 | G47: ='[4]Table-Y2(o)'!X15 | H47: ='[4]Table-Y2(o)'!Y15 | ... P47: ='[4]Table-Y2(o)'!AG15
A48: ='[4]Table-Y2(o)'!R16 | B48: ='[4]Table-Y2(o)'!S16 | C48: ='[4]Table-Y2(o)'!T16 | D48: ='[4]Table-Y2(o)'!U16 | E48: ='[4]Table-Y2(o)'!V16 | F48: ='[4]Table-Y2(o)'!W16 | G48: ='[4]Table-Y2(o)'!X16 | H48: ='[4]Table-Y2(o)'!Y16 | ... P48: ='[4]Table-Y2(o)'!AG16
A49: ='[4]Table-Y2(o)'!R17 | B49: ='[4]Table-Y2(o)'!S17 | C49: ='[4]Table-Y2(o)'!T17 | D49: ='[4]Table-Y2(o)'!U17 | E49: ='[4]Table-Y2(o)'!V17 | F49: ='[4]Table-Y2(o)'!W17 | G49: ='[4]Table-Y2(o)'!X17 | H49: ='[4]Table-Y2(o)'!Y17 | ... P49: ='[4]Table-Y2(o)'!AG17
... A52: ='[4]Table-Y2(o)'!R20 | B52: ='[4]Table-Y2(o)'!S20 | C52: ='[4]Table-Y2(o)'!T20 | D52: ='[4]Table-Y2(o)'!U20 | E52: ='[4]Table-Y2(o)'!V20 | F52: ='[4]Table-Y2(o)'!W20 | G52: ='[4]Table-Y2(o)'!X20 | H52: ='[4]Table-Y2(o)'!Y20 | ... P52: ='[4]Table-Y2(o)'!AG20
A53: ALL CROPS | B53: ='[4]Table-Y2(o)'!S21 -> 10 | C53: ='[4]Table-Y2(o)'!T21 -> 10 | D53: ='[4]Table-Y2(o)'!U21 -> 0 | E53: ='[4]Table-Y2(o)'!V21 -> 0 | F53: ='[4]Table-Y2(o)'!W21 -> 0 | G53: ='[4]Table-Y2(o)'!X21 -> 0 | H53: ='[4]Table-Y2(o)'!Y21 -> 0 | I53: ='[4]Table-Y2(o)'!Z21 -> 0 | ... P53: ='[4]Table-Y2(o)'!AG21 -> 0
A54: %AGE TO COL. (2) | C54: ='[4]Table-Y2(o)'!T22 -> 100 | D54: ='[4]Table-Y2(o)'!U22 -> 0 | E54: ='[4]Table-Y2(o)'!V22 -> 0 | F54: ='[4]Table-Y2(o)'!W22 -> 0 | G54: ='[4]Table-Y2(o)'!X22 -> 0 | H54: ='[4]Table-Y2(o)'!Y22 -> 0 | I54: ='[4]Table-Y2(o)'!Z22 -> 0 | J54: ='[4]Table-Y2(o)'!AA22 -> 0 | ... P54: ='[4]Table-Y2(o)'!AG22 -> 0
A55: REASON CODE FOR MISSING THE CHECK IN CROP CUTTING EXPERIMENTS: @
A56: 1 DATE OF HARVEST/CHANGE IN THE DATE OF HARVEST WAS NOT INTIMATED | H56: 2 DATE OF HARVEST/CHANGE IN THE DATE OF HARVEST WAS INTIMATED LATE.
A57: 3 SUPERVISOR COULD NOT REACH THE VILLAGE IN TIME | H57: 9 OTHER REASON
A58: 4 IN CASE OVER LAPPING OF DATES OF HARVEST IN VILLAGES ALLOTED TO AN SENIOR STATISTICAL OFFICER PROPER ARRANGEMENT/ADJUSTMENT COULD NOT BE MADE
A59: REASON CODE FOR LOSS OF EXPERIMENTS: #
A60: 1 CULTIVATOR HARVESTED THE FIELD PRIOR TO THE DATE FIXED FOR HARVEST | H60: 2 PRIMARY WORKER DID NOT CONDUCT THE EXPERIMENT
A61: 3 DELAY IN SELECTION OF SURVEY NUMBERS/REPLACEMENT OF VILLAGE | H61: 9 OTHER REASON
A62: 4 SELECTION OF SURVEY NUMBERS ON INSPECTION WAS FOUND WRONG AND CORRECTLY SELECTED FIELD FOUND HARVESTED
A63: Developed by: Deepak Kumar Agrawal, Senior Statistical Officer, NSSO (FOD), Faridabad, Haryana

Sheet RC7-Y3
A2: TABLE Y-3 : CROPWISE DISTRIBUTION OF EXPERIMENTS WHICH WERE CONDUCTED BY THE DESIGNATED PRIMARY WORKERS AND DELIGATED WORKERS ALONG WITH THE DETAILS REGARDING THEIR TRAINING.
A3: ='RC7-Y2'!A3 -> STATE:PUDUCHERRY(34) | C3: ='RC7-Y2'!E3 -> YEAR:2023-24 | F3: ='RC7-Y2'!I3 -> SEASON:RABI I(4) | I3: SAMPLE TYPE : CENTRAL(1)
A4: CROP | B4: TOTAL NO OF EXPTS CHECKED AT HARVEST & POST HARVEST | C4: NO OF EXPTS CONDUCTED BY
C5: DELEGATED TO EQUIVALENT/ SENIOR PERSON | G5: DELEGATED WORKERS JUNIORS | K5: DESIGNATED PERSONS (NO CHANGE IN PRIMARY WORKER)
C6: TRAINED | D6: UN-TRAINED | E6: TRAINING PERTICULARS NOT AVAILABLE | F6: TOTAL | G6: TRAINED | H6: UN-TRAINED | I6: TRAINING PERTICULARS NOT AVAILABLE | J6: TOTAL | K6: TRAINED | L6: UN-TRAINED | M6: TRAINING PERTICULARS NOT AVAILABLE | N6: TOTAL
A7: 1 | B7: 2 | C7: 3 | D7: 4 | E7: 5 | F7: 6 | G7: 7 | H7: 8 | I7: 9 | J7: 10 | K7: 11 | L7: 12 | M7: 13 | N7: 14
A8: ='[4]Table-Y3(o)'!A7 -> PADDY (97) | B8: ='[4]Table-Y3(o)'!B7 -> 10 | C8: ='[4]Table-Y3(o)'!C7 -> 0 | D8: ='[4]Table-Y3(o)'!D7 -> 0 | E8: ='[4]Table-Y3(o)'!E7 -> 0 | F8: ='[4]Table-Y3(o)'!F7 -> 0 | G8: ='[4]Table-Y3(o)'!G7 -> 0 | H8: ='[4]Table-Y3(o)'!H7 -> 0 | ... N8: ='[4]Table-Y3(o)'!N7 -> 10
A9: ='[4]Table-Y3(o)'!A8 | B9: ='[4]Table-Y3(o)'!B8 | C9: ='[4]Table-Y3(o)'!C8 | D9: ='[4]Table-Y3(o)'!D8 | E9: ='[4]Table-Y3(o)'!E8 | F9: ='[4]Table-Y3(o)'!F8 | G9: ='[4]Table-Y3(o)'!G8 | H9: ='[4]Table-Y3(o)'!H8 | ... N9: ='[4]Table-Y3(o)'!N8
A10: ='[4]Table-Y3(o)'!A9 | B10: ='[4]Table-Y3(o)'!B9 | C10: ='[4]Table-Y3(o)'!C9 | D10: ='[4]Table-Y3(o)'!D9 | E10: ='[4]Table-Y3(o)'!E9 | F10: ='[4]Table-Y3(o)'!F9 | G10: ='[4]Table-Y3(o)'!G9 | H10: ='[4]Table-Y3(o)'!H9 | ... N10: ='[4]Table-Y3(o)'!N9
A11: ='[4]Table-Y3(o)'!A10 | B11: ='[4]Table-Y3(o)'!B10 | C11: ='[4]Table-Y3(o)'!C10 | D11: ='[4]Table-Y3(o)'!D10 | E11: ='[4]Table-Y3(o)'!E10 | F11: ='[4]Table-Y3(o)'!F10 | G11: ='[4]Table-Y3(o)'!G10 | H11: ='[4]Table-Y3(o)'!H10 | ... N11: ='[4]Table-Y3(o)'!N10
A12: ='[4]Table-Y3(o)'!A11 | B12: ='[4]Table-Y3(o)'!B11 | C12: ='[4]Table-Y3(o)'!C11 | D12: ='[4]Table-Y3(o)'!D11 | E12: ='[4]Table-Y3(o)'!E11 | F12: ='[4]Table-Y3(o)'!F11 | G12: ='[4]Table-Y3(o)'!G11 | H12: ='[4]Table-Y3(o)'!H11 | ... N12: ='[4]Table-Y3(o)'!N11
A13: ='[4]Table-Y3(o)'!A12 | B13: ='[4]Table-Y3(o)'!B12 | C13: ='[4]Table-Y3(o)'!C12 | D13: ='[4]Table-Y3(o)'!D12 | E13: ='[4]Table-Y3(o)'!E12 | F13: ='[4]Table-Y3(o)'!F12 | G13: ='[4]Table-Y3(o)'!G12 | H13: ='[4]Table-Y3(o)'!H12 | ... N13: ='[4]Table-Y3(o)'!N12
A14: ='[4]Table-Y3(o)'!A13 | B14: ='[4]Table-Y3(o)'!B13 | C14: ='[4]Table-Y3(o)'!C13 | D14: ='[4]Table-Y3(o)'!D13 | E14: ='[4]Table-Y3(o)'!E13 | F14: ='[4]Table-Y3(o)'!F13 | G14: ='[4]Table-Y3(o)'!G13 | H14: ='[4]Table-Y3(o)'!H13 | ... N14: ='[4]Table-Y3(o)'!N13
A15: ='[4]Table-Y3(o)'!A14 | B15: ='[4]Table-Y3(o)'!B14 | C15: ='[4]Table-Y3(o)'!C14 | D15: ='[4]Table-Y3(o)'!D14 | E15: ='[4]Table-Y3(o)'!E14 | F15: ='[4]Table-Y3(o)'!F14 | G15: ='[4]Table-Y3(o)'!G14 | H15: ='[4]Table-Y3(o)'!H14 | ... N15: ='[4]Table-Y3(o)'!N14
A16: ='[4]Table-Y3(o)'!A15 | B16: ='[4]Table-Y3(o)'!B15 | C16: ='[4]Table-Y3(o)'!C15 | D16: ='[4]Table-Y3(o)'!D15 | E16: ='[4]Table-Y3(o)'!E15 | F16: ='[4]Table-Y3(o)'!F15 | G16: ='[4]Table-Y3(o)'!G15 | H16: ='[4]Table-Y3(o)'!H15 | ... N16: ='[4]Table-Y3(o)'!N15
A17: ='[4]Table-Y3(o)'!A16 | B17: ='[4]Table-Y3(o)'!B16 | C17: ='[4]Table-Y3(o)'!C16 | D17: ='[4]Table-Y3(o)'!D16 | E17: ='[4]Table-Y3(o)'!E16 | F17: ='[4]Table-Y3(o)'!F16 | G17: ='[4]Table-Y3(o)'!G16 | H17: ='[4]Table-Y3(o)'!H16 | ... N17: ='[4]Table-Y3(o)'!N16
A18: ='[4]Table-Y3(o)'!A17 | B18: ='[4]Table-Y3(o)'!B17 | C18: ='[4]Table-Y3(o)'!C17 | D18: ='[4]Table-Y3(o)'!D17 | E18: ='[4]Table-Y3(o)'!E17 | F18: ='[4]Table-Y3(o)'!F17 | G18: ='[4]Table-Y3(o)'!G17 | H18: ='[4]Table-Y3(o)'!H17 | ... N18: ='[4]Table-Y3(o)'!N17
A19: ='[4]Table-Y3(o)'!A18 | B19: ='[4]Table-Y3(o)'!B18 | C19: ='[4]Table-Y3(o)'!C18 | D19: ='[4]Table-Y3(o)'!D18 | E19: ='[4]Table-Y3(o)'!E18 | F19: ='[4]Table-Y3(o)'!F18 | G19: ='[4]Table-Y3(o)'!G18 | H19: ='[4]Table-Y3(o)'!H18 | ... N19: ='[4]Table-Y3(o)'!N18
... A22: ='[4]Table-Y3(o)'!A21 | B22: ='[4]Table-Y3(o)'!B21 | C22: ='[4]Table-Y3(o)'!C21 | D22: ='[4]Table-Y3(o)'!D21 | E22: ='[4]Table-Y3(o)'!E21 | F22: ='[4]Table-Y3(o)'!F21 | G22: ='[4]Table-Y3(o)'!G21 | H22: ='[4]Table-Y3(o)'!H21 | ... N22: ='[4]Table-Y3(o)'!N21
A23: ALL CROPS | B23: =SUM(B8:B22) -> 10 | C23: =SUM(C8:C22) -> 0 | D23: =SUM(D8:D22) -> 0 | E23: =SUM(E8:E22) -> 0 | F23: =SUM(F8:F22) -> 0 | G23: =SUM(G8:G22) -> 0 | H23: =SUM(H8:H22) -> 0 | I23: =SUM(I8:I22) -> 0 | ... N23: =SUM(N8:N22) -> 10
A24: %AGE TO COL. (2) | B24: =ROUND(B23*100/$B23,2) -> 100 | C24: =F24-E24-D24 -> 0 | D24: =ROUND(D23*100/$B23,2) -> 0 | E24: =ROUND(E23*100/$B23,2) -> 0 | F24: =ROUND(F23*100/$B23,2) -> 0 | G24: =J24-I24-H24 -> 0 | H24: =ROUND(H23*100/$B23,2) -> 0 | I24: =ROUND(I23*100/$B23,2) -> 0 | J24: =ROUND(J23*100/$B23,2) -> 0 | K24: =N24-M24-L24 -> 100 | L24: =ROUND(L23*100/$B23,2) -> 0 | M24: =ROUND(M23*100/$B23,2) -> 0 | N24: =100-F24-J24 -> 100
A25: Developed by: Deepak Kumar Agrawal, Senior Statistical Officer, NSSO (FOD), Faridabad, Haryana
A26: TABLE Y-3 : CROPWISE DISTRIBUTION OF EXPERIMENTS WHICH WERE CONDUCTED BY THE DESIGNATED PRIMARY WORKERS AND DELIGATED WORKERS ALONG WITH THE DETAILS REGARDING THEIR TRAINING.
A27: =A3 -> STATE:PUDUCHERRY(34) | C27: =C3 -> YEAR:2023-24 | F27: =F3 -> SEASON:RABI I(4) | I27: SAMPLE TYPE : STATE (2)
A28: CROP | B28: TOTAL NO OF EXPTS CHECKED AT HARVEST & POST HARVEST | C28: NO OF EXPTS CONDUCTED BY
C29: NON DESIGNATED EQUIVALENT/ SENIOR PERSON | G29: DELEGATED WORKERS JUNIORS | K29: DESIGNATED PERSONS (NO CHANGE IN PRIMARY WORKER)
C30: TRAINED | D30: UN-TRAINED | E30: TRAINING PERTICULARS NOT AVAILABLE | F30: TOTAL | G30: TRAINED | H30: UN-TRAINED | I30: TRAINING PERTICULARS NOT AVAILABLE | J30: TOTAL | K30: TRAINED | L30: UN-TRAINED | M30: TRAINING PERTICULARS NOT AVAILABLE | N30: TOTAL
A31: 1 | B31: 2 | C31: 3 | D31: 4 | E31: 5 | F31: 6 | G31: 7 | H31: 8 | I31: 9 | J31: 10 | K31: 11 | L31: 12 | M31: 13 | N31: 14
A32: ='[4]Table-Y3(o)'!P7 -> PADDY (97) | B32: ='[4]Table-Y3(o)'!Q7 -> 10 | C32: ='[4]Table-Y3(o)'!R7 -> 0 | D32: ='[4]Table-Y3(o)'!S7 -> 0 | E32: ='[4]Table-Y3(o)'!T7 -> 0 | F32: ='[4]Table-Y3(o)'!U7 -> 0 | G32: ='[4]Table-Y3(o)'!V7 -> 0 | H32: ='[4]Table-Y3(o)'!W7 -> 0 | ... N32: ='[4]Table-Y3(o)'!AC7 -> 10
A33: ='[4]Table-Y3(o)'!P8 | B33: ='[4]Table-Y3(o)'!Q8 | C33: ='[4]Table-Y3(o)'!R8 | D33: ='[4]Table-Y3(o)'!S8 | E33: ='[4]Table-Y3(o)'!T8 | F33: ='[4]Table-Y3(o)'!U8 | G33: ='[4]Table-Y3(o)'!V8 | H33: ='[4]Table-Y3(o)'!W8 | ... N33: ='[4]Table-Y3(o)'!AC8
A34: ='[4]Table-Y3(o)'!P9 | B34: ='[4]Table-Y3(o)'!Q9 | C34: ='[4]Table-Y3(o)'!R9 | D34: ='[4]Table-Y3(o)'!S9 | E34: ='[4]Table-Y3(o)'!T9 | F34: ='[4]Table-Y3(o)'!U9 | G34: ='[4]Table-Y3(o)'!V9 | H34: ='[4]Table-Y3(o)'!W9 | ... N34: ='[4]Table-Y3(o)'!AC9
A35: ='[4]Table-Y3(o)'!P10 | B35: ='[4]Table-Y3(o)'!Q10 | C35: ='[4]Table-Y3(o)'!R10 | D35: ='[4]Table-Y3(o)'!S10 | E35: ='[4]Table-Y3(o)'!T10 | F35: ='[4]Table-Y3(o)'!U10 | G35: ='[4]Table-Y3(o)'!V10 | H35: ='[4]Table-Y3(o)'!W10 | ... N35: ='[4]Table-Y3(o)'!AC10
A36: ='[4]Table-Y3(o)'!P11 | B36: ='[4]Table-Y3(o)'!Q11 | C36: ='[4]Table-Y3(o)'!R11 | D36: ='[4]Table-Y3(o)'!S11 | E36: ='[4]Table-Y3(o)'!T11 | F36: ='[4]Table-Y3(o)'!U11 | G36: ='[4]Table-Y3(o)'!V11 | H36: ='[4]Table-Y3(o)'!W11 | ... N36: ='[4]Table-Y3(o)'!AC11
A37: ='[4]Table-Y3(o)'!P12 | B37: ='[4]Table-Y3(o)'!Q12 | C37: ='[4]Table-Y3(o)'!R12 | D37: ='[4]Table-Y3(o)'!S12 | E37: ='[4]Table-Y3(o)'!T12 | F37: ='[4]Table-Y3(o)'!U12 | G37: ='[4]Table-Y3(o)'!V12 | H37: ='[4]Table-Y3(o)'!W12 | ... N37: ='[4]Table-Y3(o)'!AC12
A38: ='[4]Table-Y3(o)'!P13 | B38: ='[4]Table-Y3(o)'!Q13 | C38: ='[4]Table-Y3(o)'!R13 | D38: ='[4]Table-Y3(o)'!S13 | E38: ='[4]Table-Y3(o)'!T13 | F38: ='[4]Table-Y3(o)'!U13 | G38: ='[4]Table-Y3(o)'!V13 | H38: ='[4]Table-Y3(o)'!W13 | ... N38: ='[4]Table-Y3(o)'!AC13
A39: ='[4]Table-Y3(o)'!P14 | B39: ='[4]Table-Y3(o)'!Q14 | C39: ='[4]Table-Y3(o)'!R14 | D39: ='[4]Table-Y3(o)'!S14 | E39: ='[4]Table-Y3(o)'!T14 | F39: ='[4]Table-Y3(o)'!U14 | G39: ='[4]Table-Y3(o)'!V14 | H39: ='[4]Table-Y3(o)'!W14 | ... N39: ='[4]Table-Y3(o)'!AC14
A40: ='[4]Table-Y3(o)'!P15 | B40: ='[4]Table-Y3(o)'!Q15 | C40: ='[4]Table-Y3(o)'!R15 | D40: ='[4]Table-Y3(o)'!S15 | E40: ='[4]Table-Y3(o)'!T15 | F40: ='[4]Table-Y3(o)'!U15 | G40: ='[4]Table-Y3(o)'!V15 | H40: ='[4]Table-Y3(o)'!W15 | ... N40: ='[4]Table-Y3(o)'!AC15
A41: ='[4]Table-Y3(o)'!P16 | B41: ='[4]Table-Y3(o)'!Q16 | C41: ='[4]Table-Y3(o)'!R16 | D41: ='[4]Table-Y3(o)'!S16 | E41: ='[4]Table-Y3(o)'!T16 | F41: ='[4]Table-Y3(o)'!U16 | G41: ='[4]Table-Y3(o)'!V16 | H41: ='[4]Table-Y3(o)'!W16 | ... N41: ='[4]Table-Y3(o)'!AC16
A42: ='[4]Table-Y3(o)'!P17 | B42: ='[4]Table-Y3(o)'!Q17 | C42: ='[4]Table-Y3(o)'!R17 | D42: ='[4]Table-Y3(o)'!S17 | E42: ='[4]Table-Y3(o)'!T17 | F42: ='[4]Table-Y3(o)'!U17 | G42: ='[4]Table-Y3(o)'!V17 | H42: ='[4]Table-Y3(o)'!W17 | ... N42: ='[4]Table-Y3(o)'!AC17
A43: ='[4]Table-Y3(o)'!P18 | B43: ='[4]Table-Y3(o)'!Q18 | C43: ='[4]Table-Y3(o)'!R18 | D43: ='[4]Table-Y3(o)'!S18 | E43: ='[4]Table-Y3(o)'!T18 | F43: ='[4]Table-Y3(o)'!U18 | G43: ='[4]Table-Y3(o)'!V18 | H43: ='[4]Table-Y3(o)'!W18 | ... N43: ='[4]Table-Y3(o)'!AC18
... A46: ='[4]Table-Y3(o)'!P21 | B46: ='[4]Table-Y3(o)'!Q21 | C46: ='[4]Table-Y3(o)'!R21 | D46: ='[4]Table-Y3(o)'!S21 | E46: ='[4]Table-Y3(o)'!T21 | F46: ='[4]Table-Y3(o)'!U21 | G46: ='[4]Table-Y3(o)'!V21 | H46: ='[4]Table-Y3(o)'!W21 | ... N46: ='[4]Table-Y3(o)'!AC21
A47: ALL CROPS | B47: =SUM(B32:B46) -> 10 | C47: =SUM(C32:C46) -> 0 | D47: =SUM(D32:D46) -> 0 | E47: =SUM(E32:E46) -> 0 | F47: =SUM(F32:F46) -> 0 | G47: =SUM(G32:G46) -> 0 | H47: =SUM(H32:H46) -> 0 | I47: =SUM(I32:I46) -> 0 | ... N47: =SUM(N32:N46) -> 10
A48: %AGE TO COL. (2) | B48: =ROUND(B47*100/$B47,2) -> 100 | C48: =F48-E48-D48 -> 0 | D48: =ROUND(D47*100/$B47,2) -> 0 | E48: =ROUND(E47*100/$B47,2) -> 0 | F48: =ROUND(F47*100/$B47,2) -> 0 | G48: =J48-I48-H48 -> 0 | H48: =ROUND(H47*100/$B47,2) -> 0 | I48: =ROUND(I47*100/$B47,2) -> 0 | J48: =ROUND(J47*100/$B47,2) -> 0 | K48: =N48-M48-L48 -> 100 | L48: =ROUND(L47*100/$B47,2) -> 0 | M48: =ROUND(M47*100/$B47,2) -> 0 | N48: =100-F48-J48 -> 100
A49: Developed by: Deepak Kumar Agrawal, Senior Statistical Officer, NSSO (FOD), Faridabad, Haryana

Sheet RC7-Y4
A2: TABLE Y-4 : CROPWISE DISTRIBUTION OF EXPT. ACCORDING TO REASONS FOR SUBSTITUTION OF VILLAGES/SURVEY NUMBER
A3: ='RC7-Y3'!A3 -> STATE:PUDUCHERRY(34) | D3: ='RC7-Y3'!C3 -> YEAR:2023-24 | H3: ='RC7-Y3'!F3 -> SEASON:RABI I(4) | N3: SAMPLE TYPE : CENTRAL(1)
A4: CROP | B4: TOTAL NO OF VILLAGES | C4: TOTAL NO OF EXPTS CHECKED | E4: TOTAL NO OF EXPTS FOR WHICH NO SUBSTITUTION WAS DONE | G4: TOTAL NO OF EXPTS FOR WHICH SUBSTITUTION WAS DONE
C5: AT HARVEST | D5: AT POST HARVEST | E5: VILLAGES | F5: SURVEY NOS. | G5: FOR SLETECTED VILLAGES DUE TO REASON (*) | L5: FOR SLETECTED SURVEY NO DUE TO REASON($)
G6: 1 | H6: 2 | I6: 3 | J6: 9 | K6: SUBTOTAL | L6: 1 | M6: 2 | N6: 3 | O6: 9 | P6: SUBTOTAL
A7: 1 | B7: 2 | C7: 3 | D7: 4 | E7: 5 | F7: 6 | G7: 7 | H7: 8 | I7: 9 | J7: 10 | K7: 11 | L7: 12 | M7: 13 | N7: 14 | O7: 15 | P7: 16
A8: ='[4]Table-Y4(o)'!A7 -> PADDY (97) | B8: ='[4]Table-Y4(o)'!B7 -> 5 | C8: ='[4]Table-Y4(o)'!C7 -> 10 | D8: ='[4]Table-Y4(o)'!D7 -> 0 | E8: ='[4]Table-Y4(o)'!E7 -> 10 | F8: ='[4]Table-Y4(o)'!F7 -> 10 | G8: ='[4]Table-Y4(o)'!G7 -> 0 | H8: ='[4]Table-Y4(o)'!H7 -> 0 | ... P8: ='[4]Table-Y4(o)'!P7 -> 0
A9: ='[4]Table-Y4(o)'!A8 | B9: ='[4]Table-Y4(o)'!B8 | C9: ='[4]Table-Y4(o)'!C8 | D9: ='[4]Table-Y4(o)'!D8 | E9: ='[4]Table-Y4(o)'!E8 | F9: ='[4]Table-Y4(o)'!F8 | G9: ='[4]Table-Y4(o)'!G8 | H9: ='[4]Table-Y4(o)'!H8 | ... P9: ='[4]Table-Y4(o)'!P8
A10: ='[4]Table-Y4(o)'!A9 | B10: ='[4]Table-Y4(o)'!B9 | C10: ='[4]Table-Y4(o)'!C9 | D10: ='[4]Table-Y4(o)'!D9 | E10: ='[4]Table-Y4(o)'!E9 | F10: ='[4]Table-Y4(o)'!F9 | G10: ='[4]Table-Y4(o)'!G9 | H10: ='[4]Table-Y4(o)'!H9 | ... P10: ='[4]Table-Y4(o)'!P9
A11: ='[4]Table-Y4(o)'!A10 | B11: ='[4]Table-Y4(o)'!B10 | C11: ='[4]Table-Y4(o)'!C10 | D11: ='[4]Table-Y4(o)'!D10 | E11: ='[4]Table-Y4(o)'!E10 | F11: ='[4]Table-Y4(o)'!F10 | G11: ='[4]Table-Y4(o)'!G10 | H11: ='[4]Table-Y4(o)'!H10 | ... P11: ='[4]Table-Y4(o)'!P10
A12: ='[4]Table-Y4(o)'!A11 | B12: ='[4]Table-Y4(o)'!B11 | C12: ='[4]Table-Y4(o)'!C11 | D12: ='[4]Table-Y4(o)'!D11 | E12: ='[4]Table-Y4(o)'!E11 | F12: ='[4]Table-Y4(o)'!F11 | G12: ='[4]Table-Y4(o)'!G11 | H12: ='[4]Table-Y4(o)'!H11 | ... P12: ='[4]Table-Y4(o)'!P11
A13: ='[4]Table-Y4(o)'!A12 | B13: ='[4]Table-Y4(o)'!B12 | C13: ='[4]Table-Y4(o)'!C12 | D13: ='[4]Table-Y4(o)'!D12 | E13: ='[4]Table-Y4(o)'!E12 | F13: ='[4]Table-Y4(o)'!F12 | G13: ='[4]Table-Y4(o)'!G12 | H13: ='[4]Table-Y4(o)'!H12 | ... P13: ='[4]Table-Y4(o)'!P12
A14: ='[4]Table-Y4(o)'!A13 | B14: ='[4]Table-Y4(o)'!B13 | C14: ='[4]Table-Y4(o)'!C13 | D14: ='[4]Table-Y4(o)'!D13 | E14: ='[4]Table-Y4(o)'!E13 | F14: ='[4]Table-Y4(o)'!F13 | G14: ='[4]Table-Y4(o)'!G13 | H14: ='[4]Table-Y4(o)'!H13 | ... P14: ='[4]Table-Y4(o)'!P13
A15: ='[4]Table-Y4(o)'!A14 | B15: ='[4]Table-Y4(o)'!B14 | C15: ='[4]Table-Y4(o)'!C14 | D15: ='[4]Table-Y4(o)'!D14 | E15: ='[4]Table-Y4(o)'!E14 | F15: ='[4]Table-Y4(o)'!F14 | G15: ='[4]Table-Y4(o)'!G14 | H15: ='[4]Table-Y4(o)'!H14 | ... P15: ='[4]Table-Y4(o)'!P14
A16: ='[4]Table-Y4(o)'!A15 | B16: ='[4]Table-Y4(o)'!B15 | C16: ='[4]Table-Y4(o)'!C15 | D16: ='[4]Table-Y4(o)'!D15 | E16: ='[4]Table-Y4(o)'!E15 | F16: ='[4]Table-Y4(o)'!F15 | G16: ='[4]Table-Y4(o)'!G15 | H16: ='[4]Table-Y4(o)'!H15 | ... P16: ='[4]Table-Y4(o)'!P15
A17: ='[4]Table-Y4(o)'!A16 | B17: ='[4]Table-Y4(o)'!B16 | C17: ='[4]Table-Y4(o)'!C16 | D17: ='[4]Table-Y4(o)'!D16 | E17: ='[4]Table-Y4(o)'!E16 | F17: ='[4]Table-Y4(o)'!F16 | G17: ='[4]Table-Y4(o)'!G16 | H17: ='[4]Table-Y4(o)'!H16 | ... P17: ='[4]Table-Y4(o)'!P16
A18: ='[4]Table-Y4(o)'!A17 | B18: ='[4]Table-Y4(o)'!B17 | C18: ='[4]Table-Y4(o)'!C17 | D18: ='[4]Table-Y4(o)'!D17 | E18: ='[4]Table-Y4(o)'!E17 | F18: ='[4]Table-Y4(o)'!F17 | G18: ='[4]Table-Y4(o)'!G17 | H18: ='[4]Table-Y4(o)'!H17 | ... P18: ='[4]Table-Y4(o)'!P17
A19: ='[4]Table-Y4(o)'!A18 | B19: ='[4]Table-Y4(o)'!B18 | C19: ='[4]Table-Y4(o)'!C18 | D19: ='[4]Table-Y4(o)'!D18 | E19: ='[4]Table-Y4(o)'!E18 | F19: ='[4]Table-Y4(o)'!F18 | G19: ='[4]Table-Y4(o)'!G18 | H19: ='[4]Table-Y4(o)'!H18 | ... P19: ='[4]Table-Y4(o)'!P18
... A22: ='[4]Table-Y4(o)'!A21 | B22: ='[4]Table-Y4(o)'!B21 | C22: ='[4]Table-Y4(o)'!C21 | D22: ='[4]Table-Y4(o)'!D21 | E22: ='[4]Table-Y4(o)'!E21 | F22: ='[4]Table-Y4(o)'!F21 | G22: ='[4]Table-Y4(o)'!G21 | H22: ='[4]Table-Y4(o)'!H21 | ... P22: ='[4]Table-Y4(o)'!P21
A23: ALL CROPS | B23: =SUM(B8:B22) -> 5 | C23: =SUM(C8:C22) -> 10 | D23: =SUM(D8:D22) -> 0 | E23: =SUM(E8:E22) -> 10 | F23: =SUM(F8:F22) -> 10 | G23: =SUM(G8:G22) -> 0 | H23: =SUM(H8:H22) -> 0 | I23: =SUM(I8:I22) -> 0 | ... P23: =SUM(P8:P22) -> 0
A24: %AGE TO COL. (3) + COL. (4) | C24: =100-D24 -> 100 | D24: =ROUND(D23*100/($C23+$D23),2) -> 0 | E24: =100-K24 -> 100 | F24: =100-P24 -> 100 | G24: =ROUND(G23*100/($C23+$D23),2) -> 0 | H24: =ROUND(H23*100/($C23+$D23),2) -> 0 | I24: =ROUND(I23*100/($C23+$D23),2) -> 0 | J24: =ROUND(J23*100/($C23+$D23),2) -> 0 | K24: =G24+H24+I24+J24 -> 0 | L24: =ROUND(L23*100/($C23+$D23),2) -> 0 | M24: =ROUND(M23*100/($C23+$D23),2) -> 0 | N24: =ROUND(N23*100/($C23+$D23),2) -> 0 | O24: =ROUND(O23*100/($C23+$D23),2) -> 0 | P24: =L24+M24+N24+O24 -> 0
A25: NOTE: | B25: (*) | G25: ($)
A26: 1 | B26: CROP NOT SOWN | F26: 1 | G26: CROP HARVESTED PRIOR TO SELECTION
A27: 2 | B27: ENTIRE CROP HARVESTED IN THE VILLAGE | F27: 2 | G27: CROP HARVESTED BEFORE THE DATE FIXED
A28: 3 | B28: RECORDS NOT AVAILABLE | F28: 3 | G28: FIELD PARTIALLY HARVESTED AFFECTING THE LOCATION OF EXPERIMENTAL PLOT
A29: 9 | B29: OTHERS | F29: 9 | G29: OTHERS
A30: Developed by: Deepak Kumar Agrawal, Senior Statistical Officer, NSSO (FOD), Faridabad, Haryana
A31: TABLE Y-4 : CROPWISE DISTRIBUTION OF EXPT. ACCORDING TO REASONS FOR SUBSTITUTION OF VILLAGES/SURVEY NUMBER
A32: =A3 -> STATE:PUDUCHERRY(34) | D32: =D3 -> YEAR:2023-24 | H32: =H3 -> SEASON:RABI I(4) | N32: SAMPLE TYPE : STATE(2)
A33: CROP | B33: TOTAL NO OF VILLAGES | C33: TOTAL NO OF EXPTS CHECKED | E33: TOTAL NO OF EXPTS FOR WHICH NO SUBSTITUTION WAS DONE | G33: TOTAL NO OF EXPTS FOR WHICH SUBSTITUTION WAS DONE
C34: AT HARVEST | D34: AT POST HARVEST | E34: VILLAGES | F34: SURVEY NOS. | G34: FOR SLETECTED VILLAGES DUE TO REASON (*) | L34: FOR SLETECTED SURVEY NO DUE TO REASON($)
G35: 1 | H35: 2 | I35: 3 | J35: 9 | K35: SUBTOTAL | L35: 1 | M35: 2 | N35: 3 | O35: 9 | P35: SUBTOTAL
A36: 1 | B36: 2 | C36: 3 | D36: 4 | E36: 5 | F36: 6 | G36: 7 | H36: 8 | I36: 9 | J36: 10 | K36: 11 | L36: 12 | M36: 13 | N36: 14 | O36: 15 | P36: 16
A37: ='[4]Table-Y4(o)'!R7 -> PADDY (97) | B37: ='[4]Table-Y4(o)'!S7 -> 5 | C37: ='[4]Table-Y4(o)'!T7 -> 10 | D37: ='[4]Table-Y4(o)'!U7 -> 0 | E37: ='[4]Table-Y4(o)'!V7 -> 10 | F37: ='[4]Table-Y4(o)'!W7 -> 10 | G37: ='[4]Table-Y4(o)'!X7 -> 0 | H37: ='[4]Table-Y4(o)'!Y7 -> 0 | ... P37: ='[4]Table-Y4(o)'!AG7 -> 0
A38: ='[4]Table-Y4(o)'!R8 | B38: ='[4]Table-Y4(o)'!S8 | C38: ='[4]Table-Y4(o)'!T8 | D38: ='[4]Table-Y4(o)'!U8 | E38: ='[4]Table-Y4(o)'!V8 | F38: ='[4]Table-Y4(o)'!W8 | G38: ='[4]Table-Y4(o)'!X8 | H38: ='[4]Table-Y4(o)'!Y8 | ... P38: ='[4]Table-Y4(o)'!AG8
A39: ='[4]Table-Y4(o)'!R9 | B39: ='[4]Table-Y4(o)'!S9 | C39: ='[4]Table-Y4(o)'!T9 | D39: ='[4]Table-Y4(o)'!U9 | E39: ='[4]Table-Y4(o)'!V9 | F39: ='[4]Table-Y4(o)'!W9 | G39: ='[4]Table-Y4(o)'!X9 | H39: ='[4]Table-Y4(o)'!Y9 | ... P39: ='[4]Table-Y4(o)'!AG9
A40: ='[4]Table-Y4(o)'!R10 | B40: ='[4]Table-Y4(o)'!S10 | C40: ='[4]Table-Y4(o)'!T10 | D40: ='[4]Table-Y4(o)'!U10 | E40: ='[4]Table-Y4(o)'!V10 | F40: ='[4]Table-Y4(o)'!W10 | G40: ='[4]Table-Y4(o)'!X10 | H40: ='[4]Table-Y4(o)'!Y10 | ... P40: ='[4]Table-Y4(o)'!AG10
A41: ='[4]Table-Y4(o)'!R11 | B41: ='[4]Table-Y4(o)'!S11 | C41: ='[4]Table-Y4(o)'!T11 | D41: ='[4]Table-Y4(o)'!U11 | E41: ='[4]Table-Y4(o)'!V11 | F41: ='[4]Table-Y4(o)'!W11 | G41: ='[4]Table-Y4(o)'!X11 | H41: ='[4]Table-Y4(o)'!Y11 | ... P41: ='[4]Table-Y4(o)'!AG11
A42: ='[4]Table-Y4(o)'!R12 | B42: ='[4]Table-Y4(o)'!S12 | C42: ='[4]Table-Y4(o)'!T12 | D42: ='[4]Table-Y4(o)'!U12 | E42: ='[4]Table-Y4(o)'!V12 | F42: ='[4]Table-Y4(o)'!W12 | G42: ='[4]Table-Y4(o)'!X12 | H42: ='[4]Table-Y4(o)'!Y12 | ... P42: ='[4]Table-Y4(o)'!AG12
A43: ='[4]Table-Y4(o)'!R13 | B43: ='[4]Table-Y4(o)'!S13 | C43: ='[4]Table-Y4(o)'!T13 | D43: ='[4]Table-Y4(o)'!U13 | E43: ='[4]Table-Y4(o)'!V13 | F43: ='[4]Table-Y4(o)'!W13 | G43: ='[4]Table-Y4(o)'!X13 | H43: ='[4]Table-Y4(o)'!Y13 | ... P43: ='[4]Table-Y4(o)'!AG13
A44: ='[4]Table-Y4(o)'!R14 | B44: ='[4]Table-Y4(o)'!S14 | C44: ='[4]Table-Y4(o)'!T14 | D44: ='[4]Table-Y4(o)'!U14 | E44: ='[4]Table-Y4(o)'!V14 | F44: ='[4]Table-Y4(o)'!W14 | G44: ='[4]Table-Y4(o)'!X14 | H44: ='[4]Table-Y4(o)'!Y14 | ... P44: ='[4]Table-Y4(o)'!AG14
A45: ='[4]Table-Y4(o)'!R15 | B45: ='[4]Table-Y4(o)'!S15 | C45: ='[4]Table-Y4(o)'!T15 | D45: ='[4]Table-Y4(o)'!U15 | E45: ='[4]Table-Y4(o)'!V15 | F45: ='[4]Table-Y4(o)'!W15 | G45: ='[4]Table-Y4(o)'!X15 | H45: ='[4]Table-Y4(o)'!Y15 | ... P45: ='[4]Table-Y4(o)'!AG15
A46: ='[4]Table-Y4(o)'!R16 | B46: ='[4]Table-Y4(o)'!S16 | C46: ='[4]Table-Y4(o)'!T16 | D46: ='[4]Table-Y4(o)'!U16 | E46: ='[4]Table-Y4(o)'!V16 | F46: ='[4]Table-Y4(o)'!W16 | G46: ='[4]Table-Y4(o)'!X16 | H46: ='[4]Table-Y4(o)'!Y16 | ... P46: ='[4]Table-Y4(o)'!AG16
A47: ='[4]Table-Y4(o)'!R17 | B47: ='[4]Table-Y4(o)'!S17 | C47: ='[4]Table-Y4(o)'!T17 | D47: ='[4]Table-Y4(o)'!U17 | E47: ='[4]Table-Y4(o)'!V17 | F47: ='[4]Table-Y4(o)'!W17 | G47: ='[4]Table-Y4(o)'!X17 | H47: ='[4]Table-Y4(o)'!Y17 | ... P47: ='[4]Table-Y4(o)'!AG17
A48: ='[4]Table-Y4(o)'!R18 | B48: ='[4]Table-Y4(o)'!S18 | C48: ='[4]Table-Y4(o)'!T18 | D48: ='[4]Table-Y4(o)'!U18 | E48: ='[4]Table-Y4(o)'!V18 | F48: ='[4]Table-Y4(o)'!W18 | G48: ='[4]Table-Y4(o)'!X18 | H48: ='[4]Table-Y4(o)'!Y18 | ... P48: ='[4]Table-Y4(o)'!AG18
... A51: ='[4]Table-Y4(o)'!R21 | B51: ='[4]Table-Y4(o)'!S21 | C51: ='[4]Table-Y4(o)'!T21 | D51: ='[4]Table-Y4(o)'!U21 | E51: ='[4]Table-Y4(o)'!V21 | F51: ='[4]Table-Y4(o)'!W21 | G51: ='[4]Table-Y4(o)'!X21 | H51: ='[4]Table-Y4(o)'!Y21 | ... P51: ='[4]Table-Y4(o)'!AG21
A52: ALL CROPS | B52: =SUM(B37:B51) -> 5 | C52: =SUM(C37:C51) -> 10 | D52: =SUM(D37:D51) -> 0 | E52: =SUM(E37:E51) -> 10 | F52: =SUM(F37:F51) -> 10 | G52: =SUM(G37:G51) -> 0 | H52: =SUM(H37:H51) -> 0 | I52: =SUM(I37:I51) -> 0 | ... P52: =SUM(P37:P51) -> 0
A53: %AGE TO COL. (3) + COL. (4) | C53: =100-D53 -> 100 | D53: =ROUND(D52*100/($C52+$D52),2) -> 0 | E53: =100-K53 -> 100 | F53: =100-P53 -> 100 | G53: =ROUND(G52*100/($C52+$D52),2) -> 0 | H53: =ROUND(H52*100/($C52+$D52),2) -> 0 | I53: =ROUND(I52*100/($C52+$D52),2) -> 0 | J53: =ROUND(J52*100/($C52+$D52),2) -> 0 | K53: =G53+H53+I53+J53 -> 0 | L53: =ROUND(L52*100/($C52+$D52),2) -> 0 | M53: =ROUND(M52*100/($C52+$D52),2) -> 0 | N53: =ROUND(N52*100/($C52+$D52),2) -> 0 | O53: =ROUND(O52*100/($C52+$D52),2) -> 0 | P53: =L53+M53+N53+O53 -> 0
A54: NOTE: | B54: (*) | G54: ($)
A55: 1 | B55: CROP NOT SOWN | F55: 1 | G55: CROP HARVESTED PRIOR TO SELECTION
A56: 2 | B56: ENTIRE CROP HARVESTED IN THE VILLAGE | F56: 2 | G56: CROP HARVESTED BEFORE THE DATE FIXED
A57: 3 | B57: RECORDS NOT AVAILABLE | F57: 3 | G57: FIELD PARTIALLY HARVESTED AFFECTING THE LOCATION OF EXPERIMENTAL PLOT
A58: 9 | B58: OTHERS | F58: 9 | G58: OTHERS
A59: Developed by: Deepak Kumar Agrawal, Senior Statistical Officer, NSSO (FOD), Faridabad, Haryana

Sheet RC7-Y5
A2: Table Y-5 CROPWISE DISTRIBUTION OF EXPERIMENTS IN THE CONDUCT OF WHICH DIFFERENT TYPES OF MISTAKES WERE OBSERVED.
A3: ='RC7-Y4'!A3 -> STATE:PUDUCHERRY(34) | D3: ='RC7-Y4'!D3 -> YEAR:2023-24 | H3: ='RC7-Y4'!H3 -> SEASON:RABI I(4) | L3: SAMPLE TYPE : CENTRAL(1)
A4: CROP | B4: NO OF EXPTS CHECKED AT HARVEST/POST HARVEST | C4: NO.OF EXPERIMENTS FOR WHICH NO MISTAKES OBSERVED (E0). | D4: NO. OF EXPERIMENTS FOR WHICH DIFFERENT TYPES OF MISTAKES WERE OBSERVED.
D5: E1 | E5: E2 | F5: E3 | G5: E4 | H5: E5 | I5: E6 | J5: E7 | K5: E8 | L5: E9 | M5: E10 | N5: E11 | O5: E12 | P5: E13 | Q5: E14 | R5: E15 | S5: E16
A9: 1 | B9: 2 | C9: 3 | D9: 4 | E9: 5 | F9: 6 | G9: 7 | H9: 8 | I9: 9 | J9: 10 | K9: 11 | L9: 12 | M9: 13 | N9: 14 | O9: 15 | P9: 16 | Q9: 17 | R9: 18 | S9: 19
A10: ='[4]Table-Y5(o)'!A9 -> PADDY (97) | B10: ='[4]Table-Y5(o)'!B9 -> 10 | C10: ='[4]Table-Y5(o)'!C9 -> 6 | D10: ='[4]Table-Y5(o)'!D9 -> 0 | E10: ='[4]Table-Y5(o)'!E9 -> 0 | F10: ='[4]Table-Y5(o)'!F9 -> 0 | G10: ='[4]Table-Y5(o)'!G9 -> 0 | H10: ='[4]Table-Y5(o)'!H9 -> 0 | ... S10: ='[4]Table-Y5(o)'!S9 -> 4
A11: ='[4]Table-Y5(o)'!A10 | B11: ='[4]Table-Y5(o)'!B10 | C11: ='[4]Table-Y5(o)'!C10 | D11: ='[4]Table-Y5(o)'!D10 | E11: ='[4]Table-Y5(o)'!E10 | F11: ='[4]Table-Y5(o)'!F10 | G11: ='[4]Table-Y5(o)'!G10 | H11: ='[4]Table-Y5(o)'!H10 | ... S11: ='[4]Table-Y5(o)'!S10
A12: ='[4]Table-Y5(o)'!A11 | B12: ='[4]Table-Y5(o)'!B11 | C12: ='[4]Table-Y5(o)'!C11 | D12: ='[4]Table-Y5(o)'!D11 | E12: ='[4]Table-Y5(o)'!E11 | F12: ='[4]Table-Y5(o)'!F11 | G12: ='[4]Table-Y5(o)'!G11 | H12: ='[4]Table-Y5(o)'!H11 | ... S12: ='[4]Table-Y5(o)'!S11
A13: ='[4]Table-Y5(o)'!A12 | B13: ='[4]Table-Y5(o)'!B12 | C13: ='[4]Table-Y5(o)'!C12 | D13: ='[4]Table-Y5(o)'!D12 | E13: ='[4]Table-Y5(o)'!E12 | F13: ='[4]Table-Y5(o)'!F12 | G13: ='[4]Table-Y5(o)'!G12 | H13: ='[4]Table-Y5(o)'!H12 | ... S13: ='[4]Table-Y5(o)'!S12
A14: ='[4]Table-Y5(o)'!A13 | B14: ='[4]Table-Y5(o)'!B13 | C14: ='[4]Table-Y5(o)'!C13 | D14: ='[4]Table-Y5(o)'!D13 | E14: ='[4]Table-Y5(o)'!E13 | F14: ='[4]Table-Y5(o)'!F13 | G14: ='[4]Table-Y5(o)'!G13 | H14: ='[4]Table-Y5(o)'!H13 | ... S14: ='[4]Table-Y5(o)'!S13
A15: ='[4]Table-Y5(o)'!A14 | B15: ='[4]Table-Y5(o)'!B14 | C15: ='[4]Table-Y5(o)'!C14 | D15: ='[4]Table-Y5(o)'!D14 | E15: ='[4]Table-Y5(o)'!E14 | F15: ='[4]Table-Y5(o)'!F14 | G15: ='[4]Table-Y5(o)'!G14 | H15: ='[4]Table-Y5(o)'!H14 | ... S15: ='[4]Table-Y5(o)'!S14
A16: ='[4]Table-Y5(o)'!A15 | B16: ='[4]Table-Y5(o)'!B15 | C16: ='[4]Table-Y5(o)'!C15 | D16: ='[4]Table-Y5(o)'!D15 | E16: ='[4]Table-Y5(o)'!E15 | F16: ='[4]Table-Y5(o)'!F15 | G16: ='[4]Table-Y5(o)'!G15 | H16: ='[4]Table-Y5(o)'!H15 | ... S16: ='[4]Table-Y5(o)'!S15
A17: ='[4]Table-Y5(o)'!A16 | B17: ='[4]Table-Y5(o)'!B16 | C17: ='[4]Table-Y5(o)'!C16 | D17: ='[4]Table-Y5(o)'!D16 | E17: ='[4]Table-Y5(o)'!E16 | F17: ='[4]Table-Y5(o)'!F16 | G17: ='[4]Table-Y5(o)'!G16 | H17: ='[4]Table-Y5(o)'!H16 | ... S17: ='[4]Table-Y5(o)'!S16
A18: ='[4]Table-Y5(o)'!A17 | B18: ='[4]Table-Y5(o)'!B17 | C18: ='[4]Table-Y5(o)'!C17 | D18: ='[4]Table-Y5(o)'!D17 | E18: ='[4]Table-Y5(o)'!E17 | F18: ='[4]Table-Y5(o)'!F17 | G18: ='[4]Table-Y5(o)'!G17 | H18: ='[4]Table-Y5(o)'!H17 | ... S18: ='[4]Table-Y5(o)'!S17
A19: ='[4]Table-Y5(o)'!A18 | B19: ='[4]Table-Y5(o)'!B18 | C19: ='[4]Table-Y5(o)'!C18 | D19: ='[4]Table-Y5(o)'!D18 | E19: ='[4]Table-Y5(o)'!E18 | F19: ='[4]Table-Y5(o)'!F18 | G19: ='[4]Table-Y5(o)'!G18 | H19: ='[4]Table-Y5(o)'!H18 | ... S19: ='[4]Table-Y5(o)'!S18
A20: ='[4]Table-Y5(o)'!A19 | B20: ='[4]Table-Y5(o)'!B19 | C20: ='[4]Table-Y5(o)'!C19 | D20: ='[4]Table-Y5(o)'!D19 | E20: ='[4]Table-Y5(o)'!E19 | F20: ='[4]Table-Y5(o)'!F19 | G20: ='[4]Table-Y5(o)'!G19 | H20: ='[4]Table-Y5(o)'!H19 | ... S20: ='[4]Table-Y5(o)'!S19
A21: ='[4]Table-Y5(o)'!A20 | B21: ='[4]Table-Y5(o)'!B20 | C21: ='[4]Table-Y5(o)'!C20 | D21: ='[4]Table-Y5(o)'!D20 | E21: ='[4]Table-Y5(o)'!E20 | F21: ='[4]Table-Y5(o)'!F20 | G21: ='[4]Table-Y5(o)'!G20 | H21: ='[4]Table-Y5(o)'!H20 | ... S21: ='[4]Table-Y5(o)'!S20
... A24: ='[4]Table-Y5(o)'!A23 | B24: ='[4]Table-Y5(o)'!B23 | C24: ='[4]Table-Y5(o)'!C23 | D24: ='[4]Table-Y5(o)'!D23 | E24: ='[4]Table-Y5(o)'!E23 | F24: ='[4]Table-Y5(o)'!F23 | G24: ='[4]Table-Y5(o)'!G23 | H24: ='[4]Table-Y5(o)'!H23 | ... S24: ='[4]Table-Y5(o)'!S23
A25: ALL CROPS | B25: ='[4]Table-Y5(o)'!B24 -> 10 | C25: ='[4]Table-Y5(o)'!C24 -> 6 | D25: ='[4]Table-Y5(o)'!D24 -> 0 | E25: ='[4]Table-Y5(o)'!E24 -> 0 | F25: ='[4]Table-Y5(o)'!F24 -> 0 | G25: ='[4]Table-Y5(o)'!G24 -> 0 | H25: ='[4]Table-Y5(o)'!H24 -> 0 | I25: ='[4]Table-Y5(o)'!I24 -> 0 | ... S25: ='[4]Table-Y5(o)'!S24 -> 4
A26: %AGE TO COL. (2) | C26: ='[4]Table-Y5(o)'!C25 -> 60 | D26: ='[4]Table-Y5(o)'!D25 -> 0 | E26: ='[4]Table-Y5(o)'!E25 -> 0 | F26: ='[4]Table-Y5(o)'!F25 -> 0 | G26: ='[4]Table-Y5(o)'!G25 -> 0 | H26: ='[4]Table-Y5(o)'!H25 -> 0 | I26: ='[4]Table-Y5(o)'!I25 -> 0 | J26: ='[4]Table-Y5(o)'!J25 -> 0 | ... S26: ='[4]Table-Y5(o)'!S25 -> 40
A28: NOTE: E0 | B28: NO ERROR | C28: E1 | D28: ERROR IN SELECTION OF SURVEY NUMBER E2 | J28: ERROR IN SELECTION OF FIELD WITHIN THE SURVEY/SUB-SURVEY NUMBERS
A29: E3 | B29: ERROR IN REPORTING SEED VARIETY | F29: E4 | G29: ERROR IN REOPRTING OF SEED RATE | L29: E5 | M29: ERROR IN REPORTING IRRIGATION PERTICULARS
A30: E6 | B30: ERROR IN REPROTING APPLICATION OF FERTILIZERS | H30: E7 | I30: ERROR IN REPORTING APPLICATION OF NUMBERS
A31: E8 | B31: ERROR IN REPORTING APPLICATION OF PESTICIDES | H31: E9 | I31: ERROR IN MEASUREMENT OF FIELD
A32: E10 | B32: ERROR IN CHECKING RANDOM NUMBER | H32: E11 | I32: ERROR IN LOCATION OF PLOT | N32: E12 | O32: ERROR IN PLOT DIMENSION
A33: E13 | B33: ERROR IN WEIGHMENT OF PRODUCE | H33: E14 | I33: INADEQUATE ARRANGEMENT FOR THE STORING THE PRODUCE FOR DRIAGE
A34: E15 | B34: ERROR IN REPORTING PROPORTION OF EXPERIMENTAL CROPS IN MIXTURE/WRONG REPORTING OF CONSTITUENTS.
A35: E16 | B35: ANYONE OF THE ITEM MISSING.
A36: Developed by: Deepak Kumar Agrawal, Senior Statistical Officer, NSSO (FOD), Faridabad, Haryana
A37: Table Y-5 CROPWISE DISTRIBUTION OF EXPERIMENTS IN THE CONDUCT OF WHICH DIFFERENT TYPES OF MISTAKES WERE OBSERVED.
A38: =A3 -> STATE:PUDUCHERRY(34) | D38: =D3 -> YEAR:2023-24 | H38: =H3 -> SEASON:RABI I(4) | L38: SAMPLE TYPE : STATE(2)
A39: CROP | B39: NO OF EXPTS CHECKED AT HARVEST/POST HARVEST | C39: NO.OF EXPERIMENTS FOR WHICH NO MISTAKES OBSERVED (E0). | D39: NO. OF EXPERIMENTS FOR WHICH DIFFERENT TYPES OF MISTAKES WERE OBSERVED.
D40: E1 | E40: E2 | F40: E3 | G40: E4 | H40: E5 | I40: E6 | J40: E7 | K40: E8 | L40: E9 | M40: E10 | N40: E11 | O40: E12 | P40: E13 | Q40: E14 | R40: E15 | S40: E16
A44: 1 | B44: 2 | C44: 3 | D44: 4 | E44: 5 | F44: 6 | G44: 7 | H44: 8 | I44: 9 | J44: 10 | K44: 11 | L44: 12 | M44: 13 | N44: 14 | O44: 15 | P44: 16 | Q44: 17 | R44: 18 | S44: 19
A45: ='[4]Table-Y5(o)'!U9 -> PADDY (97) | B45: ='[4]Table-Y5(o)'!V9 -> 10 | C45: ='[4]Table-Y5(o)'!W9 -> 10 | D45: ='[4]Table-Y5(o)'!X9 -> 0 | E45: ='[4]Table-Y5(o)'!Y9 -> 0 | F45: ='[4]Table-Y5(o)'!Z9 -> 0 | G45: ='[4]Table-Y5(o)'!AA9 -> 0 | H45: ='[4]Table-Y5(o)'!AB9 -> 0 | ... S45: ='[4]Table-Y5(o)'!AM9 -> 0
A46: ='[4]Table-Y5(o)'!U10 | B46: ='[4]Table-Y5(o)'!V10 | C46: ='[4]Table-Y5(o)'!W10 | D46: ='[4]Table-Y5(o)'!X10 | E46: ='[4]Table-Y5(o)'!Y10 | F46: ='[4]Table-Y5(o)'!Z10 | G46: ='[4]Table-Y5(o)'!AA10 | H46: ='[4]Table-Y5(o)'!AB10 | ... S46: ='[4]Table-Y5(o)'!AM10
A47: ='[4]Table-Y5(o)'!U11 | B47: ='[4]Table-Y5(o)'!V11 | C47: ='[4]Table-Y5(o)'!W11 | D47: ='[4]Table-Y5(o)'!X11 | E47: ='[4]Table-Y5(o)'!Y11 | F47: ='[4]Table-Y5(o)'!Z11 | G47: ='[4]Table-Y5(o)'!AA11 | H47: ='[4]Table-Y5(o)'!AB11 | ... S47: ='[4]Table-Y5(o)'!AM11
A48: ='[4]Table-Y5(o)'!U12 | B48: ='[4]Table-Y5(o)'!V12 | C48: ='[4]Table-Y5(o)'!W12 | D48: ='[4]Table-Y5(o)'!X12 | E48: ='[4]Table-Y5(o)'!Y12 | F48: ='[4]Table-Y5(o)'!Z12 | G48: ='[4]Table-Y5(o)'!AA12 | H48: ='[4]Table-Y5(o)'!AB12 | ... S48: ='[4]Table-Y5(o)'!AM12
A49: ='[4]Table-Y5(o)'!U13 | B49: ='[4]Table-Y5(o)'!V13 | C49: ='[4]Table-Y5(o)'!W13 | D49: ='[4]Table-Y5(o)'!X13 | E49: ='[4]Table-Y5(o)'!Y13 | F49: ='[4]Table-Y5(o)'!Z13 | G49: ='[4]Table-Y5(o)'!AA13 | H49: ='[4]Table-Y5(o)'!AB13 | ... S49: ='[4]Table-Y5(o)'!AM13
A50: ='[4]Table-Y5(o)'!U14 | B50: ='[4]Table-Y5(o)'!V14 | C50: ='[4]Table-Y5(o)'!W14 | D50: ='[4]Table-Y5(o)'!X14 | E50: ='[4]Table-Y5(o)'!Y14 | F50: ='[4]Table-Y5(o)'!Z14 | G50: ='[4]Table-Y5(o)'!AA14 | H50: ='[4]Table-Y5(o)'!AB14 | ... S50: ='[4]Table-Y5(o)'!AM14
A51: ='[4]Table-Y5(o)'!U15 | B51: ='[4]Table-Y5(o)'!V15 | C51: ='[4]Table-Y5(o)'!W15 | D51: ='[4]Table-Y5(o)'!X15 | E51: ='[4]Table-Y5(o)'!Y15 | F51: ='[4]Table-Y5(o)'!Z15 | G51: ='[4]Table-Y5(o)'!AA15 | H51: ='[4]Table-Y5(o)'!AB15 | ... S51: ='[4]Table-Y5(o)'!AM15
A52: ='[4]Table-Y5(o)'!U16 | B52: ='[4]Table-Y5(o)'!V16 | C52: ='[4]Table-Y5(o)'!W16 | D52: ='[4]Table-Y5(o)'!X16 | E52: ='[4]Table-Y5(o)'!Y16 | F52: ='[4]Table-Y5(o)'!Z16 | G52: ='[4]Table-Y5(o)'!AA16 | H52: ='[4]Table-Y5(o)'!AB16 | ... S52: ='[4]Table-Y5(o)'!AM16
A53: ='[4]Table-Y5(o)'!U17 | B53: ='[4]Table-Y5(o)'!V17 | C53: ='[4]Table-Y5(o)'!W17 | D53: ='[4]Table-Y5(o)'!X17 | E53: ='[4]Table-Y5(o)'!Y17 | F53: ='[4]Table-Y5(o)'!Z17 | G53: ='[4]Table-Y5(o)'!AA17 | H53: ='[4]Table-Y5(o)'!AB17 | ... S53: ='[4]Table-Y5(o)'!AM17
A54: ='[4]Table-Y5(o)'!U18 | B54: ='[4]Table-Y5(o)'!V18 | C54: ='[4]Table-Y5(o)'!W18 | D54: ='[4]Table-Y5(o)'!X18 | E54: ='[4]Table-Y5(o)'!Y18 | F54: ='[4]Table-Y5(o)'!Z18 | G54: ='[4]Table-Y5(o)'!AA18 | H54: ='[4]Table-Y5(o)'!AB18 | ... S54: ='[4]Table-Y5(o)'!AM18
A55: ='[4]Table-Y5(o)'!U19 | B55: ='[4]Table-Y5(o)'!V19 | C55: ='[4]Table-Y5(o)'!W19 | D55: ='[4]Table-Y5(o)'!X19 | E55: ='[4]Table-Y5(o)'!Y19 | F55: ='[4]Table-Y5(o)'!Z19 | G55: ='[4]Table-Y5(o)'!AA19 | H55: ='[4]Table-Y5(o)'!AB19 | ... S55: ='[4]Table-Y5(o)'!AM19
A56: ='[4]Table-Y5(o)'!U20 | B56: ='[4]Table-Y5(o)'!V20 | C56: ='[4]Table-Y5(o)'!W20 | D56: ='[4]Table-Y5(o)'!X20 | E56: ='[4]Table-Y5(o)'!Y20 | F56: ='[4]Table-Y5(o)'!Z20 | G56: ='[4]Table-Y5(o)'!AA20 | H56: ='[4]Table-Y5(o)'!AB20 | ... S56: ='[4]Table-Y5(o)'!AM20
... A59: ='[4]Table-Y5(o)'!U23 | B59: ='[4]Table-Y5(o)'!V23 | C59: ='[4]Table-Y5(o)'!W23 | D59: ='[4]Table-Y5(o)'!X23 | E59: ='[4]Table-Y5(o)'!Y23 | F59: ='[4]Table-Y5(o)'!Z23 | G59: ='[4]Table-Y5(o)'!AA23 | H59: ='[4]Table-Y5(o)'!AB23 | ... S59: ='[4]Table-Y5(o)'!AM23
A60: ALL CROPS | B60: ='[4]Table-Y5(o)'!V24 -> 10 | C60: ='[4]Table-Y5(o)'!W24 -> 10 | D60: ='[4]Table-Y5(o)'!X24 -> 0 | E60: ='[4]Table-Y5(o)'!Y24 -> 0 | F60: ='[4]Table-Y5(o)'!Z24 -> 0 | G60: ='[4]Table-Y5(o)'!AA24 -> 0 | H60: ='[4]Table-Y5(o)'!AB24 -> 0 | I60: ='[4]Table-Y5(o)'!AC24 -> 0 | ... S60: ='[4]Table-Y5(o)'!AM24 -> 0
A61: %AGE TO COL. (2) | C61: ='[4]Table-Y5(o)'!W25 -> 100 | D61: ='[4]Table-Y5(o)'!X25 -> 0 | E61: ='[4]Table-Y5(o)'!Y25 -> 0 | F61: ='[4]Table-Y5(o)'!Z25 -> 0 | G61: ='[4]Table-Y5(o)'!AA25 -> 0 | H61: ='[4]Table-Y5(o)'!AB25 -> 0 | I61: ='[4]Table-Y5(o)'!AC25 -> 0 | J61: ='[4]Table-Y5(o)'!AD25 -> 0 | ... S61: ='[4]Table-Y5(o)'!AM25 -> 0
A63: NOTE: E0 | B63: NO ERROR | C63: E1 | D63: ERROR IN SELECTION OF SURVEY NUMBER E2 | J63: ERROR IN SELECTION OF FIELD WITHIN THE SURVEY/SUB-SURVEY NUMBERS
A64: E3 | B64: ERROR IN REPORTING SEED VARIETY | F64: E4 | G64: ERROR IN REOPRTING OF SEED RATE | L64: E5 | M64: ERROR IN REPORTING IRRIGATION PERTICULARS
A65: E6 | B65: ERROR IN REPROTING APPLICATION OF FERTILIZERS | H65: E7 | I65: ERROR IN REPORTING APPLICATION OF NUMBERS
A66: E8 | B66: ERROR IN REPORTING APPLICATION OF PESTICIDES | H66: E9 | I66: ERROR IN MEASUREMENT OF FIELD
A67: E10 | B67: ERROR IN CHECKING RANDOM NUMBER | H67: E11 | I67: ERROR IN LOCATION OF PLOT | N67: E12 | O67: ERROR IN PLOT DIMENSION
A68: E13 | B68: ERROR IN WEIGHMENT OF PRODUCE | H68: E14 | I68: INADEQUATE ARRANGEMENT FOR THE STORING THE PRODUCE FOR DRIAGE
A69: E15 | B69: ERROR IN REPORTING PROPORTION OF EXPERIMENTAL CROPS IN MIXTURE/WRONG REPORTING OF CONSTITUENTS.
A70: E16 | B70: ANYONE OF THE ITEM MISSING.
A71: Developed by: Deepak Kumar Agrawal, Senior Statistical Officer, NSSO (FOD), Faridabad, Haryana

Sheet RC7-Y6
A2: TABLE Y-6: POSITION OF SUPPLY AND USE OF EQUIPMENT.
A3: ='RC7-Y5'!A3 -> STATE:PUDUCHERRY(34) | E3: ='RC7-Y5'!D3 -> YEAR:2023-24 | I3: ='RC7-Y5'!H3 -> SEASON:RABI I(4) | N3: SAMPLE TYPE : CENTRAL(1)
A4: CROP | C4: ITEM OF EQUIPMENT | D4: NO.OF EXPTS SUPERVISED(HARVEST&POST HARVEST)FOR WHICH EQUIPMENT WAS
D5: SUPPLIED | J5: NOT SUPPLIED | O5: INFORMATION ABOUT SUPPLY NOT AVAILABLE | P5: TOTAL (COL. 8 +13 + 14 )
D6: AND USED | E6: BUT USED LOCALLY PROCURED ONE | G6: BUT NOT USED THOUGH REQUIRED | H6: BUT NOT REQUIRED TO BE USED | I6: TOTAL | J6: USED LOCALLY PROCURED ONE | L6: AND ALSO NOT USED THOUGH REQUIRED | M6: AS NOT REQUIRED | N6: TOTAL
E7: STANDARD | F7: NON STANDARD | J7: STANDARD | K7: NON STANDARD
A8: 1 | C8: 2 | D8: 3 | E8: 4 | F8: 5 | G8: 6 | H8: 7 | I8: 8 | J8: 9 | K8: 10 | L8: 11 | M8: 12 | N8: 13 | O8: 14 | P8: 15
A9: ='[4]Table-Y6(o)'!A8 -> PADDY (97) | B9: ='[4]Table-Y6(o)'!B8 -> PADDY (97) | C9: ='[4]Table-Y6(o)'!C8 -> TAPE | D9: ='[4]Table-Y6(o)'!D8 -> 10 | E9: ='[4]Table-Y6(o)'!E8 -> 0 | F9: ='[4]Table-Y6(o)'!F8 -> 0 | G9: ='[4]Table-Y6(o)'!G8 -> 0 | H9: ='[4]Table-Y6(o)'!H8 -> 0 | ... P9: ='[4]Table-Y6(o)'!P8 -> 10
B10: ='[4]Table-Y6(o)'!B9 -> PADDY (97) | C10: ='[4]Table-Y6(o)'!C9 -> BALANCE | D10: ='[4]Table-Y6(o)'!D9 -> 10 | E10: ='[4]Table-Y6(o)'!E9 -> 0 | F10: ='[4]Table-Y6(o)'!F9 -> 0 | G10: ='[4]Table-Y6(o)'!G9 -> 0 | H10: ='[4]Table-Y6(o)'!H9 -> 0 | I10: ='[4]Table-Y6(o)'!I9 -> 10 | ... P10: ='[4]Table-Y6(o)'!P9 -> 10
B11: ='[4]Table-Y6(o)'!B10 -> PADDY (97) | C11: ='[4]Table-Y6(o)'!C10 -> WEIGHT | D11: ='[4]Table-Y6(o)'!D10 -> 0 | E11: ='[4]Table-Y6(o)'!E10 -> 0 | F11: ='[4]Table-Y6(o)'!F10 -> 0 | G11: ='[4]Table-Y6(o)'!G10 -> 0 | H11: ='[4]Table-Y6(o)'!H10 -> 0 | I11: ='[4]Table-Y6(o)'!I10 -> 0 | ... P11: ='[4]Table-Y6(o)'!P10 -> 10
B12: ='[4]Table-Y6(o)'!B11 -> PADDY (97) | C12: ='[4]Table-Y6(o)'!C11 -> PEGS | D12: ='[4]Table-Y6(o)'!D11 -> 10 | E12: ='[4]Table-Y6(o)'!E11 -> 0 | F12: ='[4]Table-Y6(o)'!F11 -> 0 | G12: ='[4]Table-Y6(o)'!G11 -> 0 | H12: ='[4]Table-Y6(o)'!H11 -> 0 | I12: ='[4]Table-Y6(o)'!I11 -> 10 | ... P12: ='[4]Table-Y6(o)'!P11 -> 10
A13: ='[4]Table-Y6(o)'!A12 | B13: ='[4]Table-Y6(o)'!B12 | C13: ='[4]Table-Y6(o)'!C12 | D13: ='[4]Table-Y6(o)'!D12 | E13: ='[4]Table-Y6(o)'!E12 | F13: ='[4]Table-Y6(o)'!F12 | G13: ='[4]Table-Y6(o)'!G12 | H13: ='[4]Table-Y6(o)'!H12 | ... P13: ='[4]Table-Y6(o)'!P12
B14: ='[4]Table-Y6(o)'!B13 | C14: ='[4]Table-Y6(o)'!C13 | D14: ='[4]Table-Y6(o)'!D13 | E14: ='[4]Table-Y6(o)'!E13 | F14: ='[4]Table-Y6(o)'!F13 | G14: ='[4]Table-Y6(o)'!G13 | H14: ='[4]Table-Y6(o)'!H13 | I14: ='[4]Table-Y6(o)'!I13 | ... P14: ='[4]Table-Y6(o)'!P13
B15: ='[4]Table-Y6(o)'!B14 | C15: ='[4]Table-Y6(o)'!C14 | D15: ='[4]Table-Y6(o)'!D14 | E15: ='[4]Table-Y6(o)'!E14 | F15: ='[4]Table-Y6(o)'!F14 | G15: ='[4]Table-Y6(o)'!G14 | H15: ='[4]Table-Y6(o)'!H14 | I15: ='[4]Table-Y6(o)'!I14 | ... P15: ='[4]Table-Y6(o)'!P14
B16: ='[4]Table-Y6(o)'!B15 | C16: ='[4]Table-Y6(o)'!C15 | D16: ='[4]Table-Y6(o)'!D15 | E16: ='[4]Table-Y6(o)'!E15 | F16: ='[4]Table-Y6(o)'!F15 | G16: ='[4]Table-Y6(o)'!G15 | H16: ='[4]Table-Y6(o)'!H15 | I16: ='[4]Table-Y6(o)'!I15 | ... P16: ='[4]Table-Y6(o)'!P15
A17: ='[4]Table-Y6(o)'!A16 | B17: ='[4]Table-Y6(o)'!B16 | C17: ='[4]Table-Y6(o)'!C16 | D17: ='[4]Table-Y6(o)'!D16 | E17: ='[4]Table-Y6(o)'!E16 | F17: ='[4]Table-Y6(o)'!F16 | G17: ='[4]Table-Y6(o)'!G16 | H17: ='[4]Table-Y6(o)'!H16 | ... P17: ='[4]Table-Y6(o)'!P16
B18: ='[4]Table-Y6(o)'!B17 | C18: ='[4]Table-Y6(o)'!C17 | D18: ='[4]Table-Y6(o)'!D17 | E18: ='[4]Table-Y6(o)'!E17 | F18: ='[4]Table-Y6(o)'!F17 | G18: ='[4]Table-Y6(o)'!G17 | H18: ='[4]Table-Y6(o)'!H17 | I18: ='[4]Table-Y6(o)'!I17 | ... P18: ='[4]Table-Y6(o)'!P17
B19: ='[4]Table-Y6(o)'!B18 | C19: ='[4]Table-Y6(o)'!C18 | D19: ='[4]Table-Y6(o)'!D18 | E19: ='[4]Table-Y6(o)'!E18 | F19: ='[4]Table-Y6(o)'!F18 | G19: ='[4]Table-Y6(o)'!G18 | H19: ='[4]Table-Y6(o)'!H18 | I19: ='[4]Table-Y6(o)'!I18 | ... P19: ='[4]Table-Y6(o)'!P18
B20: ='[4]Table-Y6(o)'!B19 | C20: ='[4]Table-Y6(o)'!C19 | D20: ='[4]Table-Y6(o)'!D19 | E20: ='[4]Table-Y6(o)'!E19 | F20: ='[4]Table-Y6(o)'!F19 | G20: ='[4]Table-Y6(o)'!G19 | H20: ='[4]Table-Y6(o)'!H19 | I20: ='[4]Table-Y6(o)'!I19 | ... P20: ='[4]Table-Y6(o)'!P19
A21: ='[4]Table-Y6(o)'!A20 | B21: ='[4]Table-Y6(o)'!B20 | C21: ='[4]Table-Y6(o)'!C20 | D21: ='[4]Table-Y6(o)'!D20 | E21: ='[4]Table-Y6(o)'!E20 | F21: ='[4]Table-Y6(o)'!F20 | G21: ='[4]Table-Y6(o)'!G20 | H21: ='[4]Table-Y6(o)'!H20 | ... P21: ='[4]Table-Y6(o)'!P20
B22: ='[4]Table-Y6(o)'!B21 | C22: ='[4]Table-Y6(o)'!C21 | D22: ='[4]Table-Y6(o)'!D21 | E22: ='[4]Table-Y6(o)'!E21 | F22: ='[4]Table-Y6(o)'!F21 | G22: ='[4]Table-Y6(o)'!G21 | H22: ='[4]Table-Y6(o)'!H21 | I22: ='[4]Table-Y6(o)'!I21 | ... P22: ='[4]Table-Y6(o)'!P21
B23: ='[4]Table-Y6(o)'!B22 | C23: ='[4]Table-Y6(o)'!C22 | D23: ='[4]Table-Y6(o)'!D22 | E23: ='[4]Table-Y6(o)'!E22 | F23: ='[4]Table-Y6(o)'!F22 | G23: ='[4]Table-Y6(o)'!G22 | H23: ='[4]Table-Y6(o)'!H22 | I23: ='[4]Table-Y6(o)'!I22 | ... P23: ='[4]Table-Y6(o)'!P22
B24: ='[4]Table-Y6(o)'!B23 | C24: ='[4]Table-Y6(o)'!C23 | D24: ='[4]Table-Y6(o)'!D23 | E24: ='[4]Table-Y6(o)'!E23 | F24: ='[4]Table-Y6(o)'!F23 | G24: ='[4]Table-Y6(o)'!G23 | H24: ='[4]Table-Y6(o)'!H23 | I24: ='[4]Table-Y6(o)'!I23 | ... P24: ='[4]Table-Y6(o)'!P23
A25: ='[4]Table-Y6(o)'!A24 | B25: ='[4]Table-Y6(o)'!B24 | C25: ='[4]Table-Y6(o)'!C24 | D25: ='[4]Table-Y6(o)'!D24 | E25: ='[4]Table-Y6(o)'!E24 | F25: ='[4]Table-Y6(o)'!F24 | G25: ='[4]Table-Y6(o)'!G24 | H25: ='[4]Table-Y6(o)'!H24 | ... P25: ='[4]Table-Y6(o)'!P24
B26: ='[4]Table-Y6(o)'!B25 | C26: ='[4]Table-Y6(o)'!C25 | D26: ='[4]Table-Y6(o)'!D25 | E26: ='[4]Table-Y6(o)'!E25 | F26: ='[4]Table-Y6(o)'!F25 | G26: ='[4]Table-Y6(o)'!G25 | H26: ='[4]Table-Y6(o)'!H25 | I26: ='[4]Table-Y6(o)'!I25 | ... P26: ='[4]Table-Y6(o)'!P25
B27: ='[4]Table-Y6(o)'!B26 | C27: ='[4]Table-Y6(o)'!C26 | D27: ='[4]Table-Y6(o)'!D26 | E27: ='[4]Table-Y6(o)'!E26 | F27: ='[4]Table-Y6(o)'!F26 | G27: ='[4]Table-Y6(o)'!G26 | H27: ='[4]Table-Y6(o)'!H26 | I27: ='[4]Table-Y6(o)'!I26 | ... P27: ='[4]Table-Y6(o)'!P26
B28: ='[4]Table-Y6(o)'!B27 | C28: ='[4]Table-Y6(o)'!C27 | D28: ='[4]Table-Y6(o)'!D27 | E28: ='[4]Table-Y6(o)'!E27 | F28: ='[4]Table-Y6(o)'!F27 | G28: ='[4]Table-Y6(o)'!G27 | H28: ='[4]Table-Y6(o)'!H27 | I28: ='[4]Table-Y6(o)'!I27 | ... P28: ='[4]Table-Y6(o)'!P27
A29: ='[4]Table-Y6(o)'!A28 | B29: ='[4]Table-Y6(o)'!B28 | C29: ='[4]Table-Y6(o)'!C28 | D29: ='[4]Table-Y6(o)'!D28 | E29: ='[4]Table-Y6(o)'!E28 | F29: ='[4]Table-Y6(o)'!F28 | G29: ='[4]Table-Y6(o)'!G28 | H29: ='[4]Table-Y6(o)'!H28 | ... P29: ='[4]Table-Y6(o)'!P28
B30: ='[4]Table-Y6(o)'!B29 | C30: ='[4]Table-Y6(o)'!C29 | D30: ='[4]Table-Y6(o)'!D29 | E30: ='[4]Table-Y6(o)'!E29 | F30: ='[4]Table-Y6(o)'!F29 | G30: ='[4]Table-Y6(o)'!G29 | H30: ='[4]Table-Y6(o)'!H29 | I30: ='[4]Table-Y6(o)'!I29 | ... P30: ='[4]Table-Y6(o)'!P29
B31: ='[4]Table-Y6(o)'!B30 | C31: ='[4]Table-Y6(o)'!C30 | D31: ='[4]Table-Y6(o)'!D30 | E31: ='[4]Table-Y6(o)'!E30 | F31: ='[4]Table-Y6(o)'!F30 | G31: ='[4]Table-Y6(o)'!G30 | H31: ='[4]Table-Y6(o)'!H30 | I31: ='[4]Table-Y6(o)'!I30 | ... P31: ='[4]Table-Y6(o)'!P30
B32: ='[4]Table-Y6(o)'!B31 | C32: ='[4]Table-Y6(o)'!C31 | D32: ='[4]Table-Y6(o)'!D31 | E32: ='[4]Table-Y6(o)'!E31 | F32: ='[4]Table-Y6(o)'!F31 | G32: ='[4]Table-Y6(o)'!G31 | H32: ='[4]Table-Y6(o)'!H31 | I32: ='[4]Table-Y6(o)'!I31 | ... P32: ='[4]Table-Y6(o)'!P31
A33: ='[4]Table-Y6(o)'!A32 | B33: ='[4]Table-Y6(o)'!B32 | C33: ='[4]Table-Y6(o)'!C32 | D33: ='[4]Table-Y6(o)'!D32 | E33: ='[4]Table-Y6(o)'!E32 | F33: ='[4]Table-Y6(o)'!F32 | G33: ='[4]Table-Y6(o)'!G32 | H33: ='[4]Table-Y6(o)'!H32 | ... P33: ='[4]Table-Y6(o)'!P32
B34: ='[4]Table-Y6(o)'!B33 | C34: ='[4]Table-Y6(o)'!C33 | D34: ='[4]Table-Y6(o)'!D33 | E34: ='[4]Table-Y6(o)'!E33 | F34: ='[4]Table-Y6(o)'!F33 | G34: ='[4]Table-Y6(o)'!G33 | H34: ='[4]Table-Y6(o)'!H33 | I34: ='[4]Table-Y6(o)'!I33 | ... P34: ='[4]Table-Y6(o)'!P33
B35: ='[4]Table-Y6(o)'!B34 | C35: ='[4]Table-Y6(o)'!C34 | D35: ='[4]Table-Y6(o)'!D34 | E35: ='[4]Table-Y6(o)'!E34 | F35: ='[4]Table-Y6(o)'!F34 | G35: ='[4]Table-Y6(o)'!G34 | H35: ='[4]Table-Y6(o)'!H34 | I35: ='[4]Table-Y6(o)'!I34 | ... P35: ='[4]Table-Y6(o)'!P34
B36: ='[4]Table-Y6(o)'!B35 | C36: ='[4]Table-Y6(o)'!C35 | D36: ='[4]Table-Y6(o)'!D35 | E36: ='[4]Table-Y6(o)'!E35 | F36: ='[4]Table-Y6(o)'!F35 | G36: ='[4]Table-Y6(o)'!G35 | H36: ='[4]Table-Y6(o)'!H35 | I36: ='[4]Table-Y6(o)'!I35 | ... P36: ='[4]Table-Y6(o)'!P35
A37: ='[4]Table-Y6(o)'!A36 | B37: ='[4]Table-Y6(o)'!B36 | C37: ='[4]Table-Y6(o)'!C36 | D37: ='[4]Table-Y6(o)'!D36 | E37: ='[4]Table-Y6(o)'!E36 | F37: ='[4]Table-Y6(o)'!F36 | G37: ='[4]Table-Y6(o)'!G36 | H37: ='[4]Table-Y6(o)'!H36 | ... P37: ='[4]Table-Y6(o)'!P36
B38: ='[4]Table-Y6(o)'!B37 | C38: ='[4]Table-Y6(o)'!C37 | D38: ='[4]Table-Y6(o)'!D37 | E38: ='[4]Table-Y6(o)'!E37 | F38: ='[4]Table-Y6(o)'!F37 | G38: ='[4]Table-Y6(o)'!G37 | H38: ='[4]Table-Y6(o)'!H37 | I38: ='[4]Table-Y6(o)'!I37 | ... P38: ='[4]Table-Y6(o)'!P37
B39: ='[4]Table-Y6(o)'!B38 | C39: ='[4]Table-Y6(o)'!C38 | D39: ='[4]Table-Y6(o)'!D38 | E39: ='[4]Table-Y6(o)'!E38 | F39: ='[4]Table-Y6(o)'!F38 | G39: ='[4]Table-Y6(o)'!G38 | H39: ='[4]Table-Y6(o)'!H38 | I39: ='[4]Table-Y6(o)'!I38 | ... P39: ='[4]Table-Y6(o)'!P38
B40: ='[4]Table-Y6(o)'!B39 | C40: ='[4]Table-Y6(o)'!C39 | D40: ='[4]Table-Y6(o)'!D39 | E40: ='[4]Table-Y6(o)'!E39 | F40: ='[4]Table-Y6(o)'!F39 | G40: ='[4]Table-Y6(o)'!G39 | H40: ='[4]Table-Y6(o)'!H39 | I40: ='[4]Table-Y6(o)'!I39 | ... P40: ='[4]Table-Y6(o)'!P39
A41: ='[4]Table-Y6(o)'!A40 | B41: ='[4]Table-Y6(o)'!B40 | C41: ='[4]Table-Y6(o)'!C40 | D41: ='[4]Table-Y6(o)'!D40 | E41: ='[4]Table-Y6(o)'!E40 | F41: ='[4]Table-Y6(o)'!F40 | G41: ='[4]Table-Y6(o)'!G40 | H41: ='[4]Table-Y6(o)'!H40 | ... P41: ='[4]Table-Y6(o)'!P40
B42: ='[4]Table-Y6(o)'!B41 | C42: ='[4]Table-Y6(o)'!C41 | D42: ='[4]Table-Y6(o)'!D41 | E42: ='[4]Table-Y6(o)'!E41 | F42: ='[4]Table-Y6(o)'!F41 | G42: ='[4]Table-Y6(o)'!G41 | H42: ='[4]Table-Y6(o)'!H41 | I42: ='[4]Table-Y6(o)'!I41 | ... P42: ='[4]Table-Y6(o)'!P41
B43: ='[4]Table-Y6(o)'!B42 | C43: ='[4]Table-Y6(o)'!C42 | D43: ='[4]Table-Y6(o)'!D42 | E43: ='[4]Table-Y6(o)'!E42 | F43: ='[4]Table-Y6(o)'!F42 | G43: ='[4]Table-Y6(o)'!G42 | H43: ='[4]Table-Y6(o)'!H42 | I43: ='[4]Table-Y6(o)'!I42 | ... P43: ='[4]Table-Y6(o)'!P42
B44: ='[4]Table-Y6(o)'!B43 | C44: ='[4]Table-Y6(o)'!C43 | D44: ='[4]Table-Y6(o)'!D43 | E44: ='[4]Table-Y6(o)'!E43 | F44: ='[4]Table-Y6(o)'!F43 | G44: ='[4]Table-Y6(o)'!G43 | H44: ='[4]Table-Y6(o)'!H43 | I44: ='[4]Table-Y6(o)'!I43 | ... P44: ='[4]Table-Y6(o)'!P43
A45: ='[4]Table-Y6(o)'!A44 | B45: ='[4]Table-Y6(o)'!B44 | C45: ='[4]Table-Y6(o)'!C44 | D45: ='[4]Table-Y6(o)'!D44 | E45: ='[4]Table-Y6(o)'!E44 | F45: ='[4]Table-Y6(o)'!F44 | G45: ='[4]Table-Y6(o)'!G44 | H45: ='[4]Table-Y6(o)'!H44 | ... P45: ='[4]Table-Y6(o)'!P44
B46: ='[4]Table-Y6(o)'!B45 | C46: ='[4]Table-Y6(o)'!C45 | D46: ='[4]Table-Y6(o)'!D45 | E46: ='[4]Table-Y6(o)'!E45 | F46: ='[4]Table-Y6(o)'!F45 | G46: ='[4]Table-Y6(o)'!G45 | H46: ='[4]Table-Y6(o)'!H45 | I46: ='[4]Table-Y6(o)'!I45 | ... P46: ='[4]Table-Y6(o)'!P45
B47: ='[4]Table-Y6(o)'!B46 | C47: ='[4]Table-Y6(o)'!C46 | D47: ='[4]Table-Y6(o)'!D46 | E47: ='[4]Table-Y6(o)'!E46 | F47: ='[4]Table-Y6(o)'!F46 | G47: ='[4]Table-Y6(o)'!G46 | H47: ='[4]Table-Y6(o)'!H46 | I47: ='[4]Table-Y6(o)'!I46 | ... P47: ='[4]Table-Y6(o)'!P46
B48: ='[4]Table-Y6(o)'!B47 | C48: ='[4]Table-Y6(o)'!C47 | D48: ='[4]Table-Y6(o)'!D47 | E48: ='[4]Table-Y6(o)'!E47 | F48: ='[4]Table-Y6(o)'!F47 | G48: ='[4]Table-Y6(o)'!G47 | H48: ='[4]Table-Y6(o)'!H47 | I48: ='[4]Table-Y6(o)'!I47 | ... P48: ='[4]Table-Y6(o)'!P47
A49: ='[4]Table-Y6(o)'!A48 | B49: ='[4]Table-Y6(o)'!B48 | C49: ='[4]Table-Y6(o)'!C48 | D49: ='[4]Table-Y6(o)'!D48 | E49: ='[4]Table-Y6(o)'!E48 | F49: ='[4]Table-Y6(o)'!F48 | G49: ='[4]Table-Y6(o)'!G48 | H49: ='[4]Table-Y6(o)'!H48 | ... P49: ='[4]Table-Y6(o)'!P48
B50: ='[4]Table-Y6(o)'!B49 | C50: ='[4]Table-Y6(o)'!C49 | D50: ='[4]Table-Y6(o)'!D49 | E50: ='[4]Table-Y6(o)'!E49 | F50: ='[4]Table-Y6(o)'!F49 | G50: ='[4]Table-Y6(o)'!G49 | H50: ='[4]Table-Y6(o)'!H49 | I50: ='[4]Table-Y6(o)'!I49 | ... P50: ='[4]Table-Y6(o)'!P49
B51: ='[4]Table-Y6(o)'!B50 | C51: ='[4]Table-Y6(o)'!C50 | D51: ='[4]Table-Y6(o)'!D50 | E51: ='[4]Table-Y6(o)'!E50 | F51: ='[4]Table-Y6(o)'!F50 | G51: ='[4]Table-Y6(o)'!G50 | H51: ='[4]Table-Y6(o)'!H50 | I51: ='[4]Table-Y6(o)'!I50 | ... P51: ='[4]Table-Y6(o)'!P50
B52: ='[4]Table-Y6(o)'!B51 | C52: ='[4]Table-Y6(o)'!C51 | D52: ='[4]Table-Y6(o)'!D51 | E52: ='[4]Table-Y6(o)'!E51 | F52: ='[4]Table-Y6(o)'!F51 | G52: ='[4]Table-Y6(o)'!G51 | H52: ='[4]Table-Y6(o)'!H51 | I52: ='[4]Table-Y6(o)'!I51 | ... P52: ='[4]Table-Y6(o)'!P51
A53: ='[4]Table-Y6(o)'!A52 | B53: ='[4]Table-Y6(o)'!B52 | C53: ='[4]Table-Y6(o)'!C52 | D53: ='[4]Table-Y6(o)'!D52 | E53: ='[4]Table-Y6(o)'!E52 | F53: ='[4]Table-Y6(o)'!F52 | G53: ='[4]Table-Y6(o)'!G52 | H53: ='[4]Table-Y6(o)'!H52 | ... P53: ='[4]Table-Y6(o)'!P52
B54: ='[4]Table-Y6(o)'!B53 | C54: ='[4]Table-Y6(o)'!C53 | D54: ='[4]Table-Y6(o)'!D53 | E54: ='[4]Table-Y6(o)'!E53 | F54: ='[4]Table-Y6(o)'!F53 | G54: ='[4]Table-Y6(o)'!G53 | H54: ='[4]Table-Y6(o)'!H53 | I54: ='[4]Table-Y6(o)'!I53 | ... P54: ='[4]Table-Y6(o)'!P53
B55: ='[4]Table-Y6(o)'!B54 | C55: ='[4]Table-Y6(o)'!C54 | D55: ='[4]Table-Y6(o)'!D54 | E55: ='[4]Table-Y6(o)'!E54 | F55: ='[4]Table-Y6(o)'!F54 | G55: ='[4]Table-Y6(o)'!G54 | H55: ='[4]Table-Y6(o)'!H54 | I55: ='[4]Table-Y6(o)'!I54 | ... P55: ='[4]Table-Y6(o)'!P54
B56: ='[4]Table-Y6(o)'!B55 | C56: ='[4]Table-Y6(o)'!C55 | D56: ='[4]Table-Y6(o)'!D55 | E56: ='[4]Table-Y6(o)'!E55 | F56: ='[4]Table-Y6(o)'!F55 | G56: ='[4]Table-Y6(o)'!G55 | H56: ='[4]Table-Y6(o)'!H55 | I56: ='[4]Table-Y6(o)'!I55 | ... P56: ='[4]Table-Y6(o)'!P55
A57: ='[4]Table-Y6(o)'!A56 | B57: ='[4]Table-Y6(o)'!B56 | C57: ='[4]Table-Y6(o)'!C56 | D57: ='[4]Table-Y6(o)'!D56 | E57: ='[4]Table-Y6(o)'!E56 | F57: ='[4]Table-Y6(o)'!F56 | G57: ='[4]Table-Y6(o)'!G56 | H57: ='[4]Table-Y6(o)'!H56 | ... P57: ='[4]Table-Y6(o)'!P56
B58: ='[4]Table-Y6(o)'!B57 | C58: ='[4]Table-Y6(o)'!C57 | D58: ='[4]Table-Y6(o)'!D57 | E58: ='[4]Table-Y6(o)'!E57 | F58: ='[4]Table-Y6(o)'!F57 | G58: ='[4]Table-Y6(o)'!G57 | H58: ='[4]Table-Y6(o)'!H57 | I58: ='[4]Table-Y6(o)'!I57 | ... P58: ='[4]Table-Y6(o)'!P57
B59: ='[4]Table-Y6(o)'!B58 | C59: ='[4]Table-Y6(o)'!C58 | D59: ='[4]Table-Y6(o)'!D58 | E59: ='[4]Table-Y6(o)'!E58 | F59: ='[4]Table-Y6(o)'!F58 | G59: ='[4]Table-Y6(o)'!G58 | H59: ='[4]Table-Y6(o)'!H58 | I59: ='[4]Table-Y6(o)'!I58 | ... P59: ='[4]Table-Y6(o)'!P58
B60: ='[4]Table-Y6(o)'!B59 | C60: ='[4]Table-Y6(o)'!C59 | D60: ='[4]Table-Y6(o)'!D59 | E60: ='[4]Table-Y6(o)'!E59 | F60: ='[4]Table-Y6(o)'!F59 | G60: ='[4]Table-Y6(o)'!G59 | H60: ='[4]Table-Y6(o)'!H59 | I60: ='[4]Table-Y6(o)'!I59 | ... P60: ='[4]Table-Y6(o)'!P59
A61: ='[4]Table-Y6(o)'!A60 | B61: ='[4]Table-Y6(o)'!B60 | C61: ='[4]Table-Y6(o)'!C60 | D61: ='[4]Table-Y6(o)'!D60 | E61: ='[4]Table-Y6(o)'!E60 | F61: ='[4]Table-Y6(o)'!F60 | G61: ='[4]Table-Y6(o)'!G60 | H61: ='[4]Table-Y6(o)'!H60 | ... P61: ='[4]Table-Y6(o)'!P60
B62: ='[4]Table-Y6(o)'!B61 | C62: ='[4]Table-Y6(o)'!C61 | D62: ='[4]Table-Y6(o)'!D61 | E62: ='[4]Table-Y6(o)'!E61 | F62: ='[4]Table-Y6(o)'!F61 | G62: ='[4]Table-Y6(o)'!G61 | H62: ='[4]Table-Y6(o)'!H61 | I62: ='[4]Table-Y6(o)'!I61 | ... P62: ='[4]Table-Y6(o)'!P61
B63: ='[4]Table-Y6(o)'!B62 | C63: ='[4]Table-Y6(o)'!C62 | D63: ='[4]Table-Y6(o)'!D62 | E63: ='[4]Table-Y6(o)'!E62 | F63: ='[4]Table-Y6(o)'!F62 | G63: ='[4]Table-Y6(o)'!G62 | H63: ='[4]Table-Y6(o)'!H62 | I63: ='[4]Table-Y6(o)'!I62 | ... P63: ='[4]Table-Y6(o)'!P62
B64: ='[4]Table-Y6(o)'!B63 | C64: ='[4]Table-Y6(o)'!C63 | D64: ='[4]Table-Y6(o)'!D63 | E64: ='[4]Table-Y6(o)'!E63 | F64: ='[4]Table-Y6(o)'!F63 | G64: ='[4]Table-Y6(o)'!G63 | H64: ='[4]Table-Y6(o)'!H63 | I64: ='[4]Table-Y6(o)'!I63 | ... P64: ='[4]Table-Y6(o)'!P63
A65: ='[4]Table-Y6(o)'!A64 | B65: ='[4]Table-Y6(o)'!B64 | C65: ='[4]Table-Y6(o)'!C64 | D65: ='[4]Table-Y6(o)'!D64 | E65: ='[4]Table-Y6(o)'!E64 | F65: ='[4]Table-Y6(o)'!F64 | G65: ='[4]Table-Y6(o)'!G64 | H65: ='[4]Table-Y6(o)'!H64 | ... P65: ='[4]Table-Y6(o)'!P64
B66: ='[4]Table-Y6(o)'!B65 | C66: ='[4]Table-Y6(o)'!C65 | D66: ='[4]Table-Y6(o)'!D65 | E66: ='[4]Table-Y6(o)'!E65 | F66: ='[4]Table-Y6(o)'!F65 | G66: ='[4]Table-Y6(o)'!G65 | H66: ='[4]Table-Y6(o)'!H65 | I66: ='[4]Table-Y6(o)'!I65 | ... P66: ='[4]Table-Y6(o)'!P65
B67: ='[4]Table-Y6(o)'!B66 | C67: ='[4]Table-Y6(o)'!C66 | D67: ='[4]Table-Y6(o)'!D66 | E67: ='[4]Table-Y6(o)'!E66 | F67: ='[4]Table-Y6(o)'!F66 | G67: ='[4]Table-Y6(o)'!G66 | H67: ='[4]Table-Y6(o)'!H66 | I67: ='[4]Table-Y6(o)'!I66 | ... P67: ='[4]Table-Y6(o)'!P66
B68: ='[4]Table-Y6(o)'!B67 | C68: ='[4]Table-Y6(o)'!C67 | D68: ='[4]Table-Y6(o)'!D67 | E68: ='[4]Table-Y6(o)'!E67 | F68: ='[4]Table-Y6(o)'!F67 | G68: ='[4]Table-Y6(o)'!G67 | H68: ='[4]Table-Y6(o)'!H67 | I68: ='[4]Table-Y6(o)'!I67 | ... P68: ='[4]Table-Y6(o)'!P67
A69: ALL CROPS | C69: TAPE | D69: ='[4]Table-Y6(o)'!D68 -> 10 | E69: ='[4]Table-Y6(o)'!E68 -> 0 | F69: ='[4]Table-Y6(o)'!F68 -> 0 | G69: ='[4]Table-Y6(o)'!G68 -> 0 | H69: ='[4]Table-Y6(o)'!H68 -> 0 | I69: ='[4]Table-Y6(o)'!I68 -> 10 | J69: ='[4]Table-Y6(o)'!J68 -> 0 | K69: ='[4]Table-Y6(o)'!K68 -> 0 | ... P69: ='[4]Table-Y6(o)'!P68 -> 10
C70: BALANCE | D70: ='[4]Table-Y6(o)'!D69 -> 10 | E70: ='[4]Table-Y6(o)'!E69 -> 0 | F70: ='[4]Table-Y6(o)'!F69 -> 0 | G70: ='[4]Table-Y6(o)'!G69 -> 0 | H70: ='[4]Table-Y6(o)'!H69 -> 0 | I70: ='[4]Table-Y6(o)'!I69 -> 10 | J70: ='[4]Table-Y6(o)'!J69 -> 0 | K70: ='[4]Table-Y6(o)'!K69 -> 0 | ... P70: ='[4]Table-Y6(o)'!P69 -> 10
C71: WEIGHT | D71: ='[4]Table-Y6(o)'!D70 -> 0 | E71: ='[4]Table-Y6(o)'!E70 -> 0 | F71: ='[4]Table-Y6(o)'!F70 -> 0 | G71: ='[4]Table-Y6(o)'!G70 -> 0 | H71: ='[4]Table-Y6(o)'!H70 -> 0 | I71: ='[4]Table-Y6(o)'!I70 -> 0 | J71: ='[4]Table-Y6(o)'!J70 -> 0 | K71: ='[4]Table-Y6(o)'!K70 -> 0 | ... P71: ='[4]Table-Y6(o)'!P70 -> 10
C72: PEGS | D72: ='[4]Table-Y6(o)'!D71 -> 10 | E72: ='[4]Table-Y6(o)'!E71 -> 0 | F72: ='[4]Table-Y6(o)'!F71 -> 0 | G72: ='[4]Table-Y6(o)'!G71 -> 0 | H72: ='[4]Table-Y6(o)'!H71 -> 0 | I72: ='[4]Table-Y6(o)'!I71 -> 10 | J72: ='[4]Table-Y6(o)'!J71 -> 0 | K72: ='[4]Table-Y6(o)'!K71 -> 0 | ... P72: ='[4]Table-Y6(o)'!P71 -> 10
A73: NOTE: | C73: IN TOTAL LINE FOR COL(3) TO COL (14) GIVE PERCENTAGE IN COL(15)
C74: IN BRACKETS ALONGWITH NUMBER OF EXPERIMENTS
A75: Developed by: Deepak Kumar Agrawal, Senior Statistical Officer, NSSO (FOD), Faridabad, Haryana
A76: TABLE Y-6: POSITION OF SUPPLY AND USE OF EQUIPMENT.
A77: =A3 -> STATE:PUDUCHERRY(34) | E77: =E3 -> YEAR:2023-24 | I77: =I3 -> SEASON:RABI I(4) | N77: SAMPLE TYPE : STATE (2)
A78: CROP | C78: ITEM OF EQUIPMENT | D78: NO.OF EXPTS SUPERVISED(HARVEST&POST HARVEST)FOR WHICH EQUIPMENT WAS
D79: SUPPLIED | J79: NOT SUPPLIED | O79: INFORMATION ABOUT SUPPLY NOT AVAILABLE | P79: TOTAL (COL. 8 +13 + 14 )
D80: AND USED | E80: BUT USED LOCALLY PROCURED ONE | G80: BUT NOT USED THOUGH REQUIRED | H80: BUT NOT REQUIRED TO BE USED | I80: TOTAL | J80: USED LOCALLY PROCURED ONE | L80: AND ALSO NOT USED THOUGH REQUIRED | M80: AS NOT REQUIRED | N80: TOTAL
E81: STANDARD | F81: NON STANDARD | J81: STANDARD | K81: NON STANDARD
A82: 1 | C82: 2 | D82: 3 | E82: 4 | F82: 5 | G82: 6 | H82: 7 | I82: 8 | J82: 9 | K82: 10 | L82: 11 | M82: 12 | N82: 13 | O82: 14 | P82: 15
A83: ='[4]Table-Y6(o)'!R8 -> PADDY (97) | B83: ='[4]Table-Y6(o)'!S8 -> PADDY (97) | C83: ='[4]Table-Y6(o)'!T8 -> TAPE | D83: ='[4]Table-Y6(o)'!U8 -> 10 | E83: ='[4]Table-Y6(o)'!V8 -> 0 | F83: ='[4]Table-Y6(o)'!W8 -> 0 | G83: ='[4]Table-Y6(o)'!X8 -> 0 | H83: ='[4]Table-Y6(o)'!Y8 -> 0 | ... P83: ='[4]Table-Y6(o)'!AG8 -> 10
B84: ='[4]Table-Y6(o)'!S9 -> PADDY (97) | C84: ='[4]Table-Y6(o)'!T9 -> BALANCE | D84: ='[4]Table-Y6(o)'!U9 -> 10 | E84: ='[4]Table-Y6(o)'!V9 -> 0 | F84: ='[4]Table-Y6(o)'!W9 -> 0 | G84: ='[4]Table-Y6(o)'!X9 -> 0 | H84: ='[4]Table-Y6(o)'!Y9 -> 0 | I84: ='[4]Table-Y6(o)'!Z9 -> 10 | ... P84: ='[4]Table-Y6(o)'!AG9 -> 10
B85: ='[4]Table-Y6(o)'!S10 -> PADDY (97) | C85: ='[4]Table-Y6(o)'!T10 -> WEIGHT | D85: ='[4]Table-Y6(o)'!U10 -> 0 | E85: ='[4]Table-Y6(o)'!V10 -> 0 | F85: ='[4]Table-Y6(o)'!W10 -> 0 | G85: ='[4]Table-Y6(o)'!X10 -> 0 | H85: ='[4]Table-Y6(o)'!Y10 -> 0 | I85: ='[4]Table-Y6(o)'!Z10 -> 0 | ... P85: ='[4]Table-Y6(o)'!AG10 -> 10
B86: ='[4]Table-Y6(o)'!S11 -> PADDY (97) | C86: ='[4]Table-Y6(o)'!T11 -> PEGS | D86: ='[4]Table-Y6(o)'!U11 -> 10 | E86: ='[4]Table-Y6(o)'!V11 -> 0 | F86: ='[4]Table-Y6(o)'!W11 -> 0 | G86: ='[4]Table-Y6(o)'!X11 -> 0 | H86: ='[4]Table-Y6(o)'!Y11 -> 0 | I86: ='[4]Table-Y6(o)'!Z11 -> 10 | ... P86: ='[4]Table-Y6(o)'!AG11 -> 10
A87: ='[4]Table-Y6(o)'!R12 | B87: ='[4]Table-Y6(o)'!S12 | C87: ='[4]Table-Y6(o)'!T12 | D87: ='[4]Table-Y6(o)'!U12 | E87: ='[4]Table-Y6(o)'!V12 | F87: ='[4]Table-Y6(o)'!W12 | G87: ='[4]Table-Y6(o)'!X12 | H87: ='[4]Table-Y6(o)'!Y12 | ... P87: ='[4]Table-Y6(o)'!AG12
B88: ='[4]Table-Y6(o)'!S13 | C88: ='[4]Table-Y6(o)'!T13 | D88: ='[4]Table-Y6(o)'!U13 | E88: ='[4]Table-Y6(o)'!V13 | F88: ='[4]Table-Y6(o)'!W13 | G88: ='[4]Table-Y6(o)'!X13 | H88: ='[4]Table-Y6(o)'!Y13 | I88: ='[4]Table-Y6(o)'!Z13 | ... P88: ='[4]Table-Y6(o)'!AG13
B89: ='[4]Table-Y6(o)'!S14 | C89: ='[4]Table-Y6(o)'!T14 | D89: ='[4]Table-Y6(o)'!U14 | E89: ='[4]Table-Y6(o)'!V14 | F89: ='[4]Table-Y6(o)'!W14 | G89: ='[4]Table-Y6(o)'!X14 | H89: ='[4]Table-Y6(o)'!Y14 | I89: ='[4]Table-Y6(o)'!Z14 | ... P89: ='[4]Table-Y6(o)'!AG14
B90: ='[4]Table-Y6(o)'!S15 | C90: ='[4]Table-Y6(o)'!T15 | D90: ='[4]Table-Y6(o)'!U15 | E90: ='[4]Table-Y6(o)'!V15 | F90: ='[4]Table-Y6(o)'!W15 | G90: ='[4]Table-Y6(o)'!X15 | H90: ='[4]Table-Y6(o)'!Y15 | I90: ='[4]Table-Y6(o)'!Z15 | ... P90: ='[4]Table-Y6(o)'!AG15
